<?xml version="1.0" encoding="UTF-8"?>
<!DOCTYPE book-part-wrapper PUBLIC "-//NLM//DTD BITS Book Interchange DTD with OASIS and XHTML Tables v2.0 20151225//EN" "BITS-book-oasis2.dtd">
<book-part-wrapper xmlns:xlink="http://www.w3.org/1999/xlink" xmlns:mml="http://www.w3.org/1998/Math/MathML" xmlns:oasis="http://www.niso.org/standards/z39-96/ns/oasis-exchange/table" xmlns:xi="http://www.w3.org/2001/XInclude" xmlns:xsi="http://www.w3.org/2001/XMLSchema-instance" dtd-version="2.0" xml:lang="en" content-type="research-article">
<collection-meta collection-type="book-series">
    <collection-id collection-id-type="doi">10.1145/acmconferences</collection-id>
    <title-group>
        <title>ACM Conferences</title>
    </title-group>
</collection-meta>
	<book-meta>
		<book-id book-id-type="acm-id">2745555</book-id>
		<book-id book-id-type="doi">10.1145/2745555</book-id>
		<book-title-group>
			<book-title>Proceedings of the 12th Web for All Conference</book-title>
			<alt-title alt-title-type="acronym">W4A '15</alt-title>
		</book-title-group>
	</book-meta>
	<book-part xmlns:ali="http://www.niso.org/schemas/ali/1.0/" book-part-type="chapter" xml:lang="en">
		<book-part-meta>
			<book-part-id book-part-id-type="acm-id">2746672</book-part-id>
			<book-part-id book-part-id-type="doi">10.1145/2578726.2746672</book-part-id>
			<book-part-id book-part-id-type="publisher_id" specific-use="article-no">41</book-part-id>
	<subj-group subj-group-type="ccs2012">
		<compound-subject>
			<compound-subject-part content-type="code">10003120.10003121.10003124.10010868</compound-subject-part>
			<compound-subject-part content-type="text">Human-centered computing~Human computer interaction (HCI)~Interaction paradigms~Web-based interaction</compound-subject-part>
			<compound-subject-part content-type="weight">500</compound-subject-part>
		</compound-subject>
		<compound-subject>
			<compound-subject-part content-type="code">10002951.10003317</compound-subject-part>
			<compound-subject-part content-type="text">Information systems~Information retrieval</compound-subject-part>
			<compound-subject-part content-type="weight">100</compound-subject-part>
		</compound-subject>
		<compound-subject>
			<compound-subject-part content-type="code">10010147.10010371</compound-subject-part>
			<compound-subject-part content-type="text">Computing methodologies~Computer graphics</compound-subject-part>
			<compound-subject-part content-type="weight">100</compound-subject-part>
		</compound-subject>
		<compound-subject>
			<compound-subject-part content-type="code">10002951.10003152</compound-subject-part>
			<compound-subject-part content-type="text">Information systems~Information storage systems</compound-subject-part>
			<compound-subject-part content-type="weight">100</compound-subject-part>
		</compound-subject>
		<compound-subject>
			<compound-subject-part content-type="code">10003456.10010927.10003616</compound-subject-part>
			<compound-subject-part content-type="text">Social and professional topics~User characteristics~People with disabilities</compound-subject-part>
			<compound-subject-part content-type="weight">100</compound-subject-part>
		</compound-subject>
		<compound-subject>
			<compound-subject-part content-type="code">10003456.10003457.10003580.10003587</compound-subject-part>
			<compound-subject-part content-type="text">Social and professional topics~Professional topics~Computing profession~Assistive technologies</compound-subject-part>
			<compound-subject-part content-type="weight">100</compound-subject-part>
		</compound-subject>
	</subj-group>
			<title-group>
				<title>Accessible on-line graphics</title>
			</title-group>
<contrib-group>
   <contrib contrib-type="author" id="artseq-00001">
       <contrib-id contrib-id-type="person_id" authenticated="false">P5108210</contrib-id><contrib-id contrib-id-type="profile_id" authenticated="false">99658720282</contrib-id>
       <name name-style="western">
           <surname>Madugalla</surname>
           <given-names>Anuradha</given-names>
       </name>
	<aff>Monash University &amp; NICTA, Victoria, Australia</aff><aff><institution-wrap><institution-id institution-id-type="profile_id">60019578</institution-id></institution-wrap></aff>
	<email>amad29@student.monash.edu</email>
	<role>Author</role>
   </contrib>
</contrib-group>
   <pub-date date-type="publication">
   <day>18</day>
   <month>05</month>
   <year>2015</year>
   </pub-date>
				<fpage>1</fpage>
				<lpage>2</lpage>
		<self-uri content-type="pdf" xlink:href="2578726.2746672.pdf" />
	<abstract>
		<p>Today's Internet contains a huge amount of resources and most of these resources include graphics. However, blind users fail to take the maximum advantage of these resources due to limitations in technology. Their devices (screen readers, voice synthesizers etc.) can only read textual content and fail miserably where graphics are involved. Therefore a robust method to help blind users understand on-line graphics would be of great benefit to them.</p>
	</abstract>
		</book-part-meta>
		
	<back>
<ref-list specific-use="unparsed">
				<ref id="ref-00001">
				<mixed-citation>L. Bártek, R. Ošlejšek, and T. Pitner. Is accessibility an issue in the knowledge society? modern web applications in the light of accessibility. In <italic toggle="yes">Organizational, Business, and Technological Aspects of the Knowledge Society</italic>, pages 359--364. Springer, 2010.</mixed-citation>
				</ref>
				<ref id="ref-00002">
				<mixed-citation>L.-P. de las Heras, S. Ahmed, M. Liwicki, E. Valveny, and G. Sánchez. Statistical segmentation and structural recognition for floor plan <italic toggle="yes">interpretation. International Journal on Document Analysis and Recognition (IJDAR)</italic>, pages 1--17, 2013. <pub-id pub-id-type="doi" xlink:href="10.1007/s10032-013-0215-2" assigning-authority="crossref">10.1007/s10032-013-0215-2</pub-id> <pub-id pub-id-type="doi" xlink:href="10.1007/s10032-013-0215-2" /></mixed-citation>
				</ref>
				<ref id="ref-00003">
				<mixed-citation>Z. B. Fredj and D. A. Duce. Grassml: Accessible smart schematic diagrams for all. In <italic toggle="yes">Proceedings of the 2006 International Cross-disciplinary Workshop on Web Accessibility (W4A)</italic>, pages 57--60, NY, USA, 2006. ACM. <pub-id pub-id-type="doi" xlink:href="10.1145/1133219.1133229" assigning-authority="crossref">10.1145/1133219.1133229</pub-id> <pub-id pub-id-type="doi" xlink:href="10.1145/1133219.1133229" /></mixed-citation>
				</ref>
				<ref id="ref-00004">
				<mixed-citation>C. Goncu and K. Marriott. Gravvitas: generic multi-touch presentation of accessible graphics. In <italic toggle="yes">Human-computer interaction--INTERACT 2011</italic>, pages 30--48. Springer, 2011. <pub-id pub-id-type="doi" xlink:href="10.5555/2042053.2042060" /></mixed-citation>
				</ref>
				<ref id="ref-00005">
				<mixed-citation>N. Kaklanis, K. Votis, and D. Tzovaras. A mobile interactive maps application for a visually impaired audience. In <italic toggle="yes">Proceedings of the 10th International Cross-Disciplinary Conference on Web Accessibility (W4A)</italic>, pages 23:1--23:2, NY, USA, 2013. ACM. <pub-id pub-id-type="doi" xlink:href="10.1145/2461121.2461152" assigning-authority="crossref">10.1145/2461121.2461152</pub-id> <pub-id pub-id-type="doi" xlink:href="10.1145/2461121.2461152" /></mixed-citation>
				</ref>
				<ref id="ref-00006">
				<mixed-citation>I. Kopeček and R. Ošlejšek. <italic toggle="yes">GATE to accessibility of computer graphics</italic>. Springer, 2008.</mixed-citation>
				</ref>
				<ref id="ref-00007">
				<mixed-citation>B. A. of North America and C. B. Authority. <italic toggle="yes">Guidelines and Standards for Tactile Graphics</italic>. Braille Authority of North America, feb 2012.</mixed-citation>
				</ref>
				<ref id="ref-00008">
				<mixed-citation>L. Prasad and A. Skourikhine. Raster to vector conversion of images for efficient svg representation. <italic toggle="yes">Proceedings of SVGOpen</italic>, 5, 2005.</mixed-citation>
				</ref>
				<ref id="ref-00009">
				<mixed-citation>M. Rotard, K. Otte, and T. Ertl. <italic toggle="yes">Exploring scalable vector graphics for visually impaired users</italic>. Springer, 2004.</mixed-citation>
				</ref>
				<ref id="ref-00010">
				<mixed-citation>Q. Wei, D. Li, C. Liu, B. Liu, and Z. Liu. Converting digital image to svg for user interaction. In <italic toggle="yes">Applied Informatics and Communication</italic>, pages 378--385. Springer, 2011.</mixed-citation>
				</ref>
			</ref-list>
</back>
</book-part>
</book-part-wrapper>
