<?xml version="1.0" encoding="UTF-8"?>
<!DOCTYPE book-part-wrapper PUBLIC "-//NLM//DTD BITS Book Interchange DTD with OASIS and XHTML Tables v2.0 20151225//EN" "BITS-book-oasis2.dtd">
<book-part-wrapper xmlns:xlink="http://www.w3.org/1999/xlink" xmlns:mml="http://www.w3.org/1998/Math/MathML" xmlns:oasis="http://www.niso.org/standards/z39-96/ns/oasis-exchange/table" xmlns:xi="http://www.w3.org/2001/XInclude" xmlns:xsi="http://www.w3.org/2001/XMLSchema-instance" dtd-version="2.0" xml:lang="en" content-type="keynote">
<collection-meta collection-type="book-series">
    <collection-id collection-id-type="doi">10.1145/acmconferences</collection-id>
    <title-group>
        <title>ACM Conferences</title>
    </title-group>
</collection-meta>
	<book-meta>
		<book-id book-id-type="acm-id">2596695</book-id>
		<book-id book-id-type="doi">10.1145/2596695</book-id>
		<book-title-group>
			<book-title>Proceedings of the 11th Web for All Conference</book-title>
			<alt-title alt-title-type="acronym">W4A '14</alt-title>
		</book-title-group>
	</book-meta>
	<book-part xmlns:ali="http://www.niso.org/schemas/ali/1.0/" book-part-type="chapter" xml:lang="en">
		<book-part-meta>
			<book-part-id book-part-id-type="acm-id">2596704</book-part-id>
			<book-part-id book-part-id-type="doi">10.1145/2596695.2596704</book-part-id>
			<book-part-id book-part-id-type="article-no">9</book-part-id>
	<subj-group subj-group-type="ccs2012">
		<compound-subject>
			<compound-subject-part content-type="code">10003120</compound-subject-part>
			<compound-subject-part content-type="text">Human-centered computing</compound-subject-part>
			<compound-subject-part content-type="weight">500</compound-subject-part>
		</compound-subject>
		<compound-subject>
			<compound-subject-part content-type="code">10003120</compound-subject-part>
			<compound-subject-part content-type="text">Human-centered computing</compound-subject-part>
			<compound-subject-part content-type="weight">100</compound-subject-part>
		</compound-subject>
	</subj-group>
			<title-group>
				<title>Universal design in online and higher education through ICT</title>
			</title-group>
<contrib-group>
   <contrib contrib-type="author" id="artseq-00001">
       <contrib-id contrib-id-type="person_id" authenticated="false">P4525287</contrib-id><contrib-id contrib-id-type="profile_id" authenticated="false">88159082457</contrib-id>
       <name name-style="western">
           <surname>Lee</surname>
           <given-names>Sang-Mook</given-names>
       </name>
	<aff>Seoul National University, Gwanak-gu, Seoul, South Korea</aff><aff><institution-wrap><institution-id institution-id-type="profile_id">60013682</institution-id></institution-wrap></aff>
	<email>smlee@snu.ac.kr</email>
	<role>Author</role>
   </contrib>
</contrib-group>
   <pub-date date-type="publication">
   <day>07</day>
   <month>04</month>
   <year>2014</year>
   </pub-date>
				<fpage>1</fpage>
				<lpage>1</lpage>
		<permissions>
			<copyright-year>2014</copyright-year>
			<copyright-holder>Owner/Author</copyright-holder>
			<license license-type="rightsretained">
			<license-p>Permission to make digital or hard copies of part or all of this work for personal or classroom use is granted without fee provided that copies are not made or distributed for profit or commercial advantage and that copies bear this notice and the full citation on the first page. Copyrights for third-party components of this work must be honored. For all other uses, contact the Owner/Author.</license-p>
			</license>
		</permissions>
	<abstract>
		<p>Some people go as far as to claim that computer is a gift of god for people with disability. As a quadriplegic person paralyzed neck down as a result of sudden accident and yet who manages to conduct competitive research in earth science, there may not be a better example of this statement than I. In addition, the recent advances in open online education (such as OCW, MOOC, edX) offer new opportunities for people with disability. One of the important challenges for those with disability, sometimes more than the handicap itself, is that they are often shut out from the general public education, and in the end, it is this lack of education that can be a limiting factor in one's life.</p> <p>Online education can be one of many tools for non-disabled students, and while its effectiveness can be debated among educators and those alike, it can be the only means of accessing information for people with severe disability. Thus it should be explored and investigated further. In Korea, we are developing new online technology and inclusive contents for people with disability, especially in the areas of STEM education for college and precollege level learning. We believe that this is a step towards so-called universal design in higher education and independent living. Furthermore, it is expected that our innovative approach will not only help people with disability but also reach out to a wider community of general mass, including those that are willing to take extra effort to master college-level online courses, improve their scientific skills and expand their knowledge base, which will in turn lead to new job opportunities in this knowledge-based economy and society.</p>
	</abstract>
<kwd-group>
<kwd>ICT</kwd>
<kwd>Korea</kwd>
<kwd>STEM</kwd>
<kwd>accessibility</kwd>
<kwd>universal design</kwd>
</kwd-group>
		<custom-meta-group>
		    <custom-meta>
		        <meta-name>rightslink</meta-name>
		        <meta-value>excluded</meta-value>
		    </custom-meta>
		</custom-meta-group>
		</book-part-meta>
	</book-part>
</book-part-wrapper>
