<?xml version="1.0" encoding="UTF-8"?>
<!DOCTYPE book-part-wrapper PUBLIC "-//NLM//DTD BITS Book Interchange DTD with OASIS and XHTML Tables v2.0 20151225//EN" "BITS-book-oasis2.dtd">
<book-part-wrapper xmlns:xlink="http://www.w3.org/1999/xlink" xmlns:mml="http://www.w3.org/1998/Math/MathML" xmlns:oasis="http://www.niso.org/standards/z39-96/ns/oasis-exchange/table" xmlns:xi="http://www.w3.org/2001/XInclude" xmlns:xsi="http://www.w3.org/2001/XMLSchema-instance" dtd-version="2.0" xml:lang="en" content-type="research-article">
<collection-meta collection-type="book-series">
    <collection-id collection-id-type="doi">10.1145/acmconferences</collection-id>
    <title-group>
        <title>ACM Conferences</title>
    </title-group>
</collection-meta>
	<book-meta>
		<book-id book-id-type="acm-id">2596695</book-id>
		<book-id book-id-type="doi">10.1145/2596695</book-id>
		<book-title-group>
			<book-title>Proceedings of the 11th Web for All Conference</book-title>
			<alt-title alt-title-type="acronym">W4A '14</alt-title>
		</book-title-group>
	</book-meta>
	<book-part xmlns:ali="http://www.niso.org/schemas/ali/1.0/" book-part-type="chapter" xml:lang="en">
		<book-part-meta>
			<book-part-id book-part-id-type="acm-id">2596714</book-part-id>
			<book-part-id book-part-id-type="doi">10.1145/2596695.2596714</book-part-id>
			<book-part-id book-part-id-type="article-no">41</book-part-id>
	<subj-group subj-group-type="ccs2012">
		<compound-subject>
			<compound-subject-part content-type="code">10010405.10010489.10010495</compound-subject-part>
			<compound-subject-part content-type="text">Applied computing~Education~E-learning</compound-subject-part>
			<compound-subject-part content-type="weight">500</compound-subject-part>
		</compound-subject>
		<compound-subject>
			<compound-subject-part content-type="code">10010405.10010489.10010494</compound-subject-part>
			<compound-subject-part content-type="text">Applied computing~Education~Distance learning</compound-subject-part>
			<compound-subject-part content-type="weight">500</compound-subject-part>
		</compound-subject>
		<compound-subject>
			<compound-subject-part content-type="code">10003456.10003457.10003527.10003531.10003532</compound-subject-part>
			<compound-subject-part content-type="text">Social and professional topics~Professional topics~Computing education~Computing education programs~Information systems education</compound-subject-part>
			<compound-subject-part content-type="weight">100</compound-subject-part>
		</compound-subject>
	</subj-group>
			<title-group>
				<title>Remote IT education for senior citizens</title>
			</title-group>
<contrib-group>
   <contrib contrib-type="author" id="artseq-00001">
       <contrib-id contrib-id-type="person_id" authenticated="false">P4525391</contrib-id><contrib-id contrib-id-type="profile_id" authenticated="false">81408594028</contrib-id>
       <name name-style="western">
           <surname>Takagi</surname>
           <given-names>Hironobu</given-names>
       </name>
	<aff>IBM Research -- Tokyo</aff><aff><institution-wrap><institution-id institution-id-type="profile_id">60107858</institution-id></institution-wrap></aff>
	<email>takagih@jp.ibm.com</email>
	<role>Author</role>
   </contrib>
   <contrib contrib-type="author" id="artseq-00002">
       <contrib-id contrib-id-type="person_id" authenticated="false">P4525392</contrib-id><contrib-id contrib-id-type="profile_id" authenticated="false">81758712557</contrib-id>
       <name name-style="western">
           <surname>Kosugi</surname>
           <given-names>Akihiro</given-names>
       </name>
	<aff>IBM Research -- Tokyo</aff><aff><institution-wrap><institution-id institution-id-type="profile_id">60107858</institution-id></institution-wrap></aff>
	<email>a1kosugi@jp.ibm.com</email>
	<role>Author</role>
   </contrib>
   <contrib contrib-type="author" id="artseq-00003">
       <contrib-id contrib-id-type="person_id" authenticated="false">P4525393</contrib-id><contrib-id contrib-id-type="profile_id" authenticated="false">81319494009</contrib-id>
       <name name-style="western">
           <surname>Ishihara</surname>
           <given-names>Tatsuya</given-names>
       </name>
	<aff>IBM Research -- Tokyo</aff><aff><institution-wrap><institution-id institution-id-type="profile_id">60107858</institution-id></institution-wrap></aff>
	<email>tisihara@jp.ibm.com</email>
	<role>Author</role>
   </contrib>
   <contrib contrib-type="author" id="artseq-00004">
       <contrib-id contrib-id-type="person_id" authenticated="false">P4525394</contrib-id><contrib-id contrib-id-type="profile_id" authenticated="false">81100443658</contrib-id>
       <name name-style="western">
           <surname>Fukuda</surname>
           <given-names>Kentarou</given-names>
       </name>
	<aff>IBM Research -- Tokyo</aff><aff><institution-wrap><institution-id institution-id-type="profile_id">60107858</institution-id></institution-wrap></aff>
	<email>kentarou@jp.ibm.com</email>
	<role>Author</role>
   </contrib>
</contrib-group>
   <pub-date date-type="publication">
   <day>07</day>
   <month>04</month>
   <year>2014</year>
   </pub-date>
				<fpage>1</fpage>
				<lpage>4</lpage>
		<permissions>
			<copyright-year>2014</copyright-year>
			<copyright-holder>ACM</copyright-holder>
			<license license-type="acmcopyright">
			<license-p>Permission to make digital or hard copies of all or part of this work for personal or classroom use is granted without fee provided that copies are not made or distributed for profit or commercial advantage and that copies bear this notice and the full citation on the first page. Copyrights for components of this work owned by others than ACM must be honored. Abstracting with credit is permitted. To copy otherwise, or republish, to post on servers or to redistribute to lists, requires prior specific permission and/or a fee. Request permissions from Permissions@acm.org</license-p>
			</license>
		</permissions>
		<self-uri content-type="pdf" xlink:href="2596695.2596714.pdf" />
	<abstract>
		<p>Information technologies (IT) have great potential to improve the everyday lives of senior citizens, but their lack of skills prevents them from exploiting the possibilities. Skilled seniors can effectively teach unskilled seniors based on their deep understanding of the barriers and needs of their generation, but skilled seniors are scarce. Distant learning methods could be a solution, but their unfamiliarity with IT and strong preference for face-to-face learning are challenges. To make the distant course closer to the face-to-face experience, we developed a remote education system with real-time gesture visualization integrated with multiple audio and video streams between the teachers and learners. In this paper, we will introduce our remote course system and the course design, and then report results of the trial remote course approach.</p>
	</abstract>
<kwd-group>
<kwd>e-learning</kwd>
<kwd>finger gestures</kwd>
<kwd>remote courses</kwd>
<kwd>senior citizens</kwd>
<kwd>tablet devices</kwd>
</kwd-group>
<funding-group specific-use="FundRef">
	<award-group id="award1">
		<funding-source id="GS1">
			<institution-wrap>
			<institution>Ministry of Internal Affairs and Communications</institution>
			</institution-wrap>
		</funding-source>
	</award-group>
</funding-group>
		</book-part-meta>
		
	<back>
<ref-list specific-use="unparsed">
				<ref id="ref-00001">
				<mixed-citation>Chen, Y., &amp; Persson, A. (2002). Internet use among young and older adults: Relation to psychological well-being. Educational Gerontology, 28(9), 731--744.</mixed-citation>
				</ref>
				<ref id="ref-00002">
				<mixed-citation>New Media Development Association, Report of Senior-net forum 21 in Tokyo 2012 (in Japanese), http://www.nmda.or.jp/mellow/adviser/pdf/snf-2012.pdf</mixed-citation>
				</ref>
				<ref id="ref-00003">
				<mixed-citation>Khan Academy, https://www.khanacademy.org/</mixed-citation>
				</ref>
				<ref id="ref-00004">
				<mixed-citation>Ministry of Internal Affairs and Communications, Japan (2013), Report from ICT Super-aging Society Design Council-Attainment of Smart Platinum Society (in Japanese)</mixed-citation>
				</ref>
				<ref id="ref-00005">
				<mixed-citation>Ministry of Internal Affairs and Communications, Japan (2011), Whitepaper Information and Communications in Japan 2011 (in Japanese)</mixed-citation>
				</ref>
				<ref id="ref-00006">
				<mixed-citation>Wang, L., Rau, P. L. P., &amp; Salvendy, G. (2011). Older Adults' Acceptance of Information Technology. Educational Gerontology, 37(12), 1081--1099.</mixed-citation>
				</ref>
				<ref id="ref-00007">
				<mixed-citation>Liu, S. F., Courtenay, B. C., &amp; Valentine, T. (2011). Managing older worker training: a literature review and conceptual framework. Educational Gerontology, 37(12), 1040--1062.</mixed-citation>
				</ref>
				<ref id="ref-00008">
				<mixed-citation>Glendenning, F. (2004). Education for older adults: lifelong learning, empowerment, and social change. JF Nussbaum &amp; J. Coupland. (Eds), Handbook of Communication and Aging Research, 523--543.</mixed-citation>
				</ref>
				<ref id="ref-00009">
				<mixed-citation>Chaffin, A. J., &amp; Harlow, S. D. (2005). Cognitive learning applied to older adult learners and technology. Educational Gerontology, 31(4), 301--329.</mixed-citation>
				</ref>
				<ref id="ref-00010">
				<mixed-citation>Sayago, S., Santos, P., Gonzalez, M., Arenas, M., &amp; López, L. (2007). Meeting educational needs of the elderly in ICT: two exploratory case studies. Crossroads, 14(2), 2. <pub-id pub-id-type="doi" xlink:href="10.1145/1373596.1373598" assigning-authority="crossref">10.1145/1373596.1373598</pub-id> <pub-id pub-id-type="doi" xlink:href="10.1145/1373596.1373598" /></mixed-citation>
				</ref>
			</ref-list>
</back>
</book-part>
</book-part-wrapper>
