<?xml version="1.0" encoding="UTF-8"?>
<!DOCTYPE book-part-wrapper PUBLIC "-//NLM//DTD BITS Book Interchange DTD with OASIS and XHTML Tables v2.0 20151225//EN" "BITS-book-oasis2.dtd">
<book-part-wrapper xmlns:xlink="http://www.w3.org/1999/xlink" xmlns:mml="http://www.w3.org/1998/Math/MathML" xmlns:oasis="http://www.niso.org/standards/z39-96/ns/oasis-exchange/table" xmlns:xi="http://www.w3.org/2001/XInclude" xmlns:xsi="http://www.w3.org/2001/XMLSchema-instance" dtd-version="2.0" xml:lang="en" content-type="research-article">
<collection-meta collection-type="book-series">
    <collection-id collection-id-type="doi">10.1145/acmconferences</collection-id>
    <title-group>
        <title>ACM Conferences</title>
    </title-group>
</collection-meta>
	<book-meta>
		<book-id book-id-type="acm-id">2596695</book-id>
		<book-id book-id-type="doi">10.1145/2596695</book-id>
		<book-title-group>
			<book-title>Proceedings of the 11th Web for All Conference</book-title>
			<alt-title alt-title-type="acronym">W4A '14</alt-title>
		</book-title-group>
	</book-meta>
	<book-part xmlns:ali="http://www.niso.org/schemas/ali/1.0/" book-part-type="chapter" xml:lang="en">
		<book-part-meta>
			<book-part-id book-part-id-type="acm-id">2596702</book-part-id>
			<book-part-id book-part-id-type="doi">10.1145/2596695.2596702</book-part-id>
			<book-part-id book-part-id-type="article-no">24</book-part-id>
	<subj-group subj-group-type="ccs2012">
		<compound-subject>
			<compound-subject-part content-type="code">10003456.10010927.10003616</compound-subject-part>
			<compound-subject-part content-type="text">Social and professional topics~User characteristics~People with disabilities</compound-subject-part>
			<compound-subject-part content-type="weight">500</compound-subject-part>
		</compound-subject>
		<compound-subject>
			<compound-subject-part content-type="code">10003456.10003457.10003580.10003587</compound-subject-part>
			<compound-subject-part content-type="text">Social and professional topics~Professional topics~Computing profession~Assistive technologies</compound-subject-part>
			<compound-subject-part content-type="weight">500</compound-subject-part>
		</compound-subject>
		<compound-subject>
			<compound-subject-part content-type="code">10003456.10010927.10003616</compound-subject-part>
			<compound-subject-part content-type="text">Social and professional topics~User characteristics~People with disabilities</compound-subject-part>
			<compound-subject-part content-type="weight">100</compound-subject-part>
		</compound-subject>
		<compound-subject>
			<compound-subject-part content-type="code">10003456.10003457.10003580.10003587</compound-subject-part>
			<compound-subject-part content-type="text">Social and professional topics~Professional topics~Computing profession~Assistive technologies</compound-subject-part>
			<compound-subject-part content-type="weight">100</compound-subject-part>
		</compound-subject>
	</subj-group>
			<title-group>
				<title>Can a blind person understand your world?</title>
			</title-group>
<contrib-group>
   <contrib contrib-type="author" id="artseq-00001">
       <contrib-id contrib-id-type="person_id" authenticated="false">P4525330</contrib-id><contrib-id contrib-id-type="profile_id" authenticated="false">81100044475</contrib-id>
       <name name-style="western">
           <surname>Asakawa</surname>
           <given-names>Chieko</given-names>
       </name>
	<aff>IBM Research -- Tokyo, Toyosu, Koto, Tokyo, Japan</aff><aff><institution-wrap><institution-id institution-id-type="profile_id">60107858</institution-id></institution-wrap></aff>
	<email>chie@jp.ibm.com</email>
	<role>Author</role>
   </contrib>
</contrib-group>
   <pub-date date-type="publication">
   <day>07</day>
   <month>04</month>
   <year>2014</year>
   </pub-date>
				<fpage>1</fpage>
				<lpage>2</lpage>
		<permissions>
			<copyright-year>2014</copyright-year>
			<copyright-holder>Owner/Author</copyright-holder>
			<license license-type="rightsretained">
			<license-p>Permission to make digital or hard copies of part or all of this work for personal or classroom use is granted without fee provided that copies are not made or distributed for profit or commercial advantage and that copies bear this notice and the full citation on the first page. Copyrights for third-party components of this work must be honored. For all other uses, contact the Owner/Author.</license-p>
			</license>
		</permissions>
		<self-uri content-type="pdf" xlink:href="2596695.2596702.pdf" />
	<abstract>
		<p>Computers have changed the lives of blind people by allowing us to access vast amounts of information on the net. Now we can read daily newspapers, hear digital textbooks, shop for goods online, and join online social networks. However, "sensing the surrounding real world" is still challenging for such tasks as checking the colors of merchandise, responding to street signs, or recognizing smiling faces. Driving a car is still one of the largest challenges, but technology is continually breaking new ground. The expansion of online data is now pushing machine learning techniques and crowd sourcing methods, which together enable blind people to understand ever more about the real world. Just as importantly, these same technologies can help sighted people better understand the world, too. We have entered an era of assisted cognition, not only for persons with disabilities, but for everyone. In this talk, I will offer predictions about near-future possibilities and discuss how these technologies can change our lives.</p>
	</abstract>
<kwd-group>
<kwd>accessibility</kwd>
<kwd>blind</kwd>
<kwd>cognitive assistance</kwd>
<kwd>cognitive computing</kwd>
<kwd>image recognition</kwd>
</kwd-group>
		<custom-meta-group>
		    <custom-meta>
		        <meta-name>rightslink</meta-name>
		        <meta-value>excluded</meta-value>
		    </custom-meta>
		</custom-meta-group>
		</book-part-meta>
		
	<back>
<ref-list specific-use="unparsed">
				<ref id="ref-00001">
				<mixed-citation>Asakawa, C. and Itoh, T. 1998. User Interface of a Home Page Reader. In <italic toggle="yes">Proceedings of the Third International ACM Conference on Assistive Technologies (ASSETS '98)</italic>. ACM, New York, NY, USA, 149--156. <pub-id pub-id-type="doi" xlink:href="10.1145/274497.274526" assigning-authority="crossref">10.1145/274497.274526</pub-id> <pub-id pub-id-type="doi" xlink:href="10.1145/274497.274526" /></mixed-citation>
				</ref>
				<ref id="ref-00002">
				<mixed-citation>Chen, X., Shrivastava, A., and Gupta, A. 2013. NEIL: Extracting Visual Knowledge from Web Data. In <italic toggle="yes">International Conference on Computer Vision (ICCV 2013)</italic>. <pub-id pub-id-type="doi" xlink:href="10.1109/ICCV.2013.178" assigning-authority="crossref">10.1109/ICCV.2013.178</pub-id> <pub-id pub-id-type="doi" xlink:href="10.1109/ICCV.2013.178" /></mixed-citation>
				</ref>
				<ref id="ref-00003">
				<mixed-citation>Bigham, J. P., Ladner, R. E., and Borodin, Y. 2011. The Design of Human-Powered Access Technology. In <italic toggle="yes">Proceedings of the 13th International ACM SIGACCESS Conference on Computers and Accessibility (ASSETS '11)</italic>. ACM, New York, NY, USA, 3--10. <pub-id pub-id-type="doi" xlink:href="10.1145/2049536.2049540" assigning-authority="crossref">10.1145/2049536.2049540</pub-id> <pub-id pub-id-type="doi" xlink:href="10.1145/2049536.2049540" /></mixed-citation>
				</ref>
			</ref-list>
</back>
</book-part>
</book-part-wrapper>
