<?xml version="1.0" encoding="UTF-8"?>
<!DOCTYPE book-part-wrapper PUBLIC "-//NLM//DTD BITS Book Interchange DTD with OASIS and XHTML Tables v2.0 20151225//EN" "BITS-book-oasis2.dtd">
<book-part-wrapper xmlns:xlink="http://www.w3.org/1999/xlink" xmlns:mml="http://www.w3.org/1998/Math/MathML" xmlns:oasis="http://www.niso.org/standards/z39-96/ns/oasis-exchange/table" xmlns:xi="http://www.w3.org/2001/XInclude" xmlns:xsi="http://www.w3.org/2001/XMLSchema-instance" dtd-version="2.0" xml:lang="en" content-type="research-article">
<collection-meta collection-type="book-series">
    <collection-id collection-id-type="doi">10.1145/acmconferences</collection-id>
    <title-group>
        <title>ACM Conferences</title>
    </title-group>
</collection-meta>
	<book-meta>
		<book-id book-id-type="acm-id">2596695</book-id>
		<book-id book-id-type="doi">10.1145/2596695</book-id>
		<book-title-group>
			<book-title>Proceedings of the 11th Web for All Conference</book-title>
			<alt-title alt-title-type="acronym">W4A '14</alt-title>
		</book-title-group>
	</book-meta>
	<book-part xmlns:ali="http://www.niso.org/schemas/ali/1.0/" book-part-type="chapter" xml:lang="en">
		<book-part-meta>
			<book-part-id book-part-id-type="acm-id">2596705</book-part-id>
			<book-part-id book-part-id-type="doi">10.1145/2596695.2596705</book-part-id>
			<book-part-id book-part-id-type="article-no">13</book-part-id>
	<subj-group subj-group-type="ccs2012">
		<compound-subject>
			<compound-subject-part content-type="code">10003120.10003121.10003124.10003254</compound-subject-part>
			<compound-subject-part content-type="text">Human-centered computing~Human computer interaction (HCI)~Interaction paradigms~Hypertext / hypermedia</compound-subject-part>
			<compound-subject-part content-type="weight">500</compound-subject-part>
		</compound-subject>
		<compound-subject>
			<compound-subject-part content-type="code">10010405.10010497.10010510.10010515</compound-subject-part>
			<compound-subject-part content-type="text">Applied computing~Document management and text processing~Document preparation~Multi / mixed media creation</compound-subject-part>
			<compound-subject-part content-type="weight">500</compound-subject-part>
		</compound-subject>
		<compound-subject>
			<compound-subject-part content-type="code">10003120.10003121.10003124.10003254</compound-subject-part>
			<compound-subject-part content-type="text">Human-centered computing~Human computer interaction (HCI)~Interaction paradigms~Hypertext / hypermedia</compound-subject-part>
			<compound-subject-part content-type="weight">100</compound-subject-part>
		</compound-subject>
		<compound-subject>
			<compound-subject-part content-type="code">10010405.10010497.10010510.10010515</compound-subject-part>
			<compound-subject-part content-type="text">Applied computing~Document management and text processing~Document preparation~Multi / mixed media creation</compound-subject-part>
			<compound-subject-part content-type="weight">100</compound-subject-part>
		</compound-subject>
	</subj-group>
			<title-group>
				<title>Are users the gold standard for accessibility evaluation?</title>
			</title-group>
<contrib-group>
   <contrib contrib-type="author" id="artseq-00001">
       <contrib-id contrib-id-type="person_id" authenticated="false">P4525298</contrib-id><contrib-id contrib-id-type="profile_id" authenticated="false">81351606800</contrib-id>
       <name name-style="western">
           <surname>Aizpurua</surname>
           <given-names>Amaia</given-names>
       </name>
	<aff>University of the Basque Country, UPV/EHU, Donostia, Spain</aff><aff><institution-wrap><institution-id institution-id-type="profile_id">60027856</institution-id></institution-wrap></aff>
	<email>amaia.aizpurua@ehu.es</email>
	<role>Author</role>
   </contrib>
   <contrib contrib-type="author" id="artseq-00002">
       <contrib-id contrib-id-type="person_id" authenticated="false">P4525299</contrib-id><contrib-id contrib-id-type="profile_id" authenticated="false">81100414654</contrib-id>
       <name name-style="western">
           <surname>Arrue</surname>
           <given-names>Myriam</given-names>
       </name>
	<aff>University of the Basque Country, UPV/EHU, Donostia, Spain</aff><aff><institution-wrap><institution-id institution-id-type="profile_id">60027856</institution-id></institution-wrap></aff>
	<email>myriam.arrue@ehu.es</email>
	<role>Author</role>
   </contrib>
   <contrib contrib-type="author" id="artseq-00003">
       <contrib-id contrib-id-type="person_id" authenticated="false">P4525300</contrib-id><contrib-id contrib-id-type="profile_id" authenticated="false">81100139139</contrib-id>
       <name name-style="western">
           <surname>Harper</surname>
           <given-names>Simon</given-names>
       </name>
	<aff>University of Manchester, Manchester, United Kingdom</aff><aff><institution-wrap><institution-id institution-id-type="profile_id">60003771</institution-id></institution-wrap></aff>
	<email>simon.harper@manchester.ac.uk</email>
	<role>Author</role>
   </contrib>
   <contrib contrib-type="author" id="artseq-00004">
       <contrib-id contrib-id-type="person_id" authenticated="false">P4525301</contrib-id><contrib-id contrib-id-type="profile_id" authenticated="false">81329492781</contrib-id>
       <name name-style="western">
           <surname>Vigo</surname>
           <given-names>Markel</given-names>
       </name>
	<aff>University of Manchester, Manchester, United Kingdom</aff><aff><institution-wrap><institution-id institution-id-type="profile_id">60003771</institution-id></institution-wrap></aff>
	<email>markel.vigo@manchester.ac.uk</email>
	<role>Author</role>
   </contrib>
</contrib-group>
   <pub-date date-type="publication">
   <day>07</day>
   <month>04</month>
   <year>2014</year>
   </pub-date>
				<fpage>1</fpage>
				<lpage>4</lpage>
		<permissions>
			<copyright-year>2014</copyright-year>
			<copyright-holder>ACM</copyright-holder>
			<license license-type="acmcopyright">
			<license-p>Permission to make digital or hard copies of all or part of this work for personal or classroom use is granted without fee provided that copies are not made or distributed for profit or commercial advantage and that copies bear this notice and the full citation on the first page. Copyrights for components of this work owned by others than ACM must be honored. Abstracting with credit is permitted. To copy otherwise, or republish, to post on servers or to redistribute to lists, requires prior specific permission and/or a fee. Request permissions from Permissions@acm.org</license-p>
			</license>
		</permissions>
		<self-uri content-type="pdf" xlink:href="2596695.2596705.pdf" />
	<abstract>
		<p>User testing is considered a key part of web accessibility evaluation. However, little is known about how effective is for identifying accessibility problems. Our experience, informed by a series of studies with blind users, corroborates that a website with a significant number of guideline violations can be perceived as accessible, and on the contrary, some participants may not perceive a highly accessible website as accessible. Accessibility guidelines are often criticised by their partial coverage and questionable validity. However, we should be very careful about making categorical statements in this regard as there are a number of variables that may introduce biases in user tests. We identify sources of bias related to user expertise, the experimental setting, employed language and reporting that, if not adequately controlled, may influence on the validity and reliability of the evaluation results. We discuss the limitations and practical implications of user testing with blind users for web accessibility evaluation.</p>
	</abstract>
<kwd-group>
<kwd>blind users</kwd>
<kwd>screen readers</kwd>
<kwd>user testing</kwd>
<kwd>web accessibility</kwd>
</kwd-group>
		</book-part-meta>
		
	<back>
<ref-list specific-use="unparsed">
				<ref id="ref-00001">
				<mixed-citation>A. Aizpurua, M. Arrue, and M. Vigo. Uncovering the role of expectations on perceived web accessibility. In <italic toggle="yes">Proc. of ASSETS</italic>, 2013. <pub-id pub-id-type="doi" xlink:href="10.1145/2513383.2513411" assigning-authority="crossref">10.1145/2513383.2513411</pub-id> <pub-id pub-id-type="doi" xlink:href="10.1145/2513383.2513411" /></mixed-citation>
				</ref>
				<ref id="ref-00002">
				<mixed-citation>G. Brajnik, Y. Yesilada, and S. Harper. Is accessibility conformance an elusive property? a study of validity and reliability of WCAG 2.0. <italic toggle="yes">ACM Transactions of Accessible Computing</italic>, 4(2):8:1--8:28, 2012. <pub-id pub-id-type="doi" xlink:href="10.1145/2141943.2141946" assigning-authority="crossref">10.1145/2141943.2141946</pub-id> <pub-id pub-id-type="doi" xlink:href="10.1145/2141943.2141946" /></mixed-citation>
				</ref>
				<ref id="ref-00003">
				<mixed-citation>J. Mankoff, H. Fait, and T. Tran. Is your web page accessible?: A comparative study of methods for assessing web page accessibility for the blind. In <italic toggle="yes">Proc. of CHI</italic>, 2005. <pub-id pub-id-type="doi" xlink:href="10.1145/1054972.1054979" assigning-authority="crossref">10.1145/1054972.1054979</pub-id> <pub-id pub-id-type="doi" xlink:href="10.1145/1054972.1054979" /></mixed-citation>
				</ref>
				<ref id="ref-00004">
				<mixed-citation>A. Sears and V. Hanson. Representing users in accessibility research. In <italic toggle="yes">Proc. of CHI</italic>, 2013. <pub-id pub-id-type="doi" xlink:href="10.1145/1978942.1979268" assigning-authority="crossref">10.1145/1978942.1979268</pub-id> <pub-id pub-id-type="doi" xlink:href="10.1145/1978942.1979268" /></mixed-citation>
				</ref>
				<ref id="ref-00005">
				<mixed-citation>D. Sloan. <italic toggle="yes">The Effectiveness of the Web Accessibility Audit as a Motivational and Educational Tool in Inclusive Web Design</italic>. PhD thesis, University of Dundee, 2006.</mixed-citation>
				</ref>
				<ref id="ref-00006">
				<mixed-citation>E. Velleman and S. Abou-Zahra. Website accessibility conformance evaluation methodology (WCAG-EM) 1.0. W3C Working Draft, 2014. http://www.w3.org/TR/2014/WD--WCAG--EM--20140130/.</mixed-citation>
				</ref>
			</ref-list>
</back>
</book-part>
</book-part-wrapper>
