<?xml version="1.0" encoding="UTF-8"?>
<!DOCTYPE book-part-wrapper PUBLIC "-//NLM//DTD BITS Book Interchange DTD with OASIS and XHTML Tables v2.0 20151225//EN" "BITS-book-oasis2.dtd">
<book-part-wrapper xmlns:xlink="http://www.w3.org/1999/xlink" xmlns:mml="http://www.w3.org/1998/Math/MathML" xmlns:oasis="http://www.niso.org/standards/z39-96/ns/oasis-exchange/table" xmlns:xi="http://www.w3.org/2001/XInclude" xmlns:xsi="http://www.w3.org/2001/XMLSchema-instance" dtd-version="2.0" xml:lang="en" content-type="research-article">
<collection-meta collection-type="book-series">
    <collection-id collection-id-type="doi">10.1145/acmconferences</collection-id>
    <title-group>
        <title>ACM Conferences</title>
    </title-group>
</collection-meta>
	<book-meta>
		<book-id book-id-type="acm-id">2596695</book-id>
		<book-id book-id-type="doi">10.1145/2596695</book-id>
		<book-title-group>
			<book-title>Proceedings of the 11th Web for All Conference</book-title>
			<alt-title alt-title-type="acronym">W4A '14</alt-title>
		</book-title-group>
	</book-meta>
	<book-part xmlns:ali="http://www.niso.org/schemas/ali/1.0/" book-part-type="chapter" xml:lang="en">
		<book-part-meta>
			<book-part-id book-part-id-type="acm-id">2596696</book-part-id>
			<book-part-id book-part-id-type="doi">10.1145/2596695.2596696</book-part-id>
			<book-part-id book-part-id-type="article-no">11</book-part-id>
	<subj-group subj-group-type="ccs2012">
		<compound-subject>
			<compound-subject-part content-type="code">10003120.10003121.10003122</compound-subject-part>
			<compound-subject-part content-type="text">Human-centered computing~Human computer interaction (HCI)~HCI design and evaluation methods</compound-subject-part>
			<compound-subject-part content-type="weight">500</compound-subject-part>
		</compound-subject>
		<compound-subject>
			<compound-subject-part content-type="code">10003456.10003457.10003580.10003587</compound-subject-part>
			<compound-subject-part content-type="text">Social and professional topics~Professional topics~Computing profession~Assistive technologies</compound-subject-part>
			<compound-subject-part content-type="weight">100</compound-subject-part>
		</compound-subject>
		<compound-subject>
			<compound-subject-part content-type="code">10003456.10010927.10003616</compound-subject-part>
			<compound-subject-part content-type="text">Social and professional topics~User characteristics~People with disabilities</compound-subject-part>
			<compound-subject-part content-type="weight">100</compound-subject-part>
		</compound-subject>
	</subj-group>
			<title-group>
				<title>Measuring and comparing the reliability of the structured walkthrough evaluation method with novices and experts</title>
			</title-group>
<contrib-group>
   <contrib contrib-type="author" id="artseq-00001">
       <contrib-id contrib-id-type="person_id" authenticated="false">P4525290</contrib-id><contrib-id contrib-id-type="profile_id" authenticated="false">81100615902</contrib-id>
       <name name-style="western">
           <surname>Bailey</surname>
           <given-names>Christopher</given-names>
       </name>
	<aff>AbilityNet, London, UK</aff>
	<email>chris.bailey@abilitynet.org.uk</email>
	<role>Author</role>
   </contrib>
   <contrib contrib-type="author" id="artseq-00002">
       <contrib-id contrib-id-type="person_id" authenticated="false">P4525291</contrib-id><contrib-id contrib-id-type="profile_id" authenticated="false">81317498863</contrib-id>
       <name name-style="western">
           <surname>Pearson</surname>
           <given-names>Elaine</given-names>
       </name>
	<aff>Teesside University, Middlesbrough, UK</aff><aff><institution-wrap><institution-id institution-id-type="profile_id">60025655</institution-id></institution-wrap></aff>
	<email>e.pearson@tees.ac.uk</email>
	<role>Author</role>
   </contrib>
   <contrib contrib-type="author" id="artseq-00003">
       <contrib-id contrib-id-type="person_id" authenticated="false">P4525292</contrib-id><contrib-id contrib-id-type="profile_id" authenticated="false">81440620019</contrib-id>
       <name name-style="western">
           <surname>Gkatzidou</surname>
           <given-names>Voula</given-names>
       </name>
	<aff>Brunel University, Uxbridge, UK</aff><aff><institution-wrap><institution-id institution-id-type="profile_id">60020623</institution-id></institution-wrap></aff>
	<email>voula.gkatzidou@brunel.ac.uk</email>
	<role>Author</role>
   </contrib>
</contrib-group>
   <pub-date date-type="publication">
   <day>07</day>
   <month>04</month>
   <year>2014</year>
   </pub-date>
				<fpage>1</fpage>
				<lpage>10</lpage>
		<permissions>
			<copyright-year>2014</copyright-year>
			<copyright-holder>ACM</copyright-holder>
			<license license-type="acmcopyright">
			<license-p>Permission to make digital or hard copies of all or part of this work for personal or classroom use is granted without fee provided that copies are not made or distributed for profit or commercial advantage and that copies bear this notice and the full citation on the first page. Copyrights for components of this work owned by others than ACM must be honored. Abstracting with credit is permitted. To copy otherwise, or republish, to post on servers or to redistribute to lists, requires prior specific permission and/or a fee. Request permissions from Permissions@acm.org</license-p>
			</license>
		</permissions>
		<self-uri content-type="pdf" xlink:href="2596695.2596696.pdf" />
	<abstract>
		<p>Effective evaluation of websites for accessibility remains problematic. Automated evaluation tools still require a significant manual element. There is also a significant expertise and evaluator effect. The Structured Walkthrough method is the translation of a manual, expert accessibility evaluation process adapted for use by novices. The method is embedded in the Accessibility Evaluation Assistant (AEA), a web accessibility knowledge management tool. Previous trials examined the pedagogical potential of the tool when incorporated into an undergraduate computing curriculum. The results of the evaluations carried out by novices yielded promising, consistent levels of validity and reliability. This paper presents the results of an empirical study that compares the reliability of accessibility evaluations produced by two groups (novices and experts). The main results of this study indicate that overall reliability of expert evaluations was 76% compared to 65% for evaluations produced by novices. The potential of the Structured Walkthrough method as a useful and viable tool for expert evaluators is also examined.</p>
	</abstract>
<kwd-group>
<kwd>web accessibility evaluation</kwd>
<kwd>web accessibility guidelines</kwd>
</kwd-group>
		</book-part-meta>
		
	<back>
<ref-list specific-use="unparsed">
				<ref id="ref-00001">
				<mixed-citation>Accessibility Evaluation Assistant. <italic toggle="yes">Accessibility Research Centre</italic>. http://arc.tees.ac.uk/aea/. Accessed: 5/1/14.</mixed-citation>
				</ref>
				<ref id="ref-00002">
				<mixed-citation>Alonso, F., Fuertes, J. L., Gonzalez, L. A. and Martinez, L. 2010. On the testability of WCAG 2.0 for beginners. In <italic toggle="yes">Proceedings of the 2010 International Cross Disciplinary Conference on Web Accessibility (W4A)</italic> (W4A '10). ACM, New York, NY, USA. http://doi.acm.org/10.1145/1805986.1806000 <pub-id pub-id-type="doi" xlink:href="10.1145/1805986.1806000" assigning-authority="crossref">10.1145/1805986.1806000</pub-id> <pub-id pub-id-type="doi" xlink:href="10.1145/1805986.1806000" /></mixed-citation>
				</ref>
				<ref id="ref-00003">
				<mixed-citation>Bailey, C., and Pearson, E. 2010. An educational tool to support the accessibility evaluation process. In <italic toggle="yes">Proceedings of the 2010 International Cross Disciplinary Conference on Web Accessibility (W4A)</italic> (W4A '10). ACM, New York, NY, USA. DOI=10.1145/1805986.1806003 http://doi.acm.org/10.1145/1805986.1806003 <pub-id pub-id-type="doi" xlink:href="10.1145/1805986.1806003" assigning-authority="crossref">10.1145/1805986.1806003</pub-id> <pub-id pub-id-type="doi" xlink:href="10.1145/1805986.1806003" /></mixed-citation>
				</ref>
				<ref id="ref-00004">
				<mixed-citation>Bailey, C. &amp; Pearson, E. 2011. Development and trial of an educational tool to support the accessibility evaluation process. In <italic toggle="yes">Proceedings of the International Cross-Disciplinary Conference on Web Accessibility</italic> (W4A '11). ACM, New York, NY, USA, Article 2, 10 pages. http://doi.acm.org/10.1145/1969289.1969293 <pub-id pub-id-type="doi" xlink:href="10.1145/1969289.1969293" assigning-authority="crossref">10.1145/1969289.1969293</pub-id> <pub-id pub-id-type="doi" xlink:href="10.1145/1969289.1969293" /></mixed-citation>
				</ref>
				<ref id="ref-00005">
				<mixed-citation>Bailey, C. &amp; Pearson, E. 2012. Evaluation of the effectiveness of a tool to support novice auditors. In <italic toggle="yes">Proceedings of the International Cross-Disciplinary Conference on Web Accessibility</italic> (W4A '12). ACM, New York, NY, USA, Article 33, 10 pages. http://doi.acm.org/10.1145/2207016.2207044 <pub-id pub-id-type="doi" xlink:href="10.1145/2207016.2207044" assigning-authority="crossref">10.1145/2207016.2207044</pub-id> <pub-id pub-id-type="doi" xlink:href="10.1145/2207016.2207044" /></mixed-citation>
				</ref>
				<ref id="ref-00006">
				<mixed-citation>Benavidez, C., Fuertes, J., Gutierrez, E., &amp; Martinez, L. 2006. Teaching web accessibility with Contramano and HERA. <italic toggle="yes">Computers Helping People with Special Needs, 4061</italic>, 341--348. <pub-id pub-id-type="doi" xlink:href="10.1007/11788713_51" assigning-authority="crossref">10.1007/11788713_51</pub-id> <pub-id pub-id-type="doi" xlink:href="10.1007/11788713_51" /></mixed-citation>
				</ref>
				<ref id="ref-00007">
				<mixed-citation>Brajnik, G. 2005. Accessibility assessments through heuristic walkthroughs. <italic toggle="yes">Proceedings of HCItaly 2005</italic>. Rome, Italy.</mixed-citation>
				</ref>
				<ref id="ref-00008">
				<mixed-citation>Brajnik, G. 2008. A comparative test of web accessibility evaluation methods. In <italic toggle="yes">Proceedings of the 10th international ACM SIGACCESS Conference on Computers and Accessibility</italic> (Halifax, Nova Scotia, Canada, October 13 - 15, 2008). Assets '08. ACM, New York, NY, 113--120. DOI=http://doi.acm.org/10.1145/1414471.1414494 <pub-id pub-id-type="doi" xlink:href="10.1145/1414471.1414494" assigning-authority="crossref">10.1145/1414471.1414494</pub-id> <pub-id pub-id-type="doi" xlink:href="10.1145/1414471.1414494" /></mixed-citation>
				</ref>
				<ref id="ref-00009">
				<mixed-citation>Brajnik, G. 2009. Validity and reliability of web accessibility guidelines. In <italic toggle="yes">Proceedings of the 11th international ACM SIGACCESS conference on Computers and accessibility</italic> (Assets '09). ACM, New York, NY, USA, 131--138. http://doi.acm.org/10.1145/1639642.1639666 <pub-id pub-id-type="doi" xlink:href="10.1145/1639642.1639666" assigning-authority="crossref">10.1145/1639642.1639666</pub-id> <pub-id pub-id-type="doi" xlink:href="10.1145/1639642.1639666" /></mixed-citation>
				</ref>
				<ref id="ref-00010">
				<mixed-citation>Brajnik, G., Yesilada, Y. and Harper, S. 2010. Testability and validity of WCAG 2.0: the expertise effect. In <italic toggle="yes">Proceedings of the 12th international ACM SIGACCESS conference on Computers and accessibility</italic> (ASSETS '10). ACM, New York, NY, USA, 43--50. http://doi.acm.org/10.1145/1878803.1878813 <pub-id pub-id-type="doi" xlink:href="10.1145/1878803.1878813" assigning-authority="crossref">10.1145/1878803.1878813</pub-id> <pub-id pub-id-type="doi" xlink:href="10.1145/1878803.1878813" /></mixed-citation>
				</ref>
				<ref id="ref-00011">
				<mixed-citation>Fuertes, J. L., Gutiérrez, E., &amp; Martínez, L. 2011. Developing Hera-FFX for WCAG 2.0. In Proceedings of the International Cross-Disciplinary Conference on Web Accessibility (W4A '11). ACM, New York, NY, USA, Article 3, 9 pages. http://doi.acm.org/10.1145/1969289.1969294 <pub-id pub-id-type="doi" xlink:href="10.1145/1969289.1969294" assigning-authority="crossref">10.1145/1969289.1969294</pub-id> <pub-id pub-id-type="doi" xlink:href="10.1145/1969289.1969294" /></mixed-citation>
				</ref>
				<ref id="ref-00012">
				<mixed-citation>Hertzum, M., &amp; Jacobsen, N. E. 2001. The evaluator effect: A chilling fact about usability evaluation methods. International Journal of Human-Computer Interaction, 13, 421--443.</mixed-citation>
				</ref>
				<ref id="ref-00013">
				<mixed-citation>Leporini, B., Paternò, F., Scorcia, A. 2006. Flexible tool support for accessibility evaluation, <italic toggle="yes">Interacting with Computers</italic>, v.18 n.5, p.869--890, September, 2006 DOI=10.1016/j.intcom.2006.03.001 <pub-id pub-id-type="doi" xlink:href="10.1016/j.intcom.2006.03.001" assigning-authority="crossref">10.1016/j.intcom.2006.03.001</pub-id> <pub-id pub-id-type="doi" xlink:href="10.1016/j.intcom.2006.03.001" /></mixed-citation>
				</ref>
				<ref id="ref-00014">
				<mixed-citation>Naftali, M. 2010. Analysis and integration of web accessibility metrics. In <italic toggle="yes">Proceedings of the 2010 International Cross Disciplinary Conference on Web Accessibility (W4A)</italic> (W4A '10). ACM, New York, NY, USA. http://doi.acm.org/10.1145/1805986.1805996 <pub-id pub-id-type="doi" xlink:href="10.1145/1805986.1805996" assigning-authority="crossref">10.1145/1805986.1805996</pub-id> <pub-id pub-id-type="doi" xlink:href="10.1145/1805986.1805996" /></mixed-citation>
				</ref>
				<ref id="ref-00015">
				<mixed-citation>Sloan, D. 2006. The Effectiveness of the Web Accessibility Audit as a Motivational and Educational Tool in Inclusive Web Design. Ph.D. Thesis, University of Dundee, Scotland. June, 2006.</mixed-citation>
				</ref>
				<ref id="ref-00016">
				<mixed-citation>Velleman, E., Meerveld, C., Strobbe, C., Koch, J., Velasco, C. A., Snaprud, M. and Nietzio, A. 2007. <italic toggle="yes">D-WAB4 Unified Web Evaluation Methodology</italic>. Web Accessibility Benchmarking Cluster. http://www.wabcluster.org/uwem1_2/UWEM_1_2_CORE.pdf. Accessed: 5/1/14.</mixed-citation>
				</ref>
				<ref id="ref-00017">
				<mixed-citation>Velleman, E., Meerveld, C., Strobbe, C., Koch, J., Verlasco, C. A., Snaprud, M. &amp; Nietzio, A. 2007. Migration Plan from UWEM 1.2 to UWEM 2.0. http://www.wabcluster.org/uwem1_2/MigrationPlanFinal.pdf Accessed: 5/1/14.</mixed-citation>
				</ref>
				<ref id="ref-00018">
				<mixed-citation>Vigo, M., Brown, J., &amp; Conway, V. 2013. Benchmarking web accessibility evaluation tools: measuring the harm of sole reliance on automated tests. In <italic toggle="yes">Proceedings of the 10th International Cross-Disciplinary Conference on Web Accessibility</italic> (W4A '13). ACM, New York, NY, USA, Article 1, 10 pages. <pub-id pub-id-type="doi" xlink:href="10.1145/2461121.2461124" assigning-authority="crossref">10.1145/2461121.2461124</pub-id> <pub-id pub-id-type="doi" xlink:href="10.1145/2461121.2461124" /></mixed-citation>
				</ref>
				<ref id="ref-00019">
				<mixed-citation>Web Accessibility Assessment Tool (WaaT). http://www.accessible-eu.org/index.php/waat.html. Accessed: 5/1/14.</mixed-citation>
				</ref>
				<ref id="ref-00020">
				<mixed-citation>Web Accessibility Toolbar 2.0. <italic toggle="yes">The Paciello Group</italic>. http://www.paciellogroup.com/resources/wat. Accessed: 5/1/14.</mixed-citation>
				</ref>
				<ref id="ref-00021">
				<mixed-citation>Yesilada, Y. Brajnik, G. and Harper, S. 2009. How much does expertise matter?: a barrier walkthrough study with experts and non-experts. In <italic toggle="yes">Proceedings of the 11th international ACM SIGACCESS conference on Computers and accessibility</italic> (Assets '09). ACM, New York, NY, USA, 203--210. DOI=10.1145/1639642.1639678 http://doi.acm.org/10.1145/1639642.1639678 <pub-id pub-id-type="doi" xlink:href="10.1145/1639642.1639678" assigning-authority="crossref">10.1145/1639642.1639678</pub-id> <pub-id pub-id-type="doi" xlink:href="10.1145/1639642.1639678" /></mixed-citation>
				</ref>
			</ref-list>
</back>
</book-part>
</book-part-wrapper>
