<?xml version="1.0" encoding="UTF-8"?>
<!DOCTYPE book-part-wrapper PUBLIC "-//NLM//DTD BITS Book Interchange DTD with OASIS and XHTML Tables v2.0 20151225//EN" "BITS-book-oasis2.dtd">
<book-part-wrapper xmlns:xlink="http://www.w3.org/1999/xlink" xmlns:mml="http://www.w3.org/1998/Math/MathML" xmlns:oasis="http://www.niso.org/standards/z39-96/ns/oasis-exchange/table" xmlns:xi="http://www.w3.org/2001/XInclude" xmlns:xsi="http://www.w3.org/2001/XMLSchema-instance" dtd-version="2.0" xml:lang="en" content-type="research-article">
<collection-meta collection-type="book-series">
    <collection-id collection-id-type="doi">10.1145/acmconferences</collection-id>
    <title-group>
        <title>ACM Conferences</title>
    </title-group>
</collection-meta>
	<book-meta>
		<book-id book-id-type="acm-id">2596695</book-id>
		<book-id book-id-type="doi">10.1145/2596695</book-id>
		<book-title-group>
			<book-title>Proceedings of the 11th Web for All Conference</book-title>
			<alt-title alt-title-type="acronym">W4A '14</alt-title>
		</book-title-group>
	</book-meta>
	<book-part xmlns:ali="http://www.niso.org/schemas/ali/1.0/" book-part-type="chapter" xml:lang="en">
		<book-part-meta>
			<book-part-id book-part-id-type="acm-id">2596699</book-part-id>
			<book-part-id book-part-id-type="doi">10.1145/2596695.2596699</book-part-id>
			<book-part-id book-part-id-type="article-no">12</book-part-id>
	<subj-group subj-group-type="ccs2012">
		<compound-subject>
			<compound-subject-part content-type="code">10003120.10003121.10003124</compound-subject-part>
			<compound-subject-part content-type="text">Human-centered computing~Human computer interaction (HCI)~Interaction paradigms</compound-subject-part>
			<compound-subject-part content-type="weight">500</compound-subject-part>
		</compound-subject>
		<compound-subject>
			<compound-subject-part content-type="code">10010583.10010588.10010597</compound-subject-part>
			<compound-subject-part content-type="text">Hardware~Communication hardware, interfaces and storage~Sound-based input / output</compound-subject-part>
			<compound-subject-part content-type="weight">100</compound-subject-part>
		</compound-subject>
		<compound-subject>
			<compound-subject-part content-type="code">10003120.10003121.10003125.10010597</compound-subject-part>
			<compound-subject-part content-type="text">Human-centered computing~Human computer interaction (HCI)~Interaction devices~Sound-based input / output</compound-subject-part>
			<compound-subject-part content-type="weight">100</compound-subject-part>
		</compound-subject>
		<compound-subject>
			<compound-subject-part content-type="code">10003120.10003121.10003124.10010870</compound-subject-part>
			<compound-subject-part content-type="text">Human-centered computing~Human computer interaction (HCI)~Interaction paradigms~Natural language interfaces</compound-subject-part>
			<compound-subject-part content-type="weight">100</compound-subject-part>
		</compound-subject>
	</subj-group>
			<title-group>
				<title>Wizard-of-Oz evaluation of speech-driven web browsing interface for people with vision impairments</title>
			</title-group>
<contrib-group>
   <contrib contrib-type="author" id="artseq-00001">
       <contrib-id contrib-id-type="person_id" authenticated="false">P4525293</contrib-id><contrib-id contrib-id-type="profile_id" authenticated="false">88158989757</contrib-id>
       <name name-style="western">
           <surname>Ashok</surname>
           <given-names>Vikas</given-names>
       </name>
	<aff>Stony Brook University, Stony Brook, NY</aff><aff><institution-wrap><institution-id institution-id-type="profile_id">60026415</institution-id></institution-wrap></aff>
	<role>Author</role>
   </contrib>
   <contrib contrib-type="author" id="artseq-00002">
       <contrib-id contrib-id-type="person_id" authenticated="false">P4525294</contrib-id><contrib-id contrib-id-type="profile_id" authenticated="false">81319489112</contrib-id>
       <name name-style="western">
           <surname>Borodin</surname>
           <given-names>Yevgen</given-names>
       </name>
	<aff>Charmtech Labs LLC, CEWIT, Stony Brook, NY</aff><aff><institution-wrap><institution-id institution-id-type="profile_id">60272174</institution-id></institution-wrap></aff>
	<role>Author</role>
   </contrib>
   <contrib contrib-type="author" id="artseq-00003">
       <contrib-id contrib-id-type="person_id" authenticated="false">P4525295</contrib-id><contrib-id contrib-id-type="profile_id" authenticated="false">81443597556</contrib-id>
       <name name-style="western">
           <surname>Stoyanchev</surname>
           <given-names>Svetlana</given-names>
       </name>
	<aff>AT&amp;T Labs Research, New York, NY</aff><aff><institution-wrap><institution-id institution-id-type="profile_id">60014300</institution-id></institution-wrap></aff>
	<role>Author</role>
   </contrib>
   <contrib contrib-type="author" id="artseq-00004">
       <contrib-id contrib-id-type="person_id" authenticated="false">P4525296</contrib-id><contrib-id contrib-id-type="profile_id" authenticated="false">81329491554</contrib-id>
       <name name-style="western">
           <surname>Puzis</surname>
           <given-names>Yuri</given-names>
       </name>
	<aff>Charmtech Labs LLC, CEWIT, Stony Brook, NY</aff><aff><institution-wrap><institution-id institution-id-type="profile_id">60272174</institution-id></institution-wrap></aff>
	<role>Author</role>
   </contrib>
   <contrib contrib-type="author" id="artseq-00005">
       <contrib-id contrib-id-type="person_id" authenticated="false">P4525297</contrib-id><contrib-id contrib-id-type="profile_id" authenticated="false">81452611166</contrib-id>
       <name name-style="western">
           <surname>Ramakrishnan</surname>
           <given-names>I. V.</given-names>
       </name>
	<aff>Charmtech Labs LLC, CEWIT, Stony Brook, NY</aff><aff><institution-wrap><institution-id institution-id-type="profile_id">60272174</institution-id></institution-wrap></aff>
	<role>Author</role>
   </contrib>
</contrib-group>
   <pub-date date-type="publication">
   <day>07</day>
   <month>04</month>
   <year>2014</year>
   </pub-date>
				<fpage>1</fpage>
				<lpage>9</lpage>
		<permissions>
			<copyright-year>2014</copyright-year>
			<copyright-holder>ACM</copyright-holder>
			<license license-type="acmcopyright">
			<license-p>Permission to make digital or hard copies of all or part of this work for personal or classroom use is granted without fee provided that copies are not made or distributed for profit or commercial advantage and that copies bear this notice and the full citation on the first page. Copyrights for components of this work owned by others than ACM must be honored. Abstracting with credit is permitted. To copy otherwise, or republish, to post on servers or to redistribute to lists, requires prior specific permission and/or a fee. Request permissions from Permissions@acm.org</license-p>
			</license>
		</permissions>
		<self-uri content-type="pdf" xlink:href="2596695.2596699.pdf" />
	<abstract>
		<p>People with visual impairments typically interact with the Web using screen readers that perform serial text-to-speech narration of the content. Although they rely on keyboard shortcuts to navigate through the content quickly, browsing fatigue caused by too many keyboard presses and clicks, increased cognitive load caused by having to remember many shortcuts, and information overload from having to listen to irrelevant content, are all too common. Speech-based interaction modality has the potential to address these shortcomings by allowing users to engage in a dialog with an intelligent agent capable of translating user commands/requests to system actions and generating appropriate responses to them.</p> <p>This paper presents empirical findings of a Wizard-of-Oz user study conducted with 24 blind subjects to provide a baseline for gauging the usability and effectiveness of speech interfaces for non-visual web access. Specifically, study participants were required to complete a set of typical web browsing tasks using unrestricted speech commands ranging from simple commands such as "click the search button", to complex commands such as "buy this product". Unknown to the participants, these commands were executed by the wizard and appropriate responses were generated with the help of a screen reader. An important byproduct emerging from the study is a new dialog corpus for non-visual web access that will provide pivotal reference data for exploring the design space underlying the development of high performance dialog systems for web accessibility.</p>
	</abstract>
<kwd-group>
<kwd>speech interface</kwd>
<kwd>web automation</kwd>
<kwd>wizard of Oz study</kwd>
</kwd-group>
<funding-group specific-use="FundRef">
	<award-group id="award1">
		<funding-source id="GS1">
			<institution-wrap>
			<institution>National Eye Institute</institution>
			<institution-id institution-id-type="FundRef">http://dx.doi.org/10.13039/100000053</institution-id>
			</institution-wrap>
		</funding-source>
		<award-id rid="GS1">1R43EY21962-1A1</award-id>
	</award-group>
</funding-group>
		</book-part-meta>
		
	<back>
<ref-list specific-use="unparsed">
				<ref id="ref-00001">
				<mixed-citation>AFB. <italic toggle="yes">Facts and Figures on American Adults with Vision Loss</italic>. 2013 {cited 2013}; Available from: http://www.afb.org/Section.asp?SectionID=15&amp;TopicID=413&amp;DocumentID=4900.</mixed-citation>
				</ref>
				<ref id="ref-00002">
				<mixed-citation>Andreessen, M., <italic toggle="yes">NCSA Mosaic technical summary</italic>. National Center for Supercomputing Applications, 1993. <bold>605</bold>.</mixed-citation>
				</ref>
				<ref id="ref-00003">
				<mixed-citation>Android, <italic toggle="yes">S Voice</italic>. 2012.</mixed-citation>
				</ref>
				<ref id="ref-00004">
				<mixed-citation>Anupam, V., J. Freire, B. Kumar, and D. Lieuwen, <italic toggle="yes">Automating Web navigation with the WebVCR, in Proceedings of the 9th International World Wide Web Conference on Computer Networks: the International Journal of Computer and Telecommunications Networking</italic>. 2000, North-Holland Publishing Co.: Amsterdam, The Netherlands. <pub-id pub-id-type="doi" xlink:href="10.5555/347319.346340" /></mixed-citation>
				</ref>
				<ref id="ref-00005">
				<mixed-citation>Bigham, J. P., T. Lau, and J. Nichols, <italic toggle="yes">TrailBlazer: Enabling Blind Users to Blaze Trails Through the Web</italic>, in <italic toggle="yes">No Code Required: Giving Users Tools to Transform the Web</italic>, A. Cypher, et al., Editors. 2010, Morgan Kaufmann.</mixed-citation>
				</ref>
				<ref id="ref-00006">
				<mixed-citation>Borodin, Y., J. P. Bigham, G. Dausch, and I. V. Ramakrishnan, <italic toggle="yes">More than meets the eye: a survey of screen-reader browsing strategies</italic>, in <italic toggle="yes">Proceedings of the 2010 International Cross Disciplinary Conference on Web Accessibility (W4A)</italic>. 2010, ACM: Raleigh, North Carolina. p. 1--10. <pub-id pub-id-type="doi" xlink:href="10.1145/1805986.1806005" assigning-authority="crossref">10.1145/1805986.1806005</pub-id> <pub-id pub-id-type="doi" xlink:href="10.1145/1805986.1806005" /></mixed-citation>
				</ref>
				<ref id="ref-00007">
				<mixed-citation>Borodin, Y., A. Sovyak, A. Dimitriyadi, Y. Puzis, V. Melnyk, F. Ahmed, G. Dausch, and I. V. Ramakrishnan, <italic toggle="yes">Universal and ubiquitous web access with Capti</italic>, in <italic toggle="yes">Proceedings of the International Cross-Disciplinary Conference on Web Accessibility</italic>. 2012, ACM: Lyon, France. p. 1--2. <pub-id pub-id-type="doi" xlink:href="10.1145/2207016.2207036" assigning-authority="crossref">10.1145/2207016.2207036</pub-id> <pub-id pub-id-type="doi" xlink:href="10.1145/2207016.2207036" /></mixed-citation>
				</ref>
				<ref id="ref-00008">
				<mixed-citation>Brooke, J., <italic toggle="yes">SUS-A quick and dirty usability scale</italic>. Usability evaluation in industry, 1996. <bold>189</bold>: p. 194.</mixed-citation>
				</ref>
				<ref id="ref-00009">
				<mixed-citation>Google. <italic toggle="yes">Google Now</italic>. 2012; Available from: http://www.google.com/landing/now/#utm_source=google&amp;utm_medium=sem&amp;utm_campaign=GoogleNow.</mixed-citation>
				</ref>
				<ref id="ref-00010">
				<mixed-citation>Gupta, N., G. Tur, D. Hakkani-Tur, S. Bangalore, G. Riccardi, and M. Gilbert, <italic toggle="yes">The AT&amp;T spoken language understanding system</italic>. Audio, Speech, and Language Processing, IEEE Transactions on, 2006. <bold>14</bold>(1): p. 213--222. <pub-id pub-id-type="doi" xlink:href="10.1109/TSA.2005.854085" assigning-authority="crossref">10.1109/TSA.2005.854085</pub-id> <pub-id pub-id-type="doi" xlink:href="10.1109/TSA.2005.854085" /></mixed-citation>
				</ref>
				<ref id="ref-00011">
				<mixed-citation>House, D., D. Novick, M. Fanty, and J. Walpole, <italic toggle="yes">Spoken-Language Access to Multimedia (SLAM): Masters Thesis</italic>.</mixed-citation>
				</ref>
				<ref id="ref-00012">
				<mixed-citation>iMacros. <italic toggle="yes">iOpus</italic>. 2009 {cited 2009}; Available from: http://www.iopus.com/imacros/firefox/.</mixed-citation>
				</ref>
				<ref id="ref-00013">
				<mixed-citation>JAWS. <italic toggle="yes">Screen reader from Freedom Scientific</italic>. 2013 {cited 2013}; Available from: http://www.freedomscientific.com/products/fs/jaws-product-page.asp.</mixed-citation>
				</ref>
				<ref id="ref-00014">
				<mixed-citation>Koesnandar, A., S. Elbaum, G. Rothermel, L. Hochstein, C. Scaffidi, and K. T. Stolee, <italic toggle="yes">Using assertions to help end-user programmers create dependable web macros</italic>, in <italic toggle="yes">Proceedings of the 16th ACM SIGSOFT International Symposium on Foundations of software engineering</italic>. 2008, ACM: Atlanta, Georgia. p. 124--134. <pub-id pub-id-type="doi" xlink:href="10.1145/1453101.1453119" assigning-authority="crossref">10.1145/1453101.1453119</pub-id> <pub-id pub-id-type="doi" xlink:href="10.1145/1453101.1453119" /></mixed-citation>
				</ref>
				<ref id="ref-00015">
				<mixed-citation>Lau, T., J. Cerruti, G. Manzato, M. Bengualid, J. P. Bigham, and J. Nichols, <italic toggle="yes">A conversational interface to web automation</italic>, in <italic toggle="yes">Proceedings of the 23nd annual ACM symposium on User interface software and technology</italic>, ACM: New York, New York, USA. <pub-id pub-id-type="doi" xlink:href="10.1145/1866029.1866067" assigning-authority="crossref">10.1145/1866029.1866067</pub-id> <pub-id pub-id-type="doi" xlink:href="10.1145/1866029.1866067" /></mixed-citation>
				</ref>
				<ref id="ref-00016">
				<mixed-citation>Lazar, J., A. Allen, J. Kleinman, and C. Malarkey, <italic toggle="yes">What frustrates screen reader users on the web: A study of 100 blind users</italic>. International Journal of human-computer interaction, 2007. <bold>22</bold>(3): p. 247--269.</mixed-citation>
				</ref>
				<ref id="ref-00017">
				<mixed-citation>Leshed, G., E. M. Haber, T. Matthews, and T. Lau. <italic toggle="yes">CoScripter: automating &amp; sharing how-to knowledge in the enterprise</italic>. in <italic toggle="yes">Proceedings of the SIGCHI Conference on Human Factors in Computing Systems</italic>. 2008: ACM. <pub-id pub-id-type="doi" xlink:href="10.1145/1357054.1357323" assigning-authority="crossref">10.1145/1357054.1357323</pub-id> <pub-id pub-id-type="doi" xlink:href="10.1145/1357054.1357323" /></mixed-citation>
				</ref>
				<ref id="ref-00018">
				<mixed-citation>Li, I., J. Nichols, T. Lau, C. Drews, and A. Cypher, <italic toggle="yes">Here's what i did: sharing and reusing web activity with ActionShot</italic>, in <italic toggle="yes">Proceedings of the 28th international conference on Human factors in computing systems</italic>. 2010, ACM: Atlanta, Georgia, USA. p. 723--732. <pub-id pub-id-type="doi" xlink:href="10.1145/1753326.1753432" assigning-authority="crossref">10.1145/1753326.1753432</pub-id> <pub-id pub-id-type="doi" xlink:href="10.1145/1753326.1753432" /></mixed-citation>
				</ref>
				<ref id="ref-00019">
				<mixed-citation>MiniwattsMarketingGroup. <italic toggle="yes">Internet Usage Statistics: The Internet Big Picture World Internet Users and Population Stats</italic>. 2013 {cited 2013}; Available from: http://www.internetworldstats.com/stats.htm.</mixed-citation>
				</ref>
				<ref id="ref-00020">
				<mixed-citation>Nuance. <italic toggle="yes">Nina</italic>. 2012; Available from: http://www.nuance.com/landing-pages/products/nina/default.asp.</mixed-citation>
				</ref>
				<ref id="ref-00021">
				<mixed-citation>NVDA. <italic toggle="yes">NonVisual Desktop Access</italic>. 2013 {cited 2013}; Available from: http://www.nvda-project.org/.</mixed-citation>
				</ref>
				<ref id="ref-00022">
				<mixed-citation>Public Voice Lab, S., <italic toggle="yes">PublicVoiceXML</italic>. 2002.</mixed-citation>
				</ref>
				<ref id="ref-00023">
				<mixed-citation>Puzis, Y., Y. Borodin, R. Puzis, and I. V. Ramakrishnan, <italic toggle="yes">Predictive Web Automation Assistant for People with Vision Impairments</italic>, in <italic toggle="yes">To appear in proceedings of the 22th international conference on world wide web</italic>. 2013, ACM: Rio de Janeiro, Brazil. <pub-id pub-id-type="doi" xlink:href="10.1145/2488388.2488478" /></mixed-citation>
				</ref>
				<ref id="ref-00024">
				<mixed-citation>Safonov, A., <italic toggle="yes">Web macros by example: users managing the WWW of applications</italic>, in <italic toggle="yes">CHI '99 extended abstracts on Human factors in computing systems</italic>. 1999, ACM: Pittsburgh, Pennsylvania. p. 71--72. <pub-id pub-id-type="doi" xlink:href="10.1145/632716.632761" assigning-authority="crossref">10.1145/632716.632761</pub-id> <pub-id pub-id-type="doi" xlink:href="10.1145/632716.632761" /></mixed-citation>
				</ref>
				<ref id="ref-00025">
				<mixed-citation>Schnelle. <italic toggle="yes">JVoiceXML</italic>. 2013; Available from: http://webdesign.about.com/gi/o.htm?zi=1/XJ&amp;zTi=1&amp;sdn=webdesign&amp;cdn=compute&amp;tm=171&amp;f=00&amp;tt=14&amp;bt=3&amp;bts=31&amp;zu=http%3A//jvoicexml.sourceforge.net/.</mixed-citation>
				</ref>
				<ref id="ref-00026">
				<mixed-citation>Siri. <italic toggle="yes">The Personal Assistant on Your Phone</italic>. 2013 {cited 2013}; Available from: http://siri.com/.</mixed-citation>
				</ref>
				<ref id="ref-00027">
				<mixed-citation>SuperNova. <italic toggle="yes">Screen Reader from Dolphin</italic>. 2013 {cited 2013}; Available from: http://www.yourdolphin.com/productdetail.asp?id=1.</mixed-citation>
				</ref>
				<ref id="ref-00028">
				<mixed-citation>Techsmith. <italic toggle="yes">Camtasia</italic>. 2013; Available from: http://www.techsmith.com/camtasia.html.</mixed-citation>
				</ref>
				<ref id="ref-00029">
				<mixed-citation>Vocalocity. <italic toggle="yes">Vocalocity</italic>. 2005; Available from: http://www.dialogic.com/webhelp/CSP1010/VXML1.1CI/WebHelp/intro%20-%20Features%20of%20the%20Vocalocity%20Voice%20Browser.htm.</mixed-citation>
				</ref>
				<ref id="ref-00030">
				<mixed-citation>VoiceOver, <italic toggle="yes">Screen reader from Apple</italic>. 2010.</mixed-citation>
				</ref>
				<ref id="ref-00031">
				<mixed-citation>VoiceXML. <italic toggle="yes">W3C - Voice Extensible Markup Language</italic>. 2009 {cited 2010}; Available from: http://www.w3.org/TR/voicexml20.</mixed-citation>
				</ref>
				<ref id="ref-00032">
				<mixed-citation>WHO. <italic toggle="yes">Visual impairment and blindness</italic>. 2012 {cited 2013}; Available from: http://www.who.int/mediacentre/factsheets/fs282/en/.</mixed-citation>
				</ref>
				<ref id="ref-00033">
				<mixed-citation>Window-Eyes, <italic toggle="yes">Screen Reader GW Micro</italic>. 2010.</mixed-citation>
				</ref>
			</ref-list>
</back>
</book-part>
</book-part-wrapper>
