<?xml version="1.0" encoding="UTF-8"?>
<!DOCTYPE book-part-wrapper PUBLIC "-//NLM//DTD BITS Book Interchange DTD with OASIS and XHTML Tables v2.0 20151225//EN" "BITS-book-oasis2.dtd">
<book-part-wrapper xmlns:xlink="http://www.w3.org/1999/xlink" xmlns:mml="http://www.w3.org/1998/Math/MathML" xmlns:oasis="http://www.niso.org/standards/z39-96/ns/oasis-exchange/table" xmlns:xi="http://www.w3.org/2001/XInclude" xmlns:xsi="http://www.w3.org/2001/XMLSchema-instance" dtd-version="2.0" xml:lang="en" content-type="research-article">
<collection-meta collection-type="book-series">
    <collection-id collection-id-type="doi">10.1145/acmconferences</collection-id>
    <title-group>
        <title>ACM Conferences</title>
    </title-group>
</collection-meta>
	<book-meta>
		<book-id book-id-type="acm-id">2596695</book-id>
		<book-id book-id-type="doi">10.1145/2596695</book-id>
		<book-title-group>
			<book-title>Proceedings of the 11th Web for All Conference</book-title>
			<alt-title alt-title-type="acronym">W4A '14</alt-title>
		</book-title-group>
	</book-meta>
	<book-part xmlns:ali="http://www.niso.org/schemas/ali/1.0/" book-part-type="chapter" xml:lang="en">
		<book-part-meta>
			<book-part-id book-part-id-type="acm-id">2596719</book-part-id>
			<book-part-id book-part-id-type="doi">10.1145/2596695.2596719</book-part-id>
			<book-part-id book-part-id-type="article-no">17</book-part-id>
	<subj-group subj-group-type="ccs2012">
		<compound-subject>
			<compound-subject-part content-type="code">10003120.10003121</compound-subject-part>
			<compound-subject-part content-type="text">Human-centered computing~Human computer interaction (HCI)</compound-subject-part>
			<compound-subject-part content-type="weight">500</compound-subject-part>
		</compound-subject>
		<compound-subject>
			<compound-subject-part content-type="code">10003120.10003121</compound-subject-part>
			<compound-subject-part content-type="text">Human-centered computing~Human computer interaction (HCI)</compound-subject-part>
			<compound-subject-part content-type="weight">100</compound-subject-part>
		</compound-subject>
	</subj-group>
			<title-group>
				<title>The role of accessibility in a universal web</title>
			</title-group>
<contrib-group>
   <contrib contrib-type="author" id="artseq-00001">
       <contrib-id contrib-id-type="person_id" authenticated="false">P4525307</contrib-id><contrib-id contrib-id-type="profile_id" authenticated="false">81100018612</contrib-id>
       <name name-style="western">
           <surname>Henry</surname>
           <given-names>Shawn Lawton</given-names>
       </name>
	<aff>W3C Web Accessibility Initiative, Cambridge, MA</aff>
	<email>shawn@w3.org</email>
	<role>Author</role>
   </contrib>
   <contrib contrib-type="author" id="artseq-00002">
       <contrib-id contrib-id-type="person_id" authenticated="false">P4525308</contrib-id><contrib-id contrib-id-type="profile_id" authenticated="false">81100473404</contrib-id>
       <name name-style="western">
           <surname>Abou-Zahra</surname>
           <given-names>Shadi</given-names>
       </name>
	<aff>W3C Web Accessibility Initiative, Route des Lucioles, Sophia-Antipolis, France</aff>
	<email>shadi@w3.org</email>
	<role>Author</role>
   </contrib>
   <contrib contrib-type="author" id="artseq-00003">
       <contrib-id contrib-id-type="person_id" authenticated="false">P4525309</contrib-id><contrib-id contrib-id-type="profile_id" authenticated="false">81100357475</contrib-id>
       <name name-style="western">
           <surname>Brewer</surname>
           <given-names>Judy</given-names>
       </name>
	<aff>W3C Web Accessibility Initiative, Cambridge, MA</aff>
	<email>jbrewer@w3.org</email>
	<role>Author</role>
   </contrib>
</contrib-group>
   <pub-date date-type="publication">
   <day>07</day>
   <month>04</month>
   <year>2014</year>
   </pub-date>
				<fpage>1</fpage>
				<lpage>4</lpage>
		<permissions>
			<copyright-year>2014</copyright-year>
			<copyright-holder>ACM</copyright-holder>
			<license license-type="acmlicensed">
			<license-p>Permission to make digital or hard copies of all or part of this work for personal or classroom use is granted without fee provided that copies are not made or distributed for profit or commercial advantage and that copies bear this notice and the full citation on the first page. Copyrights for components of this work owned by others than the author(s) must be honored. Abstracting with credit is permitted. To copy otherwise, or republish, to post on servers or to redistribute to lists, requires prior specific permission and/or a fee. Request permissions from Permissions@acm.org.</license-p>
			</license>
		</permissions>
		<self-uri content-type="pdf" xlink:href="2596695.2596719.pdf" />
	<abstract>
		<p>"Universal design" is the process of creating products that are usable by people with the widest possible range of abilities, operating within the widest possible range of situations; whereas "accessibility" primarily refers to design for people with disabilities. While the focus of accessibility is disabilities, research and development in accessibility brings benefits to everyone, particularly users with situational limitations, including device limitations and environmental limitations. Awareness and understanding of the benefits of web accessibility to users without disabilities is growing in some areas with the rapid increase of web-enabled devices such as mobile phones, tablets, televisions, and more; with the increasing focus on the growing number of older web users; and with wider web reach in areas with high incidence of low literacy, low bandwidth, older technology, etc. Although there is significant overlap between designing for accessibility and designing for situational limitations, addressing one set of needs does not necessarily provide sufficient solutions for other needs. Keeping accessibility focused on disabilities encourages research and development on meeting the specific needs of people with disabilities. This communications paper explains the importance of <bold>"accessibility" continuing to focus on people with disabilities</bold>, while further integrating accessibility with web design, development, and research in other areas, including those covered under universal design and design for all. It also describes how the World Wide Web Consortium (W3C) and Web Accessibility Initiative (WAI) are working to address accessibility and related user needs throughout the technologies of the Web, and invites all interested parties to participate in research and development to further integrate accessibility for people with disabilities in ways that benefit all.</p>
	</abstract>
<kwd-group>
<kwd>accessibility</kwd>
<kwd>design for all</kwd>
<kwd>digital inclusion</kwd>
<kwd>inclusive design</kwd>
<kwd>mobile accessibility</kwd>
<kwd>people with disabilities</kwd>
<kwd>situational limitations</kwd>
<kwd>universal design</kwd>
<kwd>universal usability</kwd>
<kwd>universal web</kwd>
</kwd-group>
		</book-part-meta>
		
	<back>
<ref-list specific-use="unparsed">
				<ref id="ref-00001">
				<mixed-citation>United Nations. 2006. UN Convention on the Rights of Persons with Disabilities. http://www.un.org/disabilities/default.asp?navid=12&amp;pid=1 50</mixed-citation>
				</ref>
				<ref id="ref-00002">
				<mixed-citation>Federal Communications Commission. 1999. FCC on Telecommunications Accessibility for the Disabled. http://transition.fcc.gov/Bureaus/Common_Carrier/Orders/1 999/fcc99181.txt</mixed-citation>
				</ref>
				<ref id="ref-00003">
				<mixed-citation>Goldberg, L. 1996. Electronic Curbcuts: Equitable Access to the Future. Getty Center for the History of Art and the Humanities and the Getty Art History Information Program, Cyberspace/Public Space: The Role of Arts and Culture in Defining a Virtual Public Sphere. https://web.archive.org/web/19990427111220/http://www.ahip.getty.edu/cyberpub/goldberg.html</mixed-citation>
				</ref>
				<ref id="ref-00004">
				<mixed-citation>Jacobs, S. 1999. Section 255 of the Telecommunications Act of 1996: Fueling the Creation of New Electronic Curbcuts. http://www.accessiblesociety.org/topics/technology/eleccurbcut.htm</mixed-citation>
				</ref>
				<ref id="ref-00005">
				<mixed-citation>Valdes, L. 1998--2003. Accessibility on the Internet. http://www.un.org/esa/socdev/enable/disacc00.htm</mixed-citation>
				</ref>
				<ref id="ref-00006">
				<mixed-citation>Brewer, J. 2001. Access to the World Wide Web: Technical and Policy Aspects. In: Preiser, W., and Ostroff, E., eds. Universal Design Handbook First Edition, MacGraw-Hill, New York.</mixed-citation>
				</ref>
				<ref id="ref-00007">
				<mixed-citation>Arch, A. and Letourneau, C., eds. Auxiliary Benefits of Accessible Web Design. 2001, 2002. http://www.w3.org/WAI/bcase/benefits</mixed-citation>
				</ref>
				<ref id="ref-00008">
				<mixed-citation>Henry, S. L. and Arch, A., eds. 2005, 2012. Developing a Web Accessibility Business Case for Your Organization. http://www.w3.org/WAI/bcase/</mixed-citation>
				</ref>
				<ref id="ref-00009">
				<mixed-citation>Abou-Zahra, S. and Henry, S. L. 2010. Exploring web accessibility solutions in developing regions as innovations for the benefit of all. In Proceedings of the 2010 International Cross Disciplinary Conference on Web Accessibility (W4A '10). ACM, New York, NY, USA. DOI=10.1145/1805986.1805994 <pub-id pub-id-type="doi" xlink:href="10.1145/1805986.1805994" assigning-authority="crossref">10.1145/1805986.1805994</pub-id> <pub-id pub-id-type="doi" xlink:href="10.1145/1805986.1805994" /></mixed-citation>
				</ref>
				<ref id="ref-00010">
				<mixed-citation>Vanderheiden, G. and Tobias, J. 1998. Barriers, incentives and facilitators for adoption of universal design practices by consumer product manufacturers. In Proceedings of the Human Factors and Ergonomics Society Annual Meeting (Vol. 42, No. 6, pp. 584--588). SAGE Publications.</mixed-citation>
				</ref>
				<ref id="ref-00011">
				<mixed-citation>Henry, S. L., ed. 2014. Situational Limitations References. https://www.w3.org/WAI/EO/wiki/Situational_Limitations_ References</mixed-citation>
				</ref>
				<ref id="ref-00012">
				<mixed-citation>World Wide Web Consortium. 1997. World Wide Web Consortium Launches International Program Office for Web Accessibility Initiative. http://www.w3.org/Press/IPO-announce</mixed-citation>
				</ref>
				<ref id="ref-00013">
				<mixed-citation>Yesilada, Y., Chuter, A., and Henry, S. L, eds. 2008, 2013. Shared Web Experiences: Barriers Common to Mobile Device Users and People with Disabilities. http://www.w3.org/WAI/mobile/experiences</mixed-citation>
				</ref>
				<ref id="ref-00014">
				<mixed-citation>Henrys, S. L., ed. 2010. Web Accessibility and Older People: Meeting the Needs of Ageing Web Users. http://www.w3.org/WAI/older-users/Overview</mixed-citation>
				</ref>
				<ref id="ref-00015">
				<mixed-citation>Arch, A., Abou-Zahra, S., and Henry, S. L. 2009. Older Users Online: WAI Guidelines Address Older Users Web Experience. User Experience Magazine: Volume 8, Issue 1, 2009. http://www.w3.org/WAI/posts/2009/older-users-online</mixed-citation>
				</ref>
				<ref id="ref-00016">
				<mixed-citation>Henry, S. L. and Arch, A., eds. 2005, 2012. Social Factors in Developing a Web Accessibility Business Case for Your Organization. 2005, 2012. http://www.w3.org/WAI/bcase/soc.html</mixed-citation>
				</ref>
				<ref id="ref-00017">
				<mixed-citation>Heumann, J. 1998. Keynote address to Microsoft employees and experts on disabilities and technology, Redmond, Washington, February 19, 1998.</mixed-citation>
				</ref>
				<ref id="ref-00018">
				<mixed-citation>Henry, S. L. 2007. Just Ask: Integrating Accessibility Throughout Design. Madison, WI: ET\Lawton. ISBN 978-1430319528 www.uiAccess.com/JustAsk/</mixed-citation>
				</ref>
				<ref id="ref-00019">
				<mixed-citation>Grannell, C. 2012. 15 top web design and development trends for 2012. <italic toggle="yes">.net magazine</italic> http://www.creativebloq.com/industry-trends/15-top-web-design-and-development-trends-2012-1123018</mixed-citation>
				</ref>
				<ref id="ref-00020">
				<mixed-citation>Progressive enhancement. Wikipedia. http://en.wikipedia.org/wiki/Progressive_enhancement</mixed-citation>
				</ref>
				<ref id="ref-00021">
				<mixed-citation>Marcotte, E. 2010. Responsive Web Design. In <italic toggle="yes">A List Apart</italic>. http://alistapart.com/article/responsive-web-design</mixed-citation>
				</ref>
				<ref id="ref-00022">
				<mixed-citation>Chisholm, W., Vanderheiden, G., Jacobs, I., eds. 1999. Web Content Accessibility Guidelines 1.0. http://www.w3.org/TR/WCAG10/</mixed-citation>
				</ref>
				<ref id="ref-00023">
				<mixed-citation>W3C-Tag: Das Web für Alle entsteht jetzt! http://lists.w3.org/Archives/Public/w3c-waiig/2014JanMar/0025.html</mixed-citation>
				</ref>
				<ref id="ref-00024">
				<mixed-citation>Arch, A. 2008. Web Accessibility for Older Users: A Literature Review. W3C Working Draft 14 May 2008. http://www.w3.org/TR/wai-age-literature/</mixed-citation>
				</ref>
				<ref id="ref-00025">
				<mixed-citation>WAI Guidelines and Techniques http://www.w3.org/WAI/guid-tech.html</mixed-citation>
				</ref>
				<ref id="ref-00026">
				<mixed-citation>IndieUI Overview http://www.w3.org/WAI/intro/indieui</mixed-citation>
				</ref>
				<ref id="ref-00027">
				<mixed-citation>Participating in WAI http://www.w3.org/WAI/participation</mixed-citation>
				</ref>
				<ref id="ref-00028">
				<mixed-citation>Henry, S. L. and Thorp, J., eds. 2008, 2012. Web Content Accessibility and Mobile Web: Making a Website Accessible Both for People with Disabilities and for Mobile Devices. http://www.w3.org/WAI/mobile/overlap</mixed-citation>
				</ref>
			</ref-list>
</back>
</book-part>
</book-part-wrapper>
