<?xml version="1.0" encoding="UTF-8"?>
<!DOCTYPE book-part-wrapper PUBLIC "-//NLM//DTD BITS Book Interchange DTD with OASIS and XHTML Tables v2.0 20151225//EN" "BITS-book-oasis2.dtd">
<book-part-wrapper xmlns:xlink="http://www.w3.org/1999/xlink" xmlns:mml="http://www.w3.org/1998/Math/MathML" xmlns:oasis="http://www.niso.org/standards/z39-96/ns/oasis-exchange/table" xmlns:xi="http://www.w3.org/2001/XInclude" xmlns:xsi="http://www.w3.org/2001/XMLSchema-instance" dtd-version="2.0" xml:lang="en" content-type="research-article">
<collection-meta collection-type="book-series">
    <collection-id collection-id-type="doi">10.1145/acmconferences</collection-id>
    <title-group>
        <title>ACM Conferences</title>
    </title-group>
</collection-meta>
	<book-meta>
		<book-id book-id-type="acm-id">2596695</book-id>
		<book-id book-id-type="doi">10.1145/2596695</book-id>
		<book-title-group>
			<book-title>Proceedings of the 11th Web for All Conference</book-title>
			<alt-title alt-title-type="acronym">W4A '14</alt-title>
		</book-title-group>
	</book-meta>
	<book-part xmlns:ali="http://www.niso.org/schemas/ali/1.0/" book-part-type="chapter" xml:lang="en">
		<book-part-meta>
			<book-part-id book-part-id-type="acm-id">2596700</book-part-id>
			<book-part-id book-part-id-type="doi">10.1145/2596695.2596700</book-part-id>
			<book-part-id book-part-id-type="article-no">40</book-part-id>
	<subj-group subj-group-type="ccs2012">
		<compound-subject>
			<compound-subject-part content-type="code">10010583.10010588.10010597</compound-subject-part>
			<compound-subject-part content-type="text">Hardware~Communication hardware, interfaces and storage~Sound-based input / output</compound-subject-part>
			<compound-subject-part content-type="weight">500</compound-subject-part>
		</compound-subject>
		<compound-subject>
			<compound-subject-part content-type="code">10003120.10003121.10003125.10010597</compound-subject-part>
			<compound-subject-part content-type="text">Human-centered computing~Human computer interaction (HCI)~Interaction devices~Sound-based input / output</compound-subject-part>
			<compound-subject-part content-type="weight">500</compound-subject-part>
		</compound-subject>
		<compound-subject>
			<compound-subject-part content-type="code">10003120.10003121.10003124.10003254</compound-subject-part>
			<compound-subject-part content-type="text">Human-centered computing~Human computer interaction (HCI)~Interaction paradigms~Hypertext / hypermedia</compound-subject-part>
			<compound-subject-part content-type="weight">100</compound-subject-part>
		</compound-subject>
		<compound-subject>
			<compound-subject-part content-type="code">10010405.10010497.10010510.10010515</compound-subject-part>
			<compound-subject-part content-type="text">Applied computing~Document management and text processing~Document preparation~Multi / mixed media creation</compound-subject-part>
			<compound-subject-part content-type="weight">100</compound-subject-part>
		</compound-subject>
		<compound-subject>
			<compound-subject-part content-type="code">10010405.10010497.10010510.10010515</compound-subject-part>
			<compound-subject-part content-type="text">Applied computing~Document management and text processing~Document preparation~Multi / mixed media creation</compound-subject-part>
			<compound-subject-part content-type="weight">100</compound-subject-part>
		</compound-subject>
		<compound-subject>
			<compound-subject-part content-type="code">10003120.10003121.10003124.10003254</compound-subject-part>
			<compound-subject-part content-type="text">Human-centered computing~Human computer interaction (HCI)~Interaction paradigms~Hypertext / hypermedia</compound-subject-part>
			<compound-subject-part content-type="weight">100</compound-subject-part>
		</compound-subject>
	</subj-group>
			<title-group>
				<title>Towards making mathematics a first class citizen in general screen readers</title>
			</title-group>
<contrib-group>
   <contrib contrib-type="author" id="artseq-00001">
       <contrib-id contrib-id-type="person_id" authenticated="false">P4525387</contrib-id><contrib-id contrib-id-type="profile_id" authenticated="false">81100235399</contrib-id>
       <name name-style="western">
           <surname>Sorge</surname>
           <given-names>Volker</given-names>
       </name>
	<aff>The University of Birmingham, UK</aff><aff><institution-wrap><institution-id institution-id-type="profile_id">60019702</institution-id></institution-wrap></aff>
	<email>v.sorge@cs.bham.ac.uk</email>
	<role>Author</role>
   </contrib>
   <contrib contrib-type="author" id="artseq-00002">
       <contrib-id contrib-id-type="person_id" authenticated="false">P4525388</contrib-id><contrib-id contrib-id-type="profile_id" authenticated="false">99659844157</contrib-id>
       <name name-style="western">
           <surname>Chen</surname>
           <given-names>Charles</given-names>
       </name>
	<aff>Google, Inc. Mountain View, CA</aff><aff><institution-wrap><institution-id institution-id-type="profile_id">60006191</institution-id></institution-wrap></aff>
	<email>clchen@google.com</email>
	<role>Author</role>
   </contrib>
   <contrib contrib-type="author" id="artseq-00003">
       <contrib-id contrib-id-type="person_id" authenticated="false">P4525389</contrib-id><contrib-id contrib-id-type="profile_id" authenticated="false">81100054172</contrib-id>
       <name name-style="western">
           <surname>Raman</surname>
           <given-names>T. V.</given-names>
       </name>
	<aff>Google, Inc. Mountain View, CA</aff><aff><institution-wrap><institution-id institution-id-type="profile_id">60006191</institution-id></institution-wrap></aff>
	<email>raman@google.com</email>
	<role>Author</role>
   </contrib>
   <contrib contrib-type="author" id="artseq-00004">
       <contrib-id contrib-id-type="person_id" authenticated="false">P4525390</contrib-id><contrib-id contrib-id-type="profile_id" authenticated="false">88159241557</contrib-id>
       <name name-style="western">
           <surname>Tseng</surname>
           <given-names>David</given-names>
       </name>
	<aff>Google, Inc. Mountain View, CA</aff><aff><institution-wrap><institution-id institution-id-type="profile_id">60006191</institution-id></institution-wrap></aff>
	<email>dtseng@google.com</email>
	<role>Author</role>
   </contrib>
</contrib-group>
   <pub-date date-type="publication">
   <day>07</day>
   <month>04</month>
   <year>2014</year>
   </pub-date>
				<fpage>1</fpage>
				<lpage>10</lpage>
		<permissions>
			<copyright-year>2014</copyright-year>
			<copyright-holder>ACM</copyright-holder>
			<license license-type="acmcopyright">
			<license-p>Permission to make digital or hard copies of all or part of this work for personal or classroom use is granted without fee provided that copies are not made or distributed for profit or commercial advantage and that copies bear this notice and the full citation on the first page. Copyrights for components of this work owned by others than ACM must be honored. Abstracting with credit is permitted. To copy otherwise, or republish, to post on servers or to redistribute to lists, requires prior specific permission and/or a fee. Request permissions from Permissions@acm.org</license-p>
			</license>
		</permissions>
		<self-uri content-type="pdf" xlink:href="2596695.2596700.pdf" />
	<abstract>
		<p>The text to speech translation of mathematical expressions has always been a challenging problem, which has not diminished by more and more content moving to the web. In this paper we present our efforts of making the speech translation of mathematical formulas a first class citizen in ChromeVox, a general screen reader for the Chrome browser. We exploit ChromeVox's ability to handle alternative representations of DOM elements for translation of mathematical content given in a variety of web formats into uniform utterances. We present a format of flexible and adaptable speech rules that support the customization of aural rendering of mathematics and introduce a specially semantically enriched representation of expressions that allows for a more natural reading experience. To further aid understanding of the math we exploit ChromeVox's idea of letting users engage with content on different levels of granularity to enable interactive exploration of complex mathematical formulas.</p>
	</abstract>
<kwd-group>
<kwd>ChromeVox</kwd>
<kwd>mathematics</kwd>
<kwd>screen reader</kwd>
</kwd-group>
		</book-part-meta>
		
	<back>
<ref-list specific-use="unparsed">
				<ref id="ref-00001">
				<mixed-citation>I. Abu Doush and E. Pontelli. Using rules for guiding presentation and switching between modalities. In <italic toggle="yes">HCI (7)</italic>, LNCS 5616. Springer, 2009.</mixed-citation>
				</ref>
				<ref id="ref-00002">
				<mixed-citation>E. Bates and D. Fitzpatrick. Spoken mathematics using prosody, earcons and spearcons. In <italic toggle="yes">ICCHP'10</italic>. Springer, 2010. <pub-id pub-id-type="doi" xlink:href="10.5555/1880751.1880821" /></mixed-citation>
				</ref>
				<ref id="ref-00003">
				<mixed-citation>D. Carlisle, P. Ion, and R. Miner. Math Markup Language (MathML) v3.0. W3C recommendation, 2010. http://www.w3.org/TR/MathML3.</mixed-citation>
				</ref>
				<ref id="ref-00004">
				<mixed-citation>D. Cervone, F. Wang, and P. Krautzberger. Mathjax v2.2, 2012. http://www.mathjax.org.</mixed-citation>
				</ref>
				<ref id="ref-00005">
				<mixed-citation>C. Chen. Clc-4-TTS and Fire Vox: enabling the visually impaired to surf the internet. <italic toggle="yes">Undergraduate Research Journal</italic>, page 32, 2006.</mixed-citation>
				</ref>
				<ref id="ref-00006">
				<mixed-citation>ChromeVox at the Web Store. https://chrome.google.com/webstore/detail/chromevox/kgejglhpjiefppelpmljglcjbhoiplfn?hl=en.</mixed-citation>
				</ref>
				<ref id="ref-00007">
				<mixed-citation>J. Clark, S. DeRose, et al. XML Path Language (XPath) v1.0. W3C Recommendation, 1999.</mixed-citation>
				</ref>
				<ref id="ref-00008">
				<mixed-citation>EPUB 3. Recommended specification. IDPF, 2011. http://idpf.org/epub/30.</mixed-citation>
				</ref>
				<ref id="ref-00009">
				<mixed-citation>D. Gillan, P. Barraza, A. Karshmer, S. Pazuchanics. Cognitive analysis of equation reading: Application to the development of the math genie. <italic toggle="yes">ICCHP'04</italic>, LNCS 3118. Springer, 2004.</mixed-citation>
				</ref>
				<ref id="ref-00010">
				<mixed-citation>Google Inc. <italic toggle="yes">ChromeVox Tutorial</italic>. http://www.chromevox.com.</mixed-citation>
				</ref>
				<ref id="ref-00011">
				<mixed-citation>Hypertext Markup Language (HTML) v5.0. W3C candidate recommendation, 2013. http://www.w3.org/TR/html5.</mixed-citation>
				</ref>
				<ref id="ref-00012">
				<mixed-citation>P. Jipsen. ASCIIMathML: Math on the web for everyone, 2005. http://www1.chapman.edu/~{}jipsen/mathml/asciimath.html.</mixed-citation>
				</ref>
				<ref id="ref-00013">
				<mixed-citation>D. E Knuth. <italic toggle="yes">The Art of Computer Programming, Vol 1: Fundamental Algorithms</italic>. Addison-Wesley, 1997. <pub-id pub-id-type="doi" xlink:href="10.5555/260999" /></mixed-citation>
				</ref>
				<ref id="ref-00014">
				<mixed-citation>L. Lamport. LaTex: A Document Preparation System. 1986. <pub-id pub-id-type="doi" xlink:href="10.5555/63364" /></mixed-citation>
				</ref>
				<ref id="ref-00015">
				<mixed-citation>TV Raman. Aster: Audio system for technical readings. <italic toggle="yes">Infor. Technology and Disabilities</italic>, 1, 1994.</mixed-citation>
				</ref>
				<ref id="ref-00016">
				<mixed-citation>School of Physics and The University of Edinburgh Astronomy. Snuggletex (1.2.2). http://www2.ph.ed.ac.uk/snuggletex, 2011.</mixed-citation>
				</ref>
				<ref id="ref-00017">
				<mixed-citation>V. Sorge and D. Tseng. Spoken mathematics on the web. Google Developers Live https://developers.google.com/live/shows/5881057312243712, 2013.</mixed-citation>
				</ref>
				<ref id="ref-00018">
				<mixed-citation>N. Soiffer. Mathplayer: web-based math accessibility. In <italic toggle="yes">Proc. of Computers and Accessibility</italic>. ACM, 2005. <pub-id pub-id-type="doi" xlink:href="10.1145/1090785.1090831" assigning-authority="crossref">10.1145/1090785.1090831</pub-id> <pub-id pub-id-type="doi" xlink:href="10.1145/1090785.1090831" /></mixed-citation>
				</ref>
				<ref id="ref-00019">
				<mixed-citation>E. W. Weisstein. Mathworld--a Wolfram web resource, 2009. http://mathworld.wolfram.com/.</mixed-citation>
				</ref>
				<ref id="ref-00020">
				<mixed-citation>Wikipedia. Wikipedia, The Free Encyclopedia, 2004.</mixed-citation>
				</ref>
				<ref id="ref-00021">
				<mixed-citation>K. Yamaguchi, T. Komada, F. Kawane, and M. Suzuki. New features in math accessibility with Infty software. In <italic toggle="yes">ICCHP'08</italic>. Springer, 2008. <pub-id pub-id-type="doi" xlink:href="10.1007/978-3-540-70540-6_134" assigning-authority="crossref">10.1007/978-3-540-70540-6_134</pub-id> <pub-id pub-id-type="doi" xlink:href="10.1007/978-3-540-70540-6_134" /></mixed-citation>
				</ref>
			</ref-list>
</back>
</book-part>
</book-part-wrapper>
