<?xml version="1.0" encoding="UTF-8"?>
<!DOCTYPE book-part-wrapper PUBLIC "-//NLM//DTD BITS Book Interchange DTD with OASIS and XHTML Tables v2.0 20151225//EN" "BITS-book-oasis2.dtd">
<book-part-wrapper xmlns:xlink="http://www.w3.org/1999/xlink" xmlns:mml="http://www.w3.org/1998/Math/MathML" xmlns:oasis="http://www.niso.org/standards/z39-96/ns/oasis-exchange/table" xmlns:xi="http://www.w3.org/2001/XInclude" xmlns:xsi="http://www.w3.org/2001/XMLSchema-instance" dtd-version="2.0" xml:lang="en" content-type="research-article">
<collection-meta collection-type="book-series">
    <collection-id collection-id-type="doi">10.1145/acmconferences</collection-id>
    <title-group>
        <title>ACM Conferences</title>
    </title-group>
</collection-meta>
	<book-meta>
		<book-id book-id-type="acm-id">2596695</book-id>
		<book-id book-id-type="doi">10.1145/2596695</book-id>
		<book-title-group>
			<book-title>Proceedings of the 11th Web for All Conference</book-title>
			<alt-title alt-title-type="acronym">W4A '14</alt-title>
		</book-title-group>
	</book-meta>
	<book-part xmlns:ali="http://www.niso.org/schemas/ali/1.0/" book-part-type="chapter" xml:lang="en">
		<book-part-meta>
			<book-part-id book-part-id-type="acm-id">2596717</book-part-id>
			<book-part-id book-part-id-type="doi">10.1145/2596695.2596717</book-part-id>
			<book-part-id book-part-id-type="article-no">38</book-part-id>
	<subj-group subj-group-type="ccs2012">
		<compound-subject>
			<compound-subject-part content-type="code">10003120.10003121.10003122</compound-subject-part>
			<compound-subject-part content-type="text">Human-centered computing~Human computer interaction (HCI)~HCI design and evaluation methods</compound-subject-part>
			<compound-subject-part content-type="weight">500</compound-subject-part>
		</compound-subject>
		<compound-subject>
			<compound-subject-part content-type="code">10003456.10003457.10003580.10003587</compound-subject-part>
			<compound-subject-part content-type="text">Social and professional topics~Professional topics~Computing profession~Assistive technologies</compound-subject-part>
			<compound-subject-part content-type="weight">100</compound-subject-part>
		</compound-subject>
		<compound-subject>
			<compound-subject-part content-type="code">10003456.10003457.10003527.10003530</compound-subject-part>
			<compound-subject-part content-type="text">Social and professional topics~Professional topics~Computing education~Model curricula</compound-subject-part>
			<compound-subject-part content-type="weight">100</compound-subject-part>
		</compound-subject>
		<compound-subject>
			<compound-subject-part content-type="code">10003456.10010927.10003616</compound-subject-part>
			<compound-subject-part content-type="text">Social and professional topics~User characteristics~People with disabilities</compound-subject-part>
			<compound-subject-part content-type="weight">100</compound-subject-part>
		</compound-subject>
	</subj-group>
			<title-group>
				<title>Investigating the appropriateness and relevance of mobile web accessibility guidelines</title>
			</title-group>
<contrib-group>
   <contrib contrib-type="author" id="artseq-00001">
       <contrib-id contrib-id-type="person_id" authenticated="false">P4525381</contrib-id><contrib-id contrib-id-type="profile_id" authenticated="false">88159170757</contrib-id>
       <name name-style="western">
           <surname>Clegg-Vinell</surname>
           <given-names>Raphael</given-names>
       </name>
	<aff>AbilityNet Harella House, London, UK</aff>
	<email>raphael.clegg-vinell@abilitynet.org.uk</email>
	<role>Author</role>
   </contrib>
   <contrib contrib-type="author" id="artseq-00002">
       <contrib-id contrib-id-type="person_id" authenticated="false">P4525382</contrib-id><contrib-id contrib-id-type="profile_id" authenticated="false">81100615902</contrib-id>
       <name name-style="western">
           <surname>Bailey</surname>
           <given-names>Christopher</given-names>
       </name>
	<aff>AbilityNet Harella House, London, UK</aff>
	<email>chris.bailey@abilitynet.org.uk</email>
	<role>Author</role>
   </contrib>
   <contrib contrib-type="author" id="artseq-00003">
       <contrib-id contrib-id-type="person_id" authenticated="false">P4525383</contrib-id><contrib-id contrib-id-type="profile_id" authenticated="false">81440620019</contrib-id>
       <name name-style="western">
           <surname>Gkatzidou</surname>
           <given-names>Voula</given-names>
       </name>
	<aff>Brunel University, Uxbridge, UK</aff><aff><institution-wrap><institution-id institution-id-type="profile_id">60020623</institution-id></institution-wrap></aff>
	<email>voula.gkatzidou@brunel.ac.uk</email>
	<role>Author</role>
   </contrib>
</contrib-group>
   <pub-date date-type="publication">
   <day>07</day>
   <month>04</month>
   <year>2014</year>
   </pub-date>
				<fpage>1</fpage>
				<lpage>4</lpage>
		<permissions>
			<copyright-year>2014</copyright-year>
			<copyright-holder>ACM</copyright-holder>
			<license license-type="acmlicensed">
			<license-p>Permission to make digital or hard copies of all or part of this work for personal or classroom use is granted without fee provided that copies are not made or distributed for profit or commercial advantage and that copies bear this notice and the full citation on the first page. Copyrights for components of this work owned by others than the author(s) must be honored. Abstracting with credit is permitted. To copy otherwise, or republish, to post on servers or to redistribute to lists, requires prior specific permission and/or a fee. Request permissions from Permissions@acm.org.</license-p>
			</license>
		</permissions>
		<self-uri content-type="pdf" xlink:href="2596695.2596717.pdf" />
	<abstract>
		<p>The Web Accessibility Initiative (WAI) of the World Wide Web Consortium (W3C) develop and maintain guidelines for making the web more accessible to people with disabilities. WCAG 2.0 and the MWBP 1.0 are internationally regarded as the industry standard guidelines for web accessibility. Mobile testing sessions conducted by AbilityNet document issues raised by users in a report format, relating issues to guidelines wherever possible. This paper presents the results of a preliminary investigation that examines how effectively and easily these issues can be related by experts to the guidelines provided by WCAG 2.0 and MWBP 1.0.</p>
	</abstract>
<kwd-group>
<kwd>guidelines</kwd>
<kwd>mobile accessibility</kwd>
</kwd-group>
		</book-part-meta>
		
	<back>
<ref-list specific-use="unparsed">
				<ref id="ref-00001">
				<mixed-citation>W3C. (2008a). Web Content Accessibility Guidelines (WCAG) 2.0. W3C Recommendation. Available Online: http://www.w3.org/TR/WCAG20/.</mixed-citation>
				</ref>
				<ref id="ref-00002">
				<mixed-citation>W3C. (2008a). Mobile Web Best Practices 1.0. W3C Recommendation. Available Online: http://www.w3.org/TR/mobile-bp/.</mixed-citation>
				</ref>
				<ref id="ref-00003">
				<mixed-citation>Kelly, B., Sloan, D., Brown, S., Seale, J., Petrie, H., Lauke, P., &amp; Ball, S. (2007). Accessibility 2.0: People, policies and processes. <italic toggle="yes">Proceedings of the 2007 International Cross-Disciplinary Conference on Web Accessibility (W4A)</italic>, Banff, Canada. 138--147. Doi: 10.1145/1243441.1243471. <pub-id pub-id-type="doi" xlink:href="10.1145/1243441.1243471" assigning-authority="crossref">10.1145/1243441.1243471</pub-id> <pub-id pub-id-type="doi" xlink:href="10.1145/1243441.1243471" /></mixed-citation>
				</ref>
				<ref id="ref-00004">
				<mixed-citation>Brajnik, G. (2006). Web accessibility testing: When the method is the culprit. <italic toggle="yes">Proceedings of the 10</italic><sup><italic toggle="yes">th</italic></sup> <italic toggle="yes">International Conference on Computers Helping People with Special Needs (ICCHP)</italic>, Linz, Austria. 156--163. Doi: 10.1007/11788713_24. <pub-id pub-id-type="doi" xlink:href="10.1007/11788713_24" assigning-authority="crossref">10.1007/11788713_24</pub-id> <pub-id pub-id-type="doi" xlink:href="10.1007/11788713_24" /></mixed-citation>
				</ref>
				<ref id="ref-00005">
				<mixed-citation>Harrison, C., &amp; Petrie, H. (2006). Impact of usability and accessibility problems in e-commerce and e-government websites. <italic toggle="yes">Proceedings of HCI 2006</italic>, London, UK. Petrie, H., &amp; Kheir, O. (2007). The relationship between accessibility and usability of websites. <italic toggle="yes">Proceedings of the 2007 SIGCHI Conference on Human Factors in Computing Systems</italic>, San Jose, California, USA. 397--406. Doi: 10.1145/1240624.1240688. <pub-id pub-id-type="doi" xlink:href="10.1145/1240624.1240688" assigning-authority="crossref">10.1145/1240624.1240688</pub-id> <pub-id pub-id-type="doi" xlink:href="10.1145/1240624.1240688" /></mixed-citation>
				</ref>
				<ref id="ref-00006">
				<mixed-citation>Carriço, L., Lopes, R., &amp; Bandeira, R. 2011. Crosschecking the mobile web for people with visual impairments. In <italic toggle="yes">Proceedings of the International Cross-Disciplinary Conference on Web Accessibility</italic> (W4A '11). ACM, New York, NY, USA, Article 12, 4 pages. Doi: 10.1145/1969289.1969305. <pub-id pub-id-type="doi" xlink:href="10.1145/1969289.1969305" assigning-authority="crossref">10.1145/1969289.1969305</pub-id> <pub-id pub-id-type="doi" xlink:href="10.1145/1969289.1969305" /></mixed-citation>
				</ref>
				<ref id="ref-00007">
				<mixed-citation>Access 8878. Assuring Accessibility. Available Online: https://www.access8878.co.uk/assuring-accessiblity.aspx/. {Accessed: 5<sup>th</sup> January 2014}.</mixed-citation>
				</ref>
				<ref id="ref-00008">
				<mixed-citation>Hornbaek, K., &amp; Frokjaer, E. (2008). A study of the evaluator effect in usability testing. <italic toggle="yes">Human Computer Interaction, 23</italic>(3), 251--277. Doi: 10.1080/07370020802278205.</mixed-citation>
				</ref>
				<ref id="ref-00009">
				<mixed-citation>Nielsen, J. (1995). Severity Ratings for Usability Problems. Available Online: http://www.nngroup.com/articles/how-to-rate-the-severity-of-usability-problems/.</mixed-citation>
				</ref>
				<ref id="ref-00010">
				<mixed-citation>Brajnik, G. (2008). A comparative test of web accessibility evaluation methods. <italic toggle="yes">Proceedings of the 10th International ACM SIGACCESS Conference on Computers and Accessibility (ASSETS)</italic>, Halifax, Nova Scotia, Canada. 113--120. Doi: 10.1145/1414471.1414494. <pub-id pub-id-type="doi" xlink:href="10.1145/1414471.1414494" assigning-authority="crossref">10.1145/1414471.1414494</pub-id> <pub-id pub-id-type="doi" xlink:href="10.1145/1414471.1414494" /></mixed-citation>
				</ref>
				<ref id="ref-00011">
				<mixed-citation>Nielsen, J. (1995). 10 Usability Heuristics for User Interface Design. Available Online: http://www.nngroup.com/articles/ten-usability-heuristics/</mixed-citation>
				</ref>
			</ref-list>
</back>
</book-part>
</book-part-wrapper>
