<?xml version="1.0" encoding="UTF-8"?>
<!DOCTYPE book-part-wrapper PUBLIC "-//NLM//DTD BITS Book Interchange DTD with OASIS and XHTML Tables v2.0 20151225//EN" "BITS-book-oasis2.dtd">
<book-part-wrapper xmlns:xlink="http://www.w3.org/1999/xlink" xmlns:mml="http://www.w3.org/1998/Math/MathML" xmlns:oasis="http://www.niso.org/standards/z39-96/ns/oasis-exchange/table" xmlns:xi="http://www.w3.org/2001/XInclude" xmlns:xsi="http://www.w3.org/2001/XMLSchema-instance" dtd-version="2.0" xml:lang="en" content-type="research-article">
<collection-meta collection-type="book-series">
    <collection-id collection-id-type="doi">10.1145/acmconferences</collection-id>
    <title-group>
        <title>ACM Conferences</title>
    </title-group>
</collection-meta>
	<book-meta>
		<book-id book-id-type="acm-id">2596695</book-id>
		<book-id book-id-type="doi">10.1145/2596695</book-id>
		<book-title-group>
			<book-title>Proceedings of the 11th Web for All Conference</book-title>
			<alt-title alt-title-type="acronym">W4A '14</alt-title>
		</book-title-group>
	</book-meta>
	<book-part xmlns:ali="http://www.niso.org/schemas/ali/1.0/" book-part-type="chapter" xml:lang="en">
		<book-part-meta>
			<book-part-id book-part-id-type="acm-id">2596701</book-part-id>
			<book-part-id book-part-id-type="doi">10.1145/2596695.2596701</book-part-id>
			<book-part-id book-part-id-type="article-no">39</book-part-id>
	<subj-group subj-group-type="ccs2012">
		<compound-subject>
			<compound-subject-part content-type="code">10003456.10010927.10003616</compound-subject-part>
			<compound-subject-part content-type="text">Social and professional topics~User characteristics~People with disabilities</compound-subject-part>
			<compound-subject-part content-type="weight">500</compound-subject-part>
		</compound-subject>
		<compound-subject>
			<compound-subject-part content-type="code">10003456.10003457.10003580.10003587</compound-subject-part>
			<compound-subject-part content-type="text">Social and professional topics~Professional topics~Computing profession~Assistive technologies</compound-subject-part>
			<compound-subject-part content-type="weight">500</compound-subject-part>
		</compound-subject>
		<compound-subject>
			<compound-subject-part content-type="code">10003456.10010927.10003616</compound-subject-part>
			<compound-subject-part content-type="text">Social and professional topics~User characteristics~People with disabilities</compound-subject-part>
			<compound-subject-part content-type="weight">100</compound-subject-part>
		</compound-subject>
		<compound-subject>
			<compound-subject-part content-type="code">10003456.10003457.10003580.10003587</compound-subject-part>
			<compound-subject-part content-type="text">Social and professional topics~Professional topics~Computing profession~Assistive technologies</compound-subject-part>
			<compound-subject-part content-type="weight">100</compound-subject-part>
		</compound-subject>
	</subj-group>
			<title-group>
				<title>Helping students keep up with real-time captions by pausing and highlighting</title>
			</title-group>
<contrib-group>
   <contrib contrib-type="author" id="artseq-00001">
       <contrib-id contrib-id-type="person_id" authenticated="false">P4525384</contrib-id><contrib-id contrib-id-type="profile_id" authenticated="false">81490695200</contrib-id>
       <name name-style="western">
           <surname>Lasecki</surname>
           <given-names>Walter S.</given-names>
       </name>
	<aff>University of Rochester</aff><aff><institution-wrap><institution-id institution-id-type="profile_id">60027165</institution-id></institution-wrap></aff>
	<email>wlasecki@cs.rochester.edu</email>
	<role>Author</role>
   </contrib>
   <contrib contrib-type="author" id="artseq-00002">
       <contrib-id contrib-id-type="person_id" authenticated="false">P4525385</contrib-id><contrib-id contrib-id-type="profile_id" authenticated="false">81472654980</contrib-id>
       <name name-style="western">
           <surname>Kushalnagar</surname>
           <given-names>Raja</given-names>
       </name>
	<aff>Rochester Institute of Technology</aff><aff><institution-wrap><institution-id institution-id-type="profile_id">60001777</institution-id></institution-wrap></aff>
	<email>rskcs@rit.edu</email>
	<role>Author</role>
   </contrib>
   <contrib contrib-type="author" id="artseq-00003">
       <contrib-id contrib-id-type="person_id" authenticated="false">P4525386</contrib-id><contrib-id contrib-id-type="profile_id" authenticated="false">81338487593</contrib-id>
       <name name-style="western">
           <surname>Bigham</surname>
           <given-names>Jeffrey P.</given-names>
       </name>
	<aff>Carnegie Mellon University</aff><aff><institution-wrap><institution-id institution-id-type="profile_id">60027950</institution-id></institution-wrap></aff>
	<email>jbigham@cmu.edu</email>
	<role>Author</role>
   </contrib>
</contrib-group>
   <pub-date date-type="publication">
   <day>07</day>
   <month>04</month>
   <year>2014</year>
   </pub-date>
				<fpage>1</fpage>
				<lpage>8</lpage>
		<permissions>
			<copyright-year>2014</copyright-year>
			<copyright-holder>ACM</copyright-holder>
			<license license-type="acmlicensed">
			<license-p>Permission to make digital or hard copies of all or part of this work for personal or classroom use is granted without fee provided that copies are not made or distributed for profit or commercial advantage and that copies bear this notice and the full citation on the first page. Copyrights for components of this work owned by others than the author(s) must be honored. Abstracting with credit is permitted. To copy otherwise, or republish, to post on servers or to redistribute to lists, requires prior specific permission and/or a fee. Request permissions from Permissions@acm.org.</license-p>
			</license>
		</permissions>
		<self-uri content-type="pdf" xlink:href="2596695.2596701.pdf" />
	<abstract>
		<p>We explore methods for improving the readability of real- time captions by allowing users to more easily switch their gaze between multiple visual information sources. Real-time captioning provides deaf and hard of hearing (DHH) users with access to spoken content during live events, and the web has allowed these services to be provided via remotely- located captioning services, and for web content itself. However, despite caption benefits, spoken language reading rates often result in DHH users falling behind spoken content, especially when the audio is paired with visual references. This is particularly true in classroom settings, where multi-modal content is the norm, and captions are often poorly positioned in the room, relative to speakers. Additionally, this accommodation can benefit other students who face temporary or "situational" disabilities such as listening to unfamiliar speech accents, or if a student is in a location with poor acoustics.</p> <p>In this paper, we explore <italic toggle="yes">pausing</italic> and <italic toggle="yes">highlighting</italic> as a means of helping DHH students keep up with live classroom content by helping them track their place when reading text involving visual references. Our experiments show that by providing users with a tool to more easily track their place in a transcript while viewing live video, it is possible for them to follow visual content that might otherwise have been missed. Both pausing and highlighting have a positive impact on students' scores on comprehension tests, but highlighting is preferred to pausing, and yields nearly twice as large of an improvement. We then discuss several issues with captioning that we observed during our design process and user study, and then suggest future work that builds on these insights.</p>
	</abstract>
<kwd-group>
<kwd>accessibility</kwd>
<kwd>caption readability</kwd>
<kwd>human factors</kwd>
<kwd>inclusive classrooms</kwd>
<kwd>real-time captioning</kwd>
</kwd-group>
<funding-group specific-use="FundRef">
	<award-group id="award1">
		<funding-source id="GS1">
			<institution-wrap>
			<institution>Division of Information and Intelligent Systems</institution>
			<institution-id institution-id-type="FundRef">http://dx.doi.org/10.13039/100000145</institution-id>
			</institution-wrap>
		</funding-source>
		<award-id rid="GS1">IIS-1218056, IIS-1149709, IIS-1116051</award-id>
	</award-group>
	<award-group id="award2">
		<funding-source id="GS2">
			<institution-wrap>
			<institution>Microsoft Research</institution>
			<institution-id institution-id-type="FundRef">http://dx.doi.org/10.13039/100006112</institution-id>
			</institution-wrap>
		</funding-source>
	</award-group>
	<award-group id="award3">
		<funding-source id="GS3">
			<institution-wrap>
			<institution>Google</institution>
			<institution-id institution-id-type="FundRef">http://dx.doi.org/10.13039/100006785</institution-id>
			</institution-wrap>
		</funding-source>
	</award-group>
</funding-group>
		</book-part-meta>
		
	<back>
<ref-list specific-use="unparsed">
				<ref id="ref-00001">
				<mixed-citation>M. S. Bernstein, J. R. Brandt, R. C. Miller, and D. R. Karger. Crowds in two seconds: Enabling realtime crowd-powered interfaces. In <italic toggle="yes">Proceedings of UIST 2011</italic>, pages 33--42. <pub-id pub-id-type="doi" xlink:href="10.1145/2047196.2047201" assigning-authority="crossref">10.1145/2047196.2047201</pub-id> <pub-id pub-id-type="doi" xlink:href="10.1145/2047196.2047201" /></mixed-citation>
				</ref>
				<ref id="ref-00002">
				<mixed-citation>J. P. Bigham, C. Jayant, H. Ji, G. Little, A. Miller, R. C. Miller, R. Miller, A. Tatarowicz, B. White, S. White, and T. Yeh. Vizwiz: nearly real-time answers to visual questions. In <italic toggle="yes">Proceedings of UIST 2010</italic>, pages 333--342. 2010. <pub-id pub-id-type="doi" xlink:href="10.1145/1866029.1866080" assigning-authority="crossref">10.1145/1866029.1866080</pub-id> <pub-id pub-id-type="doi" xlink:href="10.1145/1866029.1866080" /></mixed-citation>
				</ref>
				<ref id="ref-00003">
				<mixed-citation>A. C. Cavender, J. P. Bigham, and R. E. Ladner. ClassInFocus. In <italic toggle="yes">Proceedings of ASSETS 2009</italic>, pages 67--74. <pub-id pub-id-type="doi" xlink:href="10.1145/1639642.1639656" assigning-authority="crossref">10.1145/1639642.1639656</pub-id> <pub-id pub-id-type="doi" xlink:href="10.1145/1639642.1639656" /></mixed-citation>
				</ref>
				<ref id="ref-00004">
				<mixed-citation>M. Federico and M. Furini. Enhancing learning accessibility through fully automatic captioning. In <italic toggle="yes">Proceedings of W4A 2012</italic>, page 1. <pub-id pub-id-type="doi" xlink:href="10.1145/2207016.2207053" assigning-authority="crossref">10.1145/2207016.2207053</pub-id> <pub-id pub-id-type="doi" xlink:href="10.1145/2207016.2207053" /></mixed-citation>
				</ref>
				<ref id="ref-00005">
				<mixed-citation>C. Jensema. Viewer reaction to different television captioning speeds. <italic toggle="yes">American annals of the deaf</italic>, 143(4):318--24, Oct. 1998.</mixed-citation>
				</ref>
				<ref id="ref-00006">
				<mixed-citation>R. Kheir and T. Way. Inclusion of deaf students in computer science classes using real-time speech transcription. In Proceedings of ITiCSE 2007, pages 261--265. <pub-id pub-id-type="doi" xlink:href="10.1145/1268784.1268860" assigning-authority="crossref">10.1145/1268784.1268860</pub-id> <pub-id pub-id-type="doi" xlink:href="10.1145/1268784.1268860" /></mixed-citation>
				</ref>
				<ref id="ref-00007">
				<mixed-citation>R. S. Kushalnagar, P. Kushalnagar, and G. Manganelli. Collaborative Gaze Cues for Deaf Students. In <italic toggle="yes">Proceedings of DuET Workshop at CSCW 2012</italic>.</mixed-citation>
				</ref>
				<ref id="ref-00008">
				<mixed-citation>R. S. Kushalnagar, W. S. Lasecki, and J. P. Bigham. Accessibility Evaluation of Classroom Captions. <italic toggle="yes">TACCESS</italic>, 5(3):1--25, 2013. <pub-id pub-id-type="doi" xlink:href="10.1145/2543578" assigning-authority="crossref">10.1145/2543578</pub-id> <pub-id pub-id-type="doi" xlink:href="10.1145/2543578" /></mixed-citation>
				</ref>
				<ref id="ref-00009">
				<mixed-citation>R. S. Kushalnagar, B. P. Trager, and K. B. Beiter. Accessible Viewing Devices for Deaf and Hard of Hearing Students. In <italic toggle="yes">Convention of American Instructors of the Deaf</italic>. 2013.</mixed-citation>
				</ref>
				<ref id="ref-00010">
				<mixed-citation>W. S. Lasecki and J. P. Bigham. Online quality control for real-time crowd captioning. In <italic toggle="yes">Proceedings of ASSETS 2012</italic>. <pub-id pub-id-type="doi" xlink:href="10.1145/2384916.2384942" assigning-authority="crossref">10.1145/2384916.2384942</pub-id> <pub-id pub-id-type="doi" xlink:href="10.1145/2384916.2384942" /></mixed-citation>
				</ref>
				<ref id="ref-00011">
				<mixed-citation>W. S. Lasecki and J. P. Bigham. Interactive Crowds: Real-Time Crowdsourcing and Crowd Agents. Chapter In <italic toggle="yes">Handbook of Human Computation</italic>. Ed. P. Michelucci. Springer, 2013.</mixed-citation>
				</ref>
				<ref id="ref-00012">
				<mixed-citation>W. S. Lasecki, K. I. Murray, S. White, R. C. Miller, and J. P. Bigham. Real-time crowd control of existing interfaces. In <italic toggle="yes">Proceedings UIST 2011</italic>, pages 23--32. <pub-id pub-id-type="doi" xlink:href="10.1145/2047196.2047200" assigning-authority="crossref">10.1145/2047196.2047200</pub-id> <pub-id pub-id-type="doi" xlink:href="10.1145/2047196.2047200" /></mixed-citation>
				</ref>
				<ref id="ref-00013">
				<mixed-citation>W. S. Lasecki, C. D. Miller, and J. P. Bigham. Warping time for more effective real-time crowdsourcing. In <italic toggle="yes">Proceedings of CHI 2013</italic>, pages 2033--2036. <pub-id pub-id-type="doi" xlink:href="10.1145/2470654.2466269" assigning-authority="crossref">10.1145/2470654.2466269</pub-id> <pub-id pub-id-type="doi" xlink:href="10.1145/2470654.2466269" /></mixed-citation>
				</ref>
				<ref id="ref-00014">
				<mixed-citation>W. S. Lasecki, C. D. Miller, A. Sadilek, A. Abumoussa, D. Borrello, R. Kushalnagar, and J. P. Bigham. Real-time captioning by groups of non-experts. In In Proceedings of UIST 2012. pages 23--34. <pub-id pub-id-type="doi" xlink:href="10.1145/2380116.2380122" assigning-authority="crossref">10.1145/2380116.2380122</pub-id> <pub-id pub-id-type="doi" xlink:href="10.1145/2380116.2380122" /></mixed-citation>
				</ref>
				<ref id="ref-00015">
				<mixed-citation>M. Marschark, J. B. Pelz, C. Convertino, P. Sapere, M. E. Arndt, and R. Seewagen. Classroom Interpreting and Visual Information Processing in Mainstream Education for Deaf Students: Live or Memorex(R)? In <italic toggle="yes">American Educational Research Journal</italic>, 42(4):727--761, Jan. 2005.</mixed-citation>
				</ref>
				<ref id="ref-00016">
				<mixed-citation>I. Naim, D. Gildea, W. Lasecki, and J. P. Bigham. Text alignment for real-time crowd captioning. In <italic toggle="yes">Proceedings of NAACL-HLT 2013</italic>, pages 201--210.</mixed-citation>
				</ref>
				<ref id="ref-00017">
				<mixed-citation>M. D. Tyler, C. Jones, L. Grebennikov, G. Leigh, W. Noble, and D. Burnham. Effect of caption rate on the comprehension of educational television programmes by deaf school students. <italic toggle="yes">Deafness &amp; Education International</italic>, 11(3):152--162, 2009.</mixed-citation>
				</ref>
				<ref id="ref-00018">
				<mixed-citation>M. Wald. Crowdsourcing correction of speech recognition captioning errors. In <italic toggle="yes">Proceedings of W4A 2011</italic>, page 1. <pub-id pub-id-type="doi" xlink:href="10.1145/1969289.1969318" assigning-authority="crossref">10.1145/1969289.1969318</pub-id> <pub-id pub-id-type="doi" xlink:href="10.1145/1969289.1969318" /></mixed-citation>
				</ref>
			</ref-list>
</back>
</book-part>
</book-part-wrapper>
