<?xml version="1.0" encoding="UTF-8"?>
<!DOCTYPE book-part-wrapper PUBLIC "-//NLM//DTD BITS Book Interchange DTD with OASIS and XHTML Tables v2.0 20151225//EN" "BITS-book-oasis2.dtd">
<book-part-wrapper xmlns:xlink="http://www.w3.org/1999/xlink" xmlns:mml="http://www.w3.org/1998/Math/MathML" xmlns:oasis="http://www.niso.org/standards/z39-96/ns/oasis-exchange/table" xmlns:xi="http://www.w3.org/2001/XInclude" xmlns:xsi="http://www.w3.org/2001/XMLSchema-instance" dtd-version="2.0" xml:lang="en" content-type="research-article">
<collection-meta collection-type="book-series">
    <collection-id collection-id-type="doi">10.1145/acmconferences</collection-id>
    <title-group>
        <title>ACM Conferences</title>
    </title-group>
</collection-meta>
	<book-meta>
		<book-id book-id-type="acm-id">2596695</book-id>
		<book-id book-id-type="doi">10.1145/2596695</book-id>
		<book-title-group>
			<book-title>Proceedings of the 11th Web for All Conference</book-title>
			<alt-title alt-title-type="acronym">W4A '14</alt-title>
		</book-title-group>
	</book-meta>
	<book-part xmlns:ali="http://www.niso.org/schemas/ali/1.0/" book-part-type="chapter" xml:lang="en">
		<book-part-meta>
			<book-part-id book-part-id-type="acm-id">2596725</book-part-id>
			<book-part-id book-part-id-type="doi">10.1145/2596695.2596725</book-part-id>
			<book-part-id book-part-id-type="article-no">27</book-part-id>
	<subj-group subj-group-type="ccs2012">
		<compound-subject>
			<compound-subject-part content-type="code">10003120.10003121.10003125</compound-subject-part>
			<compound-subject-part content-type="text">Human-centered computing~Human computer interaction (HCI)~Interaction devices</compound-subject-part>
			<compound-subject-part content-type="weight">500</compound-subject-part>
		</compound-subject>
		<compound-subject>
			<compound-subject-part content-type="code">10003120.10003121.10003125.10011666</compound-subject-part>
			<compound-subject-part content-type="text">Human-centered computing~Human computer interaction (HCI)~Interaction devices~Touch screens</compound-subject-part>
			<compound-subject-part content-type="weight">500</compound-subject-part>
		</compound-subject>
		<compound-subject>
			<compound-subject-part content-type="code">10003456.10010927.10003616</compound-subject-part>
			<compound-subject-part content-type="text">Social and professional topics~User characteristics~People with disabilities</compound-subject-part>
			<compound-subject-part content-type="weight">100</compound-subject-part>
		</compound-subject>
		<compound-subject>
			<compound-subject-part content-type="code">10003456.10003457.10003580.10003587</compound-subject-part>
			<compound-subject-part content-type="text">Social and professional topics~Professional topics~Computing profession~Assistive technologies</compound-subject-part>
			<compound-subject-part content-type="weight">100</compound-subject-part>
		</compound-subject>
	</subj-group>
			<title-group>
				<title>Intelligent assistive communication and the web as a social medium</title>
			</title-group>
<contrib-group>
   <contrib contrib-type="author" id="artseq-00001">
       <contrib-id contrib-id-type="person_id" authenticated="false">P4525333</contrib-id><contrib-id contrib-id-type="profile_id" authenticated="false">81548811056</contrib-id>
       <name name-style="western">
           <surname>Wiegand</surname>
           <given-names>Karl</given-names>
       </name>
	<aff>Northeastern University, Boston, MA</aff><aff><institution-wrap><institution-id institution-id-type="profile_id">60028628</institution-id></institution-wrap></aff>
	<email>wiegand@ccs.neu.edu</email>
	<role>Author</role>
   </contrib>
</contrib-group>
   <pub-date date-type="publication">
   <day>07</day>
   <month>04</month>
   <year>2014</year>
   </pub-date>
				<fpage>1</fpage>
				<lpage>2</lpage>
		<permissions>
			<copyright-year>2014</copyright-year>
			<copyright-holder>Owner/Author</copyright-holder>
			<license license-type="rightsretained">
			<license-p>Permission to make digital or hard copies of part or all of this work for personal or classroom use is granted without fee provided that copies are not made or distributed for profit or commercial advantage and that copies bear this notice and the full citation on the first page. Copyrights for third-party components of this work must be honored. For all other uses, contact the Owner/Author.</license-p>
			</license>
		</permissions>
		<self-uri content-type="pdf" xlink:href="2596695.2596725.pdf" />
	<abstract>
		<p>Augmentative and alternative communication (AAC) describes strategies and technologies commonly used by people for whom spoken interaction is extremely difficult or infeasible. AAC includes facial expressions, sign languages, and picture cards, as well as high-tech devices. Most AAC systems present users with hierarchical arrays of symbols that are sequentially selected to construct messages. Although speed of message construction and ease of use are critical, these systems are often slow and require fatiguing physical movements. Our work challenges three main assumptions common to AAC that influence design decisions and place increased demands on the user rather than the system. We leverage natural language processing and machine learning to design intelligent communication interfaces that shift the cognitive and physical burden from the user to the system to allow for faster, less fatiguing communication. This work has implications for both face-to-face and Web-based communication. AAC users are increasingly turning to the Web for social interaction, and W4A provides a unique opportunity to explore how to leverage intelligent interfaces to lower the barriers to active participation in the World Wide Web.</p>
	</abstract>
		<custom-meta-group>
		    <custom-meta>
		        <meta-name>rightslink</meta-name>
		        <meta-value>excluded</meta-value>
		    </custom-meta>
		</custom-meta-group>
		</book-part-meta>
		
	<back>
<ref-list specific-use="unparsed">
				<ref id="ref-00001">
				<mixed-citation>E. Alant, K. Uys, and K. Tönsing. Communication, language, and literacy learning in children with developmental disabilities. In <italic toggle="yes">Treating Childhood Psychopathology and Developmental Disabilities</italic>, pages 373--399. Springer New York, 2009.</mixed-citation>
				</ref>
				<ref id="ref-00002">
				<mixed-citation>D. Beukelman and P. Mirenda. <italic toggle="yes">Augmentative and Alternative Communication: Supporting Children and Adults With Complex Communication Needs</italic>. Paul H. Brookes Publishing Co., 2006.</mixed-citation>
				</ref>
				<ref id="ref-00003">
				<mixed-citation>P. O. Kristensson and K. Vertanen. The potential of dwell-free eye-typing for fast assistive gaze communication. In <italic toggle="yes">Proceedings of the Symposium on Eye Tracking Research and Applications</italic>, ETRA '12, pages 241--244, New York, NY, USA, 2012. ACM. <pub-id pub-id-type="doi" xlink:href="10.1145/2168556.2168605" assigning-authority="crossref">10.1145/2168556.2168605</pub-id> <pub-id pub-id-type="doi" xlink:href="10.1145/2168556.2168605" /></mixed-citation>
				</ref>
				<ref id="ref-00004">
				<mixed-citation>J. Light, D. Beukelman, and J. Reichle. <italic toggle="yes">Communicative competence for individuals who use AAC: From research to effective practice</italic>. Paul H. Brookes Publishing Co., 2003.</mixed-citation>
				</ref>
				<ref id="ref-00005">
				<mixed-citation>K. McCoy, C. Pennington, and A. Badman. Compansion: From research prototype to practical integration. <italic toggle="yes">Natural Language Engineering</italic>, 4(01):73--95, 1998. <pub-id pub-id-type="doi" xlink:href="10.1017/S1351324998001843" assigning-authority="crossref">10.1017/S1351324998001843</pub-id> <pub-id pub-id-type="doi" xlink:href="10.1017/S1351324998001843" /></mixed-citation>
				</ref>
				<ref id="ref-00006">
				<mixed-citation>H. Miller, H. Buhr, C. Johnson, and J. Hoepner. AphasiaWeb: A social network for individuals with aphasia. In <italic toggle="yes">Proceedings of the 15th International ACM SIGACCESS Conference on Computers and Accessibility</italic>, ASSETS '13, New York, NY, USA, 2013. ACM. <pub-id pub-id-type="doi" xlink:href="10.1145/2513383.2513439" assigning-authority="crossref">10.1145/2513383.2513439</pub-id> <pub-id pub-id-type="doi" xlink:href="10.1145/2513383.2513439" /></mixed-citation>
				</ref>
				<ref id="ref-00007">
				<mixed-citation>K. R. Muller and B. Blankertz. Toward noninvasive brain-computer interfaces. <italic toggle="yes">Signal Processing Magazine, IEEE</italic>, 23(5), 2006.</mixed-citation>
				</ref>
				<ref id="ref-00008">
				<mixed-citation>J. Todman. Rate and quality of conversations using a text-storage AAC system: Single-case training study. <italic toggle="yes">Augmentative and Alternative Communication</italic>, pages 164--179, Sept. 2000.</mixed-citation>
				</ref>
				<ref id="ref-00009">
				<mixed-citation>K. Wiegand and R. Patel. Non-Syntactic word prediction for AAC. In <italic toggle="yes">Proceedings of the Third Workshop on Speech and Language Processing for Assistive Technologies</italic>, pages 28--36, Montréal, Canada, June 2012. Association for Computational Linguistics. <pub-id pub-id-type="doi" xlink:href="10.5555/2392855.2392860" /></mixed-citation>
				</ref>
				<ref id="ref-00010">
				<mixed-citation>K. Wiegand and R. Patel. SymbolPath: a continuous motion overlay module for icon-based assistive communication. In <italic toggle="yes">Proceedings of the 14th international ACM SIGACCESS conference on Computers and accessibility</italic>, ASSETS '12, pages 209--210, New York, NY, USA, 2012. ACM. <pub-id pub-id-type="doi" xlink:href="10.1145/2384916.2384957" assigning-authority="crossref">10.1145/2384916.2384957</pub-id> <pub-id pub-id-type="doi" xlink:href="10.1145/2384916.2384957" /></mixed-citation>
				</ref>
				<ref id="ref-00011">
				<mixed-citation>K. Wiegand, R. Patel, and D. Erdogmus. Leveraging semantic frames and serial icon presentation for message construction. In <italic toggle="yes">Proceedings of the ISAAC Conference for Augmentative and Alternative Communication</italic>, July 2010.</mixed-citation>
				</ref>
				<ref id="ref-00012">
				<mixed-citation>J. Wolpaw, N. Birbaumer, D. McFarland, G. Pfurtscheller, and T. Vaughan. Brain-computer interfaces for communication and control. <italic toggle="yes">Clinical Neurophysiology</italic>, 113(6):767--791, June 2002.</mixed-citation>
				</ref>
			</ref-list>
</back>
</book-part>
</book-part-wrapper>
