<?xml version="1.0" encoding="UTF-8"?>
<!DOCTYPE book-part-wrapper PUBLIC "-//NLM//DTD BITS Book Interchange DTD with OASIS and XHTML Tables v2.0 20151225//EN" "BITS-book-oasis2.dtd">
<book-part-wrapper xmlns:xlink="http://www.w3.org/1999/xlink" xmlns:mml="http://www.w3.org/1998/Math/MathML" xmlns:oasis="http://www.niso.org/standards/z39-96/ns/oasis-exchange/table" xmlns:xi="http://www.w3.org/2001/XInclude" xmlns:xsi="http://www.w3.org/2001/XMLSchema-instance" dtd-version="2.0" xml:lang="en" content-type="research-article">
<collection-meta collection-type="book-series">
    <collection-id collection-id-type="doi">10.1145/acmconferences</collection-id>
    <title-group>
        <title>ACM Conferences</title>
    </title-group>
</collection-meta>
	<book-meta>
		<book-id book-id-type="acm-id">2596695</book-id>
		<book-id book-id-type="doi">10.1145/2596695</book-id>
		<book-title-group>
			<book-title>Proceedings of the 11th Web for All Conference</book-title>
			<alt-title alt-title-type="acronym">W4A '14</alt-title>
		</book-title-group>
	</book-meta>
	<book-part xmlns:ali="http://www.niso.org/schemas/ali/1.0/" book-part-type="chapter" xml:lang="en">
		<book-part-meta>
			<book-part-id book-part-id-type="acm-id">2596723</book-part-id>
			<book-part-id book-part-id-type="doi">10.1145/2596695.2596723</book-part-id>
			<book-part-id book-part-id-type="article-no">26</book-part-id>
	<subj-group subj-group-type="ccs2012">
		<compound-subject>
			<compound-subject-part content-type="code">10003120.10003121</compound-subject-part>
			<compound-subject-part content-type="text">Human-centered computing~Human computer interaction (HCI)</compound-subject-part>
			<compound-subject-part content-type="weight">500</compound-subject-part>
		</compound-subject>
		<compound-subject>
			<compound-subject-part content-type="code">10003120.10003121</compound-subject-part>
			<compound-subject-part content-type="text">Human-centered computing~Human computer interaction (HCI)</compound-subject-part>
			<compound-subject-part content-type="weight">100</compound-subject-part>
		</compound-subject>
	</subj-group>
			<title-group>
				<title>Accessibility and smart data</title>
				<subtitle>the case study of mPASS</subtitle>
			</title-group>
<contrib-group>
   <contrib contrib-type="author" id="artseq-00001">
       <contrib-id contrib-id-type="person_id" authenticated="false">P4525332</contrib-id><contrib-id contrib-id-type="profile_id" authenticated="false">81484656930</contrib-id>
       <name name-style="western">
           <surname>Prandi</surname>
           <given-names>Catia</given-names>
       </name>
	<aff>University of Bologna, Bologna BO Italy</aff><aff><institution-wrap><institution-id institution-id-type="profile_id">60028218</institution-id></institution-wrap></aff>
	<email>catia.prandi2@unibo.it</email>
	<role>Author</role>
   </contrib>
</contrib-group>
   <pub-date date-type="publication">
   <day>07</day>
   <month>04</month>
   <year>2014</year>
   </pub-date>
				<fpage>1</fpage>
				<lpage>2</lpage>
		<permissions>
			<copyright-year>2014</copyright-year>
			<copyright-holder>Owner/Author</copyright-holder>
			<license license-type="rightsretained">
			<license-p>Permission to make digital or hard copies of part or all of this work for personal or classroom use is granted without fee provided that copies are not made or distributed for profit or commercial advantage and that copies bear this notice and the full citation on the first page. Copyrights for third-party components of this work must be honored. For all other uses, contact the Owner/Author.</license-p>
			</license>
		</permissions>
		<self-uri content-type="pdf" xlink:href="2596695.2596723.pdf" />
	<abstract>
		<p>The growing availability of data gathered by people via personal sensing and crowdsourcing is changing the way data are collected, provided and perceived. Information is becoming too much to actually make sense and this leads to an increasing demand of Smart Data. We can intend Smart Data as information obtained by large data and extracted by intelligent algorithms to meet people needs. This concept easily matches with well-known accessibility issues, solutions and techniques. Moreover, Smart Data is an emerging solution to prevent the large amount of data from becoming a new challenge in the e-accessibility field. In this context, my research is devoted to apply Smart Data to improve e-accessibility in a mobile crowdsourcing and sensing application designed to support users with disabilities in avoiding urban accessibility barriers.</p>
	</abstract>
<kwd-group>
<kwd>accessibility and smart data</kwd>
<kwd>accessible maps</kwd>
<kwd>user modeling</kwd>
</kwd-group>
		<custom-meta-group>
		    <custom-meta>
		        <meta-name>rightslink</meta-name>
		        <meta-value>excluded</meta-value>
		    </custom-meta>
		</custom-meta-group>
		</book-part-meta>
		
	<back>
<ref-list specific-use="unparsed">
				<ref id="ref-00001">
				<mixed-citation>Biswas P., Langdon P. and Robinson P. 2012 Designing inclusive interfaces through user modelling and simulation. In <italic toggle="yes">International Journal of Human Computer Interaction</italic>, Vol 28, Issue 1, (Dec. 2012). Taylor &amp; Francis, 1--33. DOI=10.1080/10447318.2011.565718.</mixed-citation>
				</ref>
				<ref id="ref-00002">
				<mixed-citation>Cardonha, C., Gallo, D., Avegliano, P., Herrmann, R., Koch, F. and Sergio Borger. 2013. A crowdsourcing platform for the construction of accessibility maps. In <italic toggle="yes">Proceedings of the 10</italic><sup><italic toggle="yes">th</italic></sup> <italic toggle="yes">International Cross-Disciplinary Conference on Web Accessibility</italic> (Rio De Janeiro, Brazil, May 13--15, 2013). W4A '13. ACM, New York, NY, USA, Article No. 26. DOI= http://dx.doi.org/10.1145/2461121.2461129. <pub-id pub-id-type="doi" xlink:href="10.1145/2461121.2461129" assigning-authority="crossref">10.1145/2461121.2461129</pub-id> <pub-id pub-id-type="doi" xlink:href="10.1145/2461121.2461129" /></mixed-citation>
				</ref>
				<ref id="ref-00003">
				<mixed-citation>Kalkanis, N., Votis, K. and Tzovaras, D. 2013. A Mobile Interactive Maps Application for a Visually Impaired Audience. In <italic toggle="yes">Proceedings of the 10</italic><sup><italic toggle="yes">th</italic></sup> <italic toggle="yes">International Cross-Disciplinary Conference on Web Accessibility</italic> (Rio De Janeiro, Brazil, May 13--15, 2013). W4A '13. ACM, New York, NY, Article No. 23. DOI= http://dx.doi.org/10.1145/2461121.2461152. <pub-id pub-id-type="doi" xlink:href="10.1145/2461121.2461152" assigning-authority="crossref">10.1145/2461121.2461152</pub-id> <pub-id pub-id-type="doi" xlink:href="10.1145/2461121.2461152" /></mixed-citation>
				</ref>
				<ref id="ref-00004">
				<mixed-citation>Miesenberger, K. 2012. Accessible Maps. From W3C Research and Development Working Group Wiki. http://www.w3.org/WAI/RD/wiki/Accessible_Maps.</mixed-citation>
				</ref>
				<ref id="ref-00005">
				<mixed-citation>Prandi, C., Salomoni, P. and Mirri, S. 2014. mPASS: Integrating People Sensing and Crowdsourcing to Map Urban Accessibility. In <italic toggle="yes">Proceedings of the IEEE International Conference on Consumer Communications and Networking Conference</italic> (Las Vegas, Nevada, USA, January 10--13, 2014). CCNC '14. IEEE.</mixed-citation>
				</ref>
				<ref id="ref-00006">
				<mixed-citation>Setlur, V., Kuo, C. and Mikelsons, P. 2010. Towards Designing Better Map Interfaces for the Mobile: experiences from example. In <italic toggle="yes">Proceedings of the 1</italic><sup><italic toggle="yes">st</italic></sup> <italic toggle="yes">International Conference and Exhibition on Computing for Geospatial Research &amp; Application</italic> (Washington, DC, USA, June 21-23, 2010). COM.Geo '10. ACM, New York, NY, Article No. 31. DOI= http://dx.doi.org/10.1145/1823854.1823890. <pub-id pub-id-type="doi" xlink:href="10.1145/1823854.1823890" assigning-authority="crossref">10.1145/1823854.1823890</pub-id> <pub-id pub-id-type="doi" xlink:href="10.1145/1823854.1823890" /></mixed-citation>
				</ref>
				<ref id="ref-00007">
				<mixed-citation>W3C/WAI-RDWG 2013. Proceedings of the "User Modeling for Accessibility" on line symposium. {retrieved: Jen.2014}. http://www.w3.org/WAI/RD/2013/user-modeling/#proceedings.</mixed-citation>
				</ref>
				<ref id="ref-00008">
				<mixed-citation>Weninger, B. 2012. Deducing Parameters for Personalizing Maps from Map Interaction Patterns. In <italic toggle="yes">Proceedings of the Proceedings of the 2012 ACM international conference on Intelligent User Interfaces</italic> (Lisbon, Portugal, February 14-17, 2012). IUI '12. ACM, New York, NY, 341--344. DOI= http://dx.doi.org/10.1145/2166966.2167044. <pub-id pub-id-type="doi" xlink:href="10.1145/2166966.2167044" assigning-authority="crossref">10.1145/2166966.2167044</pub-id> <pub-id pub-id-type="doi" xlink:href="10.1145/2166966.2167044" /></mixed-citation>
				</ref>
				<ref id="ref-00009">
				<mixed-citation>Zeng, L. and Weber, G. 2011. Accessible Maps for the Visually Impaired. In <italic toggle="yes">Proceedings of the 2011 Workshop on Accessible Design in the Digital World</italic> (Lisbon, Portugal, September 5, 2011). ADDW '11. CEUR Workshop Proceedings (CEUR-WS.org), 54--60.</mixed-citation>
				</ref>
				<ref id="ref-00010">
				<mixed-citation>Zimmermann, G., Jordan, J. B., Thakur, P. and Gohil, Y. 2013. GenURC: generation platform for personal and context-driven user interfaces. In <italic toggle="yes">Proceedings of the 10</italic><sup><italic toggle="yes">th</italic></sup> <italic toggle="yes">International Cross-Disciplinary Conference on Web Accessibility</italic> (Rio De Janeiro, Brazil, May 13-15, 2013). W4A '13. ACM, New York, NY, Article No. 6. DOI= http://dx.doi.org/10.1145/2461121.2461139. <pub-id pub-id-type="doi" xlink:href="10.1145/2461121.2461139" assigning-authority="crossref">10.1145/2461121.2461139</pub-id> <pub-id pub-id-type="doi" xlink:href="10.1145/2461121.2461139" /></mixed-citation>
				</ref>
			</ref-list>
</back>
</book-part>
</book-part-wrapper>
