<?xml version="1.0" encoding="UTF-8"?>
<!DOCTYPE book-part-wrapper PUBLIC "-//NLM//DTD BITS Book Interchange DTD with OASIS and XHTML Tables v2.0 20151225//EN" "BITS-book-oasis2.dtd">
<book-part-wrapper xmlns:xlink="http://www.w3.org/1999/xlink" xmlns:mml="http://www.w3.org/1998/Math/MathML" xmlns:oasis="http://www.niso.org/standards/z39-96/ns/oasis-exchange/table" xmlns:xi="http://www.w3.org/2001/XInclude" xmlns:xsi="http://www.w3.org/2001/XMLSchema-instance" dtd-version="2.0" xml:lang="en" content-type="research-article">
<collection-meta collection-type="book-series">
    <collection-id collection-id-type="doi">10.1145/acmconferences</collection-id>
    <title-group>
        <title>ACM Conferences</title>
    </title-group>
</collection-meta>
	<book-meta>
		<book-id book-id-type="acm-id">2596695</book-id>
		<book-id book-id-type="doi">10.1145/2596695</book-id>
		<book-title-group>
			<book-title>Proceedings of the 11th Web for All Conference</book-title>
			<alt-title alt-title-type="acronym">W4A '14</alt-title>
		</book-title-group>
	</book-meta>
	<book-part xmlns:ali="http://www.niso.org/schemas/ali/1.0/" book-part-type="chapter" xml:lang="en">
		<book-part-meta>
			<book-part-id book-part-id-type="acm-id">2596727</book-part-id>
			<book-part-id book-part-id-type="doi">10.1145/2596695.2596727</book-part-id>
			<book-part-id book-part-id-type="article-no">31</book-part-id>
	<subj-group subj-group-type="ccs2012">
		<compound-subject>
			<compound-subject-part content-type="code">10003120.10003123.10010860.10010859</compound-subject-part>
			<compound-subject-part content-type="text">Human-centered computing~Interaction design~Interaction design process and methods~User centered design</compound-subject-part>
			<compound-subject-part content-type="weight">500</compound-subject-part>
		</compound-subject>
		<compound-subject>
			<compound-subject-part content-type="code">10003456.10003457.10003580.10003587</compound-subject-part>
			<compound-subject-part content-type="text">Social and professional topics~Professional topics~Computing profession~Assistive technologies</compound-subject-part>
			<compound-subject-part content-type="weight">100</compound-subject-part>
		</compound-subject>
		<compound-subject>
			<compound-subject-part content-type="code">10003456.10010927.10003616</compound-subject-part>
			<compound-subject-part content-type="text">Social and professional topics~User characteristics~People with disabilities</compound-subject-part>
			<compound-subject-part content-type="weight">100</compound-subject-part>
		</compound-subject>
	</subj-group>
			<title-group>
				<title>APSIS4all</title>
				<subtitle>personalisation as a strategy to ensure accessibility and enhance user experience of public digital terminals</subtitle>
			</title-group>
<contrib-group>
   <contrib contrib-type="author" id="artseq-00001">
       <contrib-id contrib-id-type="person_id" authenticated="false">P4525345</contrib-id><contrib-id contrib-id-type="profile_id" authenticated="false">81472646764</contrib-id>
       <name name-style="western">
           <surname>Madrid</surname>
           <given-names>R. Ignacio</given-names>
       </name>
	<aff>Fundosa Technosite S.A. C/Albasanz, Madrid, Spain</aff>
	<email>nmadrid@technosite.es</email>
	<role>Author</role>
   </contrib>
   <contrib contrib-type="author" id="artseq-00002">
       <contrib-id contrib-id-type="person_id" authenticated="false">P4525346</contrib-id><contrib-id contrib-id-type="profile_id" authenticated="false">81100615902</contrib-id>
       <name name-style="western">
           <surname>Bailey</surname>
           <given-names>Christopher</given-names>
       </name>
	<aff>AbilityNet Unit, London, UK</aff>
	<email>chris.bailey@abilitynet.org.uk</email>
	<role>Author</role>
   </contrib>
</contrib-group>
   <pub-date date-type="publication">
   <day>07</day>
   <month>04</month>
   <year>2014</year>
   </pub-date>
				<fpage>1</fpage>
				<lpage>2</lpage>
		<permissions>
			<copyright-year>2014</copyright-year>
			<copyright-holder>Owner/Author</copyright-holder>
			<license license-type="rightsretained">
			<license-p>Permission to make digital or hard copies of part or all of this work for personal or classroom use is granted without fee provided that copies are not made or distributed for profit or commercial advantage and that copies bear this notice and the full citation on the first page. Copyrights for third-party components of this work must be honored. For all other uses, contact the Owner/Author.</license-p>
			</license>
		</permissions>
		<self-uri content-type="pdf" xlink:href="2596695.2596727.pdf" />
	<abstract>
		<p>APSIS4all aims to personalise the user experience of Public Digital Terminals such as Automated Teller Machines (ATMs) and Ticket Vending Machines (TVMs) in order to overcome existing accessibility barriers faced by a range of groups including users with disabilities, older people and those less familiar with ICT. APSIS4all allows the user to configure the user interface of digital terminals to suit their personal needs and preferences using an on-line wizard. Once users get to a terminal a minimal gesture is required to activate the most appropriate interface and the terminal automatically adapts to the individual user. Initial evaluations have shown that this solution significantly enhances the user experience when compared to traditional terminals.</p>
	</abstract>
<kwd-group>
<kwd>accessibility</kwd>
<kwd>assistive technology</kwd>
<kwd>personalisation</kwd>
<kwd>user experience</kwd>
</kwd-group>
<funding-group specific-use="FundRef">
	<award-group id="award1">
		<funding-source id="GS1">
			<institution-wrap>
			<institution>European Commission</institution>
			<institution-id institution-id-type="FundRef">http://dx.doi.org/10.13039/501100000780</institution-id>
			</institution-wrap>
		</funding-source>
	</award-group>
</funding-group>
		<custom-meta-group>
		    <custom-meta>
		        <meta-name>rightslink</meta-name>
		        <meta-value>excluded</meta-value>
		    </custom-meta>
		</custom-meta-group>
		</book-part-meta>
		
	<back>
<ref-list specific-use="unparsed">
				<ref id="ref-00001">
				<mixed-citation>APSIS4all -- Registration and Personalisation Wizard: https://cajerofacil.apsis4all.eu/initialservlet. Date Accessed: 6/1/2014.</mixed-citation>
				</ref>
				<ref id="ref-00002">
				<mixed-citation>EN1332-4 Identification Card Systems-Man-Machine Interface-Part 4: Coding of user requirements for people with special needs. http://www.snapi.org.uk/info/reports/en13324revision.htm</mixed-citation>
				</ref>
				<ref id="ref-00003">
				<mixed-citation>Harrison, M., Stockton, C., and Pearson, E. 2008. Inclusive, Adaptive Design for Students with Learning Disabilities. In <italic toggle="yes">Proceedings of the Eighth International Conference on Advanced Learning Technologies (ICALT '08)</italic>. 1023--1027. DOI=http://dx.doi.org/10.1109/ICALT.2008.34 <pub-id pub-id-type="doi" xlink:href="10.1109/ICALT.2008.34" assigning-authority="crossref">10.1109/ICALT.2008.34</pub-id> <pub-id pub-id-type="doi" xlink:href="10.1109/ICALT.2008.34" /></mixed-citation>
				</ref>
				<ref id="ref-00004">
				<mixed-citation>Kouroupetroglou, G. 2009. Universal Access in Public Terminals: Information Kiosks and ATMs. In <italic toggle="yes">The Universal Access Handbook</italic>, 19, 48.1--48.19.</mixed-citation>
				</ref>
				<ref id="ref-00005">
				<mixed-citation>Madrid, R. I., Turrero, M., and Ortega, M. 2013. Applying Human-Centred Design to create a collecting tool of needs and preferences for the personalisation of ATMs. In <italic toggle="yes">Assistive Technology: From Research to Practice</italic>. 380--385. DOI=http://dx.doi.org/10.3233/978-1-61499-304-9-380</mixed-citation>
				</ref>
				<ref id="ref-00006">
				<mixed-citation>Mangiatordi, A. and Singh Sareen, H. 2011. Farfalla project: browser-based accessibility solutions. In <italic toggle="yes">Proceedings of the International Cross-Disciplinary Conference on Web Accessibility</italic> (W4A '11). ACM, New York, NY, USA, Article 21, 2 pages. DOI=http://doi.acm.org/10.1145/1969289.1969317 <pub-id pub-id-type="doi" xlink:href="10.1145/1969289.1969317" assigning-authority="crossref">10.1145/1969289.1969317</pub-id> <pub-id pub-id-type="doi" xlink:href="10.1145/1969289.1969317" /></mixed-citation>
				</ref>
				<ref id="ref-00007">
				<mixed-citation>Monitoring eAccessibility in Europe. 2011. <italic toggle="yes">Technosite for the European Commission</italic>. http://www.eaccessibility-monitoring.eu/researchResult.aspx. Date accessed: 6/1/2014.</mixed-citation>
				</ref>
			</ref-list>
</back>
</book-part>
</book-part-wrapper>
