<?xml version="1.0" encoding="UTF-8"?>
<!DOCTYPE book-part-wrapper PUBLIC "-//NLM//DTD BITS Book Interchange DTD with OASIS and XHTML Tables v2.0 20151225//EN" "BITS-book-oasis2.dtd">
<book-part-wrapper xmlns:xlink="http://www.w3.org/1999/xlink" xmlns:mml="http://www.w3.org/1998/Math/MathML" xmlns:oasis="http://www.niso.org/standards/z39-96/ns/oasis-exchange/table" xmlns:xi="http://www.w3.org/2001/XInclude" xmlns:xsi="http://www.w3.org/2001/XMLSchema-instance" dtd-version="2.0" xml:lang="en" content-type="research-article">
<collection-meta collection-type="book-series">
    <collection-id collection-id-type="doi">10.1145/acmconferences</collection-id>
    <title-group>
        <title>ACM Conferences</title>
    </title-group>
</collection-meta>
	<book-meta>
		<book-id book-id-type="acm-id">2745555</book-id>
		<book-id book-id-type="doi">10.1145/2745555</book-id>
		<book-title-group>
			<book-title>Proceedings of the 12th International Web for All Conference</book-title>
			<alt-title alt-title-type="acronym">W4A '15</alt-title>
		</book-title-group>
	</book-meta>
	<book-part xmlns:ali="http://www.niso.org/schemas/ali/1.0/" book-part-type="chapter" xml:lang="en">
		<book-part-meta>
			<book-part-id book-part-id-type="acm-id">2746645</book-part-id>
			<book-part-id book-part-id-type="doi">10.1145/2745555.2746645</book-part-id>
			<book-part-id book-part-id-type="article-no">19</book-part-id>
	<subj-group subj-group-type="ccs2012">
		<compound-subject>
			<compound-subject-part content-type="code">10003120.10003123.10010860.10010859</compound-subject-part>
			<compound-subject-part content-type="text">Human-centered computing~Interaction design~Interaction design process and methods~User centered design</compound-subject-part>
			<compound-subject-part content-type="weight">500</compound-subject-part>
		</compound-subject>
		<compound-subject>
			<compound-subject-part content-type="code">10003120.10003123.10010860.10010859</compound-subject-part>
			<compound-subject-part content-type="text">Human-centered computing~Interaction design~Interaction design process and methods~User centered design</compound-subject-part>
			<compound-subject-part content-type="weight">100</compound-subject-part>
		</compound-subject>
	</subj-group>
			<title-group>
				<title>Understanding design considerations for adaptive user interfaces for accessible pointing with older and younger adults</title>
			</title-group>
<contrib-group>
   <contrib contrib-type="author" id="artseq-00001">
       <contrib-id contrib-id-type="person_id" authenticated="false">P5108140</contrib-id><contrib-id contrib-id-type="profile_id" authenticated="false">81464667713</contrib-id>
       <name name-style="western">
           <surname>Martin-Hammond</surname>
           <given-names>Aqueasha</given-names>
       </name>
	<aff>University of Maryland, Baltimore, MD</aff><aff><institution-wrap><institution-id institution-id-type="profile_id">60014653</institution-id></institution-wrap></aff>
	<email>aqueasha@umbc.edu</email>
	<role>Author</role>
   </contrib>
   <contrib contrib-type="author" id="artseq-00002">
       <contrib-id contrib-id-type="person_id" authenticated="false">P5108141</contrib-id><contrib-id contrib-id-type="profile_id" authenticated="false">99658705728</contrib-id>
       <name name-style="western">
           <surname>Ali</surname>
           <given-names>Abdullah</given-names>
       </name>
	<aff>University of Maryland, Baltimore, MD</aff><aff><institution-wrap><institution-id institution-id-type="profile_id">60014653</institution-id></institution-wrap></aff>
	<email>aali6@umbc.edu</email>
	<role>Author</role>
   </contrib>
   <contrib contrib-type="author" id="artseq-00003">
       <contrib-id contrib-id-type="person_id" authenticated="false">P5108142</contrib-id><contrib-id contrib-id-type="profile_id" authenticated="false">99658717423</contrib-id>
       <name name-style="western">
           <surname>Hornback</surname>
           <given-names>Catherine</given-names>
       </name>
	<aff>University of Maryland, Baltimore, MD</aff><aff><institution-wrap><institution-id institution-id-type="profile_id">60014653</institution-id></institution-wrap></aff>
	<email>cat19@umbc.edu</email>
	<role>Author</role>
   </contrib>
   <contrib contrib-type="author" id="artseq-00004">
       <contrib-id contrib-id-type="person_id" authenticated="false">P5108143</contrib-id><contrib-id contrib-id-type="profile_id" authenticated="false">99659692402</contrib-id>
       <name name-style="western">
           <surname>Hurst</surname>
           <given-names>Amy K.</given-names>
       </name>
	<aff>University of Maryland, Baltimore, MD</aff><aff><institution-wrap><institution-id institution-id-type="profile_id">60014653</institution-id></institution-wrap></aff>
	<email>amyhurst@umbc.edu</email>
	<role>Author</role>
   </contrib>
</contrib-group>
   <pub-date date-type="publication">
   <day>18</day>
   <month>05</month>
   <year>2015</year>
   </pub-date>
				<fpage>1</fpage>
				<lpage>10</lpage>
		<permissions>
			<copyright-year>2015</copyright-year>
			<copyright-holder>ACM</copyright-holder>
			<license license-type="acmcopyright">
			<license-p>Permission to make digital or hard copies of all or part of this work for personal or classroom use is granted without fee provided that copies are not made or distributed for profit or commercial advantage and that copies bear this notice and the full citation on the first page. Copyrights for components of this work owned by others than ACM must be honored. Abstracting with credit is permitted. To copy otherwise, or republish, to post on servers or to redistribute to lists, requires prior specific permission and/or a fee. Request permissions from Permissions@acm.org</license-p>
			</license>
		</permissions>
		<self-uri content-type="pdf" xlink:href="2745555.2746645.pdf" />
	<abstract>
		<p>The Internet has become an important tool for many aspects of modern life. However, some individuals may experience challenges accessing the Internet if they have difficulty accurately controlling a pointing device. These pointing problems can vary in severity and frequency and may be caused by a motor impairment, limited hand dexterity, or fatigue. We believe that adaptive user interfaces (AUIs) offer a unique solution to detect and accommodate an individual's current pointing behavior. While past work has explored the implementation of detecting pointing challenges and designing adaptations, little has been done to understand how this population would like to interact with this software. In this paper, we present the results from participatory design sessions with older and younger adults that highlight their preferences for novel AUIs. We found diverse preferences and attitudes towards how AUIs notify a user of their current performance, and how they should adapt to pointing behavior. We present these diverse opinions as three personas that can be applied to future design of any AUI.</p>
	</abstract>
<kwd-group>
<kwd>adaptive user interfaces</kwd>
<kwd>assistive technology</kwd>
<kwd>inclusion</kwd>
<kwd>older adults</kwd>
<kwd>pointing performance</kwd>
</kwd-group>
<funding-group specific-use="FundRef">
	<award-group id="award1">
		<funding-source id="GS1">
			<institution-wrap>
			<institution>National Institute on Disability and Rehabilitation Research</institution>
			<institution-id institution-id-type="FundRef">http://dx.doi.org/10.13039/100006663</institution-id>
			</institution-wrap>
		</funding-source>
		<award-id rid="GS1">H133A130057</award-id>
	</award-group>
</funding-group>
		</book-part-meta>
		
	<back>
<ref-list specific-use="unparsed">
				<ref id="ref-00001">
				<mixed-citation>Ahlström, D., Hitz, M., and Leitner, G. 2006. An evaluation of sticky and force enhanced targets in multi target situations. In <italic toggle="yes">Proc. of NordiCHI</italic>. ACM, New York, NY, USA, 58--67. <pub-id pub-id-type="doi" xlink:href="10.1145/1182475.1182482" assigning-authority="crossref">10.1145/1182475.1182482</pub-id> <pub-id pub-id-type="doi" xlink:href="10.1145/1182475.1182482" /></mixed-citation>
				</ref>
				<ref id="ref-00002">
				<mixed-citation>Chaparro, A., Bohan, M., Fernandez, J., Choi, S. D., &amp; Kattel, B. 1999. The impact of age on computer input device use: International Journal of Industrial Ergonomics, 24(5), 503--513.</mixed-citation>
				</ref>
				<ref id="ref-00003">
				<mixed-citation>Gajos, K. Z., Weld, D. S., &amp; Wobbrock, J. O. 2010. Automatically generating personalized user interfaces with Supple. <italic toggle="yes">Artificial Intelligence, 174</italic>(12--13), 910--950. <pub-id pub-id-type="doi" xlink:href="10.1016/j.artint.2010.05.005" assigning-authority="crossref">10.1016/j.artint.2010.05.005</pub-id> <pub-id pub-id-type="doi" xlink:href="10.1016/j.artint.2010.05.005" /></mixed-citation>
				</ref>
				<ref id="ref-00004">
				<mixed-citation>Hanson, V. 2009. Age and web access: the next generation. In <italic toggle="yes">Proc. of W4A '09</italic>. ACM, New York, NY, USA, 7--15. <pub-id pub-id-type="doi" xlink:href="10.1145/1535654.1535658" assigning-authority="crossref">10.1145/1535654.1535658</pub-id> <pub-id pub-id-type="doi" xlink:href="10.1145/1535654.1535658" /></mixed-citation>
				</ref>
				<ref id="ref-00005">
				<mixed-citation>Heron, M., Hanson, V., and Ricketts, I. 2013. Accessibility Support for Older Adults with the ACCESS Framework. International Journal of Human-Computer Interaction, 29(11), 702--716.</mixed-citation>
				</ref>
				<ref id="ref-00006">
				<mixed-citation>Hourcade, J. P., &amp; Berkel, T. R. 2008. Simple pen interaction performance of young and older adults using handheld computers. Interacting with Computers, 20(1), 166--183. <pub-id pub-id-type="doi" xlink:href="10.1016/j.intcom.2007.10.002" assigning-authority="crossref">10.1016/j.intcom.2007.10.002</pub-id> <pub-id pub-id-type="doi" xlink:href="10.5555/1327552.1327929" /></mixed-citation>
				</ref>
				<ref id="ref-00007">
				<mixed-citation>Hurst, A., Hudson, S. E., Mankoff, J., and Trewin, S. 2013. Distinguishing users by pointing performance in laboratory and real-world tasks. <italic toggle="yes">ACM Transactions on Accessible Computing</italic> 5, 2 (Oct. 2013), 5. <pub-id pub-id-type="doi" xlink:href="10.1145/2517039" assigning-authority="crossref">10.1145/2517039</pub-id> <pub-id pub-id-type="doi" xlink:href="10.1145/2517039" /></mixed-citation>
				</ref>
				<ref id="ref-00008">
				<mixed-citation>Hurst, A., Hudson, S. E., Mankoff, J., and Trewin, S. 2008. Automatically detecting pointing performance. In <italic toggle="yes">Proc. of IUI '08</italic>. ACM, New York, NY, 11--19. <pub-id pub-id-type="doi" xlink:href="10.1145/1378773.1378776" assigning-authority="crossref">10.1145/1378773.1378776</pub-id> <pub-id pub-id-type="doi" xlink:href="10.1145/1378773.1378776" /></mixed-citation>
				</ref>
				<ref id="ref-00009">
				<mixed-citation>Jamerson, 2008. A. Adaptive Interfaces and Agents. In A. Sears &amp; J. A. Jacko (Eds.), <italic toggle="yes">The human-computer interaction handbook: Fundamentals, evolving technologies and emerging applications</italic> (2nd ed.), 433--458. CRC Press. <pub-id pub-id-type="doi" xlink:href="10.5555/772072.772094" /></mixed-citation>
				</ref>
				<ref id="ref-00010">
				<mixed-citation>Keates, S. and Trewin, S. 2005. Effect of age and Parkinson's disease on cursor positioning using a mouse. In <italic toggle="yes">Proc. of ASSETS '05</italic>. ACM, New York, NY, USA, 68--75. <pub-id pub-id-type="doi" xlink:href="10.1145/1090785.1090800" assigning-authority="crossref">10.1145/1090785.1090800</pub-id> <pub-id pub-id-type="doi" xlink:href="10.1145/1090785.1090800" /></mixed-citation>
				</ref>
				<ref id="ref-00011">
				<mixed-citation>Ketcham, C. and Stelmach, G., 2004. Movement Control in the Older Adult. In RW Pew &amp; SB Van Hemel (Eds.), National Research Council (US) Steering Committee for the Workshop for Technology for Adaptive Aging, 64--92. Washington (DC): National Academies Press (US).</mixed-citation>
				</ref>
				<ref id="ref-00012">
				<mixed-citation>Lavie. T. and Meyer. J. 2010. Benefits and costs of adaptive user interfaces. <italic toggle="yes">Int. J. Hum.-Comput. Stud</italic>. 68, 8 (August 2010), 508--524. <pub-id pub-id-type="doi" xlink:href="10.1016/j.ijhcs.2010.01.004" assigning-authority="crossref">10.1016/j.ijhcs.2010.01.004</pub-id> <pub-id pub-id-type="doi" xlink:href="10.1016/j.ijhcs.2010.01.004" /></mixed-citation>
				</ref>
				<ref id="ref-00013">
				<mixed-citation>Li, L., Gajos, K. Z. 2014. Adaptive click-and-cross: adapting to both abilities and task improves performance of users with impaired dexterity. In <italic toggle="yes">Proc. of IUI '14</italic>. ACM, New York, NY, 299--304. <pub-id pub-id-type="doi" xlink:href="10.1145/2557500.2557511" assigning-authority="crossref">10.1145/2557500.2557511</pub-id> <pub-id pub-id-type="doi" xlink:href="10.1145/2557500.2557511" /></mixed-citation>
				</ref>
				<ref id="ref-00014">
				<mixed-citation>McCrickard, D., Chewar, C. M. 2003. Attuning notification design to user goals and attention costs. <italic toggle="yes">Communications of the ACM</italic> 46, 3 (Mar. 2003), 67--72. <pub-id pub-id-type="doi" xlink:href="10.1145/636772.636800" assigning-authority="crossref">10.1145/636772.636800</pub-id> <pub-id pub-id-type="doi" xlink:href="10.1145/636772.636800" /></mixed-citation>
				</ref>
				<ref id="ref-00015">
				<mixed-citation>Moffatt, K. and McGrenere, J. 2009. Exploring Methods to Improve Pen-Based Menu Selection for Younger and Older Adults. <italic toggle="yes">ACM Trans. Access. Comput</italic>. 2, 1, Article 3 (May 2009), 34 pages. <pub-id pub-id-type="doi" xlink:href="10.1145/1525840.1525843" assigning-authority="crossref">10.1145/1525840.1525843</pub-id> <pub-id pub-id-type="doi" xlink:href="10.1145/1525840.1525843" /></mixed-citation>
				</ref>
				<ref id="ref-00016">
				<mixed-citation>Pak, R., and McLaughlin, A. C. 2010. Designing displays for older adults. Boca Raton, FL: CRC Press.</mixed-citation>
				</ref>
				<ref id="ref-00017">
				<mixed-citation>Rothrock, L., Koubek, R., Fuchs, F., Haas, M., and Salvendy, G. 2010. Review and reappraisal of adaptive interfaces: Toward biologically inspired paradigms. <italic toggle="yes">Theoretical Issues in Ergonomics Science</italic>. 3, 1 (November 2010), 47--84.</mixed-citation>
				</ref>
				<ref id="ref-00018">
				<mixed-citation>Taveira, A. D., and Choi, S. D. 2009. Review Study of Computer Input Devices and Older Users. International Journal of Human-Computer Interaction, 25(5), 455--474.</mixed-citation>
				</ref>
				<ref id="ref-00019">
				<mixed-citation>Trewin, S., Keates, S., and Moffatt, K. 2006. Developing steady clicks: a method of cursor assistance for people with motor impairments. In <italic toggle="yes">Proc. of ASSETS '06</italic>. ACM, New York, NY, USA, 26--33. <pub-id pub-id-type="doi" xlink:href="10.1145/1168987.1168993" assigning-authority="crossref">10.1145/1168987.1168993</pub-id> <pub-id pub-id-type="doi" xlink:href="10.1145/1168987.1168993" /></mixed-citation>
				</ref>
				<ref id="ref-00020">
				<mixed-citation>Sloan, D., Atkinson, MT., Machin, C., and Li, Y. 2010. The potential of adaptive interfaces as an accessibility aid for older web users. In <italic toggle="yes">Proc. of W4A '10</italic>. ACM, New York, NY, USA, Article 35, 10 pages. <pub-id pub-id-type="doi" xlink:href="10.1145/1805986.1806033" assigning-authority="crossref">10.1145/1805986.1806033</pub-id> <pub-id pub-id-type="doi" xlink:href="10.1145/1805986.1806033" /></mixed-citation>
				</ref>
				<ref id="ref-00021">
				<mixed-citation>Wickremaratchi, M. M., &amp; Llewelyn, J. G. 2006. Effects of ageing on touch. Postgraduate Medical Journal, 82(967), 301--4.</mixed-citation>
				</ref>
				<ref id="ref-00022">
				<mixed-citation>Wobbrock, J., Fogarty, F., Liu, S., Kimuro, S., and Harada, S. 2009. The angle mouse: target-agnostic dynamic gain adjustment based on angular deviation. In <italic toggle="yes">Proc. of CHI '09</italic>. ACM, New York, NY, USA, 1401--1410. <pub-id pub-id-type="doi" xlink:href="10.1145/1518701.1518912" assigning-authority="crossref">10.1145/1518701.1518912</pub-id> <pub-id pub-id-type="doi" xlink:href="10.1145/1518701.1518912" /></mixed-citation>
				</ref>
				<ref id="ref-00023">
				<mixed-citation>Wobbrock, J., Kane, S., Gajos, K., Harada, S., and Froehlich, J. 2011. Ability-Based Design: Concept, Principles and Examples. <italic toggle="yes">ACM Trans. Access. Comput</italic>. 3, 3, Article 9 (April 2011), 27 pages. <pub-id pub-id-type="doi" xlink:href="10.1145/1952383.1952384" assigning-authority="crossref">10.1145/1952383.1952384</pub-id> <pub-id pub-id-type="doi" xlink:href="10.1145/1952383.1952384" /></mixed-citation>
				</ref>
				<ref id="ref-00024">
				<mixed-citation>Worden, A., Walker, N., Bharat, K., Hudson, S. 1997. Making computers easier for older adults to use: area cursors and sticky icons. In <italic toggle="yes">Proc. CHI '97</italic>. ACM, New York, NY, 266--271. <pub-id pub-id-type="doi" xlink:href="10.1145/258549.258724" assigning-authority="crossref">10.1145/258549.258724</pub-id> <pub-id pub-id-type="doi" xlink:href="10.1145/258549.258724" /></mixed-citation>
				</ref>
				<ref id="ref-00025">
				<mixed-citation>Wood, E., Willoughby, T., Rushing, A., Bechtel, L., and Gilbert, J. 2005. Use of Computer Input Devices by Older Adults. Journal of Applied Gerontology, 24(5), 419--438.</mixed-citation>
				</ref>
			</ref-list>
</back>
</book-part>
</book-part-wrapper>
