<?xml version="1.0" encoding="UTF-8"?>
<!DOCTYPE book-part-wrapper PUBLIC "-//NLM//DTD BITS Book Interchange DTD with OASIS and XHTML Tables v2.0 20151225//EN" "BITS-book-oasis2.dtd">
<book-part-wrapper xmlns:xlink="http://www.w3.org/1999/xlink" xmlns:mml="http://www.w3.org/1998/Math/MathML" xmlns:oasis="http://www.niso.org/standards/z39-96/ns/oasis-exchange/table" xmlns:xi="http://www.w3.org/2001/XInclude" xmlns:xsi="http://www.w3.org/2001/XMLSchema-instance" dtd-version="2.0" xml:lang="en" content-type="extended-abstract">
<collection-meta collection-type="book-series">
    <collection-id collection-id-type="doi">10.1145/acmconferences</collection-id>
    <title-group>
        <title>ACM Conferences</title>
    </title-group>
</collection-meta>
	<book-meta>
		<book-id book-id-type="acm-id">2745555</book-id>
		<book-id book-id-type="doi">10.1145/2745555</book-id>
		<book-title-group>
			<book-title>Proceedings of the 12th International Web for All Conference</book-title>
			<alt-title alt-title-type="acronym">W4A '15</alt-title>
		</book-title-group>
	</book-meta>
	<book-part xmlns:ali="http://www.niso.org/schemas/ali/1.0/" book-part-type="chapter" xml:lang="en">
		<book-part-meta>
			<book-part-id book-part-id-type="acm-id">2746671</book-part-id>
			<book-part-id book-part-id-type="doi">10.1145/2745555.2746671</book-part-id>
			<book-part-id book-part-id-type="article-no">40</book-part-id>
	<subj-group subj-group-type="ccs2012">
		<compound-subject>
			<compound-subject-part content-type="code">10003120.10003121.10011748</compound-subject-part>
			<compound-subject-part content-type="text">Human-centered computing~Human computer interaction (HCI)~Empirical studies in HCI</compound-subject-part>
			<compound-subject-part content-type="weight">500</compound-subject-part>
		</compound-subject>
		<compound-subject>
			<compound-subject-part content-type="code">10003120.10011738</compound-subject-part>
			<compound-subject-part content-type="text">Human-centered computing~Accessibility</compound-subject-part>
			<compound-subject-part content-type="weight">500</compound-subject-part>
		</compound-subject>
		<compound-subject>
			<compound-subject-part content-type="code">10003120.10003121</compound-subject-part>
			<compound-subject-part content-type="text">Human-centered computing~Human computer interaction (HCI)</compound-subject-part>
			<compound-subject-part content-type="weight">500</compound-subject-part>
		</compound-subject>
		<compound-subject>
			<compound-subject-part content-type="code">10003120.10003121.10003125.10011752</compound-subject-part>
			<compound-subject-part content-type="text">Human-centered computing~Human computer interaction (HCI)~Interaction devices~Haptic devices</compound-subject-part>
			<compound-subject-part content-type="weight">100</compound-subject-part>
		</compound-subject>
		<compound-subject>
			<compound-subject-part content-type="code">10003120.10003123.10010860.10011694</compound-subject-part>
			<compound-subject-part content-type="text">Human-centered computing~Interaction design~Interaction design process and methods~Interface design prototyping</compound-subject-part>
			<compound-subject-part content-type="weight">100</compound-subject-part>
		</compound-subject>
		<compound-subject>
			<compound-subject-part content-type="code">10003120.10003121.10003124</compound-subject-part>
			<compound-subject-part content-type="text">Human-centered computing~Human computer interaction (HCI)~Interaction paradigms</compound-subject-part>
			<compound-subject-part content-type="weight">100</compound-subject-part>
		</compound-subject>
	</subj-group>
			<title-group>
				<title>Haptic gloves for audio-tactile web accessibility</title>
			</title-group>
<contrib-group>
   <contrib contrib-type="author" id="artseq-00001">
       <contrib-id contrib-id-type="person_id" authenticated="false">P5108209</contrib-id><contrib-id contrib-id-type="profile_id" authenticated="false">81548637556</contrib-id>
       <name name-style="western">
           <surname>Soviak</surname>
           <given-names>Andrii</given-names>
       </name>
	<aff>Stony Brook University, Stony Brook</aff><aff><institution-wrap><institution-id institution-id-type="profile_id">60026415</institution-id></institution-wrap></aff>
	<email>asoviak@cs.stonybrook.edu</email>
	<role>Author</role>
   </contrib>
</contrib-group>
   <pub-date date-type="publication">
   <day>18</day>
   <month>05</month>
   <year>2015</year>
   </pub-date>
				<fpage>1</fpage>
				<lpage>2</lpage>
		<permissions>
			<copyright-year>2015</copyright-year>
			<copyright-holder>Owner/Author</copyright-holder>
			<license license-type="rightsretained">
			<license-p>Permission to make digital or hard copies of part or all of this work for personal or classroom use is granted without fee provided that copies are not made or distributed for profit or commercial advantage and that copies bear this notice and the full citation on the first page. Copyrights for third-party components of this work must be honored. For all other uses, contact the Owner/Author.</license-p>
			</license>
		</permissions>
		<self-uri content-type="pdf" xlink:href="2745555.2746671.pdf" />
	<abstract>
		<p>In this Doctoral Consortium paper, I propose to develop haptic gloves that would enable tactile web browsing for blind people. The gloves will be used with regular screen readers, and will provide users with the ability explore web pages by touch. Besides improving the usability and efficiency of web access, the gloves will also enable me to study tactile behavior of blind users.</p>
	</abstract>
<kwd-group>
<kwd>blindness</kwd>
<kwd>haptic glove</kwd>
<kwd>screen reader</kwd>
<kwd>tactile interface</kwd>
<kwd>wearable</kwd>
</kwd-group>
<funding-group specific-use="FundRef">
	<award-group id="award1">
		<funding-source id="GS1">
			<institution-wrap>
			<institution>National Science Foundation</institution>
			<institution-id institution-id-type="FundRef">http://dx.doi.org/10.13039/100000001</institution-id>
			</institution-wrap>
		</funding-source>
		<award-id rid="GS1">IIS-1218570</award-id>
	</award-group>
</funding-group>
		<custom-meta-group>
		    <custom-meta>
		        <meta-name>rightslink</meta-name>
		        <meta-value>excluded</meta-value>
		    </custom-meta>
		</custom-meta-group>
		</book-part-meta>
		
	<back>
<ref-list specific-use="unparsed">
				<ref id="ref-00001">
				<mixed-citation>Cai, D., S. Yu, J.-R. Wen, and W.-Y. Ma, <italic toggle="yes">VIPS: A vision based page segmentation algorithm</italic>. 2004, Microsoft technical report.</mixed-citation>
				</ref>
				<ref id="ref-00002">
				<mixed-citation>Islam, M. A., et al., <italic toggle="yes">Tightly coupling visual and linguistic features for enriching audio-based web browsing experience</italic>, in <italic toggle="yes">Proceedings of the 20th ACM international conference on Information and knowledge management</italic>. 2011, ACM: Glasgow, Scotland, UK. p. 2085--2088. <pub-id pub-id-type="doi" xlink:href="10.1145/2063576.2063896" assigning-authority="crossref">10.1145/2063576.2063896</pub-id> <pub-id pub-id-type="doi" xlink:href="10.1145/2063576.2063896" /></mixed-citation>
				</ref>
				<ref id="ref-00003">
				<mixed-citation>Manshad, M. S. et al., <italic toggle="yes">Multimodal vision glove for touchscreens, 10th international ACM SIGACCESS conference on Computers and accessibility</italic>. 2008, ACM: Halifax, Nova Scotia, Canada. p. 251--252. <pub-id pub-id-type="doi" xlink:href="10.1145/1414471.1414523" assigning-authority="crossref">10.1145/1414471.1414523</pub-id> <pub-id pub-id-type="doi" xlink:href="10.1145/1414471.1414523" /></mixed-citation>
				</ref>
				<ref id="ref-00004">
				<mixed-citation>Rotard, M., S. Knödler, and T. Ertl, <italic toggle="yes">A tactile web browser for the visually disabled</italic>, in <italic toggle="yes">Proceedings of the sixteenth ACM conference on Hypertext and hypermedia</italic>. 2005, ACM: Salzburg, Austria. p. 15--22. <pub-id pub-id-type="doi" xlink:href="10.1145/1083356.1083361" assigning-authority="crossref">10.1145/1083356.1083361</pub-id> <pub-id pub-id-type="doi" xlink:href="10.1145/1083356.1083361" /></mixed-citation>
				</ref>
				<ref id="ref-00005">
				<mixed-citation>Völkel, T., G. Weber, and U. Baumann, <italic toggle="yes">Tactile Graphics Revised: The Novel BrailleDis 9000 Pin-Matrix Device with Multitouch Input Computers Helping People with Special Needs</italic>, K. Miesenberger, et al., Editors. 2008, Springer Berlin/Heidelberg. p. 835--842. <pub-id pub-id-type="doi" xlink:href="10.1007/978-3-540-70540-6_124" assigning-authority="crossref">10.1007/978-3-540-70540-6_124</pub-id> <pub-id pub-id-type="doi" xlink:href="10.1007/978-3-540-70540-6_124" /></mixed-citation>
				</ref>
				<ref id="ref-00006">
				<mixed-citation>Williams, R. C. <italic toggle="yes">Finger tracking and gesture interfacing using the Nintendo® wiimote. Annual Southeast Regional Conference</italic>. 2010. <pub-id pub-id-type="doi" xlink:href="10.1145/1900008.1900025" assigning-authority="crossref">10.1145/1900008.1900025</pub-id> <pub-id pub-id-type="doi" xlink:href="10.1145/1900008.1900025" /></mixed-citation>
				</ref>
			</ref-list>
</back>
</book-part>
</book-part-wrapper>
