<?xml version="1.0" encoding="UTF-8"?>
<!DOCTYPE book-part-wrapper PUBLIC "-//NLM//DTD BITS Book Interchange DTD with OASIS and XHTML Tables v2.0 20151225//EN" "BITS-book-oasis2.dtd">
<book-part-wrapper xmlns:xlink="http://www.w3.org/1999/xlink" xmlns:mml="http://www.w3.org/1998/Math/MathML" xmlns:oasis="http://www.niso.org/standards/z39-96/ns/oasis-exchange/table" xmlns:xi="http://www.w3.org/2001/XInclude" xmlns:xsi="http://www.w3.org/2001/XMLSchema-instance" dtd-version="2.0" xml:lang="en" content-type="short-paper">
<collection-meta collection-type="book-series">
    <collection-id collection-id-type="doi">10.1145/acmconferences</collection-id>
    <title-group>
        <title>ACM Conferences</title>
    </title-group>
</collection-meta>
	<book-meta>
		<book-id book-id-type="acm-id">2745555</book-id>
		<book-id book-id-type="doi">10.1145/2745555</book-id>
		<book-title-group>
			<book-title>Proceedings of the 12th International Web for All Conference</book-title>
			<alt-title alt-title-type="acronym">W4A '15</alt-title>
		</book-title-group>
	</book-meta>
	<book-part xmlns:ali="http://www.niso.org/schemas/ali/1.0/" book-part-type="chapter" xml:lang="en">
		<book-part-meta>
			<book-part-id book-part-id-type="acm-id">2746665</book-part-id>
			<book-part-id book-part-id-type="doi">10.1145/2745555.2746665</book-part-id>
			<book-part-id book-part-id-type="article-no">34</book-part-id>
	<subj-group subj-group-type="ccs2012">
		<compound-subject>
			<compound-subject-part content-type="code">10003120.10003121.10003124.10010868</compound-subject-part>
			<compound-subject-part content-type="text">Human-centered computing~Human computer interaction (HCI)~Interaction paradigms~Web-based interaction</compound-subject-part>
			<compound-subject-part content-type="weight">500</compound-subject-part>
		</compound-subject>
		<compound-subject>
			<compound-subject-part content-type="code">10002951.10003317</compound-subject-part>
			<compound-subject-part content-type="text">Information systems~Information retrieval</compound-subject-part>
			<compound-subject-part content-type="weight">100</compound-subject-part>
		</compound-subject>
		<compound-subject>
			<compound-subject-part content-type="code">10002951.10003152</compound-subject-part>
			<compound-subject-part content-type="text">Information systems~Information storage systems</compound-subject-part>
			<compound-subject-part content-type="weight">100</compound-subject-part>
		</compound-subject>
		<compound-subject>
			<compound-subject-part content-type="code">10003456.10010927.10003616</compound-subject-part>
			<compound-subject-part content-type="text">Social and professional topics~User characteristics~People with disabilities</compound-subject-part>
			<compound-subject-part content-type="weight">100</compound-subject-part>
		</compound-subject>
		<compound-subject>
			<compound-subject-part content-type="code">10003456.10003457.10003580.10003587</compound-subject-part>
			<compound-subject-part content-type="text">Social and professional topics~Professional topics~Computing profession~Assistive technologies</compound-subject-part>
			<compound-subject-part content-type="weight">100</compound-subject-part>
		</compound-subject>
	</subj-group>
			<title-group>
				<title>Creating accessible PDFs for conference proceedings</title>
			</title-group>
<contrib-group>
   <contrib contrib-type="author" id="artseq-00001">
       <contrib-id contrib-id-type="person_id" authenticated="false">P5108197</contrib-id><contrib-id contrib-id-type="profile_id" authenticated="false">81490664843</contrib-id>
       <name name-style="western">
           <surname>Brady</surname>
           <given-names>Erin</given-names>
       </name>
	<aff>University of Rochester, Rochester, NY</aff><aff><institution-wrap><institution-id institution-id-type="profile_id">60027165</institution-id></institution-wrap></aff>
	<email>brady@cs.rochester.edu</email>
	<role>Author</role>
   </contrib>
   <contrib contrib-type="author" id="artseq-00002">
       <contrib-id contrib-id-type="person_id" authenticated="false">P5108198</contrib-id><contrib-id contrib-id-type="profile_id" authenticated="false">81542898956</contrib-id>
       <name name-style="western">
           <surname>Zhong</surname>
           <given-names>Yu</given-names>
       </name>
	<aff>University of Rochester, Rochester, NY</aff><aff><institution-wrap><institution-id institution-id-type="profile_id">60027165</institution-id></institution-wrap></aff>
	<email>zyu@cs.rochester.edu</email>
	<role>Author</role>
   </contrib>
   <contrib contrib-type="author" id="artseq-00003">
       <contrib-id contrib-id-type="person_id" authenticated="false">P5108199</contrib-id><contrib-id contrib-id-type="profile_id" authenticated="false">81338487593</contrib-id>
       <name name-style="western">
           <surname>Bigham</surname>
           <given-names>Jeffrey P.</given-names>
       </name>
	<aff>Carnegie Mellon University, Pittsburgh, PA</aff><aff><institution-wrap><institution-id institution-id-type="profile_id">60027950</institution-id></institution-wrap></aff>
	<email>jbigham@cmu.edu</email>
	<role>Author</role>
   </contrib>
</contrib-group>
   <pub-date date-type="publication">
   <day>18</day>
   <month>05</month>
   <year>2015</year>
   </pub-date>
				<fpage>1</fpage>
				<lpage>4</lpage>
		<permissions>
			<copyright-year>2015</copyright-year>
			<copyright-holder>ACM</copyright-holder>
			<license license-type="acmlicensed">
			<license-p>Permission to make digital or hard copies of all or part of this work for personal or classroom use is granted without fee provided that copies are not made or distributed for profit or commercial advantage and that copies bear this notice and the full citation on the first page. Copyrights for components of this work owned by others than the author(s) must be honored. Abstracting with credit is permitted. To copy otherwise, or republish, to post on servers or to redistribute to lists, requires prior specific permission and/or a fee. Request permissions from Permissions@acm.org.</license-p>
			</license>
		</permissions>
		<self-uri content-type="pdf" xlink:href="2745555.2746665.pdf" />
	<abstract>
		<p>A responsibility we have as researchers is to disseminate the results of our research widely. A primary way we do this is through research publications. When these publications are not accessible to everyone, some readers will be excluded and the impact of our research limited. In this paper, we explore this problem in two ways. First, we report on the accessibility of 1,811 papers in the technical program of several top conferences related to accessibility and human-computer interaction. Second, we reflect on our experience making papers accessible for any CHI 2015 author who requested it. We offer thoughts on research challenges and future work that may make our community's research more accessible.</p>
	</abstract>
<funding-group specific-use="FundRef">
	<award-group id="award1">
		<funding-source id="GS1">
			<institution-wrap>
			<institution>Alfred P. Sloan Foundation</institution>
			<institution-id institution-id-type="FundRef">http://dx.doi.org/10.13039/100000879</institution-id>
			</institution-wrap>
		</funding-source>
	</award-group>
	<award-group id="award2">
		<funding-source id="GS2">
			<institution-wrap>
			<institution>National Science Foundation</institution>
			<institution-id institution-id-type="FundRef">http://dx.doi.org/10.13039/100000001</institution-id>
			</institution-wrap>
		</funding-source>
		<award-id rid="GS2">#IIS-1149709</award-id>
	</award-group>
</funding-group>
		</book-part-meta>
		
	<back>
<ref-list specific-use="unparsed">
				<ref id="ref-00001">
				<mixed-citation>Brudvik, J. T. and Bigham, J. P. and Cavender, A. C. and Ladner, R. E. Hunting for headings: sighted labeling vs. automatic classification of headings. Proceedings of ASSETS 2008. <pub-id pub-id-type="doi" xlink:href="10.1145/1414471.1414508" assigning-authority="crossref">10.1145/1414471.1414508</pub-id> <pub-id pub-id-type="doi" xlink:href="10.1145/1414471.1414508" /></mixed-citation>
				</ref>
				<ref id="ref-00002">
				<mixed-citation>Drümmer, O., and Chang, B. PDF/UA in a Nutshell: Accessible documents with PDF. 2014. http://www.pdfa.org/publication/pdfua-in-a-nutshell/</mixed-citation>
				</ref>
				<ref id="ref-00003">
				<mixed-citation>Hewson, A. and Tonkin, E. Supporting PDF accessibility evaluation: early results from the FixRep project. Proceedings of QQML2010.</mixed-citation>
				</ref>
				<ref id="ref-00004">
				<mixed-citation>Lazar, J. and Allen, A. and Kleinman, J. and Malarkey, C. What frustrates screen reader users on the web: A study of 100 blind users. International Journal of Human-Computer Interaction, 2007.</mixed-citation>
				</ref>
				<ref id="ref-00005">
				<mixed-citation>McCall, K. Accessible and Usable PDF: Techniques for Document Authors. Third Edition. 2010. ISBN 978-0-9868085-0-0.</mixed-citation>
				</ref>
				<ref id="ref-00006">
				<mixed-citation>W3C. PDF Techniques for WCAG 2.0. 2012. http://www.w3.org/TR/2014/NOTE-WCAG20-TECHS-20140408/pdf.html.</mixed-citation>
				</ref>
				<ref id="ref-00007">
				<mixed-citation>WebAIM. PDF Accessibility. 2014. http://webaim.org/techniques/acrobat/</mixed-citation>
				</ref>
				<ref id="ref-00008">
				<mixed-citation>Yeh, T. and Chang, T. and Miller, R. C. Sikuli: using GUI screenshots for search and automation. Proceedings of UIST 2009. <pub-id pub-id-type="doi" xlink:href="10.1145/1622176.1622213" assigning-authority="crossref">10.1145/1622176.1622213</pub-id> <pub-id pub-id-type="doi" xlink:href="10.1145/1622176.1622213" /></mixed-citation>
				</ref>
			</ref-list>
</back>
</book-part>
</book-part-wrapper>
