<?xml version="1.0" encoding="UTF-8"?>
<!DOCTYPE book-part-wrapper PUBLIC "-//NLM//DTD BITS Book Interchange DTD with OASIS and XHTML Tables v2.0 20151225//EN" "BITS-book-oasis2.dtd">
<book-part-wrapper xmlns:xlink="http://www.w3.org/1999/xlink" xmlns:mml="http://www.w3.org/1998/Math/MathML" xmlns:oasis="http://www.niso.org/standards/z39-96/ns/oasis-exchange/table" xmlns:xi="http://www.w3.org/2001/XInclude" xmlns:xsi="http://www.w3.org/2001/XMLSchema-instance" dtd-version="2.0" xml:lang="en" content-type="extended-abstract">
<collection-meta collection-type="book-series">
    <collection-id collection-id-type="doi">10.1145/acmconferences</collection-id>
    <title-group>
        <title>ACM Conferences</title>
    </title-group>
</collection-meta>
	<book-meta>
		<book-id book-id-type="acm-id">2745555</book-id>
		<book-id book-id-type="doi">10.1145/2745555</book-id>
		<book-title-group>
			<book-title>Proceedings of the 12th International Web for All Conference</book-title>
			<alt-title alt-title-type="acronym">W4A '15</alt-title>
		</book-title-group>
	</book-meta>
	<book-part xmlns:ali="http://www.niso.org/schemas/ali/1.0/" book-part-type="chapter" xml:lang="en">
		<book-part-meta>
			<book-part-id book-part-id-type="acm-id">2746670</book-part-id>
			<book-part-id book-part-id-type="doi">10.1145/2745555.2746670</book-part-id>
			<book-part-id book-part-id-type="article-no">38</book-part-id>
	<subj-group subj-group-type="ccs2012">
		<compound-subject>
			<compound-subject-part content-type="code">10003120.10003121</compound-subject-part>
			<compound-subject-part content-type="text">Human-centered computing~Human computer interaction (HCI)</compound-subject-part>
			<compound-subject-part content-type="weight">500</compound-subject-part>
		</compound-subject>
		<compound-subject>
			<compound-subject-part content-type="code">10003456</compound-subject-part>
			<compound-subject-part content-type="text">Social and professional topics</compound-subject-part>
			<compound-subject-part content-type="weight">100</compound-subject-part>
		</compound-subject>
	</subj-group>
			<title-group>
				<title>Just-in-time cognitive assessment and task recommendation for individuals with cognitive impairments</title>
			</title-group>
<contrib-group>
   <contrib contrib-type="author" id="artseq-00001">
       <contrib-id contrib-id-type="person_id" authenticated="false">P5108205</contrib-id><contrib-id contrib-id-type="profile_id" authenticated="false">83358647057</contrib-id>
       <name name-style="western">
           <surname>Smith</surname>
           <given-names>Sean-Ryan</given-names>
       </name>
	<aff>University of California, Santa Cruz, CA</aff><aff><institution-wrap><institution-id institution-id-type="profile_id">60024941</institution-id></institution-wrap></aff>
	<email>sewsmith@ucsc.edu</email>
	<role>Author</role>
   </contrib>
</contrib-group>
   <pub-date date-type="publication">
   <day>18</day>
   <month>05</month>
   <year>2015</year>
   </pub-date>
				<fpage>1</fpage>
				<lpage>3</lpage>
		<permissions>
			<copyright-year>2015</copyright-year>
			<copyright-holder>Owner/Author</copyright-holder>
			<license license-type="rightsretained">
			<license-p>Permission to make digital or hard copies of part or all of this work for personal or classroom use is granted without fee provided that copies are not made or distributed for profit or commercial advantage and that copies bear this notice and the full citation on the first page. Copyrights for third-party components of this work must be honored. For all other uses, contact the Owner/Author.</license-p>
			</license>
		</permissions>
		<self-uri content-type="pdf" xlink:href="2745555.2746670.pdf" />
	<abstract>
		<p>For individuals with cognitive impairment (CI), the inability to effectively perform mental tasks required for independent daily living can severely limit one's functionality in their daily living. The overarching goal of this dissertation is to develop an online just-in-time assessment of an individual's cognitive state in a way that is the least intrusive but is situated in the relevant contexts and3asks at hand, e.g., taking medication, driving or filing in tax. This assessment is then fed into recommended tasks that the users are most likely to be able to do. The biggest challenge in this work is determining the best combination and timing of the administration of the cognitive assessments as the recommendation will be only as good as the reliability and validity of the assessment results. I will first recruit and screen individuals with CI from a stroke and disability learning center. Through standardized requirement gathering methodologies, I will assess the user needs and explore system design requirements. Furthermore, system development, user testing, and analysis will be conducted following user driven design methodologies. Long-term system deployment for user testing in natural settings and contexts will be concluded for final analysis and reporting results.</p>
	</abstract>
<kwd-group>
<kwd>assistive technology</kwd>
<kwd>cognitive assessment</kwd>
<kwd>cognitive impairments</kwd>
<kwd>mobile</kwd>
<kwd>rehabilitation</kwd>
</kwd-group>
		<custom-meta-group>
		    <custom-meta>
		        <meta-name>rightslink</meta-name>
		        <meta-value>excluded</meta-value>
		    </custom-meta>
		</custom-meta-group>
		</book-part-meta>
		
	<back>
<ref-list specific-use="unparsed">
				<ref id="ref-00001">
				<mixed-citation>Braddock, D., Rizzolo, M. C., Thompson, M., &amp; Bell, R. (2004). Emerging technologies and cognitive disability. <italic toggle="yes">Journal of Special Education Technology, 19</italic>(4), 49--56.</mixed-citation>
				</ref>
				<ref id="ref-00002">
				<mixed-citation>Cicerone, K. D., Langenbahn, D. M., Braden, C., Malec, J. F., Kalmar, K., Fraas, M., ... &amp; Ashman, T. (2011). Evidence-based cognitive rehabilitation: updated review of the literature from 2003 through 2008. <italic toggle="yes">Archives of physical medicine and rehabilitation, 92</italic>(4), 519--530.</mixed-citation>
				</ref>
				<ref id="ref-00003">
				<mixed-citation>Gruenerbl, A., Osmani, V., Bahle, G., Carrasco, J. C., Oehler, S., Mayora, O., ... &amp; Lukowicz, P. (2014, March). Using smart phone mobility traces for the diagnosis of depressive and manic episodes in bipolar patients. In <italic toggle="yes">Proceedings of the 5th Augmented Human International Conference</italic> (p. 38). ACM. <pub-id pub-id-type="doi" xlink:href="10.1145/2582051.2582089" assigning-authority="crossref">10.1145/2582051.2582089</pub-id> <pub-id pub-id-type="doi" xlink:href="10.1145/2582051.2582089" /></mixed-citation>
				</ref>
				<ref id="ref-00004">
				<mixed-citation>LOPresti, E. F., Bodine, C., &amp; Lewis, C. (2008). Assistive technology for cognition {Understanding the Needs of Persons with Disabilities}. <italic toggle="yes">Engineering in Medicine and Biology Magazine, IEEE, 27</italic>(2), 29--39.</mixed-citation>
				</ref>
				<ref id="ref-00005">
				<mixed-citation>Rockwood, K., Joyce, B., &amp; Stolee, P. (1997). Use of goal attainment scaling in measuring clinically important change in cognitive rehabilitation patients. <italic toggle="yes">Journal of Clinical Epidemiology, 50</italic>(5), 581--588.</mixed-citation>
				</ref>
				<ref id="ref-00006">
				<mixed-citation>Villaverde, L. M., Smith, S. R., &amp; Kurniawan, S. (2013, October). Brain-training software for stroke survivors. In <italic toggle="yes">Proceedings of the 15th International ACM SIGACCESS Conference on Computers and Accessibility</italic> (p. 40). ACM. <pub-id pub-id-type="doi" xlink:href="10.1145/2513383.2513425" assigning-authority="crossref">10.1145/2513383.2513425</pub-id> <pub-id pub-id-type="doi" xlink:href="10.1145/2513383.2513425" /></mixed-citation>
				</ref>
				<ref id="ref-00007">
				<mixed-citation>Westerberg, H., Jacobaeus, H., Hirvikoski, T., Clevberger, P., Östensson, M. L., Bartfai, A., &amp; Klingberg, T. (2007). Computerized working memory training after stroke-A pilot study. <italic toggle="yes">Brain Injury, 21</italic>(1), 21--2.</mixed-citation>
				</ref>
			</ref-list>
</back>
</book-part>
</book-part-wrapper>
