<?xml version="1.0" encoding="UTF-8"?>
<!DOCTYPE book-part-wrapper PUBLIC "-//NLM//DTD BITS Book Interchange DTD with OASIS and XHTML Tables v2.0 20151225//EN" "BITS-book-oasis2.dtd">
<book-part-wrapper xmlns:xlink="http://www.w3.org/1999/xlink" xmlns:mml="http://www.w3.org/1998/Math/MathML" xmlns:oasis="http://www.niso.org/standards/z39-96/ns/oasis-exchange/table" xmlns:xi="http://www.w3.org/2001/XInclude" xmlns:xsi="http://www.w3.org/2001/XMLSchema-instance" dtd-version="2.0" xml:lang="en" content-type="short-paper">
<collection-meta collection-type="book-series">
    <collection-id collection-id-type="doi">10.1145/acmconferences</collection-id>
    <title-group>
        <title>ACM Conferences</title>
    </title-group>
</collection-meta>
	<book-meta>
		<book-id book-id-type="acm-id">2745555</book-id>
		<book-id book-id-type="doi">10.1145/2745555</book-id>
		<book-title-group>
			<book-title>Proceedings of the 12th International Web for All Conference</book-title>
			<alt-title alt-title-type="acronym">W4A '15</alt-title>
		</book-title-group>
	</book-meta>
	<book-part xmlns:ali="http://www.niso.org/schemas/ali/1.0/" book-part-type="chapter" xml:lang="en">
		<book-part-meta>
			<book-part-id book-part-id-type="acm-id">2746655</book-part-id>
			<book-part-id book-part-id-type="doi">10.1145/2745555.2746655</book-part-id>
			<book-part-id book-part-id-type="article-no">9</book-part-id>
	<subj-group subj-group-type="ccs2012">
		<compound-subject>
			<compound-subject-part content-type="code">10003456.10010927.10003616</compound-subject-part>
			<compound-subject-part content-type="text">Social and professional topics~User characteristics~People with disabilities</compound-subject-part>
			<compound-subject-part content-type="weight">500</compound-subject-part>
		</compound-subject>
		<compound-subject>
			<compound-subject-part content-type="code">10003456.10003457.10003580.10003587</compound-subject-part>
			<compound-subject-part content-type="text">Social and professional topics~Professional topics~Computing profession~Assistive technologies</compound-subject-part>
			<compound-subject-part content-type="weight">500</compound-subject-part>
		</compound-subject>
		<compound-subject>
			<compound-subject-part content-type="code">10003120</compound-subject-part>
			<compound-subject-part content-type="text">Human-centered computing</compound-subject-part>
			<compound-subject-part content-type="weight">100</compound-subject-part>
		</compound-subject>
	</subj-group>
			<title-group>
				<title>Dyslexia and web accessibility</title>
				<subtitle>synergies and challenges</subtitle>
			</title-group>
<contrib-group>
   <contrib contrib-type="author" id="artseq-00001">
       <contrib-id contrib-id-type="person_id" authenticated="false">P5108114</contrib-id><contrib-id contrib-id-type="profile_id" authenticated="false">81470642423</contrib-id>
       <name name-style="western">
           <surname>Rello</surname>
           <given-names>Luz</given-names>
       </name>
	<aff>Carnegie Mellon University</aff><aff><institution-wrap><institution-id institution-id-type="profile_id">60027950</institution-id></institution-wrap></aff>
	<email>luzrello@cs.cmu.edu</email>
	<role>Author</role>
   </contrib>
</contrib-group>
   <pub-date date-type="publication">
   <day>18</day>
   <month>05</month>
   <year>2015</year>
   </pub-date>
				<fpage>1</fpage>
				<lpage>4</lpage>
		<permissions>
			<copyright-year>2015</copyright-year>
			<copyright-holder>ACM</copyright-holder>
			<license license-type="acmcopyright">
			<license-p>Permission to make digital or hard copies of all or part of this work for personal or classroom use is granted without fee provided that copies are not made or distributed for profit or commercial advantage and that copies bear this notice and the full citation on the first page. Copyrights for components of this work owned by others than ACM must be honored. Abstracting with credit is permitted. To copy otherwise, or republish, to post on servers or to redistribute to lists, requires prior specific permission and/or a fee. Request permissions from Permissions@acm.org</license-p>
			</license>
		</permissions>
		<self-uri content-type="pdf" xlink:href="2745555.2746655.pdf" />
	<abstract>
		<p>This paper reviews the main challenges of studying dyslexia for web accessibility. These are: (1) measuring the impact of dyslexia in the population; (2) the limitations of the up-to-date studies; and (3) including dyslexia in the Web accessibility guidelines. While some aspects are already addressed by the guidelines, we propose the inclusion of simple recommendations for typeface and font size that would benefit both people with and without dyslexia. We also suggest a change in the current methodologies to overcome up-to-date research limitations using larger and more representative datasets.</p>
	</abstract>
<kwd-group>
<kwd>best practices</kwd>
<kwd>dyslexia</kwd>
<kwd>web accessibility guidelines</kwd>
</kwd-group>
<funding-group specific-use="FundRef">
	<award-group id="award1">
		<funding-source id="GS1">
			<institution-wrap>
			<institution>Department of Education, NIDRR</institution>
			</institution-wrap>
		</funding-source>
		<award-id rid="GS1">H133A130057</award-id>
	</award-group>
</funding-group>
		</book-part-meta>
		
	<back>
<ref-list specific-use="unparsed">
				<ref id="ref-00001">
				<mixed-citation>American Psychiatric Association. <italic toggle="yes">Diagnostic and statistical manual of mental disorders: DSM-IV-TR</italic>. American Psychiatric Publishing, Arlington, VA, 2000.</mixed-citation>
				</ref>
				<ref id="ref-00002">
				<mixed-citation>British Dyslexia Association. Dyslexia style guide, January 2012. http://www.bdadyslexia.org.uk/.</mixed-citation>
				</ref>
				<ref id="ref-00003">
				<mixed-citation>B. Caldwell, M. Cooper, L. G. Reid, and G. Vanderheiden. Web content accessibility guidelines (WCAG) 2.0. <italic toggle="yes">WWW Consortium (W3C)</italic>, 2008.</mixed-citation>
				</ref>
				<ref id="ref-00004">
				<mixed-citation>M. S. Carrillo, J. Alegría, P. Miranda, and N. Sánchez. Evaluación de la dislexia en la escuela primaria: Prevalencia en español (Evaluation of dyslexia in primary school: The prevalence in Spanish). Escritos de Psicología (Psychology Writings), 4(2): 35--44, 2011.</mixed-citation>
				</ref>
				<ref id="ref-00005">
				<mixed-citation>M. Dixon. Comparative study of disabled vs. non-disabled evaluators in user-testing: dyslexia and first year students learning computer programming. <italic toggle="yes">Universal Access in Human Computer Interaction. Coping with Diversity</italic>, pages 647--656, 2007. <pub-id pub-id-type="doi" xlink:href="10.5555/1766311.1766386" /></mixed-citation>
				</ref>
				<ref id="ref-00006">
				<mixed-citation>Dyslexia Research Institute, January.</mixed-citation>
				</ref>
				<ref id="ref-00007">
				<mixed-citation>M. F. Enguita, L. M. Martínez, and J. R. Gómez. <italic toggle="yes">Fracaso y abandono escolar en España (School Failure in Spain)</italic>. Obra Social, Fundación la Caixa, 2010.</mixed-citation>
				</ref>
				<ref id="ref-00008">
				<mixed-citation>L. Evett and D. Brown. Text formats and web design for visually impaired and dyslexic readers-clear text for all. <italic toggle="yes">Interacting with Computers</italic>, 17: 453--472, 2005. <pub-id pub-id-type="doi" xlink:href="10.1016/j.intcom.2005.04.001" assigning-authority="crossref">10.1016/j.intcom.2005.04.001</pub-id> <pub-id pub-id-type="doi" xlink:href="10.1016/j.intcom.2005.04.001" /></mixed-citation>
				</ref>
				<ref id="ref-00009">
				<mixed-citation>H. Gardner. <italic toggle="yes">Multiple intelligences: The theory in practice</italic>. Basic books, 1993.</mixed-citation>
				</ref>
				<ref id="ref-00010">
				<mixed-citation>P. Gregor and A. F. Newell. An empirical investigation of ways in which some of the problems encountered by some dyslexics may be alleviated using computer techniques. In <italic toggle="yes">Proc. ASSETS'00</italic>, ASSETS 2000, pages 85--91, New York, NY, USA, 2000. ACM Press. <pub-id pub-id-type="doi" xlink:href="10.1145/354324.354347" assigning-authority="crossref">10.1145/354324.354347</pub-id> <pub-id pub-id-type="doi" xlink:href="10.1145/354324.354347" /></mixed-citation>
				</ref>
				<ref id="ref-00011">
				<mixed-citation>Interagency Commission on Learning Disabilities. Learning <italic toggle="yes">Disabilities: A Report to the U.S. Congress</italic>. Government Printing Office, Washington DC, 1987.</mixed-citation>
				</ref>
				<ref id="ref-00012">
				<mixed-citation>International Dyslexia Association. Definition of dyslexia: http://interdys.org/DyslexiaDefinition.htm, 2011. Based in the initial definition of the Research Committee of the Orton Dyslexia Society, former name of the IDA, done in 1994.</mixed-citation>
				</ref>
				<ref id="ref-00013">
				<mixed-citation>I. Kriss and B. J. W. Evans. The relationship between dyslexia and Meares-Irlen Syndrome. <italic toggle="yes">Journal of Research in Reading</italic>, 28(3): 350--364, 2005.</mixed-citation>
				</ref>
				<ref id="ref-00014">
				<mixed-citation>M. P. Lewis, editor. <italic toggle="yes">Ethnologue: Languages of the World</italic>. SIL International, Dallas, Texas, sixteenth edition, 2009.</mixed-citation>
				</ref>
				<ref id="ref-00015">
				<mixed-citation>J. Logan. Dyslexic entrepreneurs: The incidence; their coping strategies and their business skills. <italic toggle="yes">Dyslexia</italic>, 15(4): 328--346, 2009.</mixed-citation>
				</ref>
				<ref id="ref-00016">
				<mixed-citation>Louise Tickle. Dyslexic entrepreneurs? Why they have a competitive edge, January 2015. www.theguardian.com.</mixed-citation>
				</ref>
				<ref id="ref-00017">
				<mixed-citation>G. R. Lyon. Toward a definition of dyslexia. <italic toggle="yes">Annals of Dyslexia</italic>, 45(1): 3--27, 1995.</mixed-citation>
				</ref>
				<ref id="ref-00018">
				<mixed-citation>G. R. Lyon, S. E. Shaywitz, and B. A. Shaywitz. A definition of dyslexia. <italic toggle="yes">Annals of Dyslexia</italic>, 53(1): 1--14, 2003.</mixed-citation>
				</ref>
				<ref id="ref-00019">
				<mixed-citation>J. E. McCarthy and S. J. Swierenga. What we know about dyslexia and web accessibility: a research review. <italic toggle="yes">Universal Access in the Information Society</italic>, 9: 147--152, June 2010. <pub-id pub-id-type="doi" xlink:href="10.1007/s10209-009-0160-5" assigning-authority="crossref">10.1007/s10209-009-0160-5</pub-id> <pub-id pub-id-type="doi" xlink:href="10.1007/s10209-009-0160-5" /></mixed-citation>
				</ref>
				<ref id="ref-00020">
				<mixed-citation>J. Nielsen. Lower-literacy users, 2012. Jakob Nielsen's Alertbox. http://www.useit.com/alertbox/20050314.html.</mixed-citation>
				</ref>
				<ref id="ref-00021">
				<mixed-citation>B. A. O'Brien, J. S. Mansfield, and G. E. Legge. The effect of print size on reading speed in dyslexia. <italic toggle="yes">Journal of Research in Reading</italic>, 28(3): 332--349, 2005.</mixed-citation>
				</ref>
				<ref id="ref-00022">
				<mixed-citation>D. Pollak. <italic toggle="yes">Dyslexia, the self and higher education: Learning life histories of students identified as dyslexic</italic>. Trentham Books Ltd, 2005.</mixed-citation>
				</ref>
				<ref id="ref-00023">
				<mixed-citation>L. Rello. <italic toggle="yes">DysWebxia. A Text Accessibility Model for People with Dyslexia</italic>. PhD thesis, Universitat Pompeu Fabra, 2014.</mixed-citation>
				</ref>
				<ref id="ref-00024">
				<mixed-citation>L. Rello and R. Baeza-Yates. The presence of English and Spanish dyslexia in the Web. <italic toggle="yes">New Review of Hypermedia and Multimedia</italic>, 8: 131--158, 2012. <pub-id pub-id-type="doi" xlink:href="10.1080/13614568.2012.721401" assigning-authority="crossref">10.1080/13614568.2012.721401</pub-id> <pub-id pub-id-type="doi" xlink:href="10.5555/2527365.2527367" /></mixed-citation>
				</ref>
				<ref id="ref-00025">
				<mixed-citation>L. Rello and R. Baeza-Yates. Good fonts for dyslexia. In <italic toggle="yes">Proc. ASSETS'13</italic>, Bellevue, Washington, USA, 2013. ACM Press. <pub-id pub-id-type="doi" xlink:href="10.1145/2513383.2513447" assigning-authority="crossref">10.1145/2513383.2513447</pub-id> <pub-id pub-id-type="doi" xlink:href="10.1145/2513383.2513447" /></mixed-citation>
				</ref>
				<ref id="ref-00026">
				<mixed-citation>L. Rello, R. Baeza-Yates, L. Dempere, and H. Saggion. Frequent words improve readability and short words improve understandability for people with dyslexia. In <italic toggle="yes">Proc. INTERACT '13</italic>, Cape Town, South Africa, 2013.</mixed-citation>
				</ref>
				<ref id="ref-00027">
				<mixed-citation>L. Rello and M. Ballesteros. Detecting readers with dyslexia using machine learning with eye tracking measures. In <italic toggle="yes">Proc. W4A '15</italic>, Florence, Italy, 2015. ACM. <pub-id pub-id-type="doi" xlink:href="10.1145/2745555.2746644" assigning-authority="crossref">10.1145/2745555.2746644</pub-id> <pub-id pub-id-type="doi" xlink:href="10.1145/2745555.2746644" /></mixed-citation>
				</ref>
				<ref id="ref-00028">
				<mixed-citation>L. Rello, G. Kanvinde, and R. Baeza-Yates. Layout guidelines for web text and a web service to improve accessibility for dyslexics. In <italic toggle="yes">Proc. W4A '12</italic>, Lyon, France, 2012. ACM Press. <pub-id pub-id-type="doi" xlink:href="10.1145/2207016.2207048" assigning-authority="crossref">10.1145/2207016.2207048</pub-id> <pub-id pub-id-type="doi" xlink:href="10.1145/2207016.2207048" /></mixed-citation>
				</ref>
				<ref id="ref-00029">
				<mixed-citation>L. Rello, M. Pielot, M. C. Marcos, and R. Carlini. Size matters (spacing not): 18 points for a dyslexic-friendly Wikipedia. In <italic toggle="yes">Proc. W4A '13</italic>, Rio de Janeiro, Brazil, 2013. <pub-id pub-id-type="doi" xlink:href="10.1145/2461121.2461125" assigning-authority="crossref">10.1145/2461121.2461125</pub-id> <pub-id pub-id-type="doi" xlink:href="10.1145/2461121.2461125" /></mixed-citation>
				</ref>
				<ref id="ref-00030">
				<mixed-citation>V. F. Santana, R. Oliveira, L. D. A. Almeida, and M. Ito. Firefixia: An accessibility web browser customization toolbar for people with dyslexia. In <italic toggle="yes">Proc. W4A '13</italic>, Rio de Janeiro, Brazil, 2013. <pub-id pub-id-type="doi" xlink:href="10.1145/2461121.2461137" assigning-authority="crossref">10.1145/2461121.2461137</pub-id> <pub-id pub-id-type="doi" xlink:href="10.1145/2461121.2461137" /></mixed-citation>
				</ref>
				<ref id="ref-00031">
				<mixed-citation>F. Serrano and S. Defior. Dyslexia speed problems in a transparent orthography. <italic toggle="yes">Annals of Dyslexia</italic>, 58(1): 81--95, 2008.</mixed-citation>
				</ref>
				<ref id="ref-00032">
				<mixed-citation>F. R. Vellutino, J. M. Fletcher, M. J. Snowling, and D. M. Scanlon. Specific reading disability (dyslexia): What have we learned in the past four decades? <italic toggle="yes">Journal of Child Psychology and Psychiatry</italic>, 45(1): 2--40, 2004.</mixed-citation>
				</ref>
				<ref id="ref-00033">
				<mixed-citation>World Health Organization. <italic toggle="yes">International statistical classification of diseases, injuries and causes of death (ICD-10)</italic>. World Health Organization, Geneva, 10th edition, 1993.</mixed-citation>
				</ref>
			</ref-list>
</back>
</book-part>
</book-part-wrapper>
