<?xml version="1.0" encoding="UTF-8"?>
<!DOCTYPE book-part-wrapper PUBLIC "-//NLM//DTD BITS Book Interchange DTD with OASIS and XHTML Tables v2.0 20151225//EN" "BITS-book-oasis2.dtd">
<book-part-wrapper xmlns:xlink="http://www.w3.org/1999/xlink" xmlns:mml="http://www.w3.org/1998/Math/MathML" xmlns:oasis="http://www.niso.org/standards/z39-96/ns/oasis-exchange/table" xmlns:xi="http://www.w3.org/2001/XInclude" xmlns:xsi="http://www.w3.org/2001/XMLSchema-instance" dtd-version="2.0" xml:lang="en" content-type="extended-abstract">
<collection-meta collection-type="book-series">
    <collection-id collection-id-type="doi">10.1145/acmconferences</collection-id>
    <title-group>
        <title>ACM Conferences</title>
    </title-group>
</collection-meta>
	<book-meta>
		<book-id book-id-type="acm-id">2745555</book-id>
		<book-id book-id-type="doi">10.1145/2745555</book-id>
		<book-title-group>
			<book-title>Proceedings of the 12th International Web for All Conference</book-title>
			<alt-title alt-title-type="acronym">W4A '15</alt-title>
		</book-title-group>
	</book-meta>
	<book-part xmlns:ali="http://www.niso.org/schemas/ali/1.0/" book-part-type="chapter" xml:lang="en">
		<book-part-meta>
			<book-part-id book-part-id-type="acm-id">2746673</book-part-id>
			<book-part-id book-part-id-type="doi">10.1145/2745555.2746673</book-part-id>
			<book-part-id book-part-id-type="article-no">36</book-part-id>
	<subj-group subj-group-type="ccs2012">
		<compound-subject>
			<compound-subject-part content-type="code">10003120.10003121.10003124.10010868</compound-subject-part>
			<compound-subject-part content-type="text">Human-centered computing~Human computer interaction (HCI)~Interaction paradigms~Web-based interaction</compound-subject-part>
			<compound-subject-part content-type="weight">500</compound-subject-part>
		</compound-subject>
		<compound-subject>
			<compound-subject-part content-type="code">10002951.10003317</compound-subject-part>
			<compound-subject-part content-type="text">Information systems~Information retrieval</compound-subject-part>
			<compound-subject-part content-type="weight">100</compound-subject-part>
		</compound-subject>
		<compound-subject>
			<compound-subject-part content-type="code">10003120.10003121</compound-subject-part>
			<compound-subject-part content-type="text">Human-centered computing~Human computer interaction (HCI)</compound-subject-part>
			<compound-subject-part content-type="weight">100</compound-subject-part>
		</compound-subject>
		<compound-subject>
			<compound-subject-part content-type="code">10002951.10003152</compound-subject-part>
			<compound-subject-part content-type="text">Information systems~Information storage systems</compound-subject-part>
			<compound-subject-part content-type="weight">100</compound-subject-part>
		</compound-subject>
		<compound-subject>
			<compound-subject-part content-type="code">10003456.10010927.10003616</compound-subject-part>
			<compound-subject-part content-type="text">Social and professional topics~User characteristics~People with disabilities</compound-subject-part>
			<compound-subject-part content-type="weight">100</compound-subject-part>
		</compound-subject>
		<compound-subject>
			<compound-subject-part content-type="code">10003456.10003457.10003580.10003587</compound-subject-part>
			<compound-subject-part content-type="text">Social and professional topics~Professional topics~Computing profession~Assistive technologies</compound-subject-part>
			<compound-subject-part content-type="weight">100</compound-subject-part>
		</compound-subject>
	</subj-group>
			<title-group>
				<title>Semiotics contributions to accessible interface design</title>
			</title-group>
<contrib-group>
   <contrib contrib-type="author" id="artseq-00001">
       <contrib-id contrib-id-type="person_id" authenticated="false">P5108203</contrib-id><contrib-id contrib-id-type="profile_id" authenticated="false">99658713929</contrib-id>
       <name name-style="western">
           <surname>Laitano</surname>
           <given-names>María Inés</given-names>
       </name>
	<aff>Paris 8 University, Saint-Denis, France</aff><aff><institution-wrap><institution-id institution-id-type="profile_id">60004885</institution-id></institution-wrap></aff>
	<email>ines.laitano@gmail.com</email>
	<role>Author</role>
   </contrib>
</contrib-group>
   <pub-date date-type="publication">
   <day>18</day>
   <month>05</month>
   <year>2015</year>
   </pub-date>
				<fpage>1</fpage>
				<lpage>2</lpage>
		<permissions>
			<copyright-year>2015</copyright-year>
			<copyright-holder>Owner/Author</copyright-holder>
			<license license-type="rightsretained">
			<license-p>Permission to make digital or hard copies of part or all of this work for personal or classroom use is granted without fee provided that copies are not made or distributed for profit or commercial advantage and that copies bear this notice and the full citation on the first page. Copyrights for third-party components of this work must be honored. For all other uses, contact the Owner/Author.</license-p>
			</license>
		</permissions>
		<self-uri content-type="pdf" xlink:href="2745555.2746673.pdf" />
	<abstract>
		<p>The aim of this research is to show that a semiotic approach, similar to those who have already been applied in the HCI field, may contribute to design accessible interfaces. Comparing design solutions from a WCAG approach and from a semiotic approach, we show how the latter can contribute to a real communicational accessibility.</p>
	</abstract>
<kwd-group>
<kwd>WCAG</kwd>
<kwd>interface design</kwd>
<kwd>semiotics of HCI</kwd>
</kwd-group>
<funding-group specific-use="FundRef">
	<award-group id="award1">
		<funding-source id="GS1">
			<institution-wrap>
			<institution>Paris 8 University</institution>
			</institution-wrap>
		</funding-source>
	</award-group>
</funding-group>
		<custom-meta-group>
		    <custom-meta>
		        <meta-name>rightslink</meta-name>
		        <meta-value>excluded</meta-value>
		    </custom-meta>
		</custom-meta-group>
		</book-part-meta>
		
	<back>
<ref-list specific-use="unparsed">
				<ref id="ref-00001">
				<mixed-citation>Andersen, P. B. 1992. Computer semiotics. Scandinavian Journal of Information systems. 4, (1992), 3--30.</mixed-citation>
				</ref>
				<ref id="ref-00002">
				<mixed-citation>Bootz, P. 2007. Éléments d'analyse de l'interface sémiotique des sites Web. Collaborer, Echanger, Inventer: Expériences de réseaux (Paris, 2007), 107--121.</mixed-citation>
				</ref>
				<ref id="ref-00003">
				<mixed-citation>Essential Components of Web Accessibility: 2005. http://www.w3.org/WAI/intro/components.php. Accessed: 2014-10-20.</mixed-citation>
				</ref>
				<ref id="ref-00004">
				<mixed-citation>Gaver, W. W. 1989. The SonicFinder: An interface that uses auditory icons. Human-Computer Interaction. 4, (1989), 67--94. <pub-id pub-id-type="doi" xlink:href="10.1207/s15327051hci0401_3" assigning-authority="crossref">10.1207/s15327051hci0401_3</pub-id> <pub-id pub-id-type="doi" xlink:href="10.1207/s15327051hci0401_3" /></mixed-citation>
				</ref>
				<ref id="ref-00005">
				<mixed-citation>Nadin, M. 1988. Interface Design: A Semiotic Paradigm. Semiotica. 69, 3--4 (1988), 269--302.</mixed-citation>
				</ref>
				<ref id="ref-00006">
				<mixed-citation>Pignier, N. and Drouillat, B. 2004. Penser le webdesign: modèles sémiotiques pour les projets multimédias. Editions L'Harmattan.</mixed-citation>
				</ref>
				<ref id="ref-00007">
				<mixed-citation>Schaeffer, P. 1967. Traité Des Objets Musicaux. Seuil.</mixed-citation>
				</ref>
				<ref id="ref-00008">
				<mixed-citation>Scolari, C. 2009. The sense of the interface: Applying semiotics to HCI research. Semiotica. 2009, 177 (2009), 1--27.</mixed-citation>
				</ref>
				<ref id="ref-00009">
				<mixed-citation>Scolari, C. A. 2001. Towards a semio-cognitive theory of Human-Computer Interaction. CHI '01 Extended Abstracts on Human Factors in Computing Systems (New York, 2001), 85--86. <pub-id pub-id-type="doi" xlink:href="10.1145/634067.634120" assigning-authority="crossref">10.1145/634067.634120</pub-id> <pub-id pub-id-type="doi" xlink:href="10.1145/634067.634120" /></mixed-citation>
				</ref>
				<ref id="ref-00010">
				<mixed-citation>Souchier, E. 1998. L'image du texte pour une théorie de l'énonciation éditoriale. Les cahiers de médiologie. 6, 2 (1998), 137--145.</mixed-citation>
				</ref>
				<ref id="ref-00011">
				<mixed-citation>De Souza, C. S. 2005. The semiotic engineering of human-computer interaction. MIT Press.</mixed-citation>
				</ref>
				<ref id="ref-00012">
				<mixed-citation>W3C 2008. Web Content Accessibility Guidelines (WCAG) 2.0.</mixed-citation>
				</ref>
			</ref-list>
</back>
</book-part>
</book-part-wrapper>
