<?xml version="1.0" encoding="UTF-8"?>
<!DOCTYPE book-part-wrapper PUBLIC "-//NLM//DTD BITS Book Interchange DTD with OASIS and XHTML Tables v2.0 20151225//EN" "BITS-book-oasis2.dtd">
<book-part-wrapper xmlns:xlink="http://www.w3.org/1999/xlink" xmlns:mml="http://www.w3.org/1998/Math/MathML" xmlns:oasis="http://www.niso.org/standards/z39-96/ns/oasis-exchange/table" xmlns:xi="http://www.w3.org/2001/XInclude" xmlns:xsi="http://www.w3.org/2001/XMLSchema-instance" dtd-version="2.0" xml:lang="en" content-type="extended-abstract">
<collection-meta collection-type="book-series">
    <collection-id collection-id-type="doi">10.1145/acmconferences</collection-id>
    <title-group>
        <title>ACM Conferences</title>
    </title-group>
</collection-meta>
	<book-meta>
		<book-id book-id-type="acm-id">2745555</book-id>
		<book-id book-id-type="doi">10.1145/2745555</book-id>
		<book-title-group>
			<book-title>Proceedings of the 12th International Web for All Conference</book-title>
			<alt-title alt-title-type="acronym">W4A '15</alt-title>
		</book-title-group>
	</book-meta>
	<book-part xmlns:ali="http://www.niso.org/schemas/ali/1.0/" book-part-type="chapter" xml:lang="en">
		<book-part-meta>
			<book-part-id book-part-id-type="acm-id">2746669</book-part-id>
			<book-part-id book-part-id-type="doi">10.1145/2745555.2746669</book-part-id>
			<book-part-id book-part-id-type="article-no">37</book-part-id>
	<subj-group subj-group-type="ccs2012">
		<compound-subject>
			<compound-subject-part content-type="code">10002951.10003227</compound-subject-part>
			<compound-subject-part content-type="text">Information systems~Information systems applications</compound-subject-part>
			<compound-subject-part content-type="weight">500</compound-subject-part>
		</compound-subject>
		<compound-subject>
			<compound-subject-part content-type="code">10002944.10011123.10011674</compound-subject-part>
			<compound-subject-part content-type="text">General and reference~Cross-computing tools and techniques~Performance</compound-subject-part>
			<compound-subject-part content-type="weight">100</compound-subject-part>
		</compound-subject>
		<compound-subject>
			<compound-subject-part content-type="code">10011007.10010940.10010992.10010998</compound-subject-part>
			<compound-subject-part content-type="text">Software and its engineering~Software organization and properties~Software functional properties~Formal methods</compound-subject-part>
			<compound-subject-part content-type="weight">100</compound-subject-part>
		</compound-subject>
		<compound-subject>
			<compound-subject-part content-type="code">10011007.10011074.10011099.10011693</compound-subject-part>
			<compound-subject-part content-type="text">Software and its engineering~Software creation and management~Software verification and validation~Empirical software validation</compound-subject-part>
			<compound-subject-part content-type="weight">100</compound-subject-part>
		</compound-subject>
		<compound-subject>
			<compound-subject-part content-type="code">10011007.10010940.10010992</compound-subject-part>
			<compound-subject-part content-type="text">Software and its engineering~Software organization and properties~Software functional properties</compound-subject-part>
			<compound-subject-part content-type="weight">100</compound-subject-part>
		</compound-subject>
		<compound-subject>
			<compound-subject-part content-type="code">10011007.10010940.10011003.10011002</compound-subject-part>
			<compound-subject-part content-type="text">Software and its engineering~Software organization and properties~Extra-functional properties~Software performance</compound-subject-part>
			<compound-subject-part content-type="weight">100</compound-subject-part>
		</compound-subject>
		<compound-subject>
			<compound-subject-part content-type="code">10003456.10003457.10003490.10003503.10003506</compound-subject-part>
			<compound-subject-part content-type="text">Social and professional topics~Professional topics~Management of computing and information systems~Software management~Software selection and adaptation</compound-subject-part>
			<compound-subject-part content-type="weight">100</compound-subject-part>
		</compound-subject>
	</subj-group>
			<title-group>
				<title>A4TV</title>
				<subtitle>assessing and ameliorating the accessibility of the ascending connected TV platforms</subtitle>
			</title-group>
<contrib-group>
   <contrib contrib-type="author" id="artseq-00001">
       <contrib-id contrib-id-type="person_id" authenticated="false">P5108204</contrib-id><contrib-id contrib-id-type="profile_id" authenticated="false">81448599750</contrib-id>
       <name name-style="western">
           <surname>Costa</surname>
           <given-names>Daniel</given-names>
       </name>
	<aff>Universidade de Lisboa, Lisboa, Portugal</aff><aff><institution-wrap><institution-id institution-id-type="profile_id">60106051</institution-id></institution-wrap></aff>
	<email>dancosta@di.fc.ul.pt</email>
	<role>Author</role>
   </contrib>
</contrib-group>
   <pub-date date-type="publication">
   <day>18</day>
   <month>05</month>
   <year>2015</year>
   </pub-date>
				<fpage>1</fpage>
				<lpage>2</lpage>
		<permissions>
			<copyright-year>2015</copyright-year>
			<copyright-holder>Owner/Author</copyright-holder>
			<license license-type="rightsretained">
			<license-p>Permission to make digital or hard copies of part or all of this work for personal or classroom use is granted without fee provided that copies are not made or distributed for profit or commercial advantage and that copies bear this notice and the full citation on the first page. Copyrights for third-party components of this work must be honored. For all other uses, contact the Owner/Author.</license-p>
			</license>
		</permissions>
		<self-uri content-type="pdf" xlink:href="2745555.2746669.pdf" />
	<abstract>
		<p>Connected Digital TV is an advanced broadcasting technology that provides a better experience in terms of picture and sound quality and enables multiple programming choices and interactive capabilities, while extending the reach of multimedia content by enabling access to Internet's multimedia content. Consumers perceive these benefits and are increasingly choosing Connected TV products: set-top boxes and TVs which have the capability to be connected to the Web. User motivation stems from the search for richer, more genuinely interactive experiences, of the type they are familiar with from Web browsing on home computers and Web applications on internet-enabled mobile devices. Given TV's reach, we envision the use of TV based applications by a wide range of the population, including people with different kinds of impairments. Thus, it is paramount to guarantee that everyone can access the same information in this medium. This paper describes the PhD's plan and the expected contributions to address this problem with special focus on visual impaired people.</p>
	</abstract>
<kwd-group>
<kwd>TV applications</kwd>
<kwd>WAI-ARIA</kwd>
<kwd>WCAG</kwd>
<kwd>accessibility</kwd>
<kwd>adaptation</kwd>
<kwd>assistive technologies</kwd>
<kwd>blind</kwd>
<kwd>evaluation methods</kwd>
<kwd>multimodality</kwd>
</kwd-group>
		<custom-meta-group>
		    <custom-meta>
		        <meta-name>rightslink</meta-name>
		        <meta-value>excluded</meta-value>
		    </custom-meta>
		</custom-meta-group>
		</book-part-meta>
		
	<back>
<ref-list specific-use="unparsed">
				<ref id="ref-00001">
				<mixed-citation>J. Coelho, C. Duarte, P. Biswas, and P. Langdon. Developing accessible tv applications. In <italic toggle="yes">The Proceedings of the 13th International ACM SIGACCESS Conference on Computers and Accessibility</italic>, ASSETS '11, pages 131--138, New York, NY, USA, 2011. ACM. <pub-id pub-id-type="doi" xlink:href="10.1145/2049536.2049561" assigning-authority="crossref">10.1145/2049536.2049561</pub-id> <pub-id pub-id-type="doi" xlink:href="10.1145/2049536.2049561" /></mixed-citation>
				</ref>
				<ref id="ref-00002">
				<mixed-citation>G. Epelde, X. Valencia, E. Carrasco, J. Posada, J. Abascal, U. Diaz-Orueta, I. Zinnikus, and C. Husodo-Schulz. Providing universally accessible interactive services through tv sets: Implementation and validation with elderly users. <italic toggle="yes">Multimedia Tools Appl.</italic>, 67(2): 497--528, Nov. 2013. <pub-id pub-id-type="doi" xlink:href="10.1007/s11042-011-0949-0" assigning-authority="crossref">10.1007/s11042-011-0949-0</pub-id> <pub-id pub-id-type="doi" xlink:href="10.1007/s11042-011-0949-0" /></mixed-citation>
				</ref>
				<ref id="ref-00003">
				<mixed-citation>M. Vigo, J. Brown, and V. Conway. Benchmarking web accessibility evaluation tools: Measuring the harm of sole reliance on automated tests. In <italic toggle="yes">Proceedings of the 10th International Cross-Disciplinary Conference on Web Accessibility</italic>, W4A '13, pages 1:1--1:10, New York, NY, USA, 2013. ACM. <pub-id pub-id-type="doi" xlink:href="10.1145/2461121.2461124" assigning-authority="crossref">10.1145/2461121.2461124</pub-id> <pub-id pub-id-type="doi" xlink:href="10.1145/2461121.2461124" /></mixed-citation>
				</ref>
			</ref-list>
</back>
</book-part>
</book-part-wrapper>
