<?xml version="1.0" encoding="UTF-8"?>
<!DOCTYPE book-part-wrapper PUBLIC "-//NLM//DTD BITS Book Interchange DTD with OASIS and XHTML Tables v2.0 20151225//EN" "BITS-book-oasis2.dtd">
<book-part-wrapper xmlns:xlink="http://www.w3.org/1999/xlink" xmlns:mml="http://www.w3.org/1998/Math/MathML" xmlns:oasis="http://www.niso.org/standards/z39-96/ns/oasis-exchange/table" xmlns:xi="http://www.w3.org/2001/XInclude" xmlns:xsi="http://www.w3.org/2001/XMLSchema-instance" dtd-version="2.0" xml:lang="en" content-type="research-article">
<collection-meta collection-type="book-series">
    <collection-id collection-id-type="doi">10.1145/acmconferences</collection-id>
    <title-group>
        <title>ACM Conferences</title>
    </title-group>
</collection-meta>
	<book-meta>
		<book-id book-id-type="acm-id">2745555</book-id>
		<book-id book-id-type="doi">10.1145/2745555</book-id>
		<book-title-group>
			<book-title>Proceedings of the 12th International Web for All Conference</book-title>
			<alt-title alt-title-type="acronym">W4A '15</alt-title>
		</book-title-group>
	</book-meta>
	<book-part xmlns:ali="http://www.niso.org/schemas/ali/1.0/" book-part-type="chapter" xml:lang="en">
		<book-part-meta>
			<book-part-id book-part-id-type="acm-id">2746658</book-part-id>
			<book-part-id book-part-id-type="doi">10.1145/2745555.2746658</book-part-id>
			<book-part-id book-part-id-type="article-no">4</book-part-id>
	<subj-group subj-group-type="ccs2012">
		<compound-subject>
			<compound-subject-part content-type="code">10003456.10010927.10003616</compound-subject-part>
			<compound-subject-part content-type="text">Social and professional topics~User characteristics~People with disabilities</compound-subject-part>
			<compound-subject-part content-type="weight">500</compound-subject-part>
		</compound-subject>
		<compound-subject>
			<compound-subject-part content-type="code">10003456.10003457.10003580.10003587</compound-subject-part>
			<compound-subject-part content-type="text">Social and professional topics~Professional topics~Computing profession~Assistive technologies</compound-subject-part>
			<compound-subject-part content-type="weight">500</compound-subject-part>
		</compound-subject>
		<compound-subject>
			<compound-subject-part content-type="code">10003456.10010927.10003616</compound-subject-part>
			<compound-subject-part content-type="text">Social and professional topics~User characteristics~People with disabilities</compound-subject-part>
			<compound-subject-part content-type="weight">100</compound-subject-part>
		</compound-subject>
		<compound-subject>
			<compound-subject-part content-type="code">10003456.10003457.10003580.10003587</compound-subject-part>
			<compound-subject-part content-type="text">Social and professional topics~Professional topics~Computing profession~Assistive technologies</compound-subject-part>
			<compound-subject-part content-type="weight">100</compound-subject-part>
		</compound-subject>
	</subj-group>
			<title-group>
				<title>Measuring text simplification with the crowd</title>
			</title-group>
<contrib-group>
   <contrib contrib-type="author" id="artseq-00001">
       <contrib-id contrib-id-type="person_id" authenticated="false">P5108097</contrib-id><contrib-id contrib-id-type="profile_id" authenticated="false">81490695200</contrib-id>
       <name name-style="western">
           <surname>Lasecki</surname>
           <given-names>Walter S.</given-names>
       </name>
	<aff>University of Rochester</aff><aff><institution-wrap><institution-id institution-id-type="profile_id">60027165</institution-id></institution-wrap></aff>
	<email>wlasecki@cs.rochester.edu</email>
	<role>Author</role>
   </contrib>
   <contrib contrib-type="author" id="artseq-00002">
       <contrib-id contrib-id-type="person_id" authenticated="false">P5108098</contrib-id><contrib-id contrib-id-type="profile_id" authenticated="false">81470642423</contrib-id>
       <name name-style="western">
           <surname>Rello</surname>
           <given-names>Luz</given-names>
       </name>
	<aff>Carnegie Mellon University</aff><aff><institution-wrap><institution-id institution-id-type="profile_id">60027950</institution-id></institution-wrap></aff>
	<email>luzrello@cs.cmu.edu</email>
	<role>Author</role>
   </contrib>
   <contrib contrib-type="author" id="artseq-00003">
       <contrib-id contrib-id-type="person_id" authenticated="false">P5108099</contrib-id><contrib-id contrib-id-type="profile_id" authenticated="false">81338487593</contrib-id>
       <name name-style="western">
           <surname>Bigham</surname>
           <given-names>Jeffrey P.</given-names>
       </name>
	<aff>Carnegie Mellon University</aff><aff><institution-wrap><institution-id institution-id-type="profile_id">60027950</institution-id></institution-wrap></aff>
	<email>jbigham@cs.cmu.edu</email>
	<role>Author</role>
   </contrib>
</contrib-group>
   <pub-date date-type="publication">
   <day>18</day>
   <month>05</month>
   <year>2015</year>
   </pub-date>
				<fpage>1</fpage>
				<lpage>9</lpage>
		<permissions>
			<copyright-year>2015</copyright-year>
			<copyright-holder>ACM</copyright-holder>
			<license license-type="acmlicensed">
			<license-p>Permission to make digital or hard copies of all or part of this work for personal or classroom use is granted without fee provided that copies are not made or distributed for profit or commercial advantage and that copies bear this notice and the full citation on the first page. Copyrights for components of this work owned by others than the author(s) must be honored. Abstracting with credit is permitted. To copy otherwise, or republish, to post on servers or to redistribute to lists, requires prior specific permission and/or a fee. Request permissions from Permissions@acm.org.</license-p>
			</license>
		</permissions>
		<self-uri content-type="pdf" xlink:href="2745555.2746658.pdf" />
	<abstract>
		<p>Text can often be complex and difficult to read, especially for people with cognitive impairments or low literacy skills. Text simplification is a process that reduces the complexity of both wording and structure in a sentence, while retaining its meaning. However, this is currently a challenging task for machines, and thus, providing effective on-demand text simplification to those who need it remains an unsolved problem. Even evaluating the simplicity of text remains a challenging problem for both computers, which cannot understand the meaning of text, and humans, who often struggle to agree on what constitutes a good simplification.</p> <p>This paper focuses on the evaluation of English text simplification using the crowd. We show that leveraging crowds can result in a collective decision that is accurate and converges to a consensus rating. Our results from 2,500 crowd annotations show that the crowd can effectively rate levels of simplicity. This may allow simplification systems and system builders to get better feedback about how well content is being simplified, as compared to standard measures which classify content into 'simplified' or 'not simplified' categories. Our study provides evidence that the crowd could be used to evaluate English text simplification, as well as to create simplified text in future work.</p>
	</abstract>
<kwd-group>
<kwd>NLP</kwd>
<kwd>accessibility</kwd>
<kwd>crowdsourcing</kwd>
<kwd>text simplification</kwd>
</kwd-group>
<funding-group specific-use="FundRef">
	<award-group id="award1">
		<funding-source id="GS1">
			<institution-wrap>
			<institution>Microsoft Research</institution>
			<institution-id institution-id-type="FundRef">http://dx.doi.org/10.13039/100006112</institution-id>
			</institution-wrap>
		</funding-source>
	</award-group>
	<award-group id="award2">
		<funding-source id="GS2">
			<institution-wrap>
			<institution>National Science Foundation</institution>
			<institution-id institution-id-type="FundRef">http://dx.doi.org/10.13039/100000001</institution-id>
			</institution-wrap>
		</funding-source>
		<award-id rid="GS2">#IIS-1116051</award-id>
	</award-group>
	<award-group id="award3">
		<funding-source id="GS3">
			<institution-wrap>
			<institution>Alfred P. Sloan Foundation</institution>
			<institution-id institution-id-type="FundRef">http://dx.doi.org/10.13039/100000879</institution-id>
			</institution-wrap>
		</funding-source>
	</award-group>
</funding-group>
		</book-part-meta>
		
	<back>
<ref-list specific-use="unparsed">
				<ref id="ref-00001">
				<mixed-citation>R. Artstein and M. Poesio. Inter-coder agreement for computational linguistics. <italic toggle="yes">Computational Linguistics</italic>, 34(4): 555--596, 2008. <pub-id pub-id-type="doi" xlink:href="10.1162/coli.07-034-R2" assigning-authority="crossref">10.1162/coli.07-034-R2</pub-id> <pub-id pub-id-type="doi" xlink:href="10.1162/coli.07-034-R2" /></mixed-citation>
				</ref>
				<ref id="ref-00002">
				<mixed-citation>A. D. Baddeley, N. Thomson, and M. Buchanan. Word length and the structure of short-term memory. <italic toggle="yes">Journal of verbal learning and verbal behavior</italic>, 14(6): 575--589, 1975.</mixed-citation>
				</ref>
				<ref id="ref-00003">
				<mixed-citation>R. Baeza-Yates, L. Rello, and J. Dembowski. A context-aware synonym simplification algorithm: Cassa. In <italic toggle="yes">Proc. NAACL '15</italic>, Denver, Colorado, USA, 2015. ACM.</mixed-citation>
				</ref>
				<ref id="ref-00004">
				<mixed-citation>M. S. Bernstein, J. Brandt, R. C. Miller, and D. R. Karger. Crowds in two seconds: Enabling realtime crowd-powered interfaces. In <italic toggle="yes">Proc. UIST '11</italic>, pages 33--42, New York, NY, USA, 2011. ACM. <pub-id pub-id-type="doi" xlink:href="10.1145/2047196.2047201" assigning-authority="crossref">10.1145/2047196.2047201</pub-id> <pub-id pub-id-type="doi" xlink:href="10.1145/2047196.2047201" /></mixed-citation>
				</ref>
				<ref id="ref-00005">
				<mixed-citation>M. S. Bernstein, D. R. Karger, R. C. Miller, and J. Brandt. Analytic methods for optimizing realtime crowdsourcing. <italic toggle="yes">CoRR</italic>, abs/1204.2995, 2012.</mixed-citation>
				</ref>
				<ref id="ref-00006">
				<mixed-citation>M. S. Bernstein, G. Little, R. C. Miller, B. Hartmann, M. S. Ackerman, D. R. Karger, D. Crowell, and K. Panovich. Soylent: A word processor with a crowd inside. In <italic toggle="yes">Proc. UIST '10</italic>, pages 313--322, New York, NY, USA, 2010. ACM. <pub-id pub-id-type="doi" xlink:href="10.1145/1866029.1866078" assigning-authority="crossref">10.1145/1866029.1866078</pub-id> <pub-id pub-id-type="doi" xlink:href="10.1145/1866029.1866078" /></mixed-citation>
				</ref>
				<ref id="ref-00007">
				<mixed-citation>J. P. Bigham, C. Jayant, H. Ji, G. Little, A. Miller, R. C. Miller, R. Miller, A. Tatarowicz, B. White, S. White, and T. Yeh. Vizwiz: Nearly real-time answers to visual questions. In <italic toggle="yes">Proceedings of the 23Nd Annual ACM Symposium on User Interface Software and Technology</italic>, UIST '10, pages 333--342, New York, NY, USA, 2010. ACM. <pub-id pub-id-type="doi" xlink:href="10.1145/1866029.1866080" assigning-authority="crossref">10.1145/1866029.1866080</pub-id> <pub-id pub-id-type="doi" xlink:href="10.1145/1866029.1866080" /></mixed-citation>
				</ref>
				<ref id="ref-00008">
				<mixed-citation>J. P. Bigham and R. E. Ladner. What the disability community can teach us about interactive crowdsourcing. <italic toggle="yes">interactions</italic>, 18(4): 78--81, July 2011. <pub-id pub-id-type="doi" xlink:href="10.1145/1978822.1978838" assigning-authority="crossref">10.1145/1978822.1978838</pub-id> <pub-id pub-id-type="doi" xlink:href="10.1145/1978822.1978838" /></mixed-citation>
				</ref>
				<ref id="ref-00009">
				<mixed-citation>O. Biran, S. Brody, and N. Elhadad. Putting it simply: a context-aware approach to lexical simplification. In <italic toggle="yes">Proc. ACL'11</italic>, pages 496--501, Portland, Oregon, USA, 2011. <pub-id pub-id-type="doi" xlink:href="10.5555/2002736.2002835" /></mixed-citation>
				</ref>
				<ref id="ref-00010">
				<mixed-citation>S. Bott, L. Rello, B. Drndarevic, and H. Saggion. Can Spanish be simpler? LexSiS: Lexical simplification for Spanish. In <italic toggle="yes">Proc. Coling '12</italic>, Mumbay, India, 2012.</mixed-citation>
				</ref>
				<ref id="ref-00011">
				<mixed-citation>C. Callison-Burch. Fast, cheap, and creative: Evaluating translation quality using amazon's mechanical turk. In <italic toggle="yes">Proc. EMNLP '09</italic>, pages 286--295, Stroudsburg, PA, USA, 2009. Association for Computational Linguistics. <pub-id pub-id-type="doi" xlink:href="10.5555/1699510.1699548" /></mixed-citation>
				</ref>
				<ref id="ref-00012">
				<mixed-citation>J. Carroll, G. Minnen, Y. Canning, S. Devlin, and J. Tait. Practical Simplification of English Newspaper Text to Assist Aphasic Readers. In <italic toggle="yes">Proc. of AAAI-98 Workshop on Integrating Artificial Intelligence and Assistive Technology</italic>, pages 7--10, 1998.</mixed-citation>
				</ref>
				<ref id="ref-00013">
				<mixed-citation>L. B. Chilton, G. Little, D. Edge, D. S. Weld, and J. A. Landay. Cascade: Crowdsourcing taxonomy creation. In <italic toggle="yes">Proc. CHI '13</italic>, pages 1999--2008, New York, NY, USA, 2013. ACM. <pub-id pub-id-type="doi" xlink:href="10.1145/2470654.2466265" assigning-authority="crossref">10.1145/2470654.2466265</pub-id> <pub-id pub-id-type="doi" xlink:href="10.1145/2470654.2466265" /></mixed-citation>
				</ref>
				<ref id="ref-00014">
				<mixed-citation>L. B. Chilton, C. T. Sims, M. Goldman, G. Little, and R. C. Miller. Seaweed: A web application for designing economic games. In <italic toggle="yes">Proceedings of the ACM SIGKDD Workshop on Human Computation</italic>, HCOMP '09, pages 34--35, New York, NY, USA, 2009. ACM. <pub-id pub-id-type="doi" xlink:href="10.1145/1600150.1600162" assigning-authority="crossref">10.1145/1600150.1600162</pub-id> <pub-id pub-id-type="doi" xlink:href="10.1145/1600150.1600162" /></mixed-citation>
				</ref>
				<ref id="ref-00015">
				<mixed-citation>K. Collins-Thompson. Computational assessment of text readability: A survey of current and future research (working draft), 2014.</mixed-citation>
				</ref>
				<ref id="ref-00016">
				<mixed-citation>S. Cooper, F. Khatib, A. Treuille, J. Barbero, J. Lee, M. Beenen, A. Leaver-Fay, D. Baker, Z. Popović, et al. Predicting protein structures with a multiplayer online game. <italic toggle="yes">Nature</italic>, 466(7307): 756--760, 2010.</mixed-citation>
				</ref>
				<ref id="ref-00017">
				<mixed-citation>S. Crossley, M. Louwerse, P. McCarthy, and D. McNamara. A linguistic analysis of simplified and authentic texts. <italic toggle="yes">The Modern Language Journal</italic>, 91(1): 15--30, 2007.</mixed-citation>
				</ref>
				<ref id="ref-00018">
				<mixed-citation>O. De Clercq, V. Hoste, B. Desmet, P. Van Oosten, M. De Cock, and L. Macken. Using the crowd for readability prediction. <italic toggle="yes">Natural Language Engineering</italic>, pages 1--33, 2013.</mixed-citation>
				</ref>
				<ref id="ref-00019">
				<mixed-citation>S. Devlin and G. Unthank. Helping aphasic people process online information. In <italic toggle="yes">Proc. ASSETS '06</italic>, pages 225--226. ACM, 2006. <pub-id pub-id-type="doi" xlink:href="10.1145/1168987.1169027" assigning-authority="crossref">10.1145/1168987.1169027</pub-id> <pub-id pub-id-type="doi" xlink:href="10.1145/1168987.1169027" /></mixed-citation>
				</ref>
				<ref id="ref-00020">
				<mixed-citation>W. H. Dubay. The principles of readability a brief introduction to readability research, 2004.</mixed-citation>
				</ref>
				<ref id="ref-00021">
				<mixed-citation>R. Evans, C. Orasan, and I. Dornescu. An evaluation of syntactic simplification rules for people with autism. In <italic toggle="yes">Proceedings of the 3rd Workshop on Predicting and Improving Text Readability for Target Reader Populations (PITR) at EACL</italic>, pages 131--140, 2014.</mixed-citation>
				</ref>
				<ref id="ref-00022">
				<mixed-citation>L. Feng, M. Jansche, M. Huenerfauth, and N. Elhadad. A comparison of features for automatic readability assessment. In <italic toggle="yes">Proc. ACL '10</italic>, pages 276--284. Association for Computational Linguistics, 2010. <pub-id pub-id-type="doi" xlink:href="10.5555/1944566.1944598" /></mixed-citation>
				</ref>
				<ref id="ref-00023">
				<mixed-citation>R. Flesch. A new readability yardstick. <italic toggle="yes">Journal of applied psychology</italic>, 32(3): 221, 1948.</mixed-citation>
				</ref>
				<ref id="ref-00024">
				<mixed-citation>G. Freyhoff, G. Hess, L. Kerr, E. Menzel, B. Tronbacke, and K. V. D. Veken. European guidelines for the production of easy-to-read information for people with learning disability, 1998.</mixed-citation>
				</ref>
				<ref id="ref-00025">
				<mixed-citation>C. Gasperin, E. Maziero, L. Specia, T. Pardo, and S. Aluisio. Natural language processing for social inclusion: a text simplification architecture for different literacy levels. <italic toggle="yes">the Proceedings of SEMISH--XXXVI Seminário Integrado de Software e Hardware</italic>, pages 387--401, 2009.</mixed-citation>
				</ref>
				<ref id="ref-00026">
				<mixed-citation>E. Gibson. Linguistic complexity: Locality of syntactic dependencies. <italic toggle="yes">Cognition</italic>, 68(1): 1--76, 1998.</mixed-citation>
				</ref>
				<ref id="ref-00027">
				<mixed-citation>R. Gunning. <italic toggle="yes">Technique of clear writing</italic>. McGraw-Hill, New York, 1952.</mixed-citation>
				</ref>
				<ref id="ref-00028">
				<mixed-citation>K. Inui, A. Fujita, T. Takahashi, R. Iida, and T. Iwakura. Text simplification for reading assistance: A project note. In <italic toggle="yes">Proceedings of the second international workshop on Paraphrasing-Volume 16</italic>, pages 9--16. Association for Computational Linguistics, 2003. <pub-id pub-id-type="doi" xlink:href="10.3115/1118984.1118986" assigning-authority="crossref">10.3115/1118984.1118986</pub-id> <pub-id pub-id-type="doi" xlink:href="10.3115/1118984.1118986" /></mixed-citation>
				</ref>
				<ref id="ref-00029">
				<mixed-citation>J. P. Kincaid, R. P. Fishburne Jr, R. L. Rogers, and B. S. Chissom. Derivation of new readability formulas (Automated Readability Index, Fog Count and Flesch Reading Ease Formula) for navy enlisted personnel. Technical report, DTIC Document, 1975.</mixed-citation>
				</ref>
				<ref id="ref-00030">
				<mixed-citation>W. Lasecki, C. Miller, A. Sadilek, A. Abumoussa, D. Borrello, R. Kushalnagar, and J. Bigham. Real-time captioning by groups of non-experts. In <italic toggle="yes">Proceedings of the 25th Annual ACM Symposium on User Interface Software and Technology</italic>, UIST '12, pages 23--34, New York, NY, USA, 2012. ACM. <pub-id pub-id-type="doi" xlink:href="10.1145/2380116.2380122" assigning-authority="crossref">10.1145/2380116.2380122</pub-id> <pub-id pub-id-type="doi" xlink:href="10.1145/2380116.2380122" /></mixed-citation>
				</ref>
				<ref id="ref-00031">
				<mixed-citation>W. S. Lasecki, K. I. Murray, S. White, R. C. Miller, and J. P. Bigham. Real-time crowd control of existing interfaces. In <italic toggle="yes">Proceedings of the 24th Annual ACM Symposium on User Interface Software and Technology</italic>, UIST '11, pages 23--32, New York, NY, USA, 2011. ACM. <pub-id pub-id-type="doi" xlink:href="10.1145/2047196.2047200" assigning-authority="crossref">10.1145/2047196.2047200</pub-id> <pub-id pub-id-type="doi" xlink:href="10.1145/2047196.2047200" /></mixed-citation>
				</ref>
				<ref id="ref-00032">
				<mixed-citation>W. S. Lasecki, P. Thiha, Y. Zhong, E. Brady, and J. P. Bigham. Answering visual questions with conversational crowd assistants. In <italic toggle="yes">Proceedings of the 15th International ACM SIGACCESS Conference on Computers and Accessibility</italic>, ASSETS '13, pages 18:1--18:8, New York, NY, USA, 2013. ACM. <pub-id pub-id-type="doi" xlink:href="10.1145/2513383.2517033" assigning-authority="crossref">10.1145/2513383.2517033</pub-id> <pub-id pub-id-type="doi" xlink:href="10.1145/2513383.2517033" /></mixed-citation>
				</ref>
				<ref id="ref-00033">
				<mixed-citation>W. S. Lasecki, L. Weingard, G. Ferguson, and J. P. Bigham. Finding dependencies between actions using the crowd. In <italic toggle="yes">Proceedings of the SIGCHI Conference on Human Factors in Computing Systems</italic>, CHI '14, pages 3095--3098, New York, NY, USA, 2014. ACM. <pub-id pub-id-type="doi" xlink:href="10.1145/2556288.2557176" assigning-authority="crossref">10.1145/2556288.2557176</pub-id> <pub-id pub-id-type="doi" xlink:href="10.1145/2556288.2557176" /></mixed-citation>
				</ref>
				<ref id="ref-00034">
				<mixed-citation>W. S. Lasecki, R. Wesley, J. Nichols, A. Kulkarni, J. F. Allen, and J. P. Bigham. Chorus: A crowd-powered conversational assistant. In <italic toggle="yes">Proceedings of the 26th Annual ACM Symposium on User Interface Software and Technology</italic>, UIST '13, pages 151--162, New York, NY, USA, 2013. ACM. <pub-id pub-id-type="doi" xlink:href="10.1145/2501988.2502057" assigning-authority="crossref">10.1145/2501988.2502057</pub-id> <pub-id pub-id-type="doi" xlink:href="10.1145/2501988.2502057" /></mixed-citation>
				</ref>
				<ref id="ref-00035">
				<mixed-citation>G. Little, L. B. Chilton, M. Goldman, and R. C. Miller. Turkit: Human computation algorithms on mechanical turk. In <italic toggle="yes">Proceedings of the 23Nd Annual ACM Symposium on User Interface Software and Technology</italic>, UIST '10, pages 57--66, New York, NY, USA, 2010. ACM. <pub-id pub-id-type="doi" xlink:href="10.1145/1866029.1866040" assigning-authority="crossref">10.1145/1866029.1866040</pub-id> <pub-id pub-id-type="doi" xlink:href="10.1145/1866029.1866040" /></mixed-citation>
				</ref>
				<ref id="ref-00036">
				<mixed-citation>D. Malvern and B. Richards. Measures of lexical richness. <italic toggle="yes">The Encyclopedia of Applied Linguistics</italic>, 2012.</mixed-citation>
				</ref>
				<ref id="ref-00037">
				<mixed-citation>G. H. McLaughlin. SMOG grading: A new readability formula. <italic toggle="yes">Journal of reading</italic>, 12(8): 639--646, 1969.</mixed-citation>
				</ref>
				<ref id="ref-00038">
				<mixed-citation>N. J. Minshew and G. Goldstein. Autism as a disorder of complex information processing. <italic toggle="yes">Mental Retardation and Developmental Disabilities Research Reviews</italic>, 4(2): 129--136, 1998.</mixed-citation>
				</ref>
				<ref id="ref-00039">
				<mixed-citation>U. Nations. Standard Rules on the Equalization of Opportunities for Persons with Disabilities, 1994.</mixed-citation>
				</ref>
				<ref id="ref-00040">
				<mixed-citation>C. Orasan, R. Evans, and I. Dornescu. <italic toggle="yes">Towards Multilingual Europe 2020: A Romanian Perspective</italic>, chapter Text Simplification for People with Autistic Spectrum Disorders, pages 287--312. Romanian Academy Publishing House, Bucharest, 2013.</mixed-citation>
				</ref>
				<ref id="ref-00041">
				<mixed-citation>D. Pellow and M. Eskenazi. An open corpus of everyday documents for simplification tasks. In <italic toggle="yes">Proceedings of the 3rd Workshop on Predicting and Improving Text Readability for Target Reader Populations (PITR)@ EACL</italic>, pages 84--93, 2014.</mixed-citation>
				</ref>
				<ref id="ref-00042">
				<mixed-citation>Plain Language Action and Information Network (PLAIN). <italic toggle="yes">Federal Plain Language Guidelines</italic>. US Government, 2011. http://www.plainlanguage.gov/.</mixed-citation>
				</ref>
				<ref id="ref-00043">
				<mixed-citation>L. Rello and R. Baeza-Yates. Evaluation of Dyswebxia: A reading app designed for people with dyslexia. In <italic toggle="yes">Proc. W4A '14</italic>, Seoul, Korea, 2014. <pub-id pub-id-type="doi" xlink:href="10.1145/2596695.2596697" assigning-authority="crossref">10.1145/2596695.2596697</pub-id> <pub-id pub-id-type="doi" xlink:href="10.1145/2596695.2596697" /></mixed-citation>
				</ref>
				<ref id="ref-00044">
				<mixed-citation>L. Rello, R. Baeza-Yates, S. Bott, and H. Saggion. Simplify or help? Text simplification strategies for people with dyslexia. In <italic toggle="yes">Proc. W4A '13</italic>, Rio de Janeiro, Brazil, 2013. <pub-id pub-id-type="doi" xlink:href="10.1145/2461121.2461126" assigning-authority="crossref">10.1145/2461121.2461126</pub-id> <pub-id pub-id-type="doi" xlink:href="10.1145/2461121.2461126" /></mixed-citation>
				</ref>
				<ref id="ref-00045">
				<mixed-citation>L. Rello, R. Baeza-Yates, L. Dempere, and H. Saggion. Frequent words improve readability and short words improve understandability for people with dyslexia. In <italic toggle="yes">Proc. INTERACT '13</italic>, Cape Town, South Africa, 2013.</mixed-citation>
				</ref>
				<ref id="ref-00046">
				<mixed-citation>L. Rello, S. Bautista, R. Baeza-Yates, P. Gervás, R. Hervás, and H. Saggion. One half or 50%? An eye-tracking study of number representation readability. In <italic toggle="yes">Proc. INTERACT '13</italic>, Cape Town, South Africa, 2013.</mixed-citation>
				</ref>
				<ref id="ref-00047">
				<mixed-citation>M. L. Rice, S. F. Warren, and S. K. Betz. Language symptoms of developmental language disorders: An overview of autism, down syndrome, fragile x, specific language impairment, and williams syndrome. <italic toggle="yes">Applied psycholinguistics</italic>, 26(01): 7--27, 2005.</mixed-citation>
				</ref>
				<ref id="ref-00048">
				<mixed-citation>H. Saggion, S. Štajner, S. Bott, S. Mille, L. Rello, and B. Drndarevic. Making it Simplext: Implementation and evaluation of a text simplification system for spanish. <italic toggle="yes">ACM Transactions on Accessible Computing (TACCESS)</italic>, In Press, 2015. <pub-id pub-id-type="doi" xlink:href="10.1145/2738046" assigning-authority="crossref">10.1145/2738046</pub-id> <pub-id pub-id-type="doi" xlink:href="10.1145/2738046" /></mixed-citation>
				</ref>
				<ref id="ref-00049">
				<mixed-citation>A. Siddharthan. Syntactic simplification and text cohesion. <italic toggle="yes">Research on Language and Computation</italic>, 4(1): 77--109, 2006.</mixed-citation>
				</ref>
				<ref id="ref-00050">
				<mixed-citation>F. Simmons and C. Singleton. The reading comprehension abilities of dyslexic students in higher education. <italic toggle="yes">Dyslexia</italic>, 6(3): 178--192, 2000.</mixed-citation>
				</ref>
				<ref id="ref-00051">
				<mixed-citation>R. Snow, B. O'Connor, D. Jurafsky, and A. Y. Ng. Cheap and fast---but is it good?: Evaluating non-expert annotations for natural language tasks. In <italic toggle="yes">Proc. EMNLP '08</italic>, pages 254--263, Stroudsburg, PA, USA, 2008. Association for Computational Linguistics. <pub-id pub-id-type="doi" xlink:href="10.5555/1613715.1613751" /></mixed-citation>
				</ref>
				<ref id="ref-00052">
				<mixed-citation>S. Tanaka, A. Jatowt, M. P. Kato, and K. Tanaka. Estimating content concreteness for finding comprehensible documents. In <italic toggle="yes">Proceedings of the sixth ACM international conference on Web search and data mining</italic>, pages 475--484. ACM, 2013. <pub-id pub-id-type="doi" xlink:href="10.1145/2433396.2433455" assigning-authority="crossref">10.1145/2433396.2433455</pub-id> <pub-id pub-id-type="doi" xlink:href="10.1145/2433396.2433455" /></mixed-citation>
				</ref>
				<ref id="ref-00053">
				<mixed-citation>L. von Ahn. <italic toggle="yes">Human Computation</italic>. PhD thesis, Carnegie Mellon University, Pittsburgh, PA, 2005. <pub-id pub-id-type="doi" xlink:href="10.5555/1168246" /></mixed-citation>
				</ref>
				<ref id="ref-00054">
				<mixed-citation>L. von Ahn and L. Dabbish. Labeling images with a computer game. In <italic toggle="yes">Proc. CHI '04</italic>, pages 319--326, New York, NY, USA, 2004. ACM. <pub-id pub-id-type="doi" xlink:href="10.1145/985692.985733" assigning-authority="crossref">10.1145/985692.985733</pub-id> <pub-id pub-id-type="doi" xlink:href="10.1145/985692.985733" /></mixed-citation>
				</ref>
				<ref id="ref-00055">
				<mixed-citation>S. Štajner, R. Evans, C. Orasan, and R. Mitkov. What can readability measures really tell us about text complexity. In <italic toggle="yes">Proceedings of the the Workshop on Natural Language Processing for Improving Textual Accessibility (NLP4ITA)</italic>, 2012.</mixed-citation>
				</ref>
				<ref id="ref-00056">
				<mixed-citation>S. Štajner, R. Mitkov, and H. Saggion. One step closer to automatic evaluation of text simplification systems. In <italic toggle="yes">Proceedings of the 3rd Workshop on Predicting and Improving Text Readability for Target Reader Populations (PITR)@ EACL</italic>, pages 1--10, 2014.</mixed-citation>
				</ref>
				<ref id="ref-00057">
				<mixed-citation>M. Yatskar, B. Pang, C. Danescu-Niculescu-Mizil, and L. Lee. For the sake of simplicity: Unsupervised extraction of lexical simplifications from Wikipedia. In <italic toggle="yes">Proc. ACL'10</italic>, pages 365--368, Uppsala, Sweden, 2010. <pub-id pub-id-type="doi" xlink:href="10.5555/1857999.1858055" /></mixed-citation>
				</ref>
				<ref id="ref-00058">
				<mixed-citation>H. Zhang, E. Law, R. Miller, K. Gajos, D. Parkes, and E. Horvitz. Human computation tasks with global constraints. In <italic toggle="yes">Proc. CHI '12</italic>, pages 217--226, New York, NY, USA, 2012. ACM. <pub-id pub-id-type="doi" xlink:href="10.1145/2207676.2207708" assigning-authority="crossref">10.1145/2207676.2207708</pub-id> <pub-id pub-id-type="doi" xlink:href="10.1145/2207676.2207708" /></mixed-citation>
				</ref>
			</ref-list>
</back>
</book-part>
</book-part-wrapper>
