<?xml version="1.0" encoding="UTF-8"?>
<!DOCTYPE book-part-wrapper PUBLIC "-//NLM//DTD BITS Book Interchange DTD with OASIS and XHTML Tables v2.0 20151225//EN" "BITS-book-oasis2.dtd">
<book-part-wrapper xmlns:xlink="http://www.w3.org/1999/xlink" xmlns:mml="http://www.w3.org/1998/Math/MathML" xmlns:oasis="http://www.niso.org/standards/z39-96/ns/oasis-exchange/table" xmlns:xi="http://www.w3.org/2001/XInclude" xmlns:xsi="http://www.w3.org/2001/XMLSchema-instance" dtd-version="2.0" xml:lang="en" content-type="extended-abstract">
<collection-meta collection-type="book-series">
    <collection-id collection-id-type="doi">10.1145/acmotherconferences</collection-id>
    <title-group>
        <title>ACM Other Conferences</title>
    </title-group>
</collection-meta>
	<book-meta>
		<book-id book-id-type="acm-id">2899475</book-id>
		<book-id book-id-type="doi">10.1145/2899475</book-id>
		<book-title-group>
			<book-title>Proceedings of the 13th International Web for All Conference</book-title>
			<alt-title alt-title-type="acronym">W4A '16</alt-title>
		</book-title-group>
	</book-meta>
	<book-part xmlns:ali="http://www.niso.org/schemas/ali/1.0/" book-part-type="chapter" xml:lang="en">
		<book-part-meta>
			<book-part-id book-part-id-type="acm-id">2899512</book-part-id>
			<book-part-id book-part-id-type="doi">10.1145/2899475.2899512</book-part-id>
			<book-part-id book-part-id-type="article-no">12</book-part-id>
	<subj-group subj-group-type="ccs2012">
		<compound-subject>
			<compound-subject-part content-type="code">10003120.10011738</compound-subject-part>
			<compound-subject-part content-type="text">Human-centered computing~Accessibility</compound-subject-part>
			<compound-subject-part content-type="weight">500</compound-subject-part>
		</compound-subject>
		<compound-subject>
			<compound-subject-part content-type="code">10003120.10011738.10011776</compound-subject-part>
			<compound-subject-part content-type="text">Human-centered computing~Accessibility~Accessibility systems and tools</compound-subject-part>
			<compound-subject-part content-type="weight">500</compound-subject-part>
		</compound-subject>
		<compound-subject>
			<compound-subject-part content-type="code">10010405.10010497.10010510.10010512</compound-subject-part>
			<compound-subject-part content-type="text">Applied computing~Document management and text processing~Document preparation~Markup languages</compound-subject-part>
			<compound-subject-part content-type="weight">500</compound-subject-part>
		</compound-subject>
		<compound-subject>
			<compound-subject-part content-type="code">10002951.10003260.10003309</compound-subject-part>
			<compound-subject-part content-type="text">Information systems~World Wide Web~Web data description languages</compound-subject-part>
			<compound-subject-part content-type="weight">500</compound-subject-part>
		</compound-subject>
		<compound-subject>
			<compound-subject-part content-type="code">10002951.10003260</compound-subject-part>
			<compound-subject-part content-type="text">Information systems~World Wide Web</compound-subject-part>
			<compound-subject-part content-type="weight">500</compound-subject-part>
		</compound-subject>
	</subj-group>
			<title-group>
				<title>Online nemeth braille input/output using content MathML</title>
			</title-group>
<contrib-group>
   <contrib contrib-type="author" id="artseq-00001">
       <contrib-id contrib-id-type="person_id" authenticated="false">P5762951</contrib-id><contrib-id contrib-id-type="profile_id" authenticated="false">81332496518</contrib-id>
       <name name-style="western">
           <surname>Dooley</surname>
           <given-names>Samuel S.</given-names>
       </name>
	<aff>Pearson</aff>
	<email>sam.dooley@pearson.com</email>
	<role>Author</role>
   </contrib>
   <contrib contrib-type="author" id="artseq-00002">
       <contrib-id contrib-id-type="person_id" authenticated="false">P5762952</contrib-id><contrib-id contrib-id-type="profile_id" authenticated="false">99659053738</contrib-id>
       <name name-style="western">
           <surname>Osterhaus</surname>
           <given-names>Susan</given-names>
       </name>
	<aff>Texas School for the Blind and Visually Impaired</aff>
	<email>osterhauss@tsbvi.edu</email>
	<role>Author</role>
   </contrib>
   <contrib contrib-type="author" id="artseq-00003">
       <contrib-id contrib-id-type="person_id" authenticated="false">P5762953</contrib-id><contrib-id contrib-id-type="profile_id" authenticated="false">99659054376</contrib-id>
       <name name-style="western">
           <surname>Brown</surname>
           <given-names>Dan</given-names>
       </name>
	<aff>Pearson</aff>
	<email>dan.brown@pearson.com</email>
	<role>Author</role>
   </contrib>
   <contrib contrib-type="author" id="artseq-00004">
       <contrib-id contrib-id-type="person_id" authenticated="false">P5762954</contrib-id><contrib-id contrib-id-type="profile_id" authenticated="false">99659053948</contrib-id>
       <name name-style="western">
           <surname>Lozano</surname>
           <given-names>Edgar</given-names>
       </name>
	<aff>Pearson</aff>
	<email>edgar.lozano@pearson.com</email>
	<role>Author</role>
   </contrib>
   <contrib contrib-type="author" id="artseq-00005">
       <contrib-id contrib-id-type="person_id" authenticated="false">P5762955</contrib-id><contrib-id contrib-id-type="profile_id" authenticated="false">99659053999</contrib-id>
       <name name-style="western">
           <surname>Park</surname>
           <given-names>Su H.</given-names>
       </name>
	<aff>Pearson</aff>
	<email>su.park@pearson.com</email>
	<role>Author</role>
   </contrib>
</contrib-group>
   <pub-date date-type="publication">
   <day>11</day>
   <month>04</month>
   <year>2016</year>
   </pub-date>
				<fpage>1</fpage>
				<lpage>2</lpage>
		<permissions>
			<copyright-year>2016</copyright-year>
			<copyright-holder>Owner/Author</copyright-holder>
			<license license-type="rightsretained">
			<license-p>Permission to make digital or hard copies of part or all of this work for personal or classroom use is granted without fee provided that copies are not made or distributed for profit or commercial advantage and that copies bear this notice and the full citation on the first page. Copyrights for third-party components of this work must be honored. For all other uses, contact the Owner/Author.</license-p>
			</license>
		</permissions>
		<self-uri content-type="pdf" xlink:href="2899475.2899512.pdf" />
	<abstract>
		<p>Access to high-quality braille materials for mathematical content is one of the most challenging obstacles faced by visually-impaired students. The need for visually-impaired students to communicate their work to sighted instructors often prevents them from participating in mainstream classrooms in STEM subjects. Backward translation from Nemeth Braille to print mathematics is a difficult and time-consuming process even for teachers of the visually impaired, who may not have an extensive understanding of the mathematical concepts underlying the notation.</p> <p>The goal of this current work is to provide a software system that supports the automatic generation of Nemeth Braille output, and the automatic backward translation of Nemeth Braille input, in the context of a WYSIWYG equation editor designed for sighted math users. This software lets a sighted math user, who need not know Nemeth Braille, produce high-quality braille materials for math in a fraction of the time, and at a fraction of the expense, of current best practices for print-to-braille translation. It also allows a Nemeth Braille user who is unable to access the printed form of an equation to produce high-quality print mathematical formulas in a fraction of the time, and at a fraction of the expense, of current best practices for braille-to-print translation.</p> <p>This software supports automatic, two-way conversion from printed math notation into Nemeth Braille, including reverse translation from Nemeth Braille into printed math notation. Using this software, a sighted user can communicate mathematics online and in real-time with a visually-impaired Nemeth Braille user. This kind of instantaneous interaction has the potential to reduce, or even eliminate, many of the communication barriers that inhibit visually-impaired students from participating in mainstream math and science classrooms.</p>
	</abstract>
<kwd-group>
<kwd>braille translation software</kwd>
<kwd>content MathML</kwd>
<kwd>equation editors</kwd>
<kwd>mathematical user interfaces</kwd>
<kwd>nemeth braille</kwd>
</kwd-group>
		<custom-meta-group>
		    <custom-meta>
		        <meta-name>rightslink</meta-name>
		        <meta-value>excluded</meta-value>
		    </custom-meta>
		</custom-meta-group>
		</book-part-meta>
		
	<back>
<ref-list specific-use="unparsed">
				<ref id="ref-00001">
				<mixed-citation>Dooley, S. S. 2002. Editing Mathematical Content and Presentation Markup in Interactive Mathematical Documents. In Mora, T., Ed., <italic toggle="yes">Proceedings of the 2002 International Symposium on Symbolic and Algebraic Computation</italic> (Lille, France, 07-10 July 2002). ISSAC 2002, ACM SIGSAM, ACM Press, pp. 55--62. <pub-id pub-id-type="doi" xlink:href="10.1145/780506.780514" assigning-authority="crossref">10.1145/780506.780514</pub-id> <pub-id pub-id-type="doi" xlink:href="10.1145/780506.780514" /></mixed-citation>
				</ref>
				<ref id="ref-00002">
				<mixed-citation>Dooley, S. S., Osterhaus S., Brown D., Lozano, E., and Park, S. H. 2016. Real-time Online Two-way Braille-to-Print Mathematical Communication. To be presented at the 31st Annual International Technology and Persons with Disabilities Conference (San Diego, CA, 23-25 March 2016). CSUN 2016.</mixed-citation>
				</ref>
			</ref-list>
</back>
</book-part>
</book-part-wrapper>
