<?xml version="1.0" encoding="UTF-8"?>
<!DOCTYPE book-part-wrapper PUBLIC "-//NLM//DTD BITS Book Interchange DTD with OASIS and XHTML Tables v2.0 20151225//EN" "BITS-book-oasis2.dtd">
<book-part-wrapper xmlns:xlink="http://www.w3.org/1999/xlink" xmlns:mml="http://www.w3.org/1998/Math/MathML" xmlns:oasis="http://www.niso.org/standards/z39-96/ns/oasis-exchange/table" xmlns:xi="http://www.w3.org/2001/XInclude" xmlns:xsi="http://www.w3.org/2001/XMLSchema-instance" dtd-version="2.0" xml:lang="en" content-type="extended-abstract">
<collection-meta collection-type="book-series">
    <collection-id collection-id-type="doi">10.1145/acmotherconferences</collection-id>
    <title-group>
        <title>ACM Other Conferences</title>
    </title-group>
</collection-meta>
	<book-meta>
		<book-id book-id-type="acm-id">2899475</book-id>
		<book-id book-id-type="doi">10.1145/2899475</book-id>
		<book-title-group>
			<book-title>Proceedings of the 13th International Web for All Conference</book-title>
			<alt-title alt-title-type="acronym">W4A '16</alt-title>
		</book-title-group>
	</book-meta>
	<book-part xmlns:ali="http://www.niso.org/schemas/ali/1.0/" book-part-type="chapter" xml:lang="en">
		<book-part-meta>
			<book-part-id book-part-id-type="acm-id">2899503</book-part-id>
			<book-part-id book-part-id-type="doi">10.1145/2899475.2899503</book-part-id>
			<book-part-id book-part-id-type="article-no">25</book-part-id>
			<title-group>
				<title>DysMusic</title>
				<subtitle>detecting dyslexia by web-based games with music elements: doctoral consortium</subtitle>
			</title-group>
<contrib-group>
   <contrib contrib-type="author" id="artseq-00001">
       <contrib-id contrib-id-type="person_id" authenticated="false">P5762980</contrib-id><contrib-id contrib-id-type="profile_id" authenticated="false">99658757897</contrib-id>
       <name name-style="western">
           <surname>Rauschenberger</surname>
           <given-names>Maria</given-names>
       </name>
	<aff>Universitat Pompeu Fabra, Barcelona, Spain</aff><aff><institution-wrap><institution-id institution-id-type="profile_id">60032942</institution-id></institution-wrap></aff>
	<email>maria.rauschenberger@upf.edu</email>
	<role>Author</role>
   </contrib>
</contrib-group>
   <pub-date date-type="publication">
   <day>11</day>
   <month>04</month>
   <year>2016</year>
   </pub-date>
				<fpage>1</fpage>
				<lpage>2</lpage>
		<permissions>
			<copyright-year>2016</copyright-year>
			<copyright-holder>Owner/Author</copyright-holder>
			<license license-type="rightsretained">
			<license-p>Permission to make digital or hard copies of part or all of this work for personal or classroom use is granted without fee provided that copies are not made or distributed for profit or commercial advantage and that copies bear this notice and the full citation on the first page. Copyrights for third-party components of this work must be honored. For all other uses, contact the Owner/Author.</license-p>
			</license>
		</permissions>
		<self-uri content-type="pdf" xlink:href="2899475.2899503.pdf" />
	<abstract>
		<p>The aim of this research is to show that a playful approach combined with music can detect children with dyslexia. Early detection will prevent children from suffering in school until they are detected due to bad grades. Our envisioned web application will contribute to 10% of the population by giving them a chance to succeed in life and find their skills to impress the world.</p>
	</abstract>
<kwd-group>
<kwd>detection</kwd>
<kwd>dyslexia</kwd>
<kwd>gamification</kwd>
<kwd>learning</kwd>
<kwd>serious games</kwd>
<kwd>web-based assessment</kwd>
</kwd-group>
		<custom-meta-group>
		    <custom-meta>
		        <meta-name>rightslink</meta-name>
		        <meta-value>excluded</meta-value>
		    </custom-meta>
		</custom-meta-group>
		</book-part-meta>
		
	<back>
<ref-list specific-use="unparsed">
				<ref id="ref-00001">
				<mixed-citation>G. Esser, A. Wyschkon, and M. Schmidt. Was wird aus achtjährigen mit einer lese- und rechtschreibstörung? ergebnisse im alter von 25 jahren. <italic toggle="yes">Zeitschrift für Klinische Psychologie und Psychotherapie</italic>, 4:235--242, 2002.</mixed-citation>
				</ref>
				<ref id="ref-00002">
				<mixed-citation>B. I. für frühkindliche Entwicklung. Lese-rechtschreibsschwierigkeiten (lrs). http://www.bielefelder-institut.de/lese-rechtschreib-schwierigkeiten.html#1, 2016. {Online; accessed 09-March-2016}.</mixed-citation>
				</ref>
				<ref id="ref-00003">
				<mixed-citation>A. Höinghaus and F. Schönweiss. Ampelsignale zeigen förderbedarf -- bundesweite lisa-bildungskampagne. http://www.lernserver.de/fileadmin/sitedata/pdfs/LISA_Kampagne_PM280710.pdf, 2010. {Online; accessed 09-March-2016}.</mixed-citation>
				</ref>
				<ref id="ref-00004">
				<mixed-citation>H. Lyytinen, J. Erskine, J. Kujala, E. Ojanen, and U. Richardson. In search of a science-based application: A learning tool for reading acquisition. <italic toggle="yes">Scandinavian Journal of Psychology</italic>, 50(6):668--675, 2009.</mixed-citation>
				</ref>
				<ref id="ref-00005">
				<mixed-citation>K. Overy. Dyslexia, Temporal Processing and Music: The Potential of Music as an Early Learning Aid for Dyslexic Children. <italic toggle="yes">Psychology of Music</italic>, 28(2):218--229, oct 2000.</mixed-citation>
				</ref>
				<ref id="ref-00006">
				<mixed-citation>M. Rauschenberger, S. Füchsel, L. Rello, C. Bayarri, and A. Gòrriz. A game to target the spelling of german children with dyslexia. In <italic toggle="yes">Proc. ASSETS'15</italic>, Lisbon, Portugal, 2015. <pub-id pub-id-type="doi" xlink:href="10.1145/2700648.2811345" assigning-authority="crossref">10.1145/2700648.2811345</pub-id> <pub-id pub-id-type="doi" xlink:href="10.1145/2700648.2811345" /></mixed-citation>
				</ref>
				<ref id="ref-00007">
				<mixed-citation>M. Rauschenberger, S. Füchsel, L. Rello, C. Bayarri, and J. Thomaschewski. Exercises for german-speaking children with dyslexia. In <italic toggle="yes">Proc. INTERACT'15</italic>, Bamberg, Germany, 2015.</mixed-citation>
				</ref>
				<ref id="ref-00008">
				<mixed-citation>L. Rello and R. Baeza-Yates. The presence of English and Spanish dyslexia in the Web. <italic toggle="yes">New Review of Hypermedia and Multimedia</italic>, 8:131--158, 2012.</mixed-citation>
				</ref>
				<ref id="ref-00009">
				<mixed-citation>L. Rello, M. Ballesteros, A. Ali, M. Serra, D. Alarcón, and J. P. Bigham. Dytective: Diagnosing risk of dyslexia with a game. In <italic toggle="yes">Proc. Pervasive Health'16</italic>, Cancun, Mexico, 2016.</mixed-citation>
				</ref>
				<ref id="ref-00010">
				<mixed-citation>L. Rello, C. Bayarri, Y. Otal, and M. Pielot. A Computer-based Method to Improve the Spelling of Children with Dyslexia. In <italic toggle="yes">Proc. ASSETS'14</italic>, ASSETS '14, pages 153--160, New York, USA, 2014. <pub-id pub-id-type="doi" xlink:href="10.1145/2661334.2661373" assigning-authority="crossref">10.1145/2661334.2661373</pub-id> <pub-id pub-id-type="doi" xlink:href="10.1145/2661334.2661373" /></mixed-citation>
				</ref>
				<ref id="ref-00011">
				<mixed-citation>L. Rello, K. Williams, A. Ali, N. Cushen White, and J. P. Bigham. Dytective: Towards detecting dyslexia across languagesusing an online game. In <italic toggle="yes">Proc. W4A'16</italic>, Montreal, Canada, 2016. ACM Press. <pub-id pub-id-type="doi" xlink:href="10.1145/2899475.2899491" assigning-authority="crossref">10.1145/2899475.2899491</pub-id> <pub-id pub-id-type="doi" xlink:href="10.1145/2899475.2899491" /></mixed-citation>
				</ref>
				<ref id="ref-00012">
				<mixed-citation>D. Ziegler, E. D. Rossmann, and O. Kaczmarek. 7,5 millionen funktionale analphabeten sind ein armutszeugnis für deutschland | spd-bundestagsfraktion. http://goo.gl/QBM3M1, 2012. {Online; accessed 09-March-2016}.</mixed-citation>
				</ref>
			</ref-list>
</back>
</book-part>
</book-part-wrapper>
