<?xml version="1.0" encoding="UTF-8"?>
<!DOCTYPE book-part-wrapper PUBLIC "-//NLM//DTD BITS Book Interchange DTD with OASIS and XHTML Tables v2.0 20151225//EN" "BITS-book-oasis2.dtd">
<book-part-wrapper xmlns:xlink="http://www.w3.org/1999/xlink" xmlns:mml="http://www.w3.org/1998/Math/MathML" xmlns:oasis="http://www.niso.org/standards/z39-96/ns/oasis-exchange/table" xmlns:xi="http://www.w3.org/2001/XInclude" xmlns:xsi="http://www.w3.org/2001/XMLSchema-instance" dtd-version="2.0" xml:lang="en" content-type="short-paper">
<collection-meta collection-type="book-series">
    <collection-id collection-id-type="doi">10.1145/acmotherconferences</collection-id>
    <title-group>
        <title>ACM Other Conferences</title>
    </title-group>
</collection-meta>
	<book-meta>
		<book-id book-id-type="acm-id">2899475</book-id>
		<book-id book-id-type="doi">10.1145/2899475</book-id>
		<book-title-group>
			<book-title>Proceedings of the 13th International Web for All Conference</book-title>
			<alt-title alt-title-type="acronym">W4A '16</alt-title>
		</book-title-group>
	</book-meta>
	<book-part xmlns:ali="http://www.niso.org/schemas/ali/1.0/" book-part-type="chapter" xml:lang="en">
		<book-part-meta>
			<book-part-id book-part-id-type="acm-id">2899498</book-part-id>
			<book-part-id book-part-id-type="doi">10.1145/2899475.2899498</book-part-id>
			<book-part-id book-part-id-type="article-no">6</book-part-id>
	<subj-group subj-group-type="ccs2012">
		<compound-subject>
			<compound-subject-part content-type="code">10003120.10011738.10011773</compound-subject-part>
			<compound-subject-part content-type="text">Human-centered computing~Accessibility~Empirical studies in accessibility</compound-subject-part>
			<compound-subject-part content-type="weight">500</compound-subject-part>
		</compound-subject>
		<compound-subject>
			<compound-subject-part content-type="code">10003120.10003121.10003124.10010868</compound-subject-part>
			<compound-subject-part content-type="text">Human-centered computing~Human computer interaction (HCI)~Interaction paradigms~Web-based interaction</compound-subject-part>
			<compound-subject-part content-type="weight">500</compound-subject-part>
		</compound-subject>
		<compound-subject>
			<compound-subject-part content-type="code">10003120.10003121.10011748</compound-subject-part>
			<compound-subject-part content-type="text">Human-centered computing~Human computer interaction (HCI)~Empirical studies in HCI</compound-subject-part>
			<compound-subject-part content-type="weight">500</compound-subject-part>
		</compound-subject>
	</subj-group>
			<title-group>
				<title>Development technologies impact in web accessibility</title>
			</title-group>
<contrib-group>
   <contrib contrib-type="author" id="artseq-00001">
       <contrib-id contrib-id-type="person_id" authenticated="false">P5762927</contrib-id><contrib-id contrib-id-type="profile_id" authenticated="false">81100217667</contrib-id>
       <name name-style="western">
           <surname>Duarte</surname>
           <given-names>Carlos</given-names>
       </name>
	<aff>Universidade de Lisboa, Lisboa, Portugal</aff><aff><institution-wrap><institution-id institution-id-type="profile_id">60106051</institution-id></institution-wrap></aff>
	<email>caduarte@fc.ul.pt</email>
	<role>Author</role>
   </contrib>
   <contrib contrib-type="author" id="artseq-00002">
       <contrib-id contrib-id-type="person_id" authenticated="false">P5762928</contrib-id><contrib-id contrib-id-type="profile_id" authenticated="false">81375619238</contrib-id>
       <name name-style="western">
           <surname>Matos</surname>
           <given-names>Inês</given-names>
       </name>
	<aff>Universidade de Lisboa, Lisboa, Portugal</aff><aff><institution-wrap><institution-id institution-id-type="profile_id">60106051</institution-id></institution-wrap></aff>
	<email>imatos@lasige.di.fc.ul.pt</email>
	<role>Author</role>
   </contrib>
   <contrib contrib-type="author" id="artseq-00003">
       <contrib-id contrib-id-type="person_id" authenticated="false">P5762929</contrib-id><contrib-id contrib-id-type="profile_id" authenticated="false">99659053554</contrib-id>
       <name name-style="western">
           <surname>Vicente</surname>
           <given-names>João</given-names>
       </name>
	<aff>Universidade de Lisboa, Lisboa, Portugal</aff><aff><institution-wrap><institution-id institution-id-type="profile_id">60106051</institution-id></institution-wrap></aff>
	<email>jvicente@lasige.di.fc.ul.pt</email>
	<role>Author</role>
   </contrib>
   <contrib contrib-type="author" id="artseq-00004">
       <contrib-id contrib-id-type="person_id" authenticated="false">P5762930</contrib-id><contrib-id contrib-id-type="profile_id" authenticated="false">99659053921</contrib-id>
       <name name-style="western">
           <surname>Salvado</surname>
           <given-names>Ana</given-names>
       </name>
	<aff>Universidade de Lisboa, Lisboa, Portugal</aff><aff><institution-wrap><institution-id institution-id-type="profile_id">60106051</institution-id></institution-wrap></aff>
	<email>asalvado@lasige.di.fc.ul.pt</email>
	<role>Author</role>
   </contrib>
   <contrib contrib-type="author" id="artseq-00005">
       <contrib-id contrib-id-type="person_id" authenticated="false">P5762931</contrib-id><contrib-id contrib-id-type="profile_id" authenticated="false">99659053979</contrib-id>
       <name name-style="western">
           <surname>Duarte</surname>
           <given-names>Carlos M.</given-names>
       </name>
	<aff>Universidade de Lisboa, Lisboa, Portugal</aff><aff><institution-wrap><institution-id institution-id-type="profile_id">60106051</institution-id></institution-wrap></aff>
	<email>cduarte@lasige.di.fc.ul.pt</email>
	<role>Author</role>
   </contrib>
   <contrib contrib-type="author" id="artseq-00006">
       <contrib-id contrib-id-type="person_id" authenticated="false">P5762932</contrib-id><contrib-id contrib-id-type="profile_id" authenticated="false">81100160018</contrib-id>
       <name name-style="western">
           <surname>Carriço</surname>
           <given-names>Luís</given-names>
       </name>
	<aff>Universidade de Lisboa, Lisboa, Portugal</aff><aff><institution-wrap><institution-id institution-id-type="profile_id">60106051</institution-id></institution-wrap></aff>
	<email>lmcarrico@fc.ul.pt</email>
	<role>Author</role>
   </contrib>
</contrib-group>
   <pub-date date-type="publication">
   <day>11</day>
   <month>04</month>
   <year>2016</year>
   </pub-date>
				<fpage>1</fpage>
				<lpage>4</lpage>
		<permissions>
			<copyright-year>2016</copyright-year>
			<copyright-holder>ACM</copyright-holder>
			<license license-type="acmlicensed">
			<license-p>Permission to make digital or hard copies of all or part of this work for personal or classroom use is granted without fee provided that copies are not made or distributed for profit or commercial advantage and that copies bear this notice and the full citation on the first page. Copyrights for components of this work owned by others than the author(s) must be honored. Abstracting with credit is permitted. To copy otherwise, or republish, to post on servers or to redistribute to lists, requires prior specific permission and/or a fee. Request permissions from Permissions@acm.org.</license-p>
			</license>
		</permissions>
		<self-uri content-type="pdf" xlink:href="2899475.2899498.pdf" />
	<abstract>
		<p>This paper presents a study assessing the effect of development technology choices on the accessibility quality of web pages. We used an off-the-shelf tool to identify technologies over a set of 1669 pages, each from a different domain. We have focused, in particular, in programming languages, Web and JavaScript frameworks, and content management systems categories. Simultaneously, we used an automatic accessibility evaluation tool to assess the accessibility of those pages. The study shows statistical evidence that some technologies lead to more accessible pages, within all categories.</p>
	</abstract>
<kwd-group>
<kwd>automatic evaluation</kwd>
<kwd>web accessibility</kwd>
<kwd>web technologies</kwd>
</kwd-group>
<funding-group specific-use="FundRef">
	<award-group id="award1">
		<funding-source id="GS1">
			<institution-wrap>
			<institution>Fundação para a Ciência e a Tecnologia</institution>
			<institution-id institution-id-type="FundRef">http://dx.doi.org/10.13039/501100001871</institution-id>
			</institution-wrap>
		</funding-source>
		<award-id rid="GS1">PEst- OE/EEI/UI0408/2014</award-id>
	</award-group>
</funding-group>
		</book-part-meta>
		
	<back>
<ref-list specific-use="unparsed">
				<ref id="ref-00001">
				<mixed-citation>Brown, J; and Hollier, S. 2015. The challenges of Web accessibility: The technical and social aspects of a truly universal Web. ISSN 13960466. Retrieved from: http://journals.uic.edu/ojs/index.php/fm/article/view/6165. Date accessed: 15 Jan. 2016.</mixed-citation>
				</ref>
				<ref id="ref-00002">
				<mixed-citation>Caldwell, B., Cooper, M., Reid, L. G., and Vanderheiden, G. Web Content Accessibility Guidelines (WCAG) 2.0. 2008. Retrieved from http://www.w3.org/TR/WCAG20/. Date accessed: 15 Jan. 2016.</mixed-citation>
				</ref>
				<ref id="ref-00003">
				<mixed-citation>Casteleyn, S., Garrig'os, I., and Maz'on, J.-N. 2014. Ten Years of Rich Internet Applications: A Systematic Mapping Study, and Beyond. ACM Trans. Web 8, 3, Article 18 (July 2014), 46 pages. DOI=10.1145/2626369. <pub-id pub-id-type="doi" xlink:href="10.1145/2626369" assigning-authority="crossref">10.1145/2626369</pub-id> <pub-id pub-id-type="doi" xlink:href="10.1145/2626369" /></mixed-citation>
				</ref>
				<ref id="ref-00004">
				<mixed-citation>European Commission 2012. Study on economic assessment for improving e-accessibility services and products. Final report. SMART 2009-0072, Technoside, Tech4i2, AbilityNet, and NOVA on eAccessibility impacts. Retrieved from http://www.eaccessibility-impacts.eu/. Date accessed: 10 Feb. 2016.</mixed-citation>
				</ref>
				<ref id="ref-00005">
				<mixed-citation>European Commission 2013. Study on assessing and promoting e-accessibility. ISBN: 978-92-79-33183-1. DOI=10.2759/33027.</mixed-citation>
				</ref>
				<ref id="ref-00006">
				<mixed-citation>Fernandes, N., Batista, A. S., Costa, D., Duarte, C., and Carriço, L. 2013. Three web accessibility evaluation perspectives for RIA. In Proceedings of the 10th International Cross-Disciplinary Conference on Web Accessibility (W4A '13). ACM, New York, NY, USA, Article 12. DOI= 10.1145/2461121.2461122. <pub-id pub-id-type="doi" xlink:href="10.1145/2461121.2461122" assigning-authority="crossref">10.1145/2461121.2461122</pub-id> <pub-id pub-id-type="doi" xlink:href="10.1145/2461121.2461122" /></mixed-citation>
				</ref>
				<ref id="ref-00007">
				<mixed-citation>Fernandes, N., Costa, D., Neves, S., Duarte, C., and Carriço, L. 2012. Evaluating the accessibility of rich internet applications. In Proceedings of the 9th International Cross-Disciplinary Conference on Web Accessibility (W4A '12). ACM, New York, NY, USA, Article 13. DOI=10.1145/2207016.2207019. <pub-id pub-id-type="doi" xlink:href="10.1145/2207016.2207019" assigning-authority="crossref">10.1145/2207016.2207019</pub-id> <pub-id pub-id-type="doi" xlink:href="10.1145/2207016.2207019" /></mixed-citation>
				</ref>
				<ref id="ref-00008">
				<mixed-citation>Fernandes, N., Guerreiro, T., Marques, D., and Carriço, L. 2015. Optimus web: selective delivery of desktop or mobile web pages. In Proceedings of the 12th Web for All Conference (W4A '15). ACM, New York, NY, USA, Article 20, 4 pages. DOI=10.1145/2745555.2746668. <pub-id pub-id-type="doi" xlink:href="10.1145/2745555.2746668" assigning-authority="crossref">10.1145/2745555.2746668</pub-id> <pub-id pub-id-type="doi" xlink:href="10.1145/2745555.2746668" /></mixed-citation>
				</ref>
				<ref id="ref-00009">
				<mixed-citation>Harper, S. and Yesilada, Y. <italic toggle="yes">Web Accessibility</italic>. Springer, London, 2008.</mixed-citation>
				</ref>
				<ref id="ref-00010">
				<mixed-citation>Lopes, R., and Carriço, L. 2010. Macroscopic characterisations of Web accessibility. New Review of Hypermedia and Multimedia, 16, 3. DOI=10.1080/13614568.2010.534185. <pub-id pub-id-type="doi" xlink:href="10.1080/13614568.2010.534185" assigning-authority="crossref">10.1080/13614568.2010.534185</pub-id> <pub-id pub-id-type="doi" xlink:href="10.1080/13614568.2010.534185" /></mixed-citation>
				</ref>
				<ref id="ref-00011">
				<mixed-citation>Petrie, H., Badani, A., &amp; Bhalla, A. (2005). Sex, lies and web accessibility: the use of accessibility logos and statements on e-commerce and financial websites. In Proceedings of Accessible Design'05. Swinton, UK: British Computer Society. <pub-id pub-id-type="doi" xlink:href="10.5555/2227734.2227751" /></mixed-citation>
				</ref>
				<ref id="ref-00012">
				<mixed-citation>Vigo, M., Brown, J., and Conway, V. 2013. Benchmarking web accessibility evaluation tools: Measuring the harm of sole reliance on automated tests. In Proceedings of the 10th International Cross-Disciplinary Conference on Web Accessibility (W4A '13). ACM, New York, NY, USA, Article 1, 10 pages. DOI=10.1145/2461121.2461124. <pub-id pub-id-type="doi" xlink:href="10.1145/2461121.2461124" assigning-authority="crossref">10.1145/2461121.2461124</pub-id> <pub-id pub-id-type="doi" xlink:href="10.1145/2461121.2461124" /></mixed-citation>
				</ref>
			</ref-list>
</back>
</book-part>
</book-part-wrapper>
