<?xml version="1.0" encoding="UTF-8"?>
<!DOCTYPE book-part-wrapper PUBLIC "-//NLM//DTD BITS Book Interchange DTD with OASIS and XHTML Tables v2.0 20151225//EN" "BITS-book-oasis2.dtd">
<book-part-wrapper xmlns:xlink="http://www.w3.org/1999/xlink" xmlns:mml="http://www.w3.org/1998/Math/MathML" xmlns:oasis="http://www.niso.org/standards/z39-96/ns/oasis-exchange/table" xmlns:xi="http://www.w3.org/2001/XInclude" xmlns:xsi="http://www.w3.org/2001/XMLSchema-instance" dtd-version="2.0" xml:lang="en" content-type="research-article">
<collection-meta collection-type="book-series">
    <collection-id collection-id-type="doi">10.1145/acmotherconferences</collection-id>
    <title-group>
        <title>ACM Other Conferences</title>
    </title-group>
</collection-meta>
	<book-meta>
		<book-id book-id-type="acm-id">2899475</book-id>
		<book-id book-id-type="doi">10.1145/2899475</book-id>
		<book-title-group>
			<book-title>Proceedings of the 13th International Web for All Conference</book-title>
			<alt-title alt-title-type="acronym">W4A '16</alt-title>
		</book-title-group>
	</book-meta>
	<book-part xmlns:ali="http://www.niso.org/schemas/ali/1.0/" book-part-type="chapter" xml:lang="en">
		<book-part-meta>
			<book-part-id book-part-id-type="acm-id">2899483</book-part-id>
			<book-part-id book-part-id-type="doi">10.1145/2899475.2899483</book-part-id>
			<book-part-id book-part-id-type="article-no">22</book-part-id>
	<subj-group subj-group-type="ccs2012">
		<compound-subject>
			<compound-subject-part content-type="code">10003456</compound-subject-part>
			<compound-subject-part content-type="text">Social and professional topics</compound-subject-part>
			<compound-subject-part content-type="weight">500</compound-subject-part>
		</compound-subject>
		<compound-subject>
			<compound-subject-part content-type="code">10003456</compound-subject-part>
			<compound-subject-part content-type="text">Social and professional topics</compound-subject-part>
			<compound-subject-part content-type="weight">100</compound-subject-part>
		</compound-subject>
	</subj-group>
			<title-group>
				<title>AudioDraw</title>
				<subtitle>user preferences in non-visual diagram drawing for touchscreens</subtitle>
			</title-group>
<contrib-group>
   <contrib contrib-type="author" id="artseq-00001">
       <contrib-id contrib-id-type="person_id" authenticated="false">P5762973</contrib-id><contrib-id contrib-id-type="profile_id" authenticated="false">99658729256</contrib-id>
       <name name-style="western">
           <surname>Grussenmeyer</surname>
           <given-names>William</given-names>
       </name>
	<aff>University of Nevada, Reno</aff><aff><institution-wrap><institution-id institution-id-type="profile_id">60001769</institution-id></institution-wrap></aff>
	<email>wgrussenmeyer@cse.unr.edu</email>
	<role>Author</role>
   </contrib>
   <contrib contrib-type="author" id="artseq-00002">
       <contrib-id contrib-id-type="person_id" authenticated="false">P5762974</contrib-id><contrib-id contrib-id-type="profile_id" authenticated="false">81377590840</contrib-id>
       <name name-style="western">
           <surname>Folmer</surname>
           <given-names>Eelke</given-names>
       </name>
	<aff>University of Nevada, Reno</aff><aff><institution-wrap><institution-id institution-id-type="profile_id">60001769</institution-id></institution-wrap></aff>
	<email>efolmer@cse.unr.edu</email>
	<role>Author</role>
   </contrib>
</contrib-group>
   <pub-date date-type="publication">
   <day>11</day>
   <month>04</month>
   <year>2016</year>
   </pub-date>
				<fpage>1</fpage>
				<lpage>8</lpage>
		<permissions>
			<copyright-year>2016</copyright-year>
			<copyright-holder>ACM</copyright-holder>
			<license license-type="acmcopyright">
			<license-p>Permission to make digital or hard copies of all or part of this work for personal or classroom use is granted without fee provided that copies are not made or distributed for profit or commercial advantage and that copies bear this notice and the full citation on the first page. Copyrights for components of this work owned by others than ACM must be honored. Abstracting with credit is permitted. To copy otherwise, or republish, to post on servers or to redistribute to lists, requires prior specific permission and/or a fee. Request permissions from Permissions@acm.org</license-p>
			</license>
		</permissions>
		<self-uri content-type="pdf" xlink:href="2899475.2899483.pdf" />
	<abstract>
		<p>It can be very difficult and sometimes impossible for people who are blind to create visual diagrams on their own. Even with sighted assistance, it can be difficult to verbally convey the visual image in one's mind. We conducted a survey to determine the need of people who are blind to create their own diagrams. Based on this survey, we created a preliminary design probe app on a tablet and revised the prototype through preliminary user feedback. Then, using this second app, we conducted a design probe study with 8 participants who are visually impaired and interviewed them about the potential of using touchscreens to create diagrams. Our results show that most participants were enthusiastic about the possibility of creating their own diagrams via a touchscreen and felt that this also makes touchscreens more accessible to them, creating more inclusion for them in the use of touchscreens.</p>
	</abstract>
<kwd-group>
<kwd>accessibility</kwd>
<kwd>blind</kwd>
<kwd>diagrams</kwd>
<kwd>drawing</kwd>
<kwd>touchscreens</kwd>
<kwd>visually impaired</kwd>
</kwd-group>
		</book-part-meta>
		
	<back>
<ref-list specific-use="unparsed">
				<ref id="ref-00001">
				<mixed-citation>A. Awada, Y. B. Issa, J. Tekli, and R. Chbeir. Evaluation of touch screen vibration accessibility for blind users. In <italic toggle="yes">Proceedings of the 15th International ACM SIGACCESS Conference on Computers and Accessibility</italic>, ASSETS '13, pages 48:1--48:2, New York, NY, USA, 2013. ACM. <pub-id pub-id-type="doi" xlink:href="10.1145/2513383.2513430" assigning-authority="crossref">10.1145/2513383.2513430</pub-id> <pub-id pub-id-type="doi" xlink:href="10.1145/2513383.2513430" /></mixed-citation>
				</ref>
				<ref id="ref-00002">
				<mixed-citation>S. P. Balik, S. P. Mealin, M. F. Stallmann, and R. D. Rodman. Gsk: Universally accessible graph sketching. In <italic toggle="yes">Proceeding of the 44th ACM Technical Symposium on Computer Science Education</italic>, SIGCSE '13, pages 221--226, New York, NY, USA, 2013. ACM. <pub-id pub-id-type="doi" xlink:href="10.1145/2445196.2445266" assigning-authority="crossref">10.1145/2445196.2445266</pub-id> <pub-id pub-id-type="doi" xlink:href="10.1145/2445196.2445266" /></mixed-citation>
				</ref>
				<ref id="ref-00003">
				<mixed-citation>S. P. Balik, S. P. Mealin, M. F. Stallmann, R. D. Rodman, M. L. Glatz, and V. J. Sigler. Including blind people in computing through access to graphs. In <italic toggle="yes">Proceedings of the 16th International ACM SIGACCESS Conference on Computers &amp; Accessibility</italic>, ASSETS '14, pages 91--98, New York, NY, USA, 2014. ACM. <pub-id pub-id-type="doi" xlink:href="10.1145/2661334.2661364" assigning-authority="crossref">10.1145/2661334.2661364</pub-id> <pub-id pub-id-type="doi" xlink:href="10.1145/2661334.2661364" /></mixed-citation>
				</ref>
				<ref id="ref-00004">
				<mixed-citation>M. Calder, R. F. Cohen, J. Lanzoni, and Y. Xu. Plumb: An interface for users who are blind to display, create, and modify graphs. In <italic toggle="yes">Proceedings of the 8th International ACM SIGACCESS Conference on Computers and Accessibility</italic>, Assets '06, pages 263--264, New York, NY, USA, 2006. ACM. <pub-id pub-id-type="doi" xlink:href="10.1145/1168987.1169046" assigning-authority="crossref">10.1145/1168987.1169046</pub-id> <pub-id pub-id-type="doi" xlink:href="10.1145/1168987.1169046" /></mixed-citation>
				</ref>
				<ref id="ref-00005">
				<mixed-citation>R. F. Cohen, A. Meacham, and J. Ska. Teaching graphs to visually impaired students using an active auditory interface. SIGCSE Bull., 38(1):279--282, Mar. 2006. <pub-id pub-id-type="doi" xlink:href="10.1145/1124706.1121428" assigning-authority="crossref">10.1145/1124706.1121428</pub-id> <pub-id pub-id-type="doi" xlink:href="10.1145/1124706.1121428" /></mixed-citation>
				</ref>
				<ref id="ref-00006">
				<mixed-citation>N. A. Giudice, H. P. Palani, E. Brenner, and K. M. Kramer. Learning non-visual graphical information using a touch-based vibro-audio interface. In <italic toggle="yes">Proceedings of the 14th International ACM SIGACCESS Conference on Computers and Accessibility</italic>, ASSETS '12, pages 103--110, New York, NY, USA, 2012. ACM. <pub-id pub-id-type="doi" xlink:href="10.1145/2384916.2384935" assigning-authority="crossref">10.1145/2384916.2384935</pub-id> <pub-id pub-id-type="doi" xlink:href="10.1145/2384916.2384935" /></mixed-citation>
				</ref>
				<ref id="ref-00007">
				<mixed-citation>P. C. Headley and D. T. V. Pawluk. A multimodal, computer-based drawing system for persons who are blind and visually impaired. In <italic toggle="yes">Proceedings of the 12th International ACM SIGACCESS Conference on Computers and Accessibility</italic>, ASSETS '10, pages 229--230, New York, NY, USA, 2010. ACM. <pub-id pub-id-type="doi" xlink:href="10.1145/1878803.1878845" assigning-authority="crossref">10.1145/1878803.1878845</pub-id> <pub-id pub-id-type="doi" xlink:href="10.1145/1878803.1878845" /></mixed-citation>
				</ref>
				<ref id="ref-00008">
				<mixed-citation>H. M. Kamel and J. A. Landay. A study of blind drawing practice: Creating graphical information without the visual channel. In <italic toggle="yes">Proceedings of the Fourth International ACM Conference on Assistive Technologies</italic>, Assets '00, pages 34--41, New York, NY, USA, 2000. ACM. <pub-id pub-id-type="doi" xlink:href="10.1145/354324.354334" assigning-authority="crossref">10.1145/354324.354334</pub-id> <pub-id pub-id-type="doi" xlink:href="10.1145/354324.354334" /></mixed-citation>
				</ref>
				<ref id="ref-00009">
				<mixed-citation>H. M. Kamel and J. A. Landay. Constructing moving pictures eyes-free: An animation tool for the blind. In <italic toggle="yes">CHI '02 Extended Abstracts on Human Factors in Computing Systems</italic>, CHI EA '02, pages 772--773, New York, NY, USA, 2002. ACM. <pub-id pub-id-type="doi" xlink:href="10.1145/506443.506590" assigning-authority="crossref">10.1145/506443.506590</pub-id> <pub-id pub-id-type="doi" xlink:href="10.1145/506443.506590" /></mixed-citation>
				</ref>
				<ref id="ref-00010">
				<mixed-citation>S. K. Kane, J. P. Bigham, and J. O. Wobbrock. Slide rule: Making mobile touch screens accessible to blind people using multi-touch interaction techniques. In <italic toggle="yes">Proceedings of the 10th International ACM SIGACCESS Conference on Computers and Accessibility</italic>, Assets '08, pages 73--80, New York, NY, USA, 2008. ACM. <pub-id pub-id-type="doi" xlink:href="10.1145/1414471.1414487" assigning-authority="crossref">10.1145/1414471.1414487</pub-id> <pub-id pub-id-type="doi" xlink:href="10.1145/1414471.1414487" /></mixed-citation>
				</ref>
				<ref id="ref-00011">
				<mixed-citation>S. K. Kane, M. R. Morris, A. Z. Perkins, D. Wigdor, R. E. Ladner, and J. O. Wobbrock. Access overlays: Improving non-visual access to large touch screens for blind users. In <italic toggle="yes">Proceedings of the 24th Annual ACM Symposium on User Interface Software and Technology</italic>, UIST '11, pages 273--282, New York, NY, USA, 2011. ACM. <pub-id pub-id-type="doi" xlink:href="10.1145/2047196.2047232" assigning-authority="crossref">10.1145/2047196.2047232</pub-id> <pub-id pub-id-type="doi" xlink:href="10.1145/2047196.2047232" /></mixed-citation>
				</ref>
				<ref id="ref-00012">
				<mixed-citation>M. Kurze. Tdraw: A computer-based tactile drawing tool for blind people. In <italic toggle="yes">Proceedings of the Second Annual ACM Conference on Assistive Technologies</italic>, Assets '96, pages 131--138, New York, NY, USA, 1996. ACM. <pub-id pub-id-type="doi" xlink:href="10.1145/228347.228368" assigning-authority="crossref">10.1145/228347.228368</pub-id> <pub-id pub-id-type="doi" xlink:href="10.1145/228347.228368" /></mixed-citation>
				</ref>
				<ref id="ref-00013">
				<mixed-citation>S. Landua and L. Wells. Merging tactile sensory input and audio data by means of the talking tactile tablet. In <italic toggle="yes">EuroHaptics 2006</italic>, 2006.</mixed-citation>
				</ref>
				<ref id="ref-00014">
				<mixed-citation>D. McGookin, S. Brewster, and W. Jiang. Investigating touchscreen accessibility for people with visual impairments. In <italic toggle="yes">Proceedings of the 5th Nordic Conference on Human-computer Interaction: Building Bridges</italic>, NordiCHI '08, pages 298--307, New York, NY, USA, 2008. ACM. <pub-id pub-id-type="doi" xlink:href="10.1145/1463160.1463193" assigning-authority="crossref">10.1145/1463160.1463193</pub-id> <pub-id pub-id-type="doi" xlink:href="10.1145/1463160.1463193" /></mixed-citation>
				</ref>
				<ref id="ref-00015">
				<mixed-citation>D. K. McGookin and S. A. Brewster. Multivis: Improving access to visualisations for visually impaired people. In <italic toggle="yes">CHI '06 Extended Abstracts on Human Factors in Computing Systems</italic>, CHI EA '06, pages 267--270, New York, NY, USA, 2006. ACM. <pub-id pub-id-type="doi" xlink:href="10.1145/1125451.1125509" assigning-authority="crossref">10.1145/1125451.1125509</pub-id> <pub-id pub-id-type="doi" xlink:href="10.1145/1125451.1125509" /></mixed-citation>
				</ref>
				<ref id="ref-00016">
				<mixed-citation>O. Metatla, N. Bryan-Kinns, and T. Stockman. Comparing interaction strategies for constructing diagrams in an audio-only interface. In <italic toggle="yes">Proceedings of the 22Nd British HCI Group Annual Conference on People and Computers: Culture, Creativity, Interaction</italic> - Volume 2, BCS-HCI '08, pages 65--69, Swinton, UK, UK, 2008. British Computer Society. <pub-id pub-id-type="doi" xlink:href="10.5555/1531826.1531843" /></mixed-citation>
				</ref>
				<ref id="ref-00017">
				<mixed-citation>U. Oh, S. K. Kane, and L. Findlater. Follow that sound: Using sonification and corrective verbal feedback to teach touchscreen gestures. In <italic toggle="yes">Proceedings of the 15th International ACM SIGACCESS Conference on Computers and Accessibility</italic>, ASSETS '13, pages 13:1--13:8, New York, NY, USA, 2013. ACM. <pub-id pub-id-type="doi" xlink:href="10.1145/2513383.2513455" assigning-authority="crossref">10.1145/2513383.2513455</pub-id> <pub-id pub-id-type="doi" xlink:href="10.1145/2513383.2513455" /></mixed-citation>
				</ref>
				<ref id="ref-00018">
				<mixed-citation>B. Plimmer, P. Reid, R. Blagojevic, A. Crossan, and S. Brewster. Signing on the tactile line: A multimodal system for teaching handwriting to blind children. <italic toggle="yes">ACM Trans. Comput.-Hum. Interact.</italic>, 18(3):17:1--17:29, Aug. 2011. <pub-id pub-id-type="doi" xlink:href="10.1145/1993060.1993067" assigning-authority="crossref">10.1145/1993060.1993067</pub-id> <pub-id pub-id-type="doi" xlink:href="10.1145/1993060.1993067" /></mixed-citation>
				</ref>
				<ref id="ref-00019">
				<mixed-citation>K. Rassmus-Grohn, C. Magnusson, and H. E. Eftring. Iterative design of an audio-haptic drawing application. In <italic toggle="yes">CHI '07 Extended Abstracts on Human Factors in Computing Systems</italic>, CHI EA '07, pages 2627--2632, New York, NY, USA, 2007. ACM. <pub-id pub-id-type="doi" xlink:href="10.1145/1240866.1241053" assigning-authority="crossref">10.1145/1240866.1241053</pub-id> <pub-id pub-id-type="doi" xlink:href="10.1145/1240866.1241053" /></mixed-citation>
				</ref>
				<ref id="ref-00020">
				<mixed-citation>J. Su, A. Rosenzweig, A. Goel, E. de Lara, and K. N. Truong. Timbremap: Enabling the visually-impaired to use maps on touch-enabled devices. In <italic toggle="yes">Proceedings of the 12th International Conference on Human Computer Interaction with Mobile Devices and Services</italic>, MobileHCI '10, pages 17--26, New York, NY, USA, 2010. ACM. <pub-id pub-id-type="doi" xlink:href="10.1145/1851600.1851606" assigning-authority="crossref">10.1145/1851600.1851606</pub-id> <pub-id pub-id-type="doi" xlink:href="10.1145/1851600.1851606" /></mixed-citation>
				</ref>
				<ref id="ref-00021">
				<mixed-citation>G. Vanderheiden. Use of audio-haptic interface techniques to allow nonvisual access to touchscreen appliances. In Proc. HFES 40, 1996.</mixed-citation>
				</ref>
				<ref id="ref-00022">
				<mixed-citation>C. Xu, A. Israr, I. Poupyrev, O. Bau, and C. Harrison. Tactile display for the visually impaired using teslatouch. In <italic toggle="yes">CHI '11 Extended Abstracts on Human Factors in Computing Systems</italic>, CHI EA '11, pages 317--322, New York, NY, USA, 2011. ACM. <pub-id pub-id-type="doi" xlink:href="10.1145/1979742.1979705" assigning-authority="crossref">10.1145/1979742.1979705</pub-id> <pub-id pub-id-type="doi" xlink:href="10.1145/1979742.1979705" /></mixed-citation>
				</ref>
				<ref id="ref-00023">
				<mixed-citation>K. Yatani, N. Banovic, and K. Truong. Spacesense: Representing geographical information to visually impaired people using spatial tactile feedback. In <italic toggle="yes">Proceedings of the SIGCHI Conference on Human Factors in Computing Systems</italic>, CHI '12, pages 415--424, New York, NY, USA, 2012. ACM. <pub-id pub-id-type="doi" xlink:href="10.1145/2207676.2207734" assigning-authority="crossref">10.1145/2207676.2207734</pub-id> <pub-id pub-id-type="doi" xlink:href="10.1145/2207676.2207734" /></mixed-citation>
				</ref>
				<ref id="ref-00024">
				<mixed-citation>T. Yoshida, K. M. Kitani, H. Koike, S. Belongie, and K. Schlei. Edgesonic: Image feature sonification for the visually impaired. In <italic toggle="yes">Proceedings of the 2Nd Augmented Human International Conference</italic>, AH '11, pages 11:1--11:4, New York, NY, USA, 2011. ACM. <pub-id pub-id-type="doi" xlink:href="10.1145/1959826.1959837" assigning-authority="crossref">10.1145/1959826.1959837</pub-id> <pub-id pub-id-type="doi" xlink:href="10.1145/1959826.1959837" /></mixed-citation>
				</ref>
			</ref-list>
</back>
</book-part>
</book-part-wrapper>
