<?xml version="1.0" encoding="UTF-8"?>
<!DOCTYPE book-part-wrapper PUBLIC "-//NLM//DTD BITS Book Interchange DTD with OASIS and XHTML Tables v2.0 20151225//EN" "BITS-book-oasis2.dtd">
<book-part-wrapper xmlns:xlink="http://www.w3.org/1999/xlink" xmlns:mml="http://www.w3.org/1998/Math/MathML" xmlns:oasis="http://www.niso.org/standards/z39-96/ns/oasis-exchange/table" xmlns:xi="http://www.w3.org/2001/XInclude" xmlns:xsi="http://www.w3.org/2001/XMLSchema-instance" dtd-version="2.0" xml:lang="en" content-type="extended-abstract">
<collection-meta collection-type="book-series">
    <collection-id collection-id-type="doi">10.1145/acmotherconferences</collection-id>
    <title-group>
        <title>ACM Other Conferences</title>
    </title-group>
</collection-meta>
	<book-meta>
		<book-id book-id-type="acm-id">2899475</book-id>
		<book-id book-id-type="doi">10.1145/2899475</book-id>
		<book-title-group>
			<book-title>Proceedings of the 13th International Web for All Conference</book-title>
			<alt-title alt-title-type="acronym">W4A '16</alt-title>
		</book-title-group>
	</book-meta>
	<book-part xmlns:ali="http://www.niso.org/schemas/ali/1.0/" book-part-type="chapter" xml:lang="en">
		<book-part-meta>
			<book-part-id book-part-id-type="acm-id">2899514</book-part-id>
			<book-part-id book-part-id-type="doi">10.1145/2899475.2899514</book-part-id>
			<book-part-id book-part-id-type="article-no">13</book-part-id><subj-group subj-group-type="ccs2012"><compound-subject><compound-subject-part content-type="code">10003120.10003121.10003125.10011752</compound-subject-part><compound-subject-part content-type="text">Human-centered computing / Human computer interaction (HCI) / Interaction devices / Haptic devices</compound-subject-part></compound-subject><compound-subject><compound-subject-part content-type="code">10003120</compound-subject-part><compound-subject-part content-type="text">Human-centered computing</compound-subject-part></compound-subject><compound-subject><compound-subject-part content-type="code">10003120.10003121</compound-subject-part><compound-subject-part content-type="text">Human-centered computing / Human computer interaction (HCI)</compound-subject-part></compound-subject><compound-subject><compound-subject-part content-type="code">10003120.10003121.10003125</compound-subject-part><compound-subject-part content-type="text">Human-centered computing / Human computer interaction (HCI) / Interaction devices</compound-subject-part></compound-subject></subj-group>
			<title-group>
				<title>T<sc>act</sc>B<sc>ack</sc></title>
				<subtitle>VibroTactile braille output using smartphone and smartwatch for visually impaired</subtitle>
			</title-group>
<contrib-group>
   <contrib contrib-type="author" id="artseq-00001">
       <contrib-id contrib-id-type="person_id" authenticated="false">P5762956</contrib-id><contrib-id contrib-id-type="profile_id" authenticated="false">99659053806</contrib-id>
       <name name-style="western">
           <surname>Dhar</surname>
           <given-names>Aritra</given-names>
       </name>
	<aff>Xerox Research Center India, Bangalore, India</aff><aff><institution-wrap><institution-id institution-id-type="profile_id">60271955</institution-id></institution-wrap></aff>
	<email>aritra.dhar@xerox.com</email>
	<role>Author</role>
   </contrib>
   <contrib contrib-type="author" id="artseq-00002">
       <contrib-id contrib-id-type="person_id" authenticated="false">P5762957</contrib-id><contrib-id contrib-id-type="profile_id" authenticated="false">99659161539</contrib-id>
       <name name-style="western">
           <surname>Nittala</surname>
           <given-names>Aditya</given-names>
       </name>
	<aff>Xerox Research Center India, Bangalore, India</aff><aff><institution-wrap><institution-id institution-id-type="profile_id">60271955</institution-id></institution-wrap></aff>
	<email>aditya.nittala@xerox.com</email>
	<role>Author</role>
   </contrib>
   <contrib contrib-type="author" id="artseq-00003">
       <contrib-id contrib-id-type="person_id" authenticated="false">P5762958</contrib-id><contrib-id contrib-id-type="profile_id" authenticated="false">81460653438</contrib-id>
       <name name-style="western">
           <surname>Yadav</surname>
           <given-names>Kuldeep</given-names>
       </name>
	<aff>Xerox Research Center India, Bangalore, India</aff><aff><institution-wrap><institution-id institution-id-type="profile_id">60271955</institution-id></institution-wrap></aff>
	<email>kuldeep.r@xerox.com</email>
	<role>Author</role>
   </contrib>
</contrib-group>
   <pub-date date-type="publication">
   <day>11</day>
   <month>04</month>
   <year>2016</year>
   </pub-date>
				<fpage>1</fpage>
				<lpage>2</lpage>
		<permissions>
			<copyright-year>2016</copyright-year>
			<copyright-holder>Owner/Author</copyright-holder>
			<license license-type="rightsretained">
			<license-p>Permission to make digital or hard copies of part or all of this work for personal or classroom use is granted without fee provided that copies are not made or distributed for profit or commercial advantage and that copies bear this notice and the full citation on the first page. Copyrights for third-party components of this work must be honored. For all other uses, contact the Owner/Author.</license-p>
			</license>
		</permissions>
		<self-uri content-type="pdf" xlink:href="2899475.2899514.pdf" />
	<abstract>
		<p>In this paper, we present T<sc>act</sc>B<sc>ack</sc>, a novel way to haptically represent braille characters on a off-the-shelf mobile device and a smartwatch using vibration. T<sc>act</sc>B<sc>ack</sc> can be used for a wide variety of scenarios such as training braille characters to the deaf-blind, providing secure non-audio feedback for pin/password entry, and as an educational tool for learning braille. We discuss the details of design and implementation of T<sc>act</sc>B<sc>ack</sc>, and report on a preliminary user study with 15 participants. Our evaluation shows that participants could recognize individual braille characters with minimal training using T<sc>act</sc>B<sc>ack</sc>. We present some of the scenarios where T<sc>act</sc>B<sc>ack</sc> could provide substantial benefit over traditional talkback.</p>
	</abstract>
		<custom-meta-group>
		    <custom-meta>
		        <meta-name>rightslink</meta-name>
		        <meta-value>excluded</meta-value>
		    </custom-meta>
		</custom-meta-group>
		</book-part-meta>
		
	<back>
<ref-list specific-use="unparsed">
				<ref id="ref-00001">
				<mixed-citation>Al-Qudah et al. Utilizing mobile devices' tactile feedback for presenting braille characters: An optimized approach for fast reading and long battery life. <italic toggle="yes">Interacting with Computers</italic>.</mixed-citation>
				</ref>
				<ref id="ref-00002">
				<mixed-citation>C. Jayant et al. V-braille: Haptic braille perception using a touch-screen and vibration on mobile phones. ASSETS '10. ACM. <pub-id pub-id-type="doi" xlink:href="10.1145/1878803.1878878" assigning-authority="crossref">10.1145/1878803.1878878</pub-id> <pub-id pub-id-type="doi" xlink:href="10.1145/1878803.1878878" /></mixed-citation>
				</ref>
				<ref id="ref-00003">
				<mixed-citation>H. Nicolau et al. Holibraille: Multipoint vibrotactile feedback on mobile devices. W4A '15. ACM. <pub-id pub-id-type="doi" xlink:href="10.1145/2745555.2746643" assigning-authority="crossref">10.1145/2745555.2746643</pub-id> <pub-id pub-id-type="doi" xlink:href="10.1145/2745555.2746643" /></mixed-citation>
				</ref>
				<ref id="ref-00004">
				<mixed-citation>J. Rantala et al. Methods for presenting braille characters on a mobile device with a touchscreen and tactile feedback. <italic toggle="yes">IEEE Trans. Haptics</italic>. <pub-id pub-id-type="doi" xlink:href="10.1109/TOH.2009.3" assigning-authority="crossref">10.1109/TOH.2009.3</pub-id> <pub-id pub-id-type="doi" xlink:href="10.1109/TOH.2009.3" /></mixed-citation>
				</ref>
				<ref id="ref-00005">
				<mixed-citation>H. Ye et al. Current and future mobile and wearable device use by people with visual impairments. CHI '14, New York, NY, USA, 2014. ACM. <pub-id pub-id-type="doi" xlink:href="10.1145/2556288.2557085" assigning-authority="crossref">10.1145/2556288.2557085</pub-id> <pub-id pub-id-type="doi" xlink:href="10.1145/2556288.2557085" /></mixed-citation>
				</ref>
			</ref-list>
</back>
</book-part>
</book-part-wrapper>
