<?xml version="1.0" encoding="UTF-8"?>
<!DOCTYPE book-part-wrapper PUBLIC "-//NLM//DTD BITS Book Interchange DTD with OASIS and XHTML Tables v2.0 20151225//EN" "BITS-book-oasis2.dtd">
<book-part-wrapper xmlns:xlink="http://www.w3.org/1999/xlink" xmlns:mml="http://www.w3.org/1998/Math/MathML" xmlns:oasis="http://www.niso.org/standards/z39-96/ns/oasis-exchange/table" xmlns:xi="http://www.w3.org/2001/XInclude" xmlns:xsi="http://www.w3.org/2001/XMLSchema-instance" dtd-version="2.0" xml:lang="en" content-type="extended-abstract">
<collection-meta collection-type="book-series">
    <collection-id collection-id-type="doi">10.1145/acmotherconferences</collection-id>
    <title-group>
        <title>ACM Other Conferences</title>
    </title-group>
</collection-meta>
	<book-meta>
		<book-id book-id-type="acm-id">2899475</book-id>
		<book-id book-id-type="doi">10.1145/2899475</book-id>
		<book-title-group>
			<book-title>Proceedings of the 13th International Web for All Conference</book-title>
			<alt-title alt-title-type="acronym">W4A '16</alt-title>
		</book-title-group>
	</book-meta>
	<book-part xmlns:ali="http://www.niso.org/schemas/ali/1.0/" book-part-type="chapter" xml:lang="en">
		<book-part-meta>
			<book-part-id book-part-id-type="acm-id">2899511</book-part-id>
			<book-part-id book-part-id-type="doi">10.1145/2899475.2899511</book-part-id>
			<book-part-id book-part-id-type="article-no">11</book-part-id>
	<subj-group subj-group-type="ccs2012">
		<compound-subject>
			<compound-subject-part content-type="code">10011007.10010940.10011003.10011687</compound-subject-part>
			<compound-subject-part content-type="text">Software and its engineering~Software organization and properties~Extra-functional properties~Software usability</compound-subject-part>
			<compound-subject-part content-type="weight">500</compound-subject-part>
		</compound-subject>
		<compound-subject>
			<compound-subject-part content-type="code">10011007.10011074.10011075</compound-subject-part>
			<compound-subject-part content-type="text">Software and its engineering~Software creation and management~Designing software</compound-subject-part>
			<compound-subject-part content-type="weight">500</compound-subject-part>
		</compound-subject>
		<compound-subject>
			<compound-subject-part content-type="code">10003120.10003121.10003124.10010868</compound-subject-part>
			<compound-subject-part content-type="text">Human-centered computing~Human computer interaction (HCI)~Interaction paradigms~Web-based interaction</compound-subject-part>
			<compound-subject-part content-type="weight">500</compound-subject-part>
		</compound-subject>
		<compound-subject>
			<compound-subject-part content-type="code">10003456.10010927.10003616</compound-subject-part>
			<compound-subject-part content-type="text">Social and professional topics~User characteristics~People with disabilities</compound-subject-part>
			<compound-subject-part content-type="weight">500</compound-subject-part>
		</compound-subject>
		<compound-subject>
			<compound-subject-part content-type="code">10003120.10003121.10003124.10011751</compound-subject-part>
			<compound-subject-part content-type="text">Human-centered computing~Human computer interaction (HCI)~Interaction paradigms~Collaborative interaction</compound-subject-part>
			<compound-subject-part content-type="weight">500</compound-subject-part>
		</compound-subject>
		<compound-subject>
			<compound-subject-part content-type="code">10003120.10011738.10011775</compound-subject-part>
			<compound-subject-part content-type="text">Human-centered computing~Accessibility~Accessibility technologies</compound-subject-part>
			<compound-subject-part content-type="weight">500</compound-subject-part>
		</compound-subject>
	</subj-group>
			<title-group>
				<title>Lake Devo</title>
				<subtitle>accessible online role-play</subtitle>
			</title-group>
<contrib-group>
   <contrib contrib-type="author" id="artseq-00001">
       <contrib-id contrib-id-type="person_id" authenticated="false">P5762948</contrib-id><contrib-id contrib-id-type="profile_id" authenticated="false">99659052719</contrib-id>
       <name name-style="western">
           <surname>Gay</surname>
           <given-names>Greg</given-names>
       </name>
	<aff>Ryerson University</aff>
	<email>greg.gay@ryerson.ca</email>
	<role>Author</role>
   </contrib>
   <contrib contrib-type="author" id="artseq-00002">
       <contrib-id contrib-id-type="person_id" authenticated="false">P5762949</contrib-id><contrib-id contrib-id-type="profile_id" authenticated="false">99659053195</contrib-id>
       <name name-style="western">
           <surname>Glynn</surname>
           <given-names>Maureen</given-names>
       </name>
	<aff>Ryerson University</aff>
	<email>maureen.glynn@ryerson.ca</email>
	<role>Author</role>
   </contrib>
   <contrib contrib-type="author" id="artseq-00003">
       <contrib-id contrib-id-type="person_id" authenticated="false">P5762950</contrib-id><contrib-id contrib-id-type="profile_id" authenticated="false">99659053035</contrib-id>
       <name name-style="western">
           <surname>Djafarova</surname>
           <given-names>Naza</given-names>
       </name>
	<aff>Ryerson University</aff>
	<email>ndjafaro@ryerson.ca</email>
	<role>Author</role>
   </contrib>
</contrib-group>
   <pub-date date-type="publication">
   <day>11</day>
   <month>04</month>
   <year>2016</year>
   </pub-date>
				<fpage>1</fpage>
				<lpage>2</lpage>
		<permissions>
			<copyright-year>2016</copyright-year>
			<copyright-holder>Owner/Author</copyright-holder>
			<license license-type="rightsretained">
			<license-p>Permission to make digital or hard copies of part or all of this work for personal or classroom use is granted without fee provided that copies are not made or distributed for profit or commercial advantage and that copies bear this notice and the full citation on the first page. Copyrights for third-party components of this work must be honored. For all other uses, contact the Owner/Author.</license-p>
			</license>
		</permissions>
		<self-uri content-type="pdf" xlink:href="2899475.2899511.pdf" />
	<abstract>
		<p>The key features in the Lake Devo Web-based role-play environment that allow blind students, using a screen reader, to fully participate in creating and presenting online role-play scenarios are described. Three key features are reviewed including: the Character Editor, the Script Editor, and the Movie Player, discussing as well how WAI-ARIA has been used to make them accessible.</p>
	</abstract>
<kwd-group>
<kwd>accessible</kwd>
<kwd>character creation</kwd>
<kwd>collaboration</kwd>
<kwd>movie player</kwd>
<kwd>movie script editing</kwd>
<kwd>role-play</kwd>
<kwd>wai-aria</kwd>
<kwd>web-based</kwd>
</kwd-group>
		<custom-meta-group>
		    <custom-meta>
		        <meta-name>rightslink</meta-name>
		        <meta-value>excluded</meta-value>
		    </custom-meta>
		</custom-meta-group>
		</book-part-meta>
		
	<back>
<ref-list specific-use="unparsed">
				<ref id="ref-00001">
				<mixed-citation>Koechli, L and Glynn, M. 2014. Diving into Lake Devo: Modes of Representation and Means of Interaction and Reflection in Online Role-Play (retrieved Dec 2015, http://www.irrodl.org/index.php/irrodl/article/view/1528/2996)</mixed-citation>
				</ref>
				<ref id="ref-00002">
				<mixed-citation>Lomax, P. 2007. Action research. In A. Briggs &amp; M. Coleman (Eds.), <italic toggle="yes">Research methods in educational leadership and management</italic> (pp. 156--172). London: SAGE Publications Ltd.</mixed-citation>
				</ref>
			</ref-list>
</back>
</book-part>
</book-part-wrapper>
