<?xml version="1.0" encoding="UTF-8"?>
<!DOCTYPE book-part-wrapper PUBLIC "-//NLM//DTD BITS Book Interchange DTD with OASIS and XHTML Tables v2.0 20151225//EN" "BITS-book-oasis2.dtd">
<book-part-wrapper xmlns:xlink="http://www.w3.org/1999/xlink" xmlns:mml="http://www.w3.org/1998/Math/MathML" xmlns:oasis="http://www.niso.org/standards/z39-96/ns/oasis-exchange/table" xmlns:xi="http://www.w3.org/2001/XInclude" xmlns:xsi="http://www.w3.org/2001/XMLSchema-instance" dtd-version="2.0" xml:lang="en" content-type="short-paper">
<collection-meta collection-type="book-series">
    <collection-id collection-id-type="doi">10.1145/acmotherconferences</collection-id>
    <title-group>
        <title>ACM Other Conferences</title>
    </title-group>
</collection-meta>
	<book-meta>
		<book-id book-id-type="acm-id">2899475</book-id>
		<book-id book-id-type="doi">10.1145/2899475</book-id>
		<book-title-group>
			<book-title>Proceedings of the 13th International Web for All Conference</book-title>
			<alt-title alt-title-type="acronym">W4A '16</alt-title>
		</book-title-group>
	</book-meta>
	<book-part xmlns:ali="http://www.niso.org/schemas/ali/1.0/" book-part-type="chapter" xml:lang="en">
		<book-part-meta>
			<book-part-id book-part-id-type="acm-id">2899489</book-part-id>
			<book-part-id book-part-id-type="doi">10.1145/2899475.2899489</book-part-id>
			<book-part-id book-part-id-type="article-no">20</book-part-id>
	<subj-group subj-group-type="ccs2012">
		<compound-subject>
			<compound-subject-part content-type="code">10003120.10011738.10011775</compound-subject-part>
			<compound-subject-part content-type="text">Human-centered computing~Accessibility~Accessibility technologies</compound-subject-part>
			<compound-subject-part content-type="weight">500</compound-subject-part>
		</compound-subject>
		<compound-subject>
			<compound-subject-part content-type="code">10003120.10011738.10011774</compound-subject-part>
			<compound-subject-part content-type="text">Human-centered computing~Accessibility~Accessibility design and evaluation methods</compound-subject-part>
			<compound-subject-part content-type="weight">500</compound-subject-part>
		</compound-subject>
	</subj-group>
			<title-group>
				<title>A usability evaluation of two virtual aids to enhance cursor accessibility for people with motor impairments</title>
			</title-group>
<contrib-group>
   <contrib contrib-type="author" id="artseq-00001">
       <contrib-id contrib-id-type="person_id" authenticated="false">P5762966</contrib-id><contrib-id contrib-id-type="profile_id" authenticated="false">81758735257</contrib-id>
       <name name-style="western">
           <surname>Pérez</surname>
           <given-names>J. Eduardo</given-names>
       </name>
	<aff>University of the Basque Country (UPV/EHU), Informatika Fakultatea, Donostia, Spain</aff><aff><institution-wrap><institution-id institution-id-type="profile_id">60027856</institution-id></institution-wrap></aff>
	<email>juaneduardo.perez@ehu.eus</email>
	<role>Author</role>
   </contrib>
   <contrib contrib-type="author" id="artseq-00002">
       <contrib-id contrib-id-type="person_id" authenticated="false">P5762967</contrib-id><contrib-id contrib-id-type="profile_id" authenticated="false">81498658585</contrib-id>
       <name name-style="western">
           <surname>Valencia</surname>
           <given-names>Xabier</given-names>
       </name>
	<aff>University of the Basque Country (UPV/EHU), Informatika Fakultatea, Donostia, Spain</aff><aff><institution-wrap><institution-id institution-id-type="profile_id">60027856</institution-id></institution-wrap></aff>
	<email>xabier.valencia@ehu.eus</email>
	<role>Author</role>
   </contrib>
   <contrib contrib-type="author" id="artseq-00003">
       <contrib-id contrib-id-type="person_id" authenticated="false">P5762968</contrib-id><contrib-id contrib-id-type="profile_id" authenticated="false">81100414654</contrib-id>
       <name name-style="western">
           <surname>Arrue</surname>
           <given-names>Myriam</given-names>
       </name>
	<aff>University of the Basque Country (UPV/EHU), Informatika Fakultatea, Donostia, Spain</aff><aff><institution-wrap><institution-id institution-id-type="profile_id">60027856</institution-id></institution-wrap></aff>
	<email>myriam.arrue@ehu.eus</email>
	<role>Author</role>
   </contrib>
   <contrib contrib-type="author" id="artseq-00004">
       <contrib-id contrib-id-type="person_id" authenticated="false">P5762969</contrib-id><contrib-id contrib-id-type="profile_id" authenticated="false">81100255566</contrib-id>
       <name name-style="western">
           <surname>Abascal</surname>
           <given-names>Julio</given-names>
       </name>
	<aff>University of the Basque Country (UPV/EHU), Informatika Fakultatea, Donostia, Spain</aff><aff><institution-wrap><institution-id institution-id-type="profile_id">60027856</institution-id></institution-wrap></aff>
	<email>julio.abascal@ehu.eus</email>
	<role>Author</role>
   </contrib>
</contrib-group>
   <pub-date date-type="publication">
   <day>11</day>
   <month>04</month>
   <year>2016</year>
   </pub-date>
				<fpage>1</fpage>
				<lpage>4</lpage>
		<permissions>
			<copyright-year>2016</copyright-year>
			<copyright-holder>ACM</copyright-holder>
			<license license-type="acmcopyright">
			<license-p>Permission to make digital or hard copies of all or part of this work for personal or classroom use is granted without fee provided that copies are not made or distributed for profit or commercial advantage and that copies bear this notice and the full citation on the first page. Copyrights for components of this work owned by others than ACM must be honored. Abstracting with credit is permitted. To copy otherwise, or republish, to post on servers or to redistribute to lists, requires prior specific permission and/or a fee. Request permissions from Permissions@acm.org</license-p>
			</license>
		</permissions>
		<self-uri content-type="pdf" xlink:href="2899475.2899489.pdf" />
	<abstract>
		<p>Basic actions in the context of Web browsing, such as pointing at and clicking on links, can be seriously hindered by dexterity impairments affecting the use of hands and arms. In this paper, we present two different virtual aids for assisting motor-impaired users when pointing at and clicking on links. One of them, the "circular cursor", aims at reducing the level of accuracy required for clicking on links, whereas the other one, the "cross cursor", aims at reducing target distance for pointing at them. We conducted a web-based usability testing for both cursors with 9 motor-impaired and 6 able-bodied users applying their usual pointing device (4 keyboard, 4 joystick, 1 trackball and 6 mouse). The results show that motor-impaired participants mainly preferred one of either of the two variants proposed to the traditional cursor without any virtual aid for Web browsing.</p>
	</abstract>
<kwd-group>
<kwd>assistive technology</kwd>
<kwd>motor-impaired users</kwd>
<kwd>point and click</kwd>
<kwd>usability testing</kwd>
<kwd>virtual aids for cursor use</kwd>
</kwd-group>
<funding-group specific-use="FundRef">
	<award-group id="award1">
		<funding-source id="GS1">
			<institution-wrap>
			<institution>The Ministry of Economy and Competitiveness of the Spanish Government and the European Regional Development Fund - ERDF</institution>
			</institution-wrap>
		</funding-source>
		<award-id rid="GS1">TIN2014-52665-C2-1-R</award-id>
	</award-group>
</funding-group>
		</book-part-meta>
		
	<back>
<ref-list specific-use="unparsed">
				<ref id="ref-00001">
				<mixed-citation>Findlater, L., Jansen, A., Shinohara, K., Dixon, M., Kamb, P., Rakita, J., and Wobbrock, J. O. 2010. Enhanced Area Cursors: Reducing fine pointing demands for people with motor Impairments. <italic toggle="yes">Proceedings of the 23<sup>rd</sup> annual ACM symposium on User Interfaces Software and Technology</italic>. (UIST'10). New York: ACM, pp. 153--162. <pub-id pub-id-type="doi" xlink:href="10.1145/1866029.1866055" assigning-authority="crossref">10.1145/1866029.1866055</pub-id> <pub-id pub-id-type="doi" xlink:href="10.1145/1866029.1866055" /></mixed-citation>
				</ref>
				<ref id="ref-00002">
				<mixed-citation>Grossman, T. and Balakrishnan, R. 2005. The bubble cursor: Enhancing target acquisition by dynamic resizing of the cursor's activation area. <italic toggle="yes">Proceedings of the SIGCHI Conference on Human Factors in Computing Systems</italic>. (CHI'05). New York: ACM, pp. 281--290. <pub-id pub-id-type="doi" xlink:href="10.1145/1054972.1055012" assigning-authority="crossref">10.1145/1054972.1055012</pub-id> <pub-id pub-id-type="doi" xlink:href="10.1145/1054972.1055012" /></mixed-citation>
				</ref>
				<ref id="ref-00003">
				<mixed-citation>Hwang, F., Keates, S., Langdon, P. and Clarkson, P. J. 2003. Multiple Haptic Targets for Motion-Impaired Users. <italic toggle="yes">Proceedings of the SIGCHI Conference on Human Factors in Computing Systems</italic>. (CHI'03). New York: ACM, 41--48. <pub-id pub-id-type="doi" xlink:href="10.1145/642611.642620" assigning-authority="crossref">10.1145/642611.642620</pub-id> <pub-id pub-id-type="doi" xlink:href="10.1145/642611.642620" /></mixed-citation>
				</ref>
				<ref id="ref-00004">
				<mixed-citation>Hwang, F., Keates, S., Langdon, P. and Clarkson, P. J. 2004. Mouse movements of motion-impaired users: A submovement analysis. <italic toggle="yes">Proceedings of the 6<sup>th</sup> international ACM SIGACCESS conference on Computers and Accessibility</italic>. (ASSETS'04). New York: ACM, pp. 102--109. <pub-id pub-id-type="doi" xlink:href="10.1145/1028630.1028649" assigning-authority="crossref">10.1145/1028630.1028649</pub-id> <pub-id pub-id-type="doi" xlink:href="10.1145/1028630.1028649" /></mixed-citation>
				</ref>
				<ref id="ref-00005">
				<mixed-citation>Pérez, J. E., Arrue, M., Valencia, X., Moreno, L. 2014. Exploratory study of web navigation strategies for users with physical disabilities. <italic toggle="yes">Proceedings of the 11th Web for All Conference</italic> (W4A'14). New York: ACM, Article 20. <pub-id pub-id-type="doi" xlink:href="10.1145/2596695.2596715" assigning-authority="crossref">10.1145/2596695.2596715</pub-id> <pub-id pub-id-type="doi" xlink:href="10.1145/2596695.2596715" /></mixed-citation>
				</ref>
				<ref id="ref-00006">
				<mixed-citation>Trewin, S., Keates, S. and Moffatt, K. 2006. Developing Steady Clicks: A method of cursor assistance for people with motor impairments. <italic toggle="yes">Proceedings of the 8<sup>th</sup> international ACM SIGACCESS conference on Computers and Accessibility</italic>. (ASSETS'06). New York: ACM, pp. 26--33. <pub-id pub-id-type="doi" xlink:href="10.1145/1168987.1168993" assigning-authority="crossref">10.1145/1168987.1168993</pub-id> <pub-id pub-id-type="doi" xlink:href="10.1145/1168987.1168993" /></mixed-citation>
				</ref>
				<ref id="ref-00007">
				<mixed-citation>Trewin, S. and Pain, H. 1999. Keyboard and mouse errors due to motor disabilities, <italic toggle="yes">International Journal of Human-Computer Studies</italic> 50(2), pp. 109--144. <pub-id pub-id-type="doi" xlink:href="10.1006/ijhc.1998.0238" assigning-authority="crossref">10.1006/ijhc.1998.0238</pub-id> <pub-id pub-id-type="doi" xlink:href="10.1006/ijhc.1998.0238" /></mixed-citation>
				</ref>
				<ref id="ref-00008">
				<mixed-citation>Valencia, X., Pérez, J. E., Muñoz, U., Arrue, M., Abascal, J. 2015. Assisted Interaction Data Analysis of Web-Based User Studies. <italic toggle="yes">Proceedings of the 15<sup>th</sup> IFIP TC 13 International Conference on Human Computer Interaction</italic>. (INTERACT 2015). Vol. 9296 of LNCS, Springer, pp. 1--19.</mixed-citation>
				</ref>
				<ref id="ref-00009">
				<mixed-citation>Wobbrock, J. O., Fogarty, J., Liu, S., Kimuro, S. and Harada, S. 2009. The angle mouse: Target-agnostic dynamic gain adjustment based in angular deviation. <italic toggle="yes">Proceedings of the SIGCHI Conference on Human Factors in Computing Systems</italic>. (CHI'09). New York: ACM, pp. 1401--1410. <pub-id pub-id-type="doi" xlink:href="10.1145/1518701.1518912" assigning-authority="crossref">10.1145/1518701.1518912</pub-id> <pub-id pub-id-type="doi" xlink:href="10.1145/1518701.1518912" /></mixed-citation>
				</ref>
				<ref id="ref-00010">
				<mixed-citation>Wobbrock, J. O. and Gajos, K. 2007. A comparison of area pointing and goal crossing for people with and without motor impairments. <italic toggle="yes">Proceedings of the 9<sup>th</sup> international ACM SIGACCESS conference on Computers and Accessibility</italic>. (ASSETS'07). New York: ACM, pp. 3--10. <pub-id pub-id-type="doi" xlink:href="10.1145/1296843.1296847" assigning-authority="crossref">10.1145/1296843.1296847</pub-id> <pub-id pub-id-type="doi" xlink:href="10.1145/1296843.1296847" /></mixed-citation>
				</ref>
			</ref-list>
</back>
</book-part>
</book-part-wrapper>
