<?xml version="1.0" encoding="UTF-8"?>
<!DOCTYPE book-part-wrapper PUBLIC "-//NLM//DTD BITS Book Interchange DTD with OASIS and XHTML Tables v2.0 20151225//EN" "BITS-book-oasis2.dtd">
<book-part-wrapper xmlns:xlink="http://www.w3.org/1999/xlink" xmlns:mml="http://www.w3.org/1998/Math/MathML" xmlns:oasis="http://www.niso.org/standards/z39-96/ns/oasis-exchange/table" xmlns:xi="http://www.w3.org/2001/XInclude" xmlns:xsi="http://www.w3.org/2001/XMLSchema-instance" dtd-version="2.0" xml:lang="en" content-type="extended-abstract">
<collection-meta collection-type="book-series">
    <collection-id collection-id-type="doi">10.1145/acmotherconferences</collection-id>
    <title-group>
        <title>ACM Other Conferences</title>
    </title-group>
</collection-meta>
	<book-meta>
		<book-id book-id-type="acm-id">2899475</book-id>
		<book-id book-id-type="doi">10.1145/2899475</book-id>
		<book-title-group>
			<book-title>Proceedings of the 13th International Web for All Conference</book-title>
			<alt-title alt-title-type="acronym">W4A '16</alt-title>
		</book-title-group>
	</book-meta>
	<book-part xmlns:ali="http://www.niso.org/schemas/ali/1.0/" book-part-type="chapter" xml:lang="en">
		<book-part-meta>
			<book-part-id book-part-id-type="acm-id">2899502</book-part-id>
			<book-part-id book-part-id-type="doi">10.1145/2899475.2899502</book-part-id>
			<book-part-id book-part-id-type="article-no">36</book-part-id>
	<subj-group subj-group-type="ccs2012">
		<compound-subject>
			<compound-subject-part content-type="code">10003120.10003138.10003141.10010895</compound-subject-part>
			<compound-subject-part content-type="text">Human-centered computing~Ubiquitous and mobile computing~Ubiquitous and mobile devices~Smartphones</compound-subject-part>
			<compound-subject-part content-type="weight">500</compound-subject-part>
		</compound-subject>
		<compound-subject>
			<compound-subject-part content-type="code">10010405.10010444.10010449</compound-subject-part>
			<compound-subject-part content-type="text">Applied computing~Life and medical sciences~Health informatics</compound-subject-part>
			<compound-subject-part content-type="weight">500</compound-subject-part>
		</compound-subject>
	</subj-group>
			<title-group>
				<title>Using web interaction to monitor parkinson's disease progression through behavioural inferences on the web</title>
			</title-group>
<contrib-group>
   <contrib contrib-type="author" id="artseq-00001">
       <contrib-id contrib-id-type="person_id" authenticated="false">P5763016</contrib-id><contrib-id contrib-id-type="profile_id" authenticated="false">99659005924</contrib-id>
       <name name-style="western">
           <surname>Vega</surname>
           <given-names>Julio</given-names>
       </name>
	<aff>University of Manchester</aff><aff><institution-wrap><institution-id institution-id-type="profile_id">60003771</institution-id></institution-wrap></aff>
	<email>julio.vega@manchester.ac.uk</email>
	<role>Author</role>
   </contrib>
</contrib-group>
   <pub-date date-type="publication">
   <day>11</day>
   <month>04</month>
   <year>2016</year>
   </pub-date>
				<fpage>1</fpage>
				<lpage>3</lpage>
		<permissions>
			<copyright-year>2016</copyright-year>
			<copyright-holder>Owner/Author</copyright-holder>
			<license license-type="rightsretained">
			<license-p>Permission to make digital or hard copies of part or all of this work for personal or classroom use is granted without fee provided that copies are not made or distributed for profit or commercial advantage and that copies bear this notice and the full citation on the first page. Copyrights for third-party components of this work must be honored. For all other uses, contact the Owner/Author.</license-p>
			</license>
		</permissions>
		<self-uri content-type="pdf" xlink:href="2899475.2899502.pdf" />
	<abstract>
		<p>Traditional Parkinson's Disease (PD) assessment techniques are inaccurate, sporadic and subjective. Although recent works have used wearable devices to try to overcome these issues, most interfere with people's routines, are uncomfortable to use and unsuitable for long-term assessments. In contrast, my approach aims to monitor PD in a longitudinal, naturalistic, non-disruptive and non-intrusive way. It uses smartphones to log social, environmental and web interaction data about people and their surroundings. This data is complemented with other web data sources and then processed to infer a set of metrics (a latent behavioural variable or LBV) of people's activities and habits. Then, LBVs' trends are quantified and mapped to the progression of the disease. During a first pilot study, I collected a dataset with &#x2248;290 million records that has 34.5x more rows and scanned 4x more data sources than state-of-the-art sets. I used this data to identify six possible PD-related LBVs. This project aims to get a more accurate disease picture and to reduce the physical and psychological burden of traditional and other technology-based assessment methods. Ultimately, the work has the potential to save people's time and improve the efficiency and effectiveness of health services.</p>
	</abstract>
<kwd-group>
<kwd>behaviour inferencing</kwd>
<kwd>parkinson's disease</kwd>
<kwd>smartphones</kwd>
</kwd-group>
		<custom-meta-group>
		    <custom-meta>
		        <meta-name>rightslink</meta-name>
		        <meta-value>excluded</meta-value>
		    </custom-meta>
		</custom-meta-group>
		</book-part-meta>
		
	<back>
<ref-list specific-use="unparsed">
				<ref id="ref-00001">
				<mixed-citation>J.-F. Daneault, B. Carignan, C. É. Codère, A. F. Sadikot, and C. Duval. Using a smart phone as a standalone platform for detection and monitoring of pathological tremors. <italic toggle="yes">Frontiers in Human Neuroscience</italic>, 6:357, 1 2012.</mixed-citation>
				</ref>
				<ref id="ref-00002">
				<mixed-citation>N. Y. Hammerla, J. M. Fisher, P. Andras, L. Rochester, R. Walker, and T. Plötz. PD Disease State Assessment in Naturalistic Environments using Deep Learning. In <italic toggle="yes">Conf. Innov. Appl. Artif. Intell.</italic>, Austin, Texas, 2015. <pub-id pub-id-type="doi" xlink:href="10.5555/2886521.2886562" /></mixed-citation>
				</ref>
				<ref id="ref-00003">
				<mixed-citation>J. Liddle, D. Ireland, S. J. McBride, S. G. Brauer, L. M. Hall, H. Ding, M. Karunanithi, P. W. Hodges, D. Theodoros, P. A. Silburn, et al. Measuring the lifespace of people with parkinson's disease using smartphones: proof of principle. <italic toggle="yes">JMIR mHealth and uHealth</italic>, 2(1), 2014.</mixed-citation>
				</ref>
				<ref id="ref-00004">
				<mixed-citation>K. Montague, H. Nicolau, and V. L. Hanson. Motor-impaired touchscreen interactions in the wild. In <italic toggle="yes">Proceedings of the 16th International ACM SIGACCESS Conference on Computers &amp; Accessibility</italic>, ASSETS '14, pages 123--130, New York, NY, USA, 2014. ACM. <pub-id pub-id-type="doi" xlink:href="10.1145/2661334.2661362" assigning-authority="crossref">10.1145/2661334.2661362</pub-id> <pub-id pub-id-type="doi" xlink:href="10.1145/2661334.2661362" /></mixed-citation>
				</ref>
				<ref id="ref-00005">
				<mixed-citation>D. Pan, R. Dhall, A. Lieberman, and D. B. Petitti. A mobile cloud-based parkinson's disease assessment system for home-based monitoring. <italic toggle="yes">JMIR mHealth and uHealth</italic>, 3(1), 2015.</mixed-citation>
				</ref>
				<ref id="ref-00006">
				<mixed-citation>L. Pepa, L. Ciabattoni, F. Verdini, M. Capecci, and M. Ceravolo. Smartphone based fuzzy logic freezing of gait detection in parkinson's disease. In <italic toggle="yes">10th Int. Conf. IEEE on MESA</italic>, pages 1--6. IEEE, 2014.</mixed-citation>
				</ref>
				<ref id="ref-00007">
				<mixed-citation>The Michel J. Fox Foundation. Predicting parkinson's disease progression with smartphone data, 2013. https://www.kaggle.com/c/predicting-parkinson-s-disease-progression-with-smartphone-data.</mixed-citation>
				</ref>
			</ref-list>
</back>
</book-part>
</book-part-wrapper>
