<?xml version="1.0" encoding="UTF-8"?>
<!DOCTYPE book-part-wrapper PUBLIC "-//NLM//DTD BITS Book Interchange DTD with OASIS and XHTML Tables v2.0 20151225//EN" "BITS-book-oasis2.dtd">
<book-part-wrapper xmlns:xlink="http://www.w3.org/1999/xlink" xmlns:mml="http://www.w3.org/1998/Math/MathML" xmlns:oasis="http://www.niso.org/standards/z39-96/ns/oasis-exchange/table" xmlns:xi="http://www.w3.org/2001/XInclude" xmlns:xsi="http://www.w3.org/2001/XMLSchema-instance" dtd-version="2.0" xml:lang="en" content-type="short-paper">
<collection-meta collection-type="book-series">
    <collection-id collection-id-type="doi">10.1145/acmotherconferences</collection-id>
    <title-group>
        <title>ACM Other Conferences</title>
    </title-group>
</collection-meta>
	<book-meta>
		<book-id book-id-type="acm-id">2899475</book-id>
		<book-id book-id-type="doi">10.1145/2899475</book-id>
		<book-title-group>
			<book-title>Proceedings of the 13th International Web for All Conference</book-title>
			<alt-title alt-title-type="acronym">W4A '16</alt-title>
		</book-title-group>
	</book-meta>
	<book-part xmlns:ali="http://www.niso.org/schemas/ali/1.0/" book-part-type="chapter" xml:lang="en">
		<book-part-meta>
			<book-part-id book-part-id-type="acm-id">2899492</book-part-id>
			<book-part-id book-part-id-type="doi">10.1145/2899475.2899492</book-part-id>
			<book-part-id book-part-id-type="article-no">5</book-part-id>
	<subj-group subj-group-type="ccs2012">
		<compound-subject>
			<compound-subject-part content-type="code">10003120.10011738</compound-subject-part>
			<compound-subject-part content-type="text">Human-centered computing~Accessibility</compound-subject-part>
			<compound-subject-part content-type="weight">500</compound-subject-part>
		</compound-subject>
		<compound-subject>
			<compound-subject-part content-type="code">10002944.10011122.10003459</compound-subject-part>
			<compound-subject-part content-type="text">General and reference~Document types~Computing standards, RFCs and guidelines</compound-subject-part>
			<compound-subject-part content-type="weight">500</compound-subject-part>
		</compound-subject>
		<compound-subject>
			<compound-subject-part content-type="code">10002944.10011122</compound-subject-part>
			<compound-subject-part content-type="text">General and reference~Document types</compound-subject-part>
			<compound-subject-part content-type="weight">500</compound-subject-part>
		</compound-subject>
		<compound-subject>
			<compound-subject-part content-type="code">10003120.10011738.10011772</compound-subject-part>
			<compound-subject-part content-type="text">Human-centered computing~Accessibility~Accessibility theory, concepts and paradigms</compound-subject-part>
			<compound-subject-part content-type="weight">500</compound-subject-part>
		</compound-subject>
	</subj-group>
			<title-group>
				<title>Web accessibility guidelines for the 2020s</title>
			</title-group>
<contrib-group>
   <contrib contrib-type="author" id="artseq-00001">
       <contrib-id contrib-id-type="person_id" authenticated="false">P5762926</contrib-id><contrib-id contrib-id-type="profile_id" authenticated="false">81406596883</contrib-id>
       <name name-style="western">
           <surname>Cooper</surname>
           <given-names>Michael</given-names>
       </name>
	<aff>W3C / WAI, MIT/CSAIL</aff><aff><institution-wrap><institution-id institution-id-type="profile_id">60006320</institution-id></institution-wrap></aff>
	<email>cooper@w3.org</email>
	<role>Author</role>
   </contrib>
</contrib-group>
   <pub-date date-type="publication">
   <day>11</day>
   <month>04</month>
   <year>2016</year>
   </pub-date>
				<fpage>1</fpage>
				<lpage>4</lpage>
		<permissions>
			<copyright-year>2016</copyright-year>
			<copyright-holder>ACM</copyright-holder>
			<license license-type="acmlicensed">
			<license-p>Permission to make digital or hard copies of all or part of this work for personal or classroom use is granted without fee provided that copies are not made or distributed for profit or commercial advantage and that copies bear this notice and the full citation on the first page. Copyrights for components of this work owned by others than the author(s) must be honored. Abstracting with credit is permitted. To copy otherwise, or republish, to post on servers or to redistribute to lists, requires prior specific permission and/or a fee. Request permissions from Permissions@acm.org.</license-p>
			</license>
		</permissions>
		<self-uri content-type="pdf" xlink:href="2899475.2899492.pdf" />
	<abstract>
		<p>W3C has completed the 2.0 versions of its three web accessibility guidelines addressing authoring, content, and user agents. It now is working to address new needs created by ongoing evolution of the Web. Using a user needs-focused approach it is developing technologies, techniques, and guidelines to make the Web accessible to people with disabilities.</p>
	</abstract>
<kwd-group>
<kwd>ATAG</kwd>
<kwd>UAAG</kwd>
<kwd>W3C</kwd>
<kwd>WAI</kwd>
<kwd>WCAG</kwd>
<kwd>accessibility</kwd>
<kwd>guidelines</kwd>
<kwd>web</kwd>
</kwd-group>
<funding-group specific-use="FundRef">
	<award-group id="award1">
		<funding-source id="GS1">
			<institution-wrap>
			<institution>National Institute on Disability, Independent Living, and Rehabilitation Research</institution>
			<institution-id institution-id-type="FundRef">http://dx.doi.org/10.13039/100009157</institution-id>
			</institution-wrap>
		</funding-source>
		<award-id rid="GS1">HHSP23301500054</award-id>
	</award-group>
</funding-group>
		</book-part-meta>
		
	<back>
<ref-list specific-use="unparsed">
				<ref id="ref-00001">
				<mixed-citation>Jan Richards, Jeanne Spellman, Jutta Treviranus, Editors. 2015. Authoring Tool Accessibility Guidelines (ATAG) 2.0. (September 2015). Retrieved January 15, 2016 from http://www.w3.org/TR/ATAG20/.</mixed-citation>
				</ref>
				<ref id="ref-00002">
				<mixed-citation>James Allan, Greg Lowney, Kim Patch, Jeanne Spellman, Editors. User Agent Accessibility Guidelines (UAAG) 2.0. (December 2015). Retrieved January 15, 2016 from https://www.w3.org/TR/UAAG20/.</mixed-citation>
				</ref>
				<ref id="ref-00003">
				<mixed-citation>Ben Caldwell, Michael Cooper, Loretta Guarino Reid, Gregg Vanderheiden, Editors. Web Content Accessibility Guidelines (WCAG) 2.0. (December 2008). Retrieved January 15, 2016 from http://www.w3.org/TR/WCAG20/.</mixed-citation>
				</ref>
				<ref id="ref-00004">
				<mixed-citation>Michael Cooper, Andrew Kirkpatrick, Joshue O Connor, Editors. Requirements for WCAG 2.0 Extensions. (January 2016). Retrieved January 15, 2016 from http://www.w3.org/TR/wcag2-ext-req/.</mixed-citation>
				</ref>
				<ref id="ref-00005">
				<mixed-citation>James Craig, Michael Cooper, Editors. Accessible Rich Internet Applications (WAI-ARIA) 1.0. (March 2014). Retrieved January 15, 2016 from http://www.w3.org/TR/wai-aria/.</mixed-citation>
				</ref>
				<ref id="ref-00006">
				<mixed-citation>Joanmarie Diggs, James Craig, Shane McCarron, Michael Cooper, Editors. Accessible Rich Internet Applications (WAI-ARIA) 1.1. (November 2015). Retrieved January 15, 2016 from http://www.w3.org/TR/wai-aria-1.1/.</mixed-citation>
				</ref>
				<ref id="ref-00007">
				<mixed-citation>Steve Faulkner, Jason Kiss, Alexander Surkov, Cynthia Shelly, Editors. HTML Accessibility API Mappings 1.0. (December 2015). Retrieved January 15, 2016 from http://www.w3.org/TR/html-aam-1.0/.</mixed-citation>
				</ref>
				<ref id="ref-00008">
				<mixed-citation>Amelia Bellamy-Royds, Rich Schwerdtfeger, Editors. SVG Accessibility API Mappings. (November 2015). Retrieved January 15, 2016 from http://www.w3.org/TR/svg-aam-1.0/.</mixed-citation>
				</ref>
				<ref id="ref-00009">
				<mixed-citation>Amelia Bellamy-Royds, Fred Esch, Rich Schwerdtfeger, Léonie Watson, Editors. WAI-ARIA Graphics Module. (December 2015). Retrieved January 15, 2016 from http://www.w3.org/TR/graphics-aria-1.0/.</mixed-citation>
				</ref>
				<ref id="ref-00010">
				<mixed-citation>Matt Garrish, Tzviya Siegman, Markus Gylling, Shane McCarron, Editors. Digital Publishing WAI-ARIA Module 1.0 (November 2015). Retrieved January 15, 2016 from http://www.w3.org/TR/dpub-aria-1.0/.</mixed-citation>
				</ref>
				<ref id="ref-00011">
				<mixed-citation>Shane McCarron, Michael Cooper, Mark Sadecki, Edtiors. Media Accessibility User Requirements. (December 2015). Retrieved January 15, 2016 from http://www.w3.org/TR/media-accessibility-reqs/.</mixed-citation>
				</ref>
				<ref id="ref-00012">
				<mixed-citation>Lisa Seeman, Michael Cooper, Editors. Cognitive Accessibility User Research. (January 2015). Retrieved January 15, 2016 from https://www.w3.org/TR/coga-user-research/.</mixed-citation>
				</ref>
				<ref id="ref-00013">
				<mixed-citation>Charles McCathie-Nevile, Ian Jacobs, Editors. World Wide Web Consortium Process Document. (September 2015). Retrieved January 15, 2016 from http://www.w3.org/Consortium/Process/.</mixed-citation>
				</ref>
				<ref id="ref-00014">
				<mixed-citation>Eric Eggert, Shadi Abou-Zahra, Editors. WAI Tutorials (March 2016). Retrieved March 1, 2016 from https://www.w3.org/WAI/tutorials/.</mixed-citation>
				</ref>
			</ref-list>
</back>
</book-part>
</book-part-wrapper>
