<?xml version="1.0" encoding="UTF-8"?>
<!DOCTYPE book-part-wrapper PUBLIC "-//NLM//DTD BITS Book Interchange DTD with OASIS and XHTML Tables v2.0 20151225//EN" "BITS-book-oasis2.dtd">
<book-part-wrapper xmlns:xlink="http://www.w3.org/1999/xlink" xmlns:mml="http://www.w3.org/1998/Math/MathML" xmlns:oasis="http://www.niso.org/standards/z39-96/ns/oasis-exchange/table" xmlns:xi="http://www.w3.org/2001/XInclude" xmlns:xsi="http://www.w3.org/2001/XMLSchema-instance" dtd-version="2.0" xml:lang="en" content-type="demonstration">
<collection-meta collection-type="book-series">
    <collection-id collection-id-type="doi">10.1145/acmotherconferences</collection-id>
    <title-group>
        <title>ACM Other Conferences</title>
    </title-group>
</collection-meta>
	<book-meta>
		<book-id book-id-type="acm-id">3058555</book-id>
		<book-id book-id-type="doi">10.1145/3058555</book-id>
		<book-title-group>
			<book-title>Proceedings of the 14th International Web for All Conference</book-title>
			<alt-title alt-title-type="acronym">W4A '17</alt-title>
		</book-title-group>
	</book-meta>
	<book-part xmlns:ali="http://www.niso.org/schemas/ali/1.0/" book-part-type="chapter" xml:lang="en">
		<book-part-meta>
			<book-part-id book-part-id-type="acm-id">3058585</book-part-id>
			<book-part-id book-part-id-type="doi">10.1145/3058555.3058585</book-part-id>
			<book-part-id book-part-id-type="article-no">28</book-part-id>
	<subj-group subj-group-type="ccs2012">
		<compound-subject>
			<compound-subject-part content-type="code">10002951.10003260.10003282.10003296</compound-subject-part>
			<compound-subject-part content-type="text">Information systems~World Wide Web~Web applications~Crowdsourcing</compound-subject-part>
			<compound-subject-part content-type="weight">500</compound-subject-part>
		</compound-subject>
		<compound-subject>
			<compound-subject-part content-type="code">10002951.10003227.10003236.10003101</compound-subject-part>
			<compound-subject-part content-type="text">Information systems~Information systems applications~Spatial-temporal systems~Location based services</compound-subject-part>
			<compound-subject-part content-type="weight">500</compound-subject-part>
		</compound-subject>
		<compound-subject>
			<compound-subject-part content-type="code">10003456.10010927.10003616</compound-subject-part>
			<compound-subject-part content-type="text">Social and professional topics~User characteristics~People with disabilities</compound-subject-part>
			<compound-subject-part content-type="weight">500</compound-subject-part>
		</compound-subject>
		<compound-subject>
			<compound-subject-part content-type="code">10003120.10003123.10010860.10010877</compound-subject-part>
			<compound-subject-part content-type="text">Human-centered computing~Interaction design~Interaction design process and methods~Activity centered design</compound-subject-part>
			<compound-subject-part content-type="weight">500</compound-subject-part>
		</compound-subject>
		<compound-subject>
			<compound-subject-part content-type="code">10003456.10003457.10003490.10003491.10003496</compound-subject-part>
			<compound-subject-part content-type="text">Social and professional topics~Professional topics~Management of computing and information systems~Project and people management~Systems development</compound-subject-part>
			<compound-subject-part content-type="weight">500</compound-subject-part>
		</compound-subject>
		<compound-subject>
			<compound-subject-part content-type="code">10003120.10011738.10011775</compound-subject-part>
			<compound-subject-part content-type="text">Human-centered computing~Accessibility~Accessibility technologies</compound-subject-part>
			<compound-subject-part content-type="weight">500</compound-subject-part>
		</compound-subject>
	</subj-group>
	<subj-group subj-group-type="qualifier-density">
		<compound-subject>
			<compound-subject-part content-type="code">research</compound-subject-part>
			<compound-subject-part content-type="text">Research</compound-subject-part>
		</compound-subject>
	</subj-group>
	<subj-group subj-group-type="qualifier-review_process">
		<compound-subject>
			<compound-subject-part content-type="code">refereed_limited</compound-subject-part>
			<compound-subject-part content-type="text">Refereed limited</compound-subject-part>
		</compound-subject>
	</subj-group>
	<subj-group subj-group-type="qualifier-editorial_treatment">
		<compound-subject>
			<compound-subject-part content-type="code">unedited</compound-subject-part>
			<compound-subject-part content-type="text">Un-edited</compound-subject-part>
		</compound-subject>
	</subj-group>
			<title-group>
				<title>LuzDeploy</title>
				<subtitle>A Collective Action System for Installing Navigation Infrastructure for Blind People</subtitle>
			</title-group>
<contrib-group>
   <contrib contrib-type="author" id="artseq-00001">
       <contrib-id contrib-id-type="person_id" authenticated="false">P6207241</contrib-id><contrib-id contrib-id-type="profile_id" authenticated="false">99659021609</contrib-id>
       <name name-style="western">
           <surname>Gleason</surname>
           <given-names>Cole</given-names>
       </name>
	<aff>Carnegie Mellon University</aff><aff><institution-wrap><institution-id institution-id-type="profile_id">60027950</institution-id></institution-wrap></aff>
	<email>cgleason@cs.cmu.edu</email>
	<role>Author</role>
   </contrib>
   <contrib contrib-type="author" id="artseq-00002">
       <contrib-id contrib-id-type="person_id" authenticated="false">P6207242</contrib-id><contrib-id contrib-id-type="profile_id" authenticated="false">81488672853</contrib-id>
       <name name-style="western">
           <surname>Ahmetovic</surname>
           <given-names>Dragan</given-names>
       </name>
	<aff>Carnegie Mellon University</aff><aff><institution-wrap><institution-id institution-id-type="profile_id">60027950</institution-id></institution-wrap></aff>
	<email>dragan1@cmu.edu</email>
	<role>Author</role>
   </contrib>
   <contrib contrib-type="author" id="artseq-00003">
       <contrib-id contrib-id-type="person_id" authenticated="false">P6207243</contrib-id><contrib-id contrib-id-type="profile_id" authenticated="false">81553852556</contrib-id>
       <name name-style="western">
           <surname>Toxtli</surname>
           <given-names>Carlos</given-names>
       </name>
	<aff>West Virginia University</aff><aff><institution-wrap><institution-id institution-id-type="profile_id">60021143</institution-id></institution-wrap></aff>
	<email>ctoxtli@gmail.com</email>
	<role>Author</role>
   </contrib>
   <contrib contrib-type="author" id="artseq-00004">
       <contrib-id contrib-id-type="person_id" authenticated="false">P6207244</contrib-id><contrib-id contrib-id-type="profile_id" authenticated="false">81508700102</contrib-id>
       <name name-style="western">
           <surname>Savage</surname>
           <given-names>Saiph</given-names>
       </name>
	<aff>West Virginia University, National Autonomous, University of Mexico</aff><aff><institution-wrap><institution-id institution-id-type="profile_id">60021143</institution-id></institution-wrap></aff>
	<email>saiph.savage@mail.wvu.edu</email>
	<role>Author</role>
   </contrib>
   <contrib contrib-type="author" id="artseq-00005">
       <contrib-id contrib-id-type="person_id" authenticated="false">P6207245</contrib-id><contrib-id contrib-id-type="profile_id" authenticated="false">81338487593</contrib-id>
       <name name-style="western">
           <surname>Bigham</surname>
           <given-names>Jeffrey P.</given-names>
       </name>
	<aff>Carnegie Mellon University</aff><aff><institution-wrap><institution-id institution-id-type="profile_id">60027950</institution-id></institution-wrap></aff>
	<email>jbigham@cs.cmu.edu</email>
	<role>Author</role>
   </contrib>
   <contrib contrib-type="author" id="artseq-00006">
       <contrib-id contrib-id-type="person_id" authenticated="false">P6207246</contrib-id><contrib-id contrib-id-type="profile_id" authenticated="false">81100044475</contrib-id>
       <name name-style="western">
           <surname>Asakawa</surname>
           <given-names>Chieko</given-names>
       </name>
	<aff>Carnegie Mellon University, IBM Research-Tokyo</aff><aff><institution-wrap><institution-id institution-id-type="profile_id">60027950</institution-id></institution-wrap></aff>
	<email>chiekoa@cs.cmu.edu</email>
	<role>Author</role>
   </contrib>
</contrib-group>
   <pub-date date-type="publication">
   <day>02</day>
   <month>04</month>
   <year>2017</year>
   </pub-date>
				<fpage>1</fpage>
				<lpage>2</lpage>
		<permissions>
			<copyright-year>2017</copyright-year>
			<copyright-holder>Owner/Author</copyright-holder>
			<license license-type="rightsretained">
			<license-p>Permission to make digital or hard copies of part or all of this work for personal or classroom use is granted without fee provided that copies are not made or distributed for profit or commercial advantage and that copies bear this notice and the full citation on the first page. Copyrights for third-party components of this work must be honored. For all other uses, contact the Owner/Author.</license-p>
			</license>
		</permissions>
		<self-uri content-type="pdf" xlink:href="3058555.3058585.pdf" />
	<abstract>
		<p>Providing navigation assistance to people with visual impairments often requires augmenting the environment with after-market technology. However, installing navigation infrastructure in large environments requires a critical mass of trained personnel. Recruiting, training and managing participants for such a task is difficult.</p> <p>LuzDeploy is a computational method to recruit, instruct and orchestrate volunteers to perform physical crowdsourcing tasks. We use LuzDeploy to orchestrate volunteers to install physical infrastructure for the navigation assistance of people with visual impairments. Our system provides on-the-go enrollment so that volunteers can participate to the collective action whenever they have time, coming and leaving as needed. Providing automated instructions also allows to avoid instructing participants directly, so experts do not need to be available on-site.</p>
	</abstract>
<kwd-group>
<kwd>Assisted Navigation</kwd>
<kwd>Physical Crowdsourcing</kwd>
<kwd>Visual Impairments</kwd>
</kwd-group>
<funding-group specific-use="FundRef">
	<award-group id="award1">
		<funding-source id="GS1">
			<institution-wrap>
			<institution>Shimizu Corporation</institution>
			</institution-wrap>
		</funding-source>
	</award-group>
</funding-group>
		<custom-meta-group>
		    <custom-meta>
		        <meta-name>rightslink</meta-name>
		        <meta-value>excluded</meta-value>
		    </custom-meta>
		</custom-meta-group>
		</book-part-meta>
		
	<back>
<ref-list specific-use="unparsed">
				<ref id="ref-00001">
				<mixed-citation>D. Ahmetovic, C. Gleason, C. Ruan, K. Kitani, H. Takagi, and C. Asakawa. Navcog: A navigational cognitive assistant for the blind. In Proceedings of the 18th International Conference on Human-Computer Interaction with Mobile Devices and Services, MobileHCI '16. ACM, 2016. <pub-id pub-id-type="doi" xlink:href="10.1145/2935334.2935361" assigning-authority="crossref">10.1145/2935334.2935361</pub-id> <pub-id pub-id-type="doi" xlink:href="10.1145/2935334.2935361" /></mixed-citation>
				</ref>
				<ref id="ref-00002">
				<mixed-citation>D. Ahmetovic, R. Manduchi, J. Coughlan, and S. Mascetti. Mind your crossings: Mining gis imagery for crosswalk localization. ACM Transactions on Accessible Computing, 2016. <pub-id pub-id-type="doi" xlink:href="10.1145/3046790" assigning-authority="crossref">10.1145/3046790</pub-id> <pub-id pub-id-type="doi" xlink:href="10.1145/3046790" /></mixed-citation>
				</ref>
				<ref id="ref-00003">
				<mixed-citation>K. Ishii, H. Mi, L. Ma, N. Laokulrat, M. Inami, and T. Igarashi. Pebbles: User-configurable device network for robot navigation. In IFIP Conference on Human-Computer Interaction, pages 420--436. Springer, 2013.</mixed-citation>
				</ref>
				<ref id="ref-00004">
				<mixed-citation>H. Iwahashi. Toward white wave - Story of Seiichi Miyake (in Japanese). Traffic Safety Research Center, 1983.</mixed-citation>
				</ref>
				<ref id="ref-00005">
				<mixed-citation>R. D. Jacobson. Cognitive mapping without sight: Four preliminary studies of spatial learning. Journal of Environmental Psychology, 1998.</mixed-citation>
				</ref>
				<ref id="ref-00006">
				<mixed-citation>H. Kacorri, S. Mascetti, A. Gerino, D. Ahmetovic, H. Takagi, and C. Asakawa. Supporting orientation of people with visual impairment: Analysis of large scale usage data. In International ACM SIGACCESS Conference on Computers and Accessibility. ACM, 2016. <pub-id pub-id-type="doi" xlink:href="10.1145/2982142.2982178" assigning-authority="crossref">10.1145/2982142.2982178</pub-id> <pub-id pub-id-type="doi" xlink:href="10.1145/2982142.2982178" /></mixed-citation>
				</ref>
				<ref id="ref-00007">
				<mixed-citation>S. Mascetti, D. Ahmetovic, A. Gerino, and C. Bernareggi. Zebrarecognizer: Pedestrian crossing recognition for people with visual impairment or blindness. Pattern Recognition, 2016. <pub-id pub-id-type="doi" xlink:href="10.1016/j.patcog.2016.05.002" assigning-authority="crossref">10.1016/j.patcog.2016.05.002</pub-id> <pub-id pub-id-type="doi" xlink:href="10.1016/j.patcog.2016.05.002" /></mixed-citation>
				</ref>
				<ref id="ref-00008">
				<mixed-citation>M. Modsching, R. Kramer, and K. ten Hagen. Field trial on gps accuracy in a medium size city: The influence of built-up. In 3rd workshop on positioning, navigation and communication, pages 209--218, 2006.</mixed-citation>
				</ref>
				<ref id="ref-00009">
				<mixed-citation>R. Vaish, K. Wyngarden, J. Chen, B. Cheung, and M. S. Bernstein. Twitch crowdsourcing: crowd contributions in short bursts of time. In Proceedings of the 32nd annual ACM conference on Human factors in computing systems, pages 3645--3654. ACM, 2014. <pub-id pub-id-type="doi" xlink:href="10.1145/2556288.2556996" assigning-authority="crossref">10.1145/2556288.2556996</pub-id> <pub-id pub-id-type="doi" xlink:href="10.1145/2556288.2556996" /></mixed-citation>
				</ref>
			</ref-list>
</back>
</book-part>
</book-part-wrapper>
