<?xml version="1.0" encoding="UTF-8"?>
<!DOCTYPE book-part-wrapper PUBLIC "-//NLM//DTD BITS Book Interchange DTD with OASIS and XHTML Tables v2.0 20151225//EN" "BITS-book-oasis2.dtd">
<book-part-wrapper xmlns:xlink="http://www.w3.org/1999/xlink" xmlns:mml="http://www.w3.org/1998/Math/MathML" xmlns:oasis="http://www.niso.org/standards/z39-96/ns/oasis-exchange/table" xmlns:xi="http://www.w3.org/2001/XInclude" xmlns:xsi="http://www.w3.org/2001/XMLSchema-instance" dtd-version="2.0" xml:lang="en" content-type="research-article">
<collection-meta collection-type="book-series">
    <collection-id collection-id-type="doi">10.1145/acmotherconferences</collection-id>
    <title-group>
        <title>ACM Other Conferences</title>
    </title-group>
</collection-meta>
	<book-meta>
		<book-id book-id-type="acm-id">3058555</book-id>
		<book-id book-id-type="doi">10.1145/3058555</book-id>
		<book-title-group>
			<book-title>Proceedings of the 14th International Web for All Conference</book-title>
			<alt-title alt-title-type="acronym">W4A '17</alt-title>
		</book-title-group>
	</book-meta>
	<book-part xmlns:ali="http://www.niso.org/schemas/ali/1.0/" book-part-type="chapter" xml:lang="en">
		<book-part-meta>
			<book-part-id book-part-id-type="acm-id">3058562</book-part-id>
			<book-part-id book-part-id-type="doi">10.1145/3058555.3058562</book-part-id>
			<book-part-id book-part-id-type="article-no">2</book-part-id>
	<subj-group subj-group-type="ccs2012">
		<compound-subject>
			<compound-subject-part content-type="code">10003120.10011738.10011774</compound-subject-part>
			<compound-subject-part content-type="text">Human-centered computing~Accessibility~Accessibility design and evaluation methods</compound-subject-part>
			<compound-subject-part content-type="weight">500</compound-subject-part>
		</compound-subject>
		<compound-subject>
			<compound-subject-part content-type="code">10003120.10011738.10011773</compound-subject-part>
			<compound-subject-part content-type="text">Human-centered computing~Accessibility~Empirical studies in accessibility</compound-subject-part>
			<compound-subject-part content-type="weight">500</compound-subject-part>
		</compound-subject>
	</subj-group>
	<subj-group subj-group-type="qualifier-density">
		<compound-subject>
			<compound-subject-part content-type="code">research</compound-subject-part>
			<compound-subject-part content-type="text">Research</compound-subject-part>
		</compound-subject>
	</subj-group>
	<subj-group subj-group-type="qualifier-review_process">
		<compound-subject>
			<compound-subject-part content-type="code">refereed_limited</compound-subject-part>
			<compound-subject-part content-type="text">Refereed limited</compound-subject-part>
		</compound-subject>
	</subj-group>
	<subj-group subj-group-type="qualifier-editorial_treatment">
		<compound-subject>
			<compound-subject-part content-type="code">unedited</compound-subject-part>
			<compound-subject-part content-type="text">Un-edited</compound-subject-part>
		</compound-subject>
	</subj-group>
			<title-group>
				<title>Scopist</title>
				<subtitle>Building a Skill Ladder into Crowd Transcription</subtitle>
			</title-group>
<contrib-group>
   <contrib contrib-type="author" id="artseq-00001">
       <contrib-id contrib-id-type="person_id" authenticated="false">P6207150</contrib-id><contrib-id contrib-id-type="profile_id" authenticated="false">81338487593</contrib-id>
       <name name-style="western">
           <surname>Bigham</surname>
           <given-names>Jeffrey P.</given-names>
       </name>
	<aff>Human-Computer Interaction Institute, Carnegie Mellon University</aff><aff><institution-wrap><institution-id institution-id-type="profile_id">60027950</institution-id></institution-wrap></aff>
	<email>jbigham@cs.cmu.edu</email>
	<role>Author</role>
   </contrib>
   <contrib contrib-type="author" id="artseq-00002">
       <contrib-id contrib-id-type="person_id" authenticated="false">P6207151</contrib-id><contrib-id contrib-id-type="profile_id" authenticated="false">99658696545</contrib-id>
       <name name-style="western">
           <surname>Williams</surname>
           <given-names>Kristin</given-names>
       </name>
	<aff>Human-Computer Interaction Institute, Carnegie Mellon University</aff><aff><institution-wrap><institution-id institution-id-type="profile_id">60027950</institution-id></institution-wrap></aff>
	<email>kmwillia@cs.cmu.edu</email>
	<role>Author</role>
   </contrib>
   <contrib contrib-type="author" id="artseq-00003">
       <contrib-id contrib-id-type="person_id" authenticated="false">P6207152</contrib-id><contrib-id contrib-id-type="profile_id" authenticated="false">99659182782</contrib-id>
       <name name-style="western">
           <surname>Banerjee</surname>
           <given-names>Nila</given-names>
       </name>
	<aff>Human-Computer Interaction Institute, Carnegie Mellon University</aff><aff><institution-wrap><institution-id institution-id-type="profile_id">60027950</institution-id></institution-wrap></aff>
	<email>nilanjab@andrew.cmu.edu</email>
	<role>Author</role>
   </contrib>
   <contrib contrib-type="author" id="artseq-00004">
       <contrib-id contrib-id-type="person_id" authenticated="false">P6207153</contrib-id><contrib-id contrib-id-type="profile_id" authenticated="false">81406592256</contrib-id>
       <name name-style="western">
           <surname>Zimmerman</surname>
           <given-names>John</given-names>
       </name>
	<aff>Human-Computer Interaction Institute, Carnegie Mellon University</aff><aff><institution-wrap><institution-id institution-id-type="profile_id">60027950</institution-id></institution-wrap></aff>
	<email>johnz@cs.cmu.edu</email>
	<role>Author</role>
   </contrib>
</contrib-group>
   <pub-date date-type="publication">
   <day>02</day>
   <month>04</month>
   <year>2017</year>
   </pub-date>
				<fpage>1</fpage>
				<lpage>10</lpage>
		<permissions>
			<copyright-year>2017</copyright-year>
			<copyright-holder>ACM</copyright-holder>
			<license license-type="acmcopyright">
			<license-p>Permission to make digital or hard copies of all or part of this work for personal or classroom use is granted without fee provided that copies are not made or distributed for profit or commercial advantage and that copies bear this notice and the full citation on the first page. Copyrights for components of this work owned by others than ACM must be honored. Abstracting with credit is permitted. To copy otherwise, or republish, to post on servers or to redistribute to lists, requires prior specific permission and/or a fee. Request permissions from Permissions@acm.org</license-p>
			</license>
		</permissions>
		<self-uri content-type="pdf" xlink:href="3058555.3058562.pdf" />
	<abstract>
		<p>Audio transcription is an important task for making content accessible to people who are deaf or hard of hearing. Much of the transcription work is increasingly done by crowd workers, people online who pick up the work as it becomes available often in small bits at a time. Whereas work typically provides a ladder for skill development -- a series of opportunities to acquire new skills that lead to advancement -- crowd transcription work generally does not. To demonstrate how crowd work might create a skill ladder, we created Scopist, a JavaScript application for learning an efficient text-entry method known as stenotype while doing audio transcription tasks. Scopist facilitates on-the-job learning to prepare crowd workers for remote, real-time captioning by supporting both touch-typing and chording. Real-time captioning is a difficult skill to master but is important for making live events accessible. We conducted 3 crowd studies of Scopist focusing on Scopist's performance and support for learning. We show that Scopist can distinguish touch-typing from stenotyping with 94% accuracy. Our research demonstrates a new way for workers on crowd platforms to align their work and skill development with the accessibility domain while they work.</p>
	</abstract>
<kwd-group>
<kwd>Crowdsourcing</kwd>
<kwd>crowd work</kwd>
<kwd>novice to expert transition</kwd>
<kwd>stenography</kwd>
<kwd>text-entry</kwd>
<kwd>worker training</kwd>
</kwd-group>
		</book-part-meta>
		
	<back>
<ref-list specific-use="unparsed">
				<ref id="ref-00001">
				<mixed-citation>Beddoes, M. and Hu, Z. 1994. A chord stenograph keyboard: a possible solution to the learning problem in stenography. IEEE Transcations on Systems, Man and Cybernetics. 24, 7 (1994), 953--960.</mixed-citation>
				</ref>
				<ref id="ref-00002">
				<mixed-citation>Benkler, Y. 2006. The Wealth of Networks: How Social Production Transforms Markets and Freedom. Yale University Press. <pub-id pub-id-type="doi" xlink:href="10.5555/1214507" /></mixed-citation>
				</ref>
				<ref id="ref-00003">
				<mixed-citation>Bigham, J.P., Jayant, C., Ji, H., Little, G., Miller, A., Miller, R.C., Miller, R., Tatarowicz, A., White, B., White, S. and Yeh, T. 2010. VizWiz: Nearly Real-Time Answers to Visual Questions. Proceedings of the ACM Symposium on User Interface Software and Technology (UIST'10) (2010), 333--342. <pub-id pub-id-type="doi" xlink:href="10.1145/1866029.1866080" assigning-authority="crossref">10.1145/1866029.1866080</pub-id> <pub-id pub-id-type="doi" xlink:href="10.1145/1866029.1866080" /></mixed-citation>
				</ref>
				<ref id="ref-00004">
				<mixed-citation>Bigham, J.P., Wobbrock, J.O. and Lasecki, W.S. 2015. Target Acquisition and the Crowd Actor. Human Computation. 2, 2 (2015), 135--154.</mixed-citation>
				</ref>
				<ref id="ref-00005">
				<mixed-citation>Brewer, R., Morris, M.R. and Piper, A.M. 2016. "Why would anybody do this?": Understanding Older Adults' Motivations and Challenges in Crowd Work. Proceedings of the 2016 SIGCHI Conference on Human Factors in Computing Systems (CHI '16) (2016), 2246--2257. <pub-id pub-id-type="doi" xlink:href="10.1145/2858036.2858198" assigning-authority="crossref">10.1145/2858036.2858198</pub-id> <pub-id pub-id-type="doi" xlink:href="10.1145/2858036.2858198" /></mixed-citation>
				</ref>
				<ref id="ref-00006">
				<mixed-citation>Cai, C.J., Iqbal, S.T. and Teevan, J. 2016. Chain Reactions: The Impact of Order on Microtask Chains. Proceedings of the SIGCHI Conference on Human Factors in Computing Systems (CHI'16) (2016), 3143--3154. <pub-id pub-id-type="doi" xlink:href="10.1145/2858036.2858237" assigning-authority="crossref">10.1145/2858036.2858237</pub-id> <pub-id pub-id-type="doi" xlink:href="10.1145/2858036.2858237" /></mixed-citation>
				</ref>
				<ref id="ref-00007">
				<mixed-citation>Card, S.K., Moran, T.P. and Newel, A. 1980. The Keystroke-Level Model for User Performace Time with Interactive Systems. Communications of the ACM. <pub-id pub-id-type="doi" xlink:href="10.1145/358886.358895" assigning-authority="crossref">10.1145/358886.358895</pub-id> <pub-id pub-id-type="doi" xlink:href="10.1145/358886.358895" /></mixed-citation>
				</ref>
				<ref id="ref-00008">
				<mixed-citation>Cockburn, A., Gutwin, C., Scarr, J. and Malacria, S. 2014. Supporting Novice to Expert Transitions in User Interfaces. ACM Computing Surveys. 47, 2 (2014), 1--36. <pub-id pub-id-type="doi" xlink:href="10.1145/2659796" assigning-authority="crossref">10.1145/2659796</pub-id> <pub-id pub-id-type="doi" xlink:href="10.1145/2659796" /></mixed-citation>
				</ref>
				<ref id="ref-00009">
				<mixed-citation>Daniels, P., Bright, W. and Editors 1996. The World's Writing Systems.</mixed-citation>
				</ref>
				<ref id="ref-00010">
				<mixed-citation>Dontcheva, M., Morris, R.R., Brandt, J.R. and Gerber, E.M. 2014. Combining crowdsourcing and learning to improve engagement and performance. Proceedings of the SIGCHI Conference on Human Factors in Computing Systems (CHI'14). (2014), 3379--3388. <pub-id pub-id-type="doi" xlink:href="10.1145/2556288.2557217" assigning-authority="crossref">10.1145/2556288.2557217</pub-id> <pub-id pub-id-type="doi" xlink:href="10.1145/2556288.2557217" /></mixed-citation>
				</ref>
				<ref id="ref-00011">
				<mixed-citation>Doroudi, S., Kamar, E., Brunskill, E. and Horvitz, E. 2016. Toward a Learning Science for Complex Crowdsourcing Tasks. Proceedings of the SIGCHI Conference on Human Factors in Computing Systems (CHI'16) (2016), 2623--2634. <pub-id pub-id-type="doi" xlink:href="10.1145/2858036.2858268" assigning-authority="crossref">10.1145/2858036.2858268</pub-id> <pub-id pub-id-type="doi" xlink:href="10.1145/2858036.2858268" /></mixed-citation>
				</ref>
				<ref id="ref-00012">
				<mixed-citation>Downey, G.J. 2008. Closed Captioning: Subtitling, Stenography, and the Digital Convergence of Text with Television. The Johns Hopkins University Press.</mixed-citation>
				</ref>
				<ref id="ref-00013">
				<mixed-citation>Edge, D., Searle, E. and Chiu, K. 2011. MicroMandarin: mobile language learning in context. Proceedings SIGCHI Conference on Human Factors in Computing Systems (CHI'11) (2011), 3169--3178. <pub-id pub-id-type="doi" xlink:href="10.1145/1978942.1979413" assigning-authority="crossref">10.1145/1978942.1979413</pub-id> <pub-id pub-id-type="doi" xlink:href="10.1145/1978942.1979413" /></mixed-citation>
				</ref>
				<ref id="ref-00014">
				<mixed-citation>Galli, E.J. 1962. The Stenowriter A System for the Lexical Processing of Stenotypy. IRE Transactions on Electronic Computers. 11, 2 (1962), 187--199.</mixed-citation>
				</ref>
				<ref id="ref-00015">
				<mixed-citation>Gopher, D. and Raij, D. 1988. Typing With a Two-Hand Chord Keyboard: Will the QWERTY Become Obsolete? IEEE Transactions on Systems, Man and Cybernetics. 18, 4 (1988), 601--609.</mixed-citation>
				</ref>
				<ref id="ref-00016">
				<mixed-citation>Hanrahan, B. V., Willamowski, J.K., Swaminathan, S. and Martin, D.B. 2015. TurkBench: Rendering the Market for Turkers. Proceedings of the SIGCHI Conference on Human Factors in Computing Systems (CHI'15) (2015), 0--3. <pub-id pub-id-type="doi" xlink:href="10.1145/2702123.2702279" assigning-authority="crossref">10.1145/2702123.2702279</pub-id> <pub-id pub-id-type="doi" xlink:href="10.1145/2702123.2702279" /></mixed-citation>
				</ref>
				<ref id="ref-00017">
				<mixed-citation>HCID's Kinetic Sentences: https://github.com/hcid-snu/kinetic-sentence. Accessed: 2016-09-18.</mixed-citation>
				</ref>
				<ref id="ref-00018">
				<mixed-citation>Horton, J. and Chilton, L. 2010. The Labor Economics of Paid Crowdsourcing. Proceedings of the 11th ACM Conference on Electronic Commerce. 1 (2010), 209--218. <pub-id pub-id-type="doi" xlink:href="10.1145/1807342.1807376" assigning-authority="crossref">10.1145/1807342.1807376</pub-id> <pub-id pub-id-type="doi" xlink:href="10.1145/1807342.1807376" /></mixed-citation>
				</ref>
				<ref id="ref-00019">
				<mixed-citation>Jain, S. and Parkes, D.C. 2009. The role of game theory in human computation systems. Proceedings of the ACM SIGKDD Workshop on Human Computation - HCOMP '09. (2009), 58. <pub-id pub-id-type="doi" xlink:href="10.1145/1600150.1600171" assigning-authority="crossref">10.1145/1600150.1600171</pub-id> <pub-id pub-id-type="doi" xlink:href="10.1145/1600150.1600171" /></mixed-citation>
				</ref>
				<ref id="ref-00020">
				<mixed-citation>Kittur, A., Chi, E.H. and Suh, B. 2008. Crowdsourcing User Studies with Mechanical Turk. Conference of the SIGCHI Conference on Human Factors in Computing (CHI'08) (2008), 453--456. <pub-id pub-id-type="doi" xlink:href="10.1145/1357054.1357127" assigning-authority="crossref">10.1145/1357054.1357127</pub-id> <pub-id pub-id-type="doi" xlink:href="10.1145/1357054.1357127" /></mixed-citation>
				</ref>
				<ref id="ref-00021">
				<mixed-citation>Kittur, A., Nickerson, J., Bernstein, M., Gerber, E., Shaw, A., Zimmerman, J., Lease, M. and Horton, J. 2013. The Future of Crowd Work. Proceedings of the ACM Conference on Computer Supported Collaborative Work (CSCW'13) (2013), 1--17. <pub-id pub-id-type="doi" xlink:href="10.1145/2441776.2441923" assigning-authority="crossref">10.1145/2441776.2441923</pub-id> <pub-id pub-id-type="doi" xlink:href="10.1145/2441776.2441923" /></mixed-citation>
				</ref>
				<ref id="ref-00022">
				<mixed-citation>Koedinger, K.R., Corbett, A.T. and Perfetti, C. 2012. The Knowledge-Learning-Instruction Framework: Bridging the Science-Practice Chasm to Enhance Robust Student Learning. Cognitive Science. 36, 5 (2012), 757--798.</mixed-citation>
				</ref>
				<ref id="ref-00023">
				<mixed-citation>Komarov, S., Reinecke, K. and Gajos, K.Z. 2013. Crowdsourcing performance evaluations of user interfaces. Proceedings of the SIGCHI Conference on Human Factors in Computing Systems (CHI'13) (2013), 207. <pub-id pub-id-type="doi" xlink:href="10.1145/2470654.2470684" assigning-authority="crossref">10.1145/2470654.2470684</pub-id> <pub-id pub-id-type="doi" xlink:href="10.1145/2470654.2470684" /></mixed-citation>
				</ref>
				<ref id="ref-00024">
				<mixed-citation>Kuek, S.C., Paradi-Guilford, C., Fayomi, T., Imaizumi, S. and Ipeirotis, P. 2015. The Global Opportunity in Online Outsourcing.</mixed-citation>
				</ref>
				<ref id="ref-00025">
				<mixed-citation>Lasecki, W., Miller, C., Sadilek, A., Abumoussa, A., Borrello, D., Kushalnagar, R. and Bigham, J. 2012. Real-time Captioning by Groups of Non-experts. Proceedings of the ACM symposium on User interface software and technology (UIST '12) (2012), 23. <pub-id pub-id-type="doi" xlink:href="10.1145/2380116.2380122" assigning-authority="crossref">10.1145/2380116.2380122</pub-id> <pub-id pub-id-type="doi" xlink:href="10.1145/2380116.2380122" /></mixed-citation>
				</ref>
				<ref id="ref-00026">
				<mixed-citation>Law, E. and Ahn, L. von 2011. Human Computation. Morgan &amp;amp; Claypool Publishers. <pub-id pub-id-type="doi" xlink:href="10.5555/2049960" /></mixed-citation>
				</ref>
				<ref id="ref-00027">
				<mixed-citation>Newitt, J.W. and Odarchenko, A. 1970. A Structure for Real-time Stenotype Transcription. IBM Systems Journal. 9, 1 (Mar. 1970), 24--35. <pub-id pub-id-type="doi" xlink:href="10.1147/sj.91.0024" assigning-authority="crossref">10.1147/sj.91.0024</pub-id> <pub-id pub-id-type="doi" xlink:href="10.1147/sj.91.0024" /></mixed-citation>
				</ref>
				<ref id="ref-00028">
				<mixed-citation>Novotney, S. and Callison-Burch, C. 2010. Cheap, Fast and Good Enough: Automatic Speech Recognition with Non-Expert Transcription. Human Language Technologies: The 2010 Annual Conference of the North American Chapter of the Association for Computational Linguistics. June (2010), 207--215. <pub-id pub-id-type="doi" xlink:href="10.5555/1857999.1858023" /></mixed-citation>
				</ref>
				<ref id="ref-00029">
				<mixed-citation>Seibel, R. 1964. Data Entry through Chord, Parallel Entry Devices. The Journal of Human Factors and Ergonomics Society. 6, 2 (1964), 6--9.</mixed-citation>
				</ref>
				<ref id="ref-00030">
				<mixed-citation>Smith, A. 2016. Shared, Collaborative and On Demand: the New Digital Economy.</mixed-citation>
				</ref>
				<ref id="ref-00031">
				<mixed-citation>Smith, P.T. and Kelliher, S. 1992. Frequency Effects in Writing Shorthand. Language and Cognitive Processes. 7, 1 (Feb. 1992), 67--84.</mixed-citation>
				</ref>
				<ref id="ref-00032">
				<mixed-citation>Smith, R.N. 1973. Automatic Steno translation. Proceedings of the annual conference on - ACM'73 (1973), 92--96. <pub-id pub-id-type="doi" xlink:href="10.1145/800192.805687" assigning-authority="crossref">10.1145/800192.805687</pub-id> <pub-id pub-id-type="doi" xlink:href="10.1145/800192.805687" /></mixed-citation>
				</ref>
				<ref id="ref-00033">
				<mixed-citation>Springer, V., Russell, J., Dahir, V., Dressel, W., Sawyer, J. and Brunson, W. 2011. The Future of Court Reporting: 2011 National Survey - Judges &amp;amp; Court Reporters.</mixed-citation>
				</ref>
				<ref id="ref-00034">
				<mixed-citation>Suzuki, R., Salehi, N., Lam, M.S., Marroquin, J.C. and Bernstein, M.S. 2016. Atelier: Repurposing Expert Crowdsourcing Tasks as Micro-internships. Proceedings of the SIGCHI Conference on Human Factors in Computing (CHI'16) (2016), 2645--2656. <pub-id pub-id-type="doi" xlink:href="10.1145/2858036.2858121" assigning-authority="crossref">10.1145/2858036.2858121</pub-id> <pub-id pub-id-type="doi" xlink:href="10.1145/2858036.2858121" /></mixed-citation>
				</ref>
				<ref id="ref-00035">
				<mixed-citation>The Open Steno Project: http://www.openstenoproject.org/. Accessed: 2016-09-17.</mixed-citation>
				</ref>
				<ref id="ref-00036">
				<mixed-citation>The Sorry State of Closed Captioning: 2014. http://www.theatlantic.com/entertainment/archive/2014/06/why-tv-captions-are-so-terrible/373283/. Accessed: 2016-09-17.</mixed-citation>
				</ref>
				<ref id="ref-00037">
				<mixed-citation>Turn, R. 1974. Speech as a Man-Computer Communication Channel. Proceedings of the May 6-10, 1974, national computer conference and exposition (1974), 139--144. <pub-id pub-id-type="doi" xlink:href="10.1145/1500175.1500202" assigning-authority="crossref">10.1145/1500175.1500202</pub-id> <pub-id pub-id-type="doi" xlink:href="10.1145/1500175.1500202" /></mixed-citation>
				</ref>
				<ref id="ref-00038">
				<mixed-citation>Zdenek, S. 2015. Reading Sounds: Closed Captioned Media and Popular Culture. The University of Chicago Press.</mixed-citation>
				</ref>
				<ref id="ref-00039">
				<mixed-citation>Zhai, S. and Kristensson, P.-O. 2003. Shorthand Writing on Stylus Keyboard. Proceedings of the SIGCHI Conference on Human Factors in Computing (CHI'03) (2003), 97--104. <pub-id pub-id-type="doi" xlink:href="10.1145/642611.642630" assigning-authority="crossref">10.1145/642611.642630</pub-id> <pub-id pub-id-type="doi" xlink:href="10.1145/642611.642630" /></mixed-citation>
				</ref>
				<ref id="ref-00040">
				<mixed-citation>Zhu, H., Dow, S.P., Kraut, R.E. and Kittur, A. 2014. Reviewing Versus Doing: Learning and Performance in Crowd Assessment. Proceedings of the ACM Conference on Computer Supported Cooperative Work (CSCW'14) (2014), 1445--1455. <pub-id pub-id-type="doi" xlink:href="10.1145/2531602.2531718" assigning-authority="crossref">10.1145/2531602.2531718</pub-id> <pub-id pub-id-type="doi" xlink:href="10.1145/2531602.2531718" /></mixed-citation>
				</ref>
				<ref id="ref-00041">
				<mixed-citation>Zyskowski, K., Morris, M.R., Bigham, J.P., Gray, M.L. and Kane, S.K. 2015. Accessible Crowdwork? Understanding the Value in and Challenge of Microtask Employment for People with Disabilities. Proceedings of the ACM Conference on Computer Supported Collaborative Work (CSCW'15) (2015), 1682--1693. <pub-id pub-id-type="doi" xlink:href="10.1145/2675133.2675158" assigning-authority="crossref">10.1145/2675133.2675158</pub-id> <pub-id pub-id-type="doi" xlink:href="10.1145/2675133.2675158" /></mixed-citation>
				</ref>
			</ref-list>
</back>
</book-part>
</book-part-wrapper>
