<?xml version="1.0" encoding="UTF-8"?>
<!DOCTYPE book-part-wrapper PUBLIC "-//NLM//DTD BITS Book Interchange DTD with OASIS and XHTML Tables v2.0 20151225//EN" "BITS-book-oasis2.dtd">
<book-part-wrapper xmlns:xlink="http://www.w3.org/1999/xlink" xmlns:mml="http://www.w3.org/1998/Math/MathML" xmlns:oasis="http://www.niso.org/standards/z39-96/ns/oasis-exchange/table" xmlns:xi="http://www.w3.org/2001/XInclude" xmlns:xsi="http://www.w3.org/2001/XMLSchema-instance" dtd-version="2.0" xml:lang="en" content-type="short-paper">
<collection-meta collection-type="book-series">
    <collection-id collection-id-type="doi">10.1145/acmotherconferences</collection-id>
    <title-group>
        <title>ACM Other Conferences</title>
    </title-group>
</collection-meta>
	<book-meta>
		<book-id book-id-type="acm-id">3058555</book-id>
		<book-id book-id-type="doi">10.1145/3058555</book-id>
		<book-title-group>
			<book-title>Proceedings of the 14th International Web for All Conference</book-title>
			<alt-title alt-title-type="acronym">W4A '17</alt-title>
		</book-title-group>
	</book-meta>
	<book-part xmlns:ali="http://www.niso.org/schemas/ali/1.0/" book-part-type="chapter" xml:lang="en">
		<book-part-meta>
			<book-part-id book-part-id-type="acm-id">3058575</book-part-id>
			<book-part-id book-part-id-type="doi">10.1145/3058555.3058575</book-part-id>
			<book-part-id book-part-id-type="article-no">19</book-part-id>
	<subj-group subj-group-type="ccs2012">
		<compound-subject>
			<compound-subject-part content-type="code">10003120.10011738.10011775</compound-subject-part>
			<compound-subject-part content-type="text">Human-centered computing~Accessibility~Accessibility technologies</compound-subject-part>
			<compound-subject-part content-type="weight">500</compound-subject-part>
		</compound-subject>
		<compound-subject>
			<compound-subject-part content-type="code">10003120.10011738.10011774</compound-subject-part>
			<compound-subject-part content-type="text">Human-centered computing~Accessibility~Accessibility design and evaluation methods</compound-subject-part>
			<compound-subject-part content-type="weight">500</compound-subject-part>
		</compound-subject>
	</subj-group>
	<subj-group subj-group-type="qualifier-density">
		<compound-subject>
			<compound-subject-part content-type="code">research</compound-subject-part>
			<compound-subject-part content-type="text">Research</compound-subject-part>
		</compound-subject>
	</subj-group>
	<subj-group subj-group-type="qualifier-review_process">
		<compound-subject>
			<compound-subject-part content-type="code">refereed_limited</compound-subject-part>
			<compound-subject-part content-type="text">Refereed limited</compound-subject-part>
		</compound-subject>
	</subj-group>
	<subj-group subj-group-type="qualifier-editorial_treatment">
		<compound-subject>
			<compound-subject-part content-type="code">unedited</compound-subject-part>
			<compound-subject-part content-type="text">Un-edited</compound-subject-part>
		</compound-subject>
	</subj-group>
			<title-group>
				<title>Assessment of Semantic Taxonomies for Blind Indoor Navigation Based on a Shopping Center Use Case</title>
			</title-group>
<contrib-group>
   <contrib contrib-type="author" id="artseq-00001">
       <contrib-id contrib-id-type="person_id" authenticated="false">P6207200</contrib-id><contrib-id contrib-id-type="profile_id" authenticated="false">81758735257</contrib-id>
       <name name-style="western">
           <surname>Pérez</surname>
           <given-names>J. Eduardo</given-names>
       </name>
	<aff>IBM Research - Tokyo, Nihombashi, Hakozaki-cho, Chuo-ku Tokyo, Japan and EGOKITUZ: Laboratory of HCI for Special Needs, University of the Basque Country (UPV/EHU), School of Computer Science, Donostia, Spain</aff><aff><institution-wrap><institution-id institution-id-type="profile_id">60027856</institution-id></institution-wrap></aff>
	<email>juaneduardo.perez@ehu.eus</email>
	<role>Author</role>
   </contrib>
   <contrib contrib-type="author" id="artseq-00002">
       <contrib-id contrib-id-type="person_id" authenticated="false">P6207201</contrib-id><contrib-id contrib-id-type="profile_id" authenticated="false">81100414654</contrib-id>
       <name name-style="western">
           <surname>Arrue</surname>
           <given-names>Myriam</given-names>
       </name>
	<aff>EGOKITUZ: Laboratory of HCI for Special Needs, University of the Basque Country (UPV/EHU), School of Computer Science, Donostia, Spain</aff><aff><institution-wrap><institution-id institution-id-type="profile_id">60027856</institution-id></institution-wrap></aff>
	<email>myriam.arrue@ehu.eus</email>
	<role>Author</role>
   </contrib>
   <contrib contrib-type="author" id="artseq-00003">
       <contrib-id contrib-id-type="person_id" authenticated="false">P6207202</contrib-id><contrib-id contrib-id-type="profile_id" authenticated="false">81338489739</contrib-id>
       <name name-style="western">
           <surname>Kobayashi</surname>
           <given-names>Masatomo</given-names>
       </name>
	<aff>IBM Research - Tokyo, Nihombashi, Hakozaki-cho, Chuo-ku Tokyo, Japan</aff><aff><institution-wrap><institution-id institution-id-type="profile_id">60004066</institution-id></institution-wrap></aff>
	<email>mstm@jp.ibm.com</email>
	<role>Author</role>
   </contrib>
   <contrib contrib-type="author" id="artseq-00004">
       <contrib-id contrib-id-type="person_id" authenticated="false">P6207203</contrib-id><contrib-id contrib-id-type="profile_id" authenticated="false">81408594028</contrib-id>
       <name name-style="western">
           <surname>Takagi</surname>
           <given-names>Hironobu</given-names>
       </name>
	<aff>IBM Research - Tokyo, Nihombashi, Hakozaki-cho, Chuo-ku Tokyo, Japan</aff><aff><institution-wrap><institution-id institution-id-type="profile_id">60004066</institution-id></institution-wrap></aff>
	<email>takagih@jp.ibm.com</email>
	<role>Author</role>
   </contrib>
   <contrib contrib-type="author" id="artseq-00005">
       <contrib-id contrib-id-type="person_id" authenticated="false">P6207204</contrib-id><contrib-id contrib-id-type="profile_id" authenticated="false">81100044475</contrib-id>
       <name name-style="western">
           <surname>Asakawa</surname>
           <given-names>Chieko</given-names>
       </name>
	<aff>IBM Research - Tokyo, Nihombashi, Hakozaki-cho, Chuo-ku Tokyo, Japan</aff><aff><institution-wrap><institution-id institution-id-type="profile_id">60004066</institution-id></institution-wrap></aff>
	<email>chie@jp.ibm.com</email>
	<role>Author</role>
   </contrib>
</contrib-group>
   <pub-date date-type="publication">
   <day>02</day>
   <month>04</month>
   <year>2017</year>
   </pub-date>
				<fpage>1</fpage>
				<lpage>4</lpage>
		<permissions>
			<copyright-year>2017</copyright-year>
			<copyright-holder>ACM</copyright-holder>
			<license license-type="acmcopyright">
			<license-p>Permission to make digital or hard copies of all or part of this work for personal or classroom use is granted without fee provided that copies are not made or distributed for profit or commercial advantage and that copies bear this notice and the full citation on the first page. Copyrights for components of this work owned by others than ACM must be honored. Abstracting with credit is permitted. To copy otherwise, or republish, to post on servers or to redistribute to lists, requires prior specific permission and/or a fee. Request permissions from Permissions@acm.org</license-p>
			</license>
		</permissions>
		<self-uri content-type="pdf" xlink:href="3058555.3058575.pdf" />
	<abstract>
		<p>Despite the growing availability of location-based services (LBS) to support pedestrian activities, we know little about the effectiveness of existing geographical web information to assist the indoor navigation of people with special needs such as the visually impaired. To characterize these indoor environments, we surveyed three different specifications about taxonomies for environmental semantic information. Survey results show that even having different scopes, the three studied specifications share considerable environmental semantic information. In order to evaluate the validity of survey results, we created a set of environmental semantic information for a shopping center, and then performed a navigation experiment with 9 visually impaired participants in the same indoor location. A smartphone-based system providing audio navigation assistance based on accurate real-time localization in the shopping center was used to complete navigational tasks. Experiment results show an overall positive assessment from participants about the usefulness of the audio messages used. We present further findings about the assessment of the different audio messages by the study participants.</p>
	</abstract>
<kwd-group>
<kwd>Indoor environments</kwd>
<kwd>navigation assistance</kwd>
<kwd>real world accessibility</kwd>
<kwd>semantic taxonomy</kwd>
<kwd>visually impaired</kwd>
</kwd-group>
<funding-group specific-use="FundRef">
	<award-group id="award1">
		<funding-source id="GS1">
			<institution-wrap>
			<institution>Department of Education, Universities and Research of the Basque Government</institution>
			</institution-wrap>
		</funding-source>
		<award-id rid="GS1">IT980-16</award-id>
	</award-group>
</funding-group>
		</book-part-meta>
		
	<back>
<ref-list specific-use="unparsed">
				<ref id="ref-00001">
				<mixed-citation>Ahmetovic, D., Gleason, C., Ruan, C., Kitani, K., Takagi, H., and Asakawa, C. 2016. NavCog: a navigational cognitive assistant for the blind. In Proceedings of the 18th Internat. Conference on Human-Computer Interaction with Mobile Devices and Services (MobileHCI'16), ACM, pp. 90--99. <pub-id pub-id-type="doi" xlink:href="10.1145/2935334.2935361" assigning-authority="crossref">10.1145/2935334.2935361</pub-id> <pub-id pub-id-type="doi" xlink:href="10.1145/2935334.2935361" /></mixed-citation>
				</ref>
				<ref id="ref-00002">
				<mixed-citation>Goetz, M., and Zipf, A. 2011. Extending OpenStreetMap to indoor environments: bringing volunteered geographic information to the next level. Urban and regional data management (UDMS'11), Taylor &amp;amp; Francis, pp. 47--58.</mixed-citation>
				</ref>
				<ref id="ref-00003">
				<mixed-citation>Google Maps APIs (last accessed: December 2016) https://developers.google.com/maps/web-services</mixed-citation>
				</ref>
				<ref id="ref-00004">
				<mixed-citation>Ministry of Land, Infrastructure, Transport and Tourism, Japan 2010. Proposed draft of pedestrian network data specification (last accessed: 17 November 2016) www.mlit.go.jp/common/000124059.pdf</mixed-citation>
				</ref>
				<ref id="ref-00005">
				<mixed-citation>OpenStreetMap collaborative project (last accessed: 17 November 2016) wiki.openstreetmap.org</mixed-citation>
				</ref>
				<ref id="ref-00006">
				<mixed-citation>Wayfindr 2016. Open Standard for audio-based wayfinding. Working Draft ver. 1.0 (last accessed: 16 November 2016): www.wayfindr.net/wp-content/uploads/2016/07/Wayfindr-Open-Standard-Working-Draft-1.0.pdf</mixed-citation>
				</ref>
			</ref-list>
</back>
</book-part>
</book-part-wrapper>
