<?xml version="1.0" encoding="UTF-8"?>
<!DOCTYPE book-part-wrapper PUBLIC "-//NLM//DTD BITS Book Interchange DTD with OASIS and XHTML Tables v2.0 20151225//EN" "BITS-book-oasis2.dtd">
<book-part-wrapper xmlns:xlink="http://www.w3.org/1999/xlink" xmlns:mml="http://www.w3.org/1998/Math/MathML" xmlns:oasis="http://www.niso.org/standards/z39-96/ns/oasis-exchange/table" xmlns:xi="http://www.w3.org/2001/XInclude" xmlns:xsi="http://www.w3.org/2001/XMLSchema-instance" dtd-version="2.0" xml:lang="en" content-type="demonstration">
<collection-meta collection-type="book-series">
    <collection-id collection-id-type="doi">10.1145/acmotherconferences</collection-id>
    <title-group>
        <title>ACM Other Conferences</title>
    </title-group>
</collection-meta>
	<book-meta>
		<book-id book-id-type="acm-id">3058555</book-id>
		<book-id book-id-type="doi">10.1145/3058555</book-id>
		<book-title-group>
			<book-title>Proceedings of the 14th International Web for All Conference</book-title>
			<alt-title alt-title-type="acronym">W4A '17</alt-title>
		</book-title-group>
	</book-meta>
	<book-part xmlns:ali="http://www.niso.org/schemas/ali/1.0/" book-part-type="chapter" xml:lang="en">
		<book-part-meta>
			<book-part-id book-part-id-type="acm-id">3060619</book-part-id>
			<book-part-id book-part-id-type="doi">10.1145/3058555.3060619</book-part-id>
			<book-part-id book-part-id-type="article-no">30</book-part-id>
	<subj-group subj-group-type="ccs2012">
		<compound-subject>
			<compound-subject-part content-type="code">10003120.10011738.10011776</compound-subject-part>
			<compound-subject-part content-type="text">Human-centered computing~Accessibility~Accessibility systems and tools</compound-subject-part>
			<compound-subject-part content-type="weight">500</compound-subject-part>
		</compound-subject>
		<compound-subject>
			<compound-subject-part content-type="code">10003120.10003138.10003141.10010902</compound-subject-part>
			<compound-subject-part content-type="text">Human-centered computing~Ubiquitous and mobile computing~Ubiquitous and mobile devices~E-book readers</compound-subject-part>
			<compound-subject-part content-type="weight">500</compound-subject-part>
		</compound-subject>
	</subj-group>
	<subj-group subj-group-type="qualifier-density">
		<compound-subject>
			<compound-subject-part content-type="code">research</compound-subject-part>
			<compound-subject-part content-type="text">Research</compound-subject-part>
		</compound-subject>
	</subj-group>
	<subj-group subj-group-type="qualifier-review_process">
		<compound-subject>
			<compound-subject-part content-type="code">refereed_limited</compound-subject-part>
			<compound-subject-part content-type="text">Refereed limited</compound-subject-part>
		</compound-subject>
	</subj-group>
	<subj-group subj-group-type="qualifier-editorial_treatment">
		<compound-subject>
			<compound-subject-part content-type="code">unedited</compound-subject-part>
			<compound-subject-part content-type="text">Un-edited</compound-subject-part>
		</compound-subject>
	</subj-group>
			<title-group>
				<title>ChattyBooks and ChattyBook Service</title>
			</title-group>
<contrib-group>
   <contrib contrib-type="author" id="artseq-00001">
       <contrib-id contrib-id-type="person_id" authenticated="false">P6207249</contrib-id><contrib-id contrib-id-type="profile_id" authenticated="false">81100184266</contrib-id>
       <name name-style="western">
           <surname>Suzuki</surname>
           <given-names>Masakazu</given-names>
       </name>
	<aff>Institute of Mathematics for Industry, Kyushu University, Motooka, Nishi-Ku, Fukuoka, Japan</aff><aff><institution-wrap><institution-id institution-id-type="profile_id">60011047</institution-id></institution-wrap></aff>
	<email>msuzuki@kyudai.jp</email>
	<role>Author</role>
   </contrib>
   <contrib contrib-type="author" id="artseq-00002">
       <contrib-id contrib-id-type="person_id" authenticated="false">P6207250</contrib-id><contrib-id contrib-id-type="profile_id" authenticated="false">81384615936</contrib-id>
       <name name-style="western">
           <surname>Yamaguchi</surname>
           <given-names>Katsuhito</given-names>
       </name>
	<aff>Junior College Funabashi Campus, Nihon University, Narashinodai, Funabashi, Chiba, Japan</aff><aff><institution-wrap><institution-id institution-id-type="profile_id">60002561</institution-id></institution-wrap></aff>
	<email>eugene@gaea.jcn.nihon-u.ac.jp</email>
	<role>Author</role>
   </contrib>
</contrib-group>
   <pub-date date-type="publication">
   <day>02</day>
   <month>04</month>
   <year>2017</year>
   </pub-date>
				<fpage>1</fpage>
				<lpage>2</lpage>
		<permissions>
			<copyright-year>2017</copyright-year>
			<copyright-holder>Owner/Author</copyright-holder>
			<license license-type="rightsretained">
			<license-p>Permission to make digital or hard copies of part or all of this work for personal or classroom use is granted without fee provided that copies are not made or distributed for profit or commercial advantage and that copies bear this notice and the full citation on the first page. Copyrights for third-party components of this work must be honored. For all other uses, contact the Owner/Author.</license-p>
			</license>
		</permissions>
		<self-uri content-type="pdf" xlink:href="3058555.3060619.pdf" />
	<abstract>
		<p>"ChattyBooks" is a Windows application to convert STEM contents in DAISY/accessible EPUB3 into audio-embedded HTML5 with JavaScript (ChattyBook), which can be read with a popular browser on various platforms. ChattyBook has the almost-same functionality and operability as the original DAISY/accessible EPUB3. It remarkably improves portability and usability of accessible STEM contents. We also have started a new web service named "ChattyBook Service," in which uploaded DAISY/accessible EPUB3 contents to our server are automatically converted into ChattyBook contents. A new application for iPad, "ChattyBooks for iPad," to download and to play back the contents is also released. Combining this service with other Infty software to convert PDF into DAISY/accessible EPUB3, users also can read PDF as DAISY like contents with their browsers.</p>
	</abstract>
<kwd-group>
<kwd>DAISY</kwd>
<kwd>STEM</kwd>
<kwd>accessible EPUB3</kwd>
<kwd>audio HTML5</kwd>
<kwd>e-born PDF</kwd>
</kwd-group>
		<custom-meta-group>
		    <custom-meta>
		        <meta-name>rightslink</meta-name>
		        <meta-value>excluded</meta-value>
		    </custom-meta>
		</custom-meta-group>
		</book-part-meta>
		
	<back>
<ref-list specific-use="unparsed">
				<ref id="ref-00001">
				<mixed-citation>DAISY Consortium, URL: http://www.daisy.org/</mixed-citation>
				</ref>
				<ref id="ref-00002">
				<mixed-citation>Infty Project, URL: http://www.inftyproject.org/en/ Science Accessibility Net, URL: http://www.sciaccess.net/en/</mixed-citation>
				</ref>
				<ref id="ref-00003">
				<mixed-citation>Misako Nomura, A Case Study on Support for a Child with LD. Proc. 27th CSUN Annual International Technology &amp;amp; Persons with Disabilities Conference, February 29, San Diego, USA (2012) LD-005.</mixed-citation>
				</ref>
				<ref id="ref-00004">
				<mixed-citation>ChattyBook Service, URL: http://chattybook-service.sciaccess.net</mixed-citation>
				</ref>
				<ref id="ref-00005">
				<mixed-citation>Masakazu Suzuki and Katsuhito Yamaguchi, Recognition of E-Born PDF Including Mathematical Formulas. The 15th ICCHP Conference, LNCS9758, Springer (2016) pp. 35--42.</mixed-citation>
				</ref>
			</ref-list>
</back>
</book-part>
</book-part-wrapper>
