<?xml version="1.0" encoding="UTF-8"?>
<!DOCTYPE book-part-wrapper PUBLIC "-//NLM//DTD BITS Book Interchange DTD with OASIS and XHTML Tables v2.0 20151225//EN" "BITS-book-oasis2.dtd">
<book-part-wrapper xmlns:xlink="http://www.w3.org/1999/xlink" xmlns:mml="http://www.w3.org/1998/Math/MathML" xmlns:oasis="http://www.niso.org/standards/z39-96/ns/oasis-exchange/table" xmlns:xi="http://www.w3.org/2001/XInclude" xmlns:xsi="http://www.w3.org/2001/XMLSchema-instance" dtd-version="2.0" xml:lang="en" content-type="research-article">
<collection-meta collection-type="book-series">
    <collection-id collection-id-type="doi">10.1145/acmotherconferences</collection-id>
    <title-group>
        <title>ACM Other Conferences</title>
    </title-group>
</collection-meta>
	<book-meta>
		<book-id book-id-type="acm-id">3058555</book-id>
		<book-id book-id-type="doi">10.1145/3058555</book-id>
		<book-title-group>
			<book-title>Proceedings of the 14th International Web for All Conference</book-title>
			<alt-title alt-title-type="acronym">W4A '17</alt-title>
		</book-title-group>
	</book-meta>
	<book-part xmlns:ali="http://www.niso.org/schemas/ali/1.0/" book-part-type="chapter" xml:lang="en">
		<book-part-meta>
			<book-part-id book-part-id-type="acm-id">3058556</book-part-id>
			<book-part-id book-part-id-type="doi">10.1145/3058555.3058556</book-part-id>
			<book-part-id book-part-id-type="article-no">1</book-part-id>
	<subj-group subj-group-type="ccs2012">
		<compound-subject>
			<compound-subject-part content-type="code">10003120.10011738.10011772</compound-subject-part>
			<compound-subject-part content-type="text">Human-centered computing~Accessibility~Accessibility theory, concepts and paradigms</compound-subject-part>
			<compound-subject-part content-type="weight">500</compound-subject-part>
		</compound-subject>
	</subj-group>
	<subj-group subj-group-type="qualifier-density">
		<compound-subject>
			<compound-subject-part content-type="code">research</compound-subject-part>
			<compound-subject-part content-type="text">Research</compound-subject-part>
		</compound-subject>
	</subj-group>
	<subj-group subj-group-type="qualifier-review_process">
		<compound-subject>
			<compound-subject-part content-type="code">refereed_limited</compound-subject-part>
			<compound-subject-part content-type="text">Refereed limited</compound-subject-part>
		</compound-subject>
	</subj-group>
	<subj-group subj-group-type="qualifier-editorial_treatment">
		<compound-subject>
			<compound-subject-part content-type="code">unedited</compound-subject-part>
			<compound-subject-part content-type="text">Un-edited</compound-subject-part>
		</compound-subject>
	</subj-group>
			<title-group>
				<title>Working together</title>
				<subtitle>Technology as the Foundation for Better Employment Outcomes for People with Disability</subtitle>
			</title-group>
<contrib-group>
   <contrib contrib-type="author" id="artseq-00001">
       <contrib-id contrib-id-type="person_id" authenticated="false">P6207149</contrib-id><contrib-id contrib-id-type="profile_id" authenticated="false">99659183913</contrib-id>
       <name name-style="western">
           <surname>McEwin</surname>
           <given-names>Alastair</given-names>
       </name>
	<aff>Disability Discrimination, Commissioner Australian Human Rights Commission, St Sydney</aff>
	<email>disability@humanrights.gov.au</email>
	<role>Author</role>
   </contrib>
</contrib-group>
   <pub-date date-type="publication">
   <day>02</day>
   <month>04</month>
   <year>2017</year>
   </pub-date>
				<fpage>1</fpage>
				<lpage>2</lpage>
		<permissions>
			<copyright-year>2017</copyright-year>
			<copyright-holder>ACM</copyright-holder>
			<license license-type="acmcopyright">
			<license-p>Permission to make digital or hard copies of all or part of this work for personal or classroom use is granted without fee provided that copies are not made or distributed for profit or commercial advantage and that copies bear this notice and the full citation on the first page. Copyrights for components of this work owned by others than ACM must be honored. Abstracting with credit is permitted. To copy otherwise, or republish, to post on servers or to redistribute to lists, requires prior specific permission and/or a fee. Request permissions from Permissions@acm.org</license-p>
			</license>
		</permissions>
		<self-uri content-type="pdf" xlink:href="3058555.3058556.pdf" />
	<abstract>
		<p>The right to work, free from discrimination, is a fundamental human right, but one that is not always enjoyed by people with disability. Labour force participation rates for people with disability in Australia are low and have changed very little over the past two decades. The Australian Human Rights Commission's Willing to Work: National Inquiry into employment discrimination against older Australians and Australians with Disability [1] completed in May 2016 found that people with disability face a number of systemic, complex and intertwining barriers to employment that deny them the opportunity to experience the personal, social and economic benefits of work. Technology can be a great equaliser in ensuring that people with disability can obtain, retain and advance in employment. For people with disability, the digital age represents both an opportunity and a challenge in relation to employment. Electronic networks and new digital media technologies are transforming the ways that people work and collaborate. However, digital barriers can also reinforce rather than break down disproportionately low employment among people with disability. How can we leverage web accessibility and technology to eliminate the persistent barriers that people with disability face? Effective strategy, policy and processes for workplace accessibility will unlock the immense potential of the 1 in 5 people that have a disability in Australia, ensure that they are able to enjoy the right to work on an equal basis with others and deliver measurable impacts to the Australian economy.</p>
	</abstract>
<kwd-group>
<kwd>Disability rights</kwd>
<kwd>accessibility</kwd>
<kwd>employment</kwd>
<kwd>human rights</kwd>
<kwd>inclusion</kwd>
<kwd>technology</kwd>
</kwd-group>
		</book-part-meta>
		
	<back>
<ref-list specific-use="unparsed">
				<ref id="ref-00001">
				<mixed-citation>Australian Human Rights Commission. 2016. Willing to Work: National Inquiry into Employment Discrimination Against Older Australians and Australians with Disability. https://www.humanrights.gov.au/our-work/disability-rights/publications/willing-work-national-inquiry-employment-discrimination</mixed-citation>
				</ref>
				<ref id="ref-00002">
				<mixed-citation>Enabled Employment. 2017. About Enabled Employment. https://www.enabledemployment.com/about</mixed-citation>
				</ref>
			</ref-list>
</back>
</book-part>
</book-part-wrapper>
