<?xml version="1.0" encoding="UTF-8"?>
<!DOCTYPE book-part-wrapper PUBLIC "-//NLM//DTD BITS Book Interchange DTD with OASIS and XHTML Tables v2.0 20151225//EN" "BITS-book-oasis2.dtd">
<book-part-wrapper xmlns:xlink="http://www.w3.org/1999/xlink" xmlns:mml="http://www.w3.org/1998/Math/MathML" xmlns:oasis="http://www.niso.org/standards/z39-96/ns/oasis-exchange/table" xmlns:xi="http://www.w3.org/2001/XInclude" xmlns:xsi="http://www.w3.org/2001/XMLSchema-instance" dtd-version="2.0" xml:lang="en" content-type="extended-abstract">
<collection-meta collection-type="book-series">
    <collection-id collection-id-type="doi">10.1145/acmotherconferences</collection-id>
    <title-group>
        <title>ACM Other Conferences</title>
    </title-group>
</collection-meta>
	<book-meta>
		<book-id book-id-type="acm-id">3058555</book-id>
		<book-id book-id-type="doi">10.1145/3058555</book-id>
		<book-title-group>
			<book-title>Proceedings of the 14th International Web for All Conference</book-title>
			<alt-title alt-title-type="acronym">W4A '17</alt-title>
		</book-title-group>
	</book-meta>
	<book-part xmlns:ali="http://www.niso.org/schemas/ali/1.0/" book-part-type="chapter" xml:lang="en">
		<book-part-meta>
			<book-part-id book-part-id-type="acm-id">3058580</book-part-id>
			<book-part-id book-part-id-type="doi">10.1145/3058555.3058580</book-part-id>
			<book-part-id book-part-id-type="article-no">12</book-part-id>
	<subj-group subj-group-type="ccs2012">
		<compound-subject>
			<compound-subject-part content-type="code">10002951.10003260.10003277</compound-subject-part>
			<compound-subject-part content-type="text">Information systems~World Wide Web~Web mining</compound-subject-part>
			<compound-subject-part content-type="weight">500</compound-subject-part>
		</compound-subject>
		<compound-subject>
			<compound-subject-part content-type="code">10003120.10011738.10011774</compound-subject-part>
			<compound-subject-part content-type="text">Human-centered computing~Accessibility~Accessibility design and evaluation methods</compound-subject-part>
			<compound-subject-part content-type="weight">500</compound-subject-part>
		</compound-subject>
	</subj-group>
	<subj-group subj-group-type="qualifier-density">
		<compound-subject>
			<compound-subject-part content-type="code">research</compound-subject-part>
			<compound-subject-part content-type="text">Research</compound-subject-part>
		</compound-subject>
	</subj-group>
	<subj-group subj-group-type="qualifier-review_process">
		<compound-subject>
			<compound-subject-part content-type="code">refereed_limited</compound-subject-part>
			<compound-subject-part content-type="text">Refereed limited</compound-subject-part>
		</compound-subject>
	</subj-group>
	<subj-group subj-group-type="qualifier-editorial_treatment">
		<compound-subject>
			<compound-subject-part content-type="code">unedited</compound-subject-part>
			<compound-subject-part content-type="text">Un-edited</compound-subject-part>
		</compound-subject>
	</subj-group>
			<title-group>
				<title>A multi-method evaluation of university website accessibility</title>
				<subtitle>Foregrounding user-centred design, mining source code and using a quantitative metric</subtitle>
			</title-group>
<contrib-group>
   <contrib contrib-type="author" id="artseq-00001">
       <contrib-id contrib-id-type="person_id" authenticated="false">P6207180</contrib-id><contrib-id contrib-id-type="profile_id" authenticated="false">99659182920</contrib-id>
       <name name-style="western">
           <surname>Alahmadi</surname>
           <given-names>Tahani</given-names>
       </name>
	<aff>Griffith Sciences Group (IIIS), School of ICT, Griffith University, Princess Nora University, Gold Coast, Australia</aff><aff><institution-wrap><institution-id institution-id-type="profile_id">60032987</institution-id></institution-wrap></aff>
	<email>tahani.alahmadi@griffithuni.edu.au</email>
	<role>Author</role>
   </contrib>
</contrib-group>
   <pub-date date-type="publication">
   <day>02</day>
   <month>04</month>
   <year>2017</year>
   </pub-date>
				<fpage>1</fpage>
				<lpage>2</lpage>
		<permissions>
			<copyright-year>2017</copyright-year>
			<copyright-holder>Owner/Author</copyright-holder>
			<license license-type="rightsretained">
			<license-p>Permission to make digital or hard copies of part or all of this work for personal or classroom use is granted without fee provided that copies are not made or distributed for profit or commercial advantage and that copies bear this notice and the full citation on the first page. Copyrights for third-party components of this work must be honored. For all other uses, contact the Owner/Author.</license-p>
			</license>
		</permissions>
		<self-uri content-type="pdf" xlink:href="3058555.3058580.pdf" />
	<abstract>
		<p>Accessibility, which includes usability evaluation, is an important equity step in assessing the effectiveness and usefulness of online learning for students with sensory disabilities. A model for accessibility evaluation has been developed on the basis of a multi-method approach as well as with reference to the characteristics of groups with disabilities and the features of university web-based systems.</p>
	</abstract>
<kwd-group>
<kwd>WEB mining</kwd>
<kwd>accessibility evaluation</kwd>
<kwd>assistive technologies</kwd>
<kwd>objective evaluation</kwd>
<kwd>quantitative metric</kwd>
<kwd>subjective evaluation</kwd>
<kwd>university website</kwd>
<kwd>user-centred design</kwd>
</kwd-group>
		<custom-meta-group>
		    <custom-meta>
		        <meta-name>rightslink</meta-name>
		        <meta-value>excluded</meta-value>
		    </custom-meta>
		</custom-meta-group>
		</book-part-meta>
		
	<back>
<ref-list specific-use="unparsed">
				<ref id="ref-00001">
				<mixed-citation>Cios, K. J., Pedrycz, W., &amp;amp; Swiniarski, R. W. (2012). Data mining methods for knowledge discovery (Vol. 458). Springer Science &amp;amp; Business Media.</mixed-citation>
				</ref>
				<ref id="ref-00002">
				<mixed-citation>Bühler, C., Heck, H., Perlick, O., Nietzio, A., &amp;amp; Ulltveit-Moe, N. (2006). Interpreting results from large scale automatic evaluation of web accessibility. In Computers Helping People with Special Needs (pp. 184--191). Springer Berlin Heidelberg. <pub-id pub-id-type="doi" xlink:href="10.1007/11788713_28" assigning-authority="crossref">10.1007/11788713_28</pub-id> <pub-id pub-id-type="doi" xlink:href="10.1007/11788713_28" /></mixed-citation>
				</ref>
				<ref id="ref-00003">
				<mixed-citation>Pipino, L. L., Lee, Y. W., &amp;amp; Wang, R. Y. (2002). Data quality assessment. Communications of the ACM, 45(4), 211--218. <pub-id pub-id-type="doi" xlink:href="10.1145/505248.506010" assigning-authority="crossref">10.1145/505248.506010</pub-id> <pub-id pub-id-type="doi" xlink:href="10.1145/505248.506010" /></mixed-citation>
				</ref>
				<ref id="ref-00004">
				<mixed-citation>World Wide Web Consortium. (2008). Web content accessibility guidelines (WCAG) 2.0.</mixed-citation>
				</ref>
			</ref-list>
</back>
</book-part>
</book-part-wrapper>
