<?xml version="1.0" encoding="UTF-8"?>
<!DOCTYPE book-part-wrapper PUBLIC "-//NLM//DTD BITS Book Interchange DTD with OASIS and XHTML Tables v2.0 20151225//EN" "BITS-book-oasis2.dtd">
<book-part-wrapper xmlns:xlink="http://www.w3.org/1999/xlink" xmlns:mml="http://www.w3.org/1998/Math/MathML" xmlns:oasis="http://www.niso.org/standards/z39-96/ns/oasis-exchange/table" xmlns:xi="http://www.w3.org/2001/XInclude" xmlns:xsi="http://www.w3.org/2001/XMLSchema-instance" dtd-version="2.0" xml:lang="en" content-type="demonstration">
<collection-meta collection-type="book-series">
    <collection-id collection-id-type="doi">10.1145/acmotherconferences</collection-id>
    <title-group>
        <title>ACM Other Conferences</title>
    </title-group>
</collection-meta>
	<book-meta>
		<book-id book-id-type="acm-id">3058555</book-id>
		<book-id book-id-type="doi">10.1145/3058555</book-id>
		<book-title-group>
			<book-title>Proceedings of the 14th International Web for All Conference</book-title>
			<alt-title alt-title-type="acronym">W4A '17</alt-title>
		</book-title-group>
	</book-meta>
	<book-part xmlns:ali="http://www.niso.org/schemas/ali/1.0/" book-part-type="chapter" xml:lang="en">
		<book-part-meta>
			<book-part-id book-part-id-type="acm-id">3058586</book-part-id>
			<book-part-id book-part-id-type="doi">10.1145/3058555.3058586</book-part-id>
			<book-part-id book-part-id-type="article-no">29</book-part-id><subj-group subj-group-type="ccs2012"><compound-subject><compound-subject-part content-type="code">10003456.10010927.10003616</compound-subject-part><compound-subject-part content-type="text">Social and professional topics / User characteristics / People with disabilities</compound-subject-part></compound-subject><compound-subject><compound-subject-part content-type="code">10003456.10003457.10003580.10003587</compound-subject-part><compound-subject-part content-type="text">Social and professional topics / Professional topics / Computing profession / Assistive technologies</compound-subject-part></compound-subject><compound-subject><compound-subject-part content-type="code">10003456</compound-subject-part><compound-subject-part content-type="text">Social and professional topics</compound-subject-part></compound-subject><compound-subject><compound-subject-part content-type="code">10003456.10003457</compound-subject-part><compound-subject-part content-type="text">Social and professional topics / Professional topics</compound-subject-part></compound-subject><compound-subject><compound-subject-part content-type="code">10003456.10010927</compound-subject-part><compound-subject-part content-type="text">Social and professional topics / User characteristics</compound-subject-part></compound-subject><compound-subject><compound-subject-part content-type="code">10003456.10003457.10003580</compound-subject-part><compound-subject-part content-type="text">Social and professional topics / Professional topics / Computing profession</compound-subject-part></compound-subject></subj-group>
	<subj-group subj-group-type="qualifier-density">
		<compound-subject>
			<compound-subject-part content-type="code">research</compound-subject-part>
			<compound-subject-part content-type="text">Research</compound-subject-part>
		</compound-subject>
	</subj-group>
	<subj-group subj-group-type="qualifier-review_process">
		<compound-subject>
			<compound-subject-part content-type="code">refereed_limited</compound-subject-part>
			<compound-subject-part content-type="text">Refereed limited</compound-subject-part>
		</compound-subject>
	</subj-group>
	<subj-group subj-group-type="qualifier-editorial_treatment">
		<compound-subject>
			<compound-subject-part content-type="code">unedited</compound-subject-part>
			<compound-subject-part content-type="text">Un-edited</compound-subject-part>
		</compound-subject>
	</subj-group>
			<title-group>
				<title>Making Real-World Interfaces Accessible Through Crowdsourcing, Computer Vision, and Fabrication</title>
			</title-group>
<contrib-group>
   <contrib contrib-type="author" id="artseq-00001">
       <contrib-id contrib-id-type="person_id" authenticated="false">P6207247</contrib-id><contrib-id contrib-id-type="profile_id" authenticated="false">99658635901</contrib-id>
       <name name-style="western">
           <surname>Guo</surname>
           <given-names>Anhong</given-names>
       </name>
	<aff>Human-Computer Interaction Institute, Carnegie Mellon University, Pittsburgh, PA</aff><aff><institution-wrap><institution-id institution-id-type="profile_id">60027950</institution-id></institution-wrap></aff>
	<email>anhongg@cs.cmu.edu</email>
	<role>Author</role>
   </contrib>
   <contrib contrib-type="author" id="artseq-00002">
       <contrib-id contrib-id-type="person_id" authenticated="false">P6207248</contrib-id><contrib-id contrib-id-type="profile_id" authenticated="false">81338487593</contrib-id>
       <name name-style="western">
           <surname>Bigham</surname>
           <given-names>Jeffrey P.</given-names>
       </name>
	<aff>Human-Computer Interaction Institute, Carnegie Mellon University, Pittsburgh, PA</aff><aff><institution-wrap><institution-id institution-id-type="profile_id">60027950</institution-id></institution-wrap></aff>
	<email>jbigham@cs.cmu.edu</email>
	<role>Author</role>
   </contrib>
</contrib-group>
   <pub-date date-type="publication">
   <day>02</day>
   <month>04</month>
   <year>2017</year>
   </pub-date>
				<fpage>1</fpage>
				<lpage>2</lpage>
		<permissions>
			<copyright-year>2017</copyright-year>
			<copyright-holder>Owner/Author</copyright-holder>
			<license license-type="rightsretained">
			<license-p>Permission to make digital or hard copies of part or all of this work for personal or classroom use is granted without fee provided that copies are not made or distributed for profit or commercial advantage and that copies bear this notice and the full citation on the first page. Copyrights for third-party components of this work must be honored. For all other uses, contact the Owner/Author.</license-p>
			</license>
		</permissions>
		<self-uri content-type="pdf" xlink:href="3058555.3058586.pdf" />
	<abstract>
		<p>The world is full of physical interfaces that are inaccessible to blind people, from microwaves and information kiosks to thermostats and checkout terminals. Blind people cannot independently use such devices without at least first learning their layout, and usually only after labeling them with sighted assistance. To address this problem, we introduce VizLens---a robust and interactive screen reader for interfaces in the real world. VizLens users take a picture of an interface they would like to use, it is interpreted quickly and robustly by multiple crowd workers in parallel, and then computer vision is able to give interactive feedback and guidance to users to help them use the interface in real time. Built on top of VizLens, we developed automatically generating tactile overlays to physical interfaces to provide blind people with a permanent static solution. We introduce Facade---a crowdsourced fabrication pipeline to help blind people independently make physical interfaces accessible by adding a 3D printed augmentation of tactile buttons overlaying the original panel.</p>
	</abstract>
<kwd-group>
<kwd>3D printing</kwd>
<kwd>Non-visual interfaces</kwd>
<kwd>accessibility</kwd>
<kwd>blind</kwd>
<kwd>computer vision</kwd>
<kwd>crowdsourcing</kwd>
<kwd>fabrication</kwd>
<kwd>mobile</kwd>
<kwd>visually impaired</kwd>
</kwd-group>
		<custom-meta-group>
		    <custom-meta>
		        <meta-name>rightslink</meta-name>
		        <meta-value>excluded</meta-value>
		    </custom-meta>
		</custom-meta-group>
		</book-part-meta>
		
	<back>
<ref-list specific-use="unparsed">
				<ref id="ref-00001">
				<mixed-citation>A. A. de Freitas, M. Nebeling, X. A. Chen, J. Yang, A. S. K. Karthikeyan Ranithangam, and A. K. Dey. Snap-to-it: A user-inspired platform for opportunistic device interactions. In Proceedings of the 2016 CHI Conference on Human Factors in Computing Systems, CHI '16, pages 5909--5920, New York, NY, USA, 2016. ACM. <pub-id pub-id-type="doi" xlink:href="10.1145/2858036.2858177" assigning-authority="crossref">10.1145/2858036.2858177</pub-id> <pub-id pub-id-type="doi" xlink:href="10.1145/2858036.2858177" /></mixed-citation>
				</ref>
				<ref id="ref-00002">
				<mixed-citation>G. Fusco, E. Tekin, R. E. Ladner, and J. M. Coughlan. Using computer vision to access appliance displays. In ASSETS/Association for Computing Machinery. ACM Conference on Assistive Technologies, volume 2014, page 281. NIH Public Access, 2014. <pub-id pub-id-type="doi" xlink:href="10.1145/2661334.2661404" assigning-authority="crossref">10.1145/2661334.2661404</pub-id> <pub-id pub-id-type="doi" xlink:href="10.1145/2661334.2661404" /></mixed-citation>
				</ref>
				<ref id="ref-00003">
				<mixed-citation>A. Guo, X. A. Chen, H. Qi, S. White, S. Ghosh, C. Asakawa, and J. P. Bigham. Vizlens: A robust and interactive screen reader for interfaces in the real world. In Proceedings of the 29th Annual Symposium on User Interface Software and Technology, UIST '16, pages 651--664, New York, NY, USA, 2016. ACM. <pub-id pub-id-type="doi" xlink:href="10.1145/2984511.2984518" assigning-authority="crossref">10.1145/2984511.2984518</pub-id> <pub-id pub-id-type="doi" xlink:href="10.1145/2984511.2984518" /></mixed-citation>
				</ref>
				<ref id="ref-00004">
				<mixed-citation>A. Guo, J. Kim, X. A. Chen, T. Yeh, S. E. Hudson, J. Mankoff, and J. P. Bigham. Facade: Auto-generating tactile interfaces to appliances. In Proceedings of the 2017 CHI Conference on Human Factors in Computing Systems, CHI '17, New York, NY, USA, 2017. ACM. <pub-id pub-id-type="doi" xlink:href="10.1145/3025453.3025845" assigning-authority="crossref">10.1145/3025453.3025845</pub-id> <pub-id pub-id-type="doi" xlink:href="10.1145/3025453.3025845" /></mixed-citation>
				</ref>
				<ref id="ref-00005">
				<mixed-citation>T. Morris, P. Blenkhorn, L. Crossey, Q. Ngo, M. Ross, D. Werner, and C. Wong. Clearspeech: A display reader for the visually handicapped. IEEE Transactions on Neural Systems and Rehabilitation Engineering, 14(4):492--500, Dec 2006.</mixed-citation>
				</ref>
			</ref-list>
</back>
</book-part>
</book-part-wrapper>
