<?xml version="1.0" encoding="UTF-8"?>
<!DOCTYPE book-part-wrapper PUBLIC "-//NLM//DTD BITS Book Interchange DTD with OASIS and XHTML Tables v2.0 20151225//EN" "BITS-book-oasis2.dtd">
<book-part-wrapper xmlns:xlink="http://www.w3.org/1999/xlink" xmlns:mml="http://www.w3.org/1998/Math/MathML" xmlns:oasis="http://www.niso.org/standards/z39-96/ns/oasis-exchange/table" xmlns:xi="http://www.w3.org/2001/XInclude" xmlns:xsi="http://www.w3.org/2001/XMLSchema-instance" dtd-version="2.0" xml:lang="en" content-type="short-paper">
<collection-meta collection-type="book-series">
    <collection-id collection-id-type="doi">10.1145/acmotherconferences</collection-id>
    <title-group>
        <title>ACM Other Conferences</title>
    </title-group>
</collection-meta>
	<book-meta>
		<book-id book-id-type="acm-id">3058555</book-id>
		<book-id book-id-type="doi">10.1145/3058555</book-id>
		<book-title-group>
			<book-title>Proceedings of the 14th International Web for All Conference</book-title>
			<alt-title alt-title-type="acronym">W4A '17</alt-title>
		</book-title-group>
	</book-meta>
	<book-part xmlns:ali="http://www.niso.org/schemas/ali/1.0/" book-part-type="chapter" xml:lang="en">
		<book-part-meta>
			<book-part-id book-part-id-type="acm-id">3058568</book-part-id>
			<book-part-id book-part-id-type="doi">10.1145/3058555.3058568</book-part-id>
			<book-part-id book-part-id-type="article-no">9</book-part-id>
	<subj-group subj-group-type="ccs2012">
		<compound-subject>
			<compound-subject-part content-type="code">10002944.10011122.10003459</compound-subject-part>
			<compound-subject-part content-type="text">General and reference~Document types~Computing standards, RFCs and guidelines</compound-subject-part>
			<compound-subject-part content-type="weight">500</compound-subject-part>
		</compound-subject>
		<compound-subject>
			<compound-subject-part content-type="code">10002951.10003227.10010926</compound-subject-part>
			<compound-subject-part content-type="text">Information systems~Information systems applications~Computing platforms</compound-subject-part>
			<compound-subject-part content-type="weight">500</compound-subject-part>
		</compound-subject>
		<compound-subject>
			<compound-subject-part content-type="code">10010147.10010178</compound-subject-part>
			<compound-subject-part content-type="text">Computing methodologies~Artificial intelligence</compound-subject-part>
			<compound-subject-part content-type="weight">500</compound-subject-part>
		</compound-subject>
		<compound-subject>
			<compound-subject-part content-type="code">10003033.10003099</compound-subject-part>
			<compound-subject-part content-type="text">Networks~Network services</compound-subject-part>
			<compound-subject-part content-type="weight">500</compound-subject-part>
		</compound-subject>
		<compound-subject>
			<compound-subject-part content-type="code">10003456.10003457.10003490</compound-subject-part>
			<compound-subject-part content-type="text">Social and professional topics~Professional topics~Management of computing and information systems</compound-subject-part>
			<compound-subject-part content-type="weight">500</compound-subject-part>
		</compound-subject>
		<compound-subject>
			<compound-subject-part content-type="code">10002951.10003260</compound-subject-part>
			<compound-subject-part content-type="text">Information systems~World Wide Web</compound-subject-part>
			<compound-subject-part content-type="weight">500</compound-subject-part>
		</compound-subject>
	</subj-group>
	<subj-group subj-group-type="qualifier-density">
		<compound-subject>
			<compound-subject-part content-type="code">research</compound-subject-part>
			<compound-subject-part content-type="text">Research</compound-subject-part>
		</compound-subject>
	</subj-group>
	<subj-group subj-group-type="qualifier-review_process">
		<compound-subject>
			<compound-subject-part content-type="code">refereed_limited</compound-subject-part>
			<compound-subject-part content-type="text">Refereed limited</compound-subject-part>
		</compound-subject>
	</subj-group>
	<subj-group subj-group-type="qualifier-editorial_treatment">
		<compound-subject>
			<compound-subject-part content-type="code">unedited</compound-subject-part>
			<compound-subject-part content-type="text">Un-edited</compound-subject-part>
		</compound-subject>
	</subj-group>
			<title-group>
				<title>Web Standards to Enable an Accessible and Inclusive Internet of Things (IoT)</title>
			</title-group>
<contrib-group>
   <contrib contrib-type="author" id="artseq-00001">
       <contrib-id contrib-id-type="person_id" authenticated="false">P6207172</contrib-id><contrib-id contrib-id-type="profile_id" authenticated="false">81100473404</contrib-id>
       <name name-style="western">
           <surname>Abou-Zahra</surname>
           <given-names>Shadi</given-names>
       </name>
	<aff>World Wide Web Consortium (W3C), Sophia-Antipolis, France</aff>
	<email>shadi@w3.org</email>
	<role>Author</role>
   </contrib>
   <contrib contrib-type="author" id="artseq-00002">
       <contrib-id contrib-id-type="person_id" authenticated="false">P6207173</contrib-id><contrib-id contrib-id-type="profile_id" authenticated="false">81100357475</contrib-id>
       <name name-style="western">
           <surname>Brewer</surname>
           <given-names>Judy</given-names>
       </name>
	<aff>World Wide Web Consortium (W3C), Cambridge, USA</aff>
	<email>jbrewer@w3.org</email>
	<role>Author</role>
   </contrib>
   <contrib contrib-type="author" id="artseq-00003">
       <contrib-id contrib-id-type="person_id" authenticated="false">P6207174</contrib-id><contrib-id contrib-id-type="profile_id" authenticated="false">81406596883</contrib-id>
       <name name-style="western">
           <surname>Cooper</surname>
           <given-names>Michael</given-names>
       </name>
	<aff>World Wide Web Consortium (W3C), Cambridge, USA</aff>
	<email>cooper@w3.org</email>
	<role>Author</role>
   </contrib>
</contrib-group>
   <pub-date date-type="publication">
   <day>02</day>
   <month>04</month>
   <year>2017</year>
   </pub-date>
				<fpage>1</fpage>
				<lpage>4</lpage>
		<permissions>
			<copyright-year>2017</copyright-year>
			<copyright-holder>ACM</copyright-holder>
			<license license-type="acmlicensed">
			<license-p>Permission to make digital or hard copies of all or part of this work for personal or classroom use is granted without fee provided that copies are not made or distributed for profit or commercial advantage and that copies bear this notice and the full citation on the first page. Copyrights for components of this work owned by others than the author(s) must be honored. Abstracting with credit is permitted. To copy otherwise, or republish, to post on servers or to redistribute to lists, requires prior specific permission and/or a fee. Request permissions from Permissions@acm.org.</license-p>
			</license>
		</permissions>
		<self-uri content-type="pdf" xlink:href="3058555.3058568.pdf" />
	<abstract>
		<p>The Internet of Things (IoT) is expected to have an unprecedented impact on our daily lives. In particular, "smart environments" will change how we interact with our surrounding and with each other, including at home, in public spaces, and at the work place.</p> <p>This provides an opportunity to ensure equal access for people with disabilities. For example, operating doors, windows, and physical objects through voice makes such environments more accessible to people with physical disabilities and inclusive to many more.</p> <p>Yet there are still many challenges to address, without which the Internet of Things (IoT) threatens to be more of a disabler than an enabler. In particular, the current lack of interoperability makes it hard for assistive technologies to easily tap into IoT systems.</p> <p>Web standards could extend the open web platform to resolve many of these issues, much as it did on the traditional internet. This Web of Things (WoT) provides a robust application layer for innovation to thrive on the underlying Internet of Things (IoT).</p> <p>This paper outlines the relevance of IoT for people with disabilities and the specific challenges it currently poses. It then discusses how the Web of Things (WoT) could help address these challenges, and highlights research questions that still need to be tackled.</p>
	</abstract>
<kwd-group>
<kwd>Accessibility for people with disabilities</kwd>
<kwd>Assistive technology</kwd>
<kwd>Inclusion</kwd>
<kwd>Internet of Things (IoT)</kwd>
<kwd>Open Web Platform</kwd>
<kwd>Web of Things (WoT)</kwd>
<kwd>Web standards</kwd>
<kwd>World Wide Web</kwd>
</kwd-group>
		</book-part-meta>
		
	<back>
<ref-list specific-use="unparsed">
				<ref id="ref-00001">
				<mixed-citation>Rose, K., Eldridge, S., and Chapin, L. 2015. The Internet of Things: An Overview -- Understanding the Issues and Challenges of a More Connected World. The Internet Society (ISOC). https://www.internetsociety.org/iot</mixed-citation>
				</ref>
				<ref id="ref-00002">
				<mixed-citation>Forget-Leblois, C. (ed) 2015. Internet of Things: New Promises for Persons with Disabilities. Global Initiative for Inclusive Information and Communication Technologies (G3ict). http://g3ict.org/</mixed-citation>
				</ref>
				<ref id="ref-00003">
				<mixed-citation>Stafford-Fraser, Q. 1995. The Trojan Room Coffee Pot. http://www.cl.cam.ac.uk/coffee/qsf/coffee.html</mixed-citation>
				</ref>
				<ref id="ref-00004">
				<mixed-citation>Carnegie Mellon University Computer Science Department, 1982. The "Only" Coke Machine on the Internet. https://www.cs.cmu.edu/~coke/history_long.txt</mixed-citation>
				</ref>
				<ref id="ref-00005">
				<mixed-citation>11th Internet Governance Forum (IGF) -- Chair's Summary, http://www.intgovforum.org/multilingual/index.php?q=filedepot_download/12/212, Draft of 15 December 2016</mixed-citation>
				</ref>
				<ref id="ref-00006">
				<mixed-citation>United Nations (UN) Convention on the Rights of Persons with Disabilities (CRPD), 2006. https://un.org/disabilities/</mixed-citation>
				</ref>
				<ref id="ref-00007">
				<mixed-citation>Coetzee, L. and Olivrin, G. 2012. Inclusion Through the Internet of Things. In Assistive Technologies, Cheein, F. A. (ed.). InTech. ISBN 978-9535103486</mixed-citation>
				</ref>
				<ref id="ref-00008">
				<mixed-citation>Sajka, J., Cooper, M. and Abou-Zahra, S. 2014. Accessibility and the Web of Things. In proceedings of W3C Workshop on the Web of Things: Enablers and services for an open Web of Devices. https://www.w3.org/2014/02/wot/</mixed-citation>
				</ref>
				<ref id="ref-00009">
				<mixed-citation>Caldwell, B., Cooper, M., Guarino Reid, L., and Vanderheiden, G. 2008. Web Content Accessibility Guidelines (WCAG) 2.0. World Wide Web Consortium (W3C). https://www.w3.org/WAI/intro/wcag</mixed-citation>
				</ref>
				<ref id="ref-00010">
				<mixed-citation>Guinard, D. D. and Trifa, V. M. 2016. Building the Web of Things. Manning Publications. ISBN 978-1617292682</mixed-citation>
				</ref>
				<ref id="ref-00011">
				<mixed-citation>Global Public Inclusive Infrastructure (GPII) http://gpii.net/</mixed-citation>
				</ref>
				<ref id="ref-00012">
				<mixed-citation>World Wide Web Consortium (W3C) standards https://www.w3.org/standards/</mixed-citation>
				</ref>
				<ref id="ref-00013">
				<mixed-citation>W3C Web of Things (WoT) https://www.w3.org/WoT/</mixed-citation>
				</ref>
				<ref id="ref-00014">
				<mixed-citation>Silver Task Force of the W3C Accessibility Guidelines (AG) Working Group https://w3.org/WAI/GL/task-forces/silver/</mixed-citation>
				</ref>
				<ref id="ref-00015">
				<mixed-citation>Research Questions Task Force (RQTF) of the W3C Accessible Platform Architectures (APA) Working Group https://w3.org/WAI/APA/task-forces/research-questions/</mixed-citation>
				</ref>
				<ref id="ref-00016">
				<mixed-citation>APA collection of resources on Web of Things accessibility https://www.w3.org/WAI/APA/wiki/Web_of_Things</mixed-citation>
				</ref>
			</ref-list>
</back>
</book-part>
</book-part-wrapper>
