<?xml version="1.0" encoding="UTF-8"?>
<!DOCTYPE book-part-wrapper PUBLIC "-//NLM//DTD BITS Book Interchange DTD with OASIS and XHTML Tables v2.0 20151225//EN" "BITS-book-oasis2.dtd">
<book-part-wrapper xmlns:xlink="http://www.w3.org/1999/xlink" xmlns:mml="http://www.w3.org/1998/Math/MathML" xmlns:oasis="http://www.niso.org/standards/z39-96/ns/oasis-exchange/table" xmlns:xi="http://www.w3.org/2001/XInclude" xmlns:xsi="http://www.w3.org/2001/XMLSchema-instance" dtd-version="2.0" xml:lang="en" content-type="short-paper">
<collection-meta collection-type="book-series">
    <collection-id collection-id-type="doi">10.1145/acmotherconferences</collection-id>
    <title-group>
        <title>ACM Other Conferences</title>
    </title-group>
</collection-meta>
	<book-meta>
		<book-id book-id-type="acm-id">3058555</book-id>
		<book-id book-id-type="doi">10.1145/3058555</book-id>
		<book-title-group>
			<book-title>Proceedings of the 14th International Web for All Conference</book-title>
			<alt-title alt-title-type="acronym">W4A '17</alt-title>
		</book-title-group>
	</book-meta>
	<book-part xmlns:ali="http://www.niso.org/schemas/ali/1.0/" book-part-type="chapter" xml:lang="en">
		<book-part-meta>
			<book-part-id book-part-id-type="acm-id">3058567</book-part-id>
			<book-part-id book-part-id-type="doi">10.1145/3058555.3058567</book-part-id>
			<book-part-id book-part-id-type="article-no">5</book-part-id>
	<subj-group subj-group-type="ccs2012">
		<compound-subject>
			<compound-subject-part content-type="code">10002951.10003260.10003282.10003286</compound-subject-part>
			<compound-subject-part content-type="text">Information systems~World Wide Web~Web applications~Internet communications tools</compound-subject-part>
			<compound-subject-part content-type="weight">500</compound-subject-part>
		</compound-subject>
		<compound-subject>
			<compound-subject-part content-type="code">10003120.10003121.10003128</compound-subject-part>
			<compound-subject-part content-type="text">Human-centered computing~Human computer interaction (HCI)~Interaction techniques</compound-subject-part>
			<compound-subject-part content-type="weight">500</compound-subject-part>
		</compound-subject>
		<compound-subject>
			<compound-subject-part content-type="code">10003120.10011738.10011775</compound-subject-part>
			<compound-subject-part content-type="text">Human-centered computing~Accessibility~Accessibility technologies</compound-subject-part>
			<compound-subject-part content-type="weight">500</compound-subject-part>
		</compound-subject>
	</subj-group>
	<subj-group subj-group-type="qualifier-density">
		<compound-subject>
			<compound-subject-part content-type="code">research</compound-subject-part>
			<compound-subject-part content-type="text">Research</compound-subject-part>
		</compound-subject>
	</subj-group>
	<subj-group subj-group-type="qualifier-review_process">
		<compound-subject>
			<compound-subject-part content-type="code">refereed_limited</compound-subject-part>
			<compound-subject-part content-type="text">Refereed limited</compound-subject-part>
		</compound-subject>
	</subj-group>
	<subj-group subj-group-type="qualifier-editorial_treatment">
		<compound-subject>
			<compound-subject-part content-type="code">unedited</compound-subject-part>
			<compound-subject-part content-type="text">Un-edited</compound-subject-part>
		</compound-subject>
	</subj-group>
			<title-group>
				<title>Able to Read My Mail</title>
				<subtitle>An Accessible e-Mail Client with Assistive Technology</subtitle>
			</title-group>
<contrib-group>
   <contrib contrib-type="author" id="artseq-00001">
       <contrib-id contrib-id-type="person_id" authenticated="false">P6207159</contrib-id><contrib-id contrib-id-type="profile_id" authenticated="false">81100371947</contrib-id>
       <name name-style="western">
           <surname>Saggion</surname>
           <given-names>Horacio</given-names>
       </name>
	<aff>Large Scale Text, Understanding Systems Lab, TALN/DTIC, Universitat Pompeu Fabra, Barcelona, Spain</aff><aff><institution-wrap><institution-id institution-id-type="profile_id">60032942</institution-id></institution-wrap></aff>
	<email>horacio.saggion@upf.edu</email>
	<role>Author</role>
   </contrib>
   <contrib contrib-type="author" id="artseq-00002">
       <contrib-id contrib-id-type="person_id" authenticated="false">P6207160</contrib-id><contrib-id contrib-id-type="profile_id" authenticated="false">81384620433</contrib-id>
       <name name-style="western">
           <surname>Ferrés</surname>
           <given-names>Daniel</given-names>
       </name>
	<aff>Large Scale Text, Understanding Systems Lab, TALN/DTIC, Universitat Pompeu Fabra, Barcelona, Spain</aff><aff><institution-wrap><institution-id institution-id-type="profile_id">60032942</institution-id></institution-wrap></aff>
	<email>daniel.ferres@upf.edu</email>
	<role>Author</role>
   </contrib>
   <contrib contrib-type="author" id="artseq-00003">
       <contrib-id contrib-id-type="person_id" authenticated="false">P6207161</contrib-id><contrib-id contrib-id-type="profile_id" authenticated="false">99659184355</contrib-id>
       <name name-style="western">
           <surname>Sevens</surname>
           <given-names>Leen</given-names>
       </name>
	<aff>Centre for Computational, Linguistics, KU Leuven, Blijde, Leuven, Belgium</aff><aff><institution-wrap><institution-id institution-id-type="profile_id">60025063</institution-id></institution-wrap></aff>
	<email>leen.sevens@kuleuven.be</email>
	<role>Author</role>
   </contrib>
   <contrib contrib-type="author" id="artseq-00004">
       <contrib-id contrib-id-type="person_id" authenticated="false">P6207162</contrib-id><contrib-id contrib-id-type="profile_id" authenticated="false">81414616367</contrib-id>
       <name name-style="western">
           <surname>Schuurman</surname>
           <given-names>Ineke</given-names>
       </name>
	<aff>Centre for Computational, Linguistics, KU Leuven, Blijde, Leuven, Belgium</aff><aff><institution-wrap><institution-id institution-id-type="profile_id">60025063</institution-id></institution-wrap></aff>
	<email>ineke.schuurman@kuleuven.be</email>
	<role>Author</role>
   </contrib>
   <contrib contrib-type="author" id="artseq-00005">
       <contrib-id contrib-id-type="person_id" authenticated="false">P6207163</contrib-id><contrib-id contrib-id-type="profile_id" authenticated="false">87258784157</contrib-id>
       <name name-style="western">
           <surname>Ripollés</surname>
           <given-names>Marta</given-names>
       </name>
	<aff>Fundación Prodis, Bulevar Indalecio Prieto, Madrid</aff>
	<role>Author</role>
   </contrib>
   <contrib contrib-type="author" id="artseq-00006">
       <contrib-id contrib-id-type="person_id" authenticated="false">P6207164</contrib-id><contrib-id contrib-id-type="profile_id" authenticated="false">99659182333</contrib-id>
       <name name-style="western">
           <surname>Rodríguez</surname>
           <given-names>Olga</given-names>
       </name>
	<aff>Fundación Prodis, Bulevar Indalecio Prieto, Madrid</aff>
	<role>Author</role>
   </contrib>
</contrib-group>
   <pub-date date-type="publication">
   <day>02</day>
   <month>04</month>
   <year>2017</year>
   </pub-date>
				<fpage>1</fpage>
				<lpage>4</lpage>
		<permissions>
			<copyright-year>2017</copyright-year>
			<copyright-holder>ACM</copyright-holder>
			<license license-type="acmlicensed">
			<license-p>Permission to make digital or hard copies of all or part of this work for personal or classroom use is granted without fee provided that copies are not made or distributed for profit or commercial advantage and that copies bear this notice and the full citation on the first page. Copyrights for components of this work owned by others than the author(s) must be honored. Abstracting with credit is permitted. To copy otherwise, or republish, to post on servers or to redistribute to lists, requires prior specific permission and/or a fee. Request permissions from Permissions@acm.org.</license-p>
			</license>
		</permissions>
		<self-uri content-type="pdf" xlink:href="3058555.3058567.pdf" />
	<abstract>
		<p>The Able to Include project aims at improving the living conditions of people with intellectual or developmental disabilities (IDD) in key areas of society. One of its focus points concerns improving the integration of people with IDD in the workplace by introducing accessible Web-based tools. This paper describes one of the tools developed as result of the project: an e-mail client with text simplification and other assistive technologies which makes information transmitted over the Internet more understandable to people with IDD therefore facilitating their labor integration. The accessible Web e-mail client has been developed following a User-Centered Design and tested with people with IDD. The results so far are encouraging.</p>
	</abstract>
<kwd-group>
<kwd>Automatic Text Simplification</kwd>
<kwd>Disabilities and Accessibility</kwd>
<kwd>Electronic Mail</kwd>
<kwd>Independence at Work</kwd>
<kwd>Text-To-Pictograph Translation</kwd>
<kwd>User-centered Design</kwd>
</kwd-group>
<funding-group specific-use="FundRef">
	<award-group id="award1">
		<funding-source id="GS1">
			<institution-wrap>
			<institution>European Commission, Competitiveness and Innovation Framework programme</institution>
			</institution-wrap>
		</funding-source>
		<award-id rid="GS1">621055</award-id>
	</award-group>
	<award-group id="award2">
		<funding-source id="GS2">
			<institution-wrap>
			<institution>Ministerio de Economía y Competitividad</institution>
			<institution-id institution-id-type="FundRef">http://dx.doi.org/10.13039/501100003329</institution-id>
			</institution-wrap>
		</funding-source>
		<award-id rid="GS2">MDM-2015-0502, TIN2015-65308-C5-5-R</award-id>
	</award-group>
</funding-group>
		</book-part-meta>
		
	<back>
<ref-list specific-use="unparsed">
				<ref id="ref-00001">
				<mixed-citation>Pupils introduce seniors to the web. Social Agenda (European Union), April 2012, April.</mixed-citation>
				</ref>
				<ref id="ref-00002">
				<mixed-citation>S. Bott, L. Rello, B. Drndarević, and H. Saggion. Can Spanish Be Simpler? LexSiS: Lexical Simplification for Spanish. In Proceedings of COLING 2012, Mumbai, India, 8-16 December 2012.</mixed-citation>
				</ref>
				<ref id="ref-00003">
				<mixed-citation>R. Chandrasekar, C. Doran, and B. Srinivas. Motivations and methods for text simplification. In Proceedings of COLING 2016, pages 1041--1044, Copenhagen, Denmark, 1996. <pub-id pub-id-type="doi" xlink:href="10.3115/993268.993361" assigning-authority="crossref">10.3115/993268.993361</pub-id> <pub-id pub-id-type="doi" xlink:href="10.3115/993268.993361" /></mixed-citation>
				</ref>
				<ref id="ref-00004">
				<mixed-citation>W. Coster and D. Kauchak. Learning to Simplify Sentences Using Wikipedia. In Proceedings of the Workshop on Monolingual Text-To-Text Generation, MTTG '11, pages 1--9, 2011. <pub-id pub-id-type="doi" xlink:href="10.5555/2107679.2107680" /></mixed-citation>
				</ref>
				<ref id="ref-00005">
				<mixed-citation>S. Devlin and J. Tait. The use of a psycholinguistic database in the simplification of text for aphasic readers. Linguistic databases, pages 161--173, 1998.</mixed-citation>
				</ref>
				<ref id="ref-00006">
				<mixed-citation>D. Ferrés, M. Marimon, H. Saggion, and A. AbuRa'ed. YATS: yet another text simplifier. In Proceedings of NLDB 2016, pages 335--342, Salford, UK, 2016.</mixed-citation>
				</ref>
				<ref id="ref-00007">
				<mixed-citation>D. Joshi, J. Wang, and J. Li. The story picturing engine - a system for automatic text illustration. ACM TOMM, 2(1):1--22, 2006. <pub-id pub-id-type="doi" xlink:href="10.1145/1126004.1126008" assigning-authority="crossref">10.1145/1126004.1126008</pub-id> <pub-id pub-id-type="doi" xlink:href="10.1145/1126004.1126008" /></mixed-citation>
				</ref>
				<ref id="ref-00008">
				<mixed-citation>J. Medina, H. Saggion, I. Schuurman, L. Sevens, J. O'Flaherty, A. D. Vliegher, and J. Daems. Towards integrating people with intellectual disabilities in the digital world. In Proceedings of the 12th International Conference on Intelligent Environments., pages 348--357, London, UK, 2016.</mixed-citation>
				</ref>
				<ref id="ref-00009">
				<mixed-citation>R. Mihalcea and C. W. Leong. Toward communicating simple sentences using pictorial representations. Machine Translation, 22(3):153--173, 2008. <pub-id pub-id-type="doi" xlink:href="10.1007/s10590-009-9050-0" assigning-authority="crossref">10.1007/s10590-009-9050-0</pub-id> <pub-id pub-id-type="doi" xlink:href="10.1007/s10590-009-9050-0" /></mixed-citation>
				</ref>
				<ref id="ref-00010">
				<mixed-citation>G. Miller, R. Beckwith, C. Fellbaum, D. Gross, and K. Miller. Introduction to WordNet: An on-line lexical database. International Journal of Lexicography, 3(4):235--244, 1990.</mixed-citation>
				</ref>
				<ref id="ref-00011">
				<mixed-citation>M. Moore Sohlberg, L. A. Ehlhardt, S. Fickas, and A. Sutcliffe. A pilot study exploring electronic (or e-mail) mail in users with acquired cognitive-linguistic impairments. Brain Injury, 17(7):609--629, 2003.</mixed-citation>
				</ref>
				<ref id="ref-00012">
				<mixed-citation>P. Quinlan. The Oxford Psycholinguistics Database. Oxford University Press, 1992.</mixed-citation>
				</ref>
				<ref id="ref-00013">
				<mixed-citation>H. Saggion, S. Štajner, S. Bott, S. Mille, L. Rello, and B. Drndarevic. Making It Simplext: Implementation and Evaluation of a Text Simplification System for Spanish. TACCESS, 6(4):14, 2015. <pub-id pub-id-type="doi" xlink:href="10.1145/2738046" assigning-authority="crossref">10.1145/2738046</pub-id> <pub-id pub-id-type="doi" xlink:href="10.1145/2738046" /></mixed-citation>
				</ref>
				<ref id="ref-00014">
				<mixed-citation>L. Sevens, V. Vandeghinste, I. Schuurman, and F. Van Eynde. Natural language generation from pictographs. In Proceedings of ENLG 2015, pages 71--75, Brighton, UK, 2015. Association for Computational Linguistics.</mixed-citation>
				</ref>
				<ref id="ref-00015">
				<mixed-citation>M. M. Sohlberg, S. Fickas, L. Ehlhardt, and B. Todis. The longitudinal effects of accessible email for individuals with severe cognitive impairments. Aphasiology, 19(7):651--681, 2005.</mixed-citation>
				</ref>
				<ref id="ref-00016">
				<mixed-citation>B. Todis, M. M. Sohlberg, D. Hood, and S. Fickas. Making electronic mail accessible: Perspectives of people with acquired cognitive impairments, caregivers and professionals. Brain Injury, 19(6):389--401, 2005.</mixed-citation>
				</ref>
				<ref id="ref-00017">
				<mixed-citation>V. Vandeghinste, I. Schuurman, L. Sevens, and F. Van Eynde. Translating text into pictographs. Natural Language Engineering, pages 1--28, 2015.</mixed-citation>
				</ref>
				<ref id="ref-00018">
				<mixed-citation>S. Štajner, H. Béchara, and H. Saggion. A deeper exploration of the standard PB-SMT approach to text simplification and its evaluation. In Proceedings of the ACL, pages 823--828, 2015.</mixed-citation>
				</ref>
			</ref-list>
</back>
</book-part>
</book-part-wrapper>
