<?xml version="1.0" encoding="UTF-8"?>
<!DOCTYPE book-part-wrapper PUBLIC "-//NLM//DTD BITS Book Interchange DTD with OASIS and XHTML Tables v2.0 20151225//EN" "BITS-book-oasis2.dtd">
<book-part-wrapper xmlns:xlink="http://www.w3.org/1999/xlink" xmlns:mml="http://www.w3.org/1998/Math/MathML" xmlns:oasis="http://www.niso.org/standards/z39-96/ns/oasis-exchange/table" xmlns:xi="http://www.w3.org/2001/XInclude" xmlns:xsi="http://www.w3.org/2001/XMLSchema-instance" dtd-version="2.0" xml:lang="en" content-type="demonstration">
<collection-meta collection-type="book-series">
    <collection-id collection-id-type="doi">10.1145/acmotherconferences</collection-id>
    <title-group>
        <title>ACM Other Conferences</title>
    </title-group>
</collection-meta>
	<book-meta>
		<book-id book-id-type="acm-id">3058555</book-id>
		<book-id book-id-type="doi">10.1145/3058555</book-id>
		<book-title-group>
			<book-title>Proceedings of the 14th International Web for All Conference</book-title>
			<alt-title alt-title-type="acronym">W4A '17</alt-title>
		</book-title-group>
	</book-meta>
	<book-part xmlns:ali="http://www.niso.org/schemas/ali/1.0/" book-part-type="chapter" xml:lang="en">
		<book-part-meta>
			<book-part-id book-part-id-type="acm-id">3058582</book-part-id>
			<book-part-id book-part-id-type="doi">10.1145/3058555.3058582</book-part-id>
			<book-part-id book-part-id-type="article-no">25</book-part-id>
	<subj-group subj-group-type="ccs2012">
		<compound-subject>
			<compound-subject-part content-type="code">10002951.10003260.10003300.10003302</compound-subject-part>
			<compound-subject-part content-type="text">Information systems~World Wide Web~Web interfaces~Browsers</compound-subject-part>
			<compound-subject-part content-type="weight">500</compound-subject-part>
		</compound-subject>
		<compound-subject>
			<compound-subject-part content-type="code">10003120.10003121.10003124.10010868</compound-subject-part>
			<compound-subject-part content-type="text">Human-centered computing~Human computer interaction (HCI)~Interaction paradigms~Web-based interaction</compound-subject-part>
			<compound-subject-part content-type="weight">500</compound-subject-part>
		</compound-subject>
		<compound-subject>
			<compound-subject-part content-type="code">10003120.10011738.10011775</compound-subject-part>
			<compound-subject-part content-type="text">Human-centered computing~Accessibility~Accessibility technologies</compound-subject-part>
			<compound-subject-part content-type="weight">500</compound-subject-part>
		</compound-subject>
		<compound-subject>
			<compound-subject-part content-type="code">10003120.10003121.10003124</compound-subject-part>
			<compound-subject-part content-type="text">Human-centered computing~Human computer interaction (HCI)~Interaction paradigms</compound-subject-part>
			<compound-subject-part content-type="weight">500</compound-subject-part>
		</compound-subject>
	</subj-group>
	<subj-group subj-group-type="qualifier-density">
		<compound-subject>
			<compound-subject-part content-type="code">research</compound-subject-part>
			<compound-subject-part content-type="text">Research</compound-subject-part>
		</compound-subject>
	</subj-group>
	<subj-group subj-group-type="qualifier-review_process">
		<compound-subject>
			<compound-subject-part content-type="code">refereed_limited</compound-subject-part>
			<compound-subject-part content-type="text">Refereed limited</compound-subject-part>
		</compound-subject>
	</subj-group>
	<subj-group subj-group-type="qualifier-editorial_treatment">
		<compound-subject>
			<compound-subject-part content-type="code">unedited</compound-subject-part>
			<compound-subject-part content-type="text">Un-edited</compound-subject-part>
		</compound-subject>
	</subj-group>
			<title-group>
				<title>GazeTheWeb</title>
				<subtitle>A Gaze-Controlled Web Browser</subtitle>
			</title-group>
<contrib-group>
   <contrib contrib-type="author" id="artseq-00001">
       <contrib-id contrib-id-type="person_id" authenticated="false">P6207227</contrib-id><contrib-id contrib-id-type="profile_id" authenticated="false">99659081953</contrib-id>
       <name name-style="western">
           <surname>Menges</surname>
           <given-names>Raphael</given-names>
       </name>
	<aff>Institute for Web Science and Technologies (WeST), University of Koblenz-Landau, Germany</aff><aff><institution-wrap><institution-id institution-id-type="profile_id">60006429</institution-id></institution-wrap></aff>
	<email>raphaelmenges@uni-koblenz.de</email>
	<role>Author</role>
   </contrib>
   <contrib contrib-type="author" id="artseq-00002">
       <contrib-id contrib-id-type="person_id" authenticated="false">P6207228</contrib-id><contrib-id contrib-id-type="profile_id" authenticated="false">99659135081</contrib-id>
       <name name-style="western">
           <surname>Kumar</surname>
           <given-names>Chandan</given-names>
       </name>
	<aff>Institute for Web Science and Technologies (WeST), University of Koblenz-Landau, Germany</aff><aff><institution-wrap><institution-id institution-id-type="profile_id">60006429</institution-id></institution-wrap></aff>
	<email>kumar@uni-koblenz.de</email>
	<role>Author</role>
   </contrib>
   <contrib contrib-type="author" id="artseq-00003">
       <contrib-id contrib-id-type="person_id" authenticated="false">P6207229</contrib-id><contrib-id contrib-id-type="profile_id" authenticated="false">99659155090</contrib-id>
       <name name-style="western">
           <surname>Müller</surname>
           <given-names>Daniel</given-names>
       </name>
	<aff>Institute for Web Science and Technologies (WeST), University of Koblenz-Landau, Germany</aff><aff><institution-wrap><institution-id institution-id-type="profile_id">60006429</institution-id></institution-wrap></aff>
	<email>muellerd@uni-koblenz.de</email>
	<role>Author</role>
   </contrib>
   <contrib contrib-type="author" id="artseq-00004">
       <contrib-id contrib-id-type="person_id" authenticated="false">P6207230</contrib-id><contrib-id contrib-id-type="profile_id" authenticated="false">99659081734</contrib-id>
       <name name-style="western">
           <surname>Sengupta</surname>
           <given-names>Korok</given-names>
       </name>
	<aff>Institute for Web Science and Technologies (WeST), University of Koblenz-Landau, Germany</aff><aff><institution-wrap><institution-id institution-id-type="profile_id">60006429</institution-id></institution-wrap></aff>
	<email>koroksengupta@uni-koblenz.de</email>
	<role>Author</role>
   </contrib>
</contrib-group>
   <pub-date date-type="publication">
   <day>02</day>
   <month>04</month>
   <year>2017</year>
   </pub-date>
				<fpage>1</fpage>
				<lpage>2</lpage>
		<permissions>
			<copyright-year>2017</copyright-year>
			<copyright-holder>Owner/Author</copyright-holder>
			<license license-type="rightsretained">
			<license-p>Permission to make digital or hard copies of part or all of this work for personal or classroom use is granted without fee provided that copies are not made or distributed for profit or commercial advantage and that copies bear this notice and the full citation on the first page. Copyrights for third-party components of this work must be honored. For all other uses, contact the Owner/Author.</license-p>
			</license>
		</permissions>
		<self-uri content-type="pdf" xlink:href="3058555.3058582.pdf" />
	<abstract>
		<p>Web is essential for most people, and its accessibility should not be limited to conventional input sources like mouse and keyboard. In recent years, eye tracking systems have greatly improved, beginning to play an important role as input medium. In this work, we present GazeTheWeb, a Web browser accessible solely by eye gaze input. It effectively supports all browsing operations like search, navigation and bookmarks. GazeTheWeb is based on a Chromium powered framework, comprising Web extraction to classify interactive elements, and application of gaze interaction paradigms to represent these elements.</p>
	</abstract>
<kwd-group>
<kwd>Web accessibility</kwd>
<kwd>Web browser</kwd>
<kwd>eye tracking</kwd>
<kwd>eye-controlled interfaces</kwd>
<kwd>gaze input</kwd>
<kwd>navigation</kwd>
</kwd-group>
<funding-group specific-use="FundRef">
	<award-group id="award1">
		<funding-source id="GS1">
			<institution-wrap>
			<institution>Horizon 2020</institution>
			<institution-id institution-id-type="FundRef">http://dx.doi.org/10.13039/501100007601</institution-id>
			</institution-wrap>
		</funding-source>
		<award-id rid="GS1">644780</award-id>
	</award-group>
</funding-group>
		<custom-meta-group>
		    <custom-meta>
		        <meta-name>rightslink</meta-name>
		        <meta-value>excluded</meta-value>
		    </custom-meta>
		</custom-meta-group>
		</book-part-meta>
		
	<back>
<ref-list specific-use="unparsed">
				<ref id="ref-00001">
				<mixed-citation>Optikey: Type, click, speak. https://github.com/OptiKey/OptiKey/wiki.</mixed-citation>
				</ref>
				<ref id="ref-00002">
				<mixed-citation>S. Harper and Y. Yesilada. Web accessibility: a foundation for research. Springer Science &amp;amp; Business Media, 2008. <pub-id pub-id-type="doi" xlink:href="10.5555/1412280" /></mixed-citation>
				</ref>
				<ref id="ref-00003">
				<mixed-citation>R. Jacob and S. Stellmach. What you look at is what you get: Gaze-based user interfaces. interactions, 23(5):62--65, Aug. 2016. <pub-id pub-id-type="doi" xlink:href="10.1145/2978577" assigning-authority="crossref">10.1145/2978577</pub-id> <pub-id pub-id-type="doi" xlink:href="10.1145/2978577" /></mixed-citation>
				</ref>
				<ref id="ref-00004">
				<mixed-citation>M. Kellar, C. Watters, and M. Shepherd. The impact of task on the usage of web browser navigation mechanisms. In Proceedings of Graphics Interface 2006, GI '06, pages 235--242, Toronto, Ont., Canada, Canada, 2006. Canadian Information Processing Society. <pub-id pub-id-type="doi" xlink:href="10.5555/1143079.1143118" /></mixed-citation>
				</ref>
				<ref id="ref-00005">
				<mixed-citation>C. Kumar, R. Menges, and S. Staab. Eye-controlled interfaces for multimedia interaction. IEEE MultiMedia, 23(4):6--13, Oct 2016. <pub-id pub-id-type="doi" xlink:href="10.1109/MMUL.2016.52" assigning-authority="crossref">10.1109/MMUL.2016.52</pub-id> <pub-id pub-id-type="doi" xlink:href="10.1109/MMUL.2016.52" /></mixed-citation>
				</ref>
				<ref id="ref-00006">
				<mixed-citation>M. Kumar. Gaze-enhanced user interface design. PhD thesis, Citeseer, 2007.</mixed-citation>
				</ref>
				<ref id="ref-00007">
				<mixed-citation>C. Lutteroth, M. Penkar, and G. Weber. Gaze vs. mouse: A fast and accurate gaze-only click alternative. In Proceedings of the 28th Annual ACM Symposium on User Interface Software; Technology, UIST '15, pages 385--394, New York, NY, USA, 2015. ACM. <pub-id pub-id-type="doi" xlink:href="10.1145/2807442.2807461" assigning-authority="crossref">10.1145/2807442.2807461</pub-id> <pub-id pub-id-type="doi" xlink:href="10.1145/2807442.2807461" /></mixed-citation>
				</ref>
				<ref id="ref-00008">
				<mixed-citation>R. Menges, C. Kumar, K. Sengupta, and S. Staab. eyegui: A novel framework for eye-controlled user interfaces. In Proceedings of the 9th Nordic Conference on Human-Computer Interaction, NordiCHI '16, pages 121:1--121:6, New York, NY, USA, 2016. ACM. <pub-id pub-id-type="doi" xlink:href="10.1145/2971485.2996756" assigning-authority="crossref">10.1145/2971485.2996756</pub-id> <pub-id pub-id-type="doi" xlink:href="10.1145/2971485.2996756" /></mixed-citation>
				</ref>
				<ref id="ref-00009">
				<mixed-citation>M. Porta and A. Ravelli. Weyeb, an eye-controlled web browser for hands-free navigation. In Proceedings of the 2Nd Conference on Human System Interactions, HSI'09, pages 207--212, Piscataway, NJ, USA, 2009. IEEE Press. <pub-id pub-id-type="doi" xlink:href="10.5555/1689359.1689396" /></mixed-citation>
				</ref>
			</ref-list>
</back>
</book-part>
</book-part-wrapper>
