<?xml version="1.0" encoding="UTF-8"?>
<!DOCTYPE book-part-wrapper PUBLIC "-//NLM//DTD BITS Book Interchange DTD with OASIS and XHTML Tables v2.0 20151225//EN" "BITS-book-oasis2.dtd">
<book-part-wrapper xmlns:xlink="http://www.w3.org/1999/xlink" xmlns:mml="http://www.w3.org/1998/Math/MathML" xmlns:oasis="http://www.niso.org/standards/z39-96/ns/oasis-exchange/table" xmlns:xi="http://www.w3.org/2001/XInclude" xmlns:xsi="http://www.w3.org/2001/XMLSchema-instance" dtd-version="2.0" xml:lang="en" content-type="short-paper">
<collection-meta collection-type="book-series">
    <collection-id collection-id-type="doi">10.1145/acmotherconferences</collection-id>
    <title-group>
        <title>ACM Other Conferences</title>
    </title-group>
</collection-meta>
	<book-meta>
		<book-id book-id-type="acm-id">3058555</book-id>
		<book-id book-id-type="doi">10.1145/3058555</book-id>
		<book-title-group>
			<book-title>Proceedings of the 14th International Web for All Conference</book-title>
			<alt-title alt-title-type="acronym">W4A '17</alt-title>
		</book-title-group>
	</book-meta>
	<book-part xmlns:ali="http://www.niso.org/schemas/ali/1.0/" book-part-type="chapter" xml:lang="en">
		<book-part-meta>
			<book-part-id book-part-id-type="acm-id">3058566</book-part-id>
			<book-part-id book-part-id-type="doi">10.1145/3058555.3058566</book-part-id>
			<book-part-id book-part-id-type="article-no">20</book-part-id>
	<subj-group subj-group-type="ccs2012">
		<compound-subject>
			<compound-subject-part content-type="code">10003120.10003121.10003122.10003334</compound-subject-part>
			<compound-subject-part content-type="text">Human-centered computing~Human computer interaction (HCI)~HCI design and evaluation methods~User studies</compound-subject-part>
			<compound-subject-part content-type="weight">500</compound-subject-part>
		</compound-subject>
		<compound-subject>
			<compound-subject-part content-type="code">10003120.10011738.10011774</compound-subject-part>
			<compound-subject-part content-type="text">Human-centered computing~Accessibility~Accessibility design and evaluation methods</compound-subject-part>
			<compound-subject-part content-type="weight">500</compound-subject-part>
		</compound-subject>
		<compound-subject>
			<compound-subject-part content-type="code">10003120.10011738.10011773</compound-subject-part>
			<compound-subject-part content-type="text">Human-centered computing~Accessibility~Empirical studies in accessibility</compound-subject-part>
			<compound-subject-part content-type="weight">500</compound-subject-part>
		</compound-subject>
		<compound-subject>
			<compound-subject-part content-type="code">10003120.10003121.10003124.10010868</compound-subject-part>
			<compound-subject-part content-type="text">Human-centered computing~Human computer interaction (HCI)~Interaction paradigms~Web-based interaction</compound-subject-part>
			<compound-subject-part content-type="weight">500</compound-subject-part>
		</compound-subject>
	</subj-group>
	<subj-group subj-group-type="qualifier-density">
		<compound-subject>
			<compound-subject-part content-type="code">research</compound-subject-part>
			<compound-subject-part content-type="text">Research</compound-subject-part>
		</compound-subject>
	</subj-group>
	<subj-group subj-group-type="qualifier-review_process">
		<compound-subject>
			<compound-subject-part content-type="code">refereed_limited</compound-subject-part>
			<compound-subject-part content-type="text">Refereed limited</compound-subject-part>
		</compound-subject>
	</subj-group>
	<subj-group subj-group-type="qualifier-editorial_treatment">
		<compound-subject>
			<compound-subject-part content-type="code">unedited</compound-subject-part>
			<compound-subject-part content-type="text">Un-edited</compound-subject-part>
		</compound-subject>
	</subj-group>
			<title-group>
				<title>Do Web Users with Autism Experience Barriers When Searching for Information Within Web Pages?</title>
			</title-group>
<contrib-group>
   <contrib contrib-type="author" id="artseq-00001">
       <contrib-id contrib-id-type="person_id" authenticated="false">P6207205</contrib-id><contrib-id contrib-id-type="profile_id" authenticated="false">81758716957</contrib-id>
       <name name-style="western">
           <surname>Eraslan</surname>
           <given-names>Sukru</given-names>
       </name>
	<aff>Middle East Technical University, Northern Cyprus Campus, Kalkanli, Guzelyurt, Turkey</aff><aff><institution-wrap><institution-id institution-id-type="profile_id">60004305</institution-id></institution-wrap></aff>
	<email>seraslan@metu.edu.tr</email>
	<role>Author</role>
   </contrib>
   <contrib contrib-type="author" id="artseq-00002">
       <contrib-id contrib-id-type="person_id" authenticated="false">P6207206</contrib-id><contrib-id contrib-id-type="profile_id" authenticated="false">99658756451</contrib-id>
       <name name-style="western">
           <surname>Yaneva</surname>
           <given-names>Victoria</given-names>
       </name>
	<aff>University of Wolverhampton, Wolverhampton, UK</aff><aff><institution-wrap><institution-id institution-id-type="profile_id">60007173</institution-id></institution-wrap></aff>
	<email>v.yaneva@wlv.ac.uk</email>
	<role>Author</role>
   </contrib>
   <contrib contrib-type="author" id="artseq-00003">
       <contrib-id contrib-id-type="person_id" authenticated="false">P6207207</contrib-id><contrib-id contrib-id-type="profile_id" authenticated="false">81100378126</contrib-id>
       <name name-style="western">
           <surname>Yesilada</surname>
           <given-names>Yeliz</given-names>
       </name>
	<aff>Middle East Technical University, Northern Cyprus Campus, Kalkanli, Guzelyurt, Turkey</aff><aff><institution-wrap><institution-id institution-id-type="profile_id">60004305</institution-id></institution-wrap></aff>
	<email>yyeliz@metu.edu.tr</email>
	<role>Author</role>
   </contrib>
   <contrib contrib-type="author" id="artseq-00004">
       <contrib-id contrib-id-type="person_id" authenticated="false">P6207208</contrib-id><contrib-id contrib-id-type="profile_id" authenticated="false">81100139139</contrib-id>
       <name name-style="western">
           <surname>Harper</surname>
           <given-names>Simon</given-names>
       </name>
	<aff>University of Manchester, Manchester, UK</aff><aff><institution-wrap><institution-id institution-id-type="profile_id">60003771</institution-id></institution-wrap></aff>
	<email>simon.harper@manchester.ac.uk</email>
	<role>Author</role>
   </contrib>
</contrib-group>
   <pub-date date-type="publication">
   <day>02</day>
   <month>04</month>
   <year>2017</year>
   </pub-date>
				<fpage>1</fpage>
				<lpage>4</lpage>
		<permissions>
			<copyright-year>2017</copyright-year>
			<copyright-holder>ACM</copyright-holder>
			<license license-type="acmcopyright">
			<license-p>Permission to make digital or hard copies of all or part of this work for personal or classroom use is granted without fee provided that copies are not made or distributed for profit or commercial advantage and that copies bear this notice and the full citation on the first page. Copyrights for components of this work owned by others than ACM must be honored. Abstracting with credit is permitted. To copy otherwise, or republish, to post on servers or to redistribute to lists, requires prior specific permission and/or a fee. Request permissions from Permissions@acm.org</license-p>
			</license>
		</permissions>
		<self-uri content-type="pdf" xlink:href="3058555.3058566.pdf" />
	<abstract>
		<p>Elements related to cognitive disability are given lower priority in web accessibility guidelines due to limited understanding of the requirements of neurodiverse web users. Meanwhile, eye tracking has received a lot of interest in the accessibility community as a way to understand user behaviours. In this study, we combine results from information location tasks and eye tracking data to find out whether users with high-functioning autism experience barriers while using the web compared to users without autism. Our results show that such barriers exist and there is higher variance in the scanpaths of the participants with high-functioning autism while searching for the right answer within web pages.</p>
	</abstract>
<kwd-group>
<kwd>Accessibility Guidelines</kwd>
<kwd>Autism</kwd>
<kwd>Eye Tracking</kwd>
<kwd>Web Accessibility</kwd>
</kwd-group>
		</book-part-meta>
		
	<back>
<ref-list specific-use="unparsed">
				<ref id="ref-00001">
				<mixed-citation>J. Abascal, M. Arrue, N. Garay, and J. Tomas. Recommendations for enhancements in internet-based services. Retrieved December 4. 2004 from http://www.iris-design4all.org/IRISDOC701/IRISD0701.htm., 2003.</mixed-citation>
				</ref>
				<ref id="ref-00002">
				<mixed-citation>M. E. Akpınar and Y. Yeşilada. Vision Based Page Segmentation Algorithm: Extended and Perceived Success. In Q. Z. Sheng and J. Kjeldskov, editors, Current Trends in Web Engineering, volume 8295 of LNCS, pages 238--252. Springer, 2013. <pub-id pub-id-type="doi" xlink:href="10.1007/978-3-319-04244-2_22" assigning-authority="crossref">10.1007/978-3-319-04244-2_22</pub-id> <pub-id pub-id-type="doi" xlink:href="10.1007/978-3-319-04244-2_22" /></mixed-citation>
				</ref>
				<ref id="ref-00003">
				<mixed-citation>American Psychiatric Association. Diagnostic and Statistical Manual of Mental Disorders (5th ed.), 2013.</mixed-citation>
				</ref>
				<ref id="ref-00004">
				<mixed-citation>S. Baron-Cohen, S. Wheelwright, R. Skinner, J. Martin, and E. Clubley. The autism-spectrum quotient (aq): Evidence from asperger syndrome/high-functioning autism, malesand females, scientists and mathematicians. Journal of autism and developmental disorders, 31(1):5--17, 2001.</mixed-citation>
				</ref>
				<ref id="ref-00005">
				<mixed-citation>T. C. P. Britto and E. B. Pizzolato. Towards web accessibility guidelines of interaction and interface design for people with autism spectrum disorder. In proceedings of ACHI 2016: The Ninth International Conference on Advances in Computer-Human Interactions, 2016.</mixed-citation>
				</ref>
				<ref id="ref-00006">
				<mixed-citation>D. Dave and J. Fernandez. Rising autism prevalence: Real or displacing other mental disorders? evidence from demand for auxiliary healthcare workers in california. Economic Inquiry, 53(1):448--468, 2014.</mixed-citation>
				</ref>
				<ref id="ref-00007">
				<mixed-citation>H. J. Deering. Opportunity for success: Website evaluation and scanning by students with autism spectrum disorders. Master's thesis, Iowa State University, 2013.</mixed-citation>
				</ref>
				<ref id="ref-00008">
				<mixed-citation>J. Dolezalova and S. Popelka. Scangraph: A novel scanpath comparison method using visualisation of graph cliques. Journal of Eye Movement Research, 9(4):1--13, 2016.</mixed-citation>
				</ref>
				<ref id="ref-00009">
				<mixed-citation>S. Eraslan and Y. Yesilada. Patterns in eyetracking scanpaths and the affecting factors. Journal of Web Engineering, 14(5-6):363--385, 2015. <pub-id pub-id-type="doi" xlink:href="10.5555/2871274.2871276" /></mixed-citation>
				</ref>
				<ref id="ref-00010">
				<mixed-citation>S. Eraslan, Y. Yesilada, and S. Harper. Eye Tracking Scanpath Analysis Techniques on Web Pages: A Survey, Evaluation and Comparison. Journal of Eye Movement Research, 9(1:2):1--19, 2016.</mixed-citation>
				</ref>
				<ref id="ref-00011">
				<mixed-citation>S. Eraslan, Y. Yesilada, and S. Harper. Scanpath trend analysis on web pages: Clustering eye tracking scanpaths. ACM Transactions on the Web (TWEB), 10(4):20, 2016. <pub-id pub-id-type="doi" xlink:href="10.1145/2970818" assigning-authority="crossref">10.1145/2970818</pub-id> <pub-id pub-id-type="doi" xlink:href="10.1145/2970818" /></mixed-citation>
				</ref>
				<ref id="ref-00012">
				<mixed-citation>M. G. Friedman and D. N. Bryen. Web accessibility design recommendations for people with cognitive disabilities. Technology and Disability, 19(4):205--212, 2007.</mixed-citation>
				</ref>
				<ref id="ref-00013">
				<mixed-citation>U. Frith. Autism. Explaining the enigma. Blackwell Publishing, Oxford, UK, second edition, 2003.</mixed-citation>
				</ref>
				<ref id="ref-00014">
				<mixed-citation>K. Gotham, S. Risi, A. Pickles, and C. Lord. The autism diagnostic observation schedule: revised algorithms for improved diagnostic validity. Journal of autism and developmental disorders, 37(4):613--627, 2007.</mixed-citation>
				</ref>
				<ref id="ref-00015">
				<mixed-citation>Happe, F., and Frith, U. he weak coherence account: Detail focused cognitive style in autism spectrum disorder. Journal of Autism and Developmental Disorders, 36:5--25, 2006.</mixed-citation>
				</ref>
				<ref id="ref-00016">
				<mixed-citation>Lovaas, O. I. and Schreibman, L. Stimulus Overselectivity of Autistic Children in a Two Stimulus Situation. Behavior Research and Therapy, 9:305--310, 1971.</mixed-citation>
				</ref>
				<ref id="ref-00017">
				<mixed-citation>E. Michailidou. Visual complexity rankings and accessibility metrics. PhD thesis, The University of Manchester, 2010.</mixed-citation>
				</ref>
				<ref id="ref-00018">
				<mixed-citation>B. O. Ploog. Stimulus overselectivity four decades later: A review of the literature and its implications for current research in autism spectrum disorder. Journal of autism and developmental disorders, 40(11):1332--1349, 2010.</mixed-citation>
				</ref>
			</ref-list>
</back>
</book-part>
</book-part-wrapper>
