<?xml version="1.0" encoding="UTF-8"?>
<!DOCTYPE book-part-wrapper PUBLIC "-//NLM//DTD BITS Book Interchange DTD with OASIS and XHTML Tables v2.0 20151225//EN" "BITS-book-oasis2.dtd">
<book-part-wrapper xmlns:xlink="http://www.w3.org/1999/xlink" xmlns:mml="http://www.w3.org/1998/Math/MathML" xmlns:oasis="http://www.niso.org/standards/z39-96/ns/oasis-exchange/table" xmlns:xi="http://www.w3.org/2001/XInclude" xmlns:xsi="http://www.w3.org/2001/XMLSchema-instance" dtd-version="2.0" xml:lang="en" content-type="research-article">
<collection-meta collection-type="book-series">
    <collection-id collection-id-type="doi">10.1145/acmotherconferences</collection-id>
    <title-group>
        <title>ACM Other Conferences</title>
    </title-group>
</collection-meta>
	<book-meta>
		<book-id book-id-type="acm-id">3058555</book-id>
		<book-id book-id-type="doi">10.1145/3058555</book-id>
		<book-title-group>
			<book-title>Proceedings of the 14th International Web for All Conference</book-title>
			<alt-title alt-title-type="acronym">W4A '17</alt-title>
		</book-title-group>
	</book-meta>
	<book-part xmlns:ali="http://www.niso.org/schemas/ali/1.0/" book-part-type="chapter" xml:lang="en">
		<book-part-meta>
			<book-part-id book-part-id-type="acm-id">3058560</book-part-id>
			<book-part-id book-part-id-type="doi">10.1145/3058555.3058560</book-part-id>
			<book-part-id book-part-id-type="article-no">31</book-part-id>
	<subj-group subj-group-type="ccs2012">
		<compound-subject>
			<compound-subject-part content-type="code">10003456.10010927.10003616</compound-subject-part>
			<compound-subject-part content-type="text">Social and professional topics~User characteristics~People with disabilities</compound-subject-part>
			<compound-subject-part content-type="weight">500</compound-subject-part>
		</compound-subject>
		<compound-subject>
			<compound-subject-part content-type="code">10003120.10011738.10011775</compound-subject-part>
			<compound-subject-part content-type="text">Human-centered computing~Accessibility~Accessibility technologies</compound-subject-part>
			<compound-subject-part content-type="weight">500</compound-subject-part>
		</compound-subject>
		<compound-subject>
			<compound-subject-part content-type="code">10002951.10003227.10003236.10003101</compound-subject-part>
			<compound-subject-part content-type="text">Information systems~Information systems applications~Spatial-temporal systems~Location based services</compound-subject-part>
			<compound-subject-part content-type="weight">500</compound-subject-part>
		</compound-subject>
		<compound-subject>
			<compound-subject-part content-type="code">10010520.10010553.10003238</compound-subject-part>
			<compound-subject-part content-type="text">Computer systems organization~Embedded and cyber-physical systems~Sensor networks</compound-subject-part>
			<compound-subject-part content-type="weight">500</compound-subject-part>
		</compound-subject>
		<compound-subject>
			<compound-subject-part content-type="code">10003120.10003121.10003122.10003334</compound-subject-part>
			<compound-subject-part content-type="text">Human-centered computing~Human computer interaction (HCI)~HCI design and evaluation methods~User studies</compound-subject-part>
			<compound-subject-part content-type="weight">500</compound-subject-part>
		</compound-subject>
	</subj-group>
	<subj-group subj-group-type="qualifier-density">
		<compound-subject>
			<compound-subject-part content-type="code">research</compound-subject-part>
			<compound-subject-part content-type="text">Research</compound-subject-part>
		</compound-subject>
	</subj-group>
	<subj-group subj-group-type="qualifier-review_process">
		<compound-subject>
			<compound-subject-part content-type="code">refereed_limited</compound-subject-part>
			<compound-subject-part content-type="text">Refereed limited</compound-subject-part>
		</compound-subject>
	</subj-group>
	<subj-group subj-group-type="qualifier-editorial_treatment">
		<compound-subject>
			<compound-subject-part content-type="code">unedited</compound-subject-part>
			<compound-subject-part content-type="text">Un-edited</compound-subject-part>
		</compound-subject>
	</subj-group>
			<title-group>
				<title>Achieving Practical and Accurate Indoor Navigation for People with Visual Impairments</title>
			</title-group>
<contrib-group>
   <contrib contrib-type="author" id="artseq-00001">
       <contrib-id contrib-id-type="person_id" authenticated="false">P6207251</contrib-id><contrib-id contrib-id-type="profile_id" authenticated="false">81488672853</contrib-id>
       <name name-style="western">
           <surname>Ahmetovic</surname>
           <given-names>Dragan</given-names>
       </name>
	<aff>Carnegie Mellon University</aff><aff><institution-wrap><institution-id institution-id-type="profile_id">60027950</institution-id></institution-wrap></aff>
	<email>dragan1@cmu.edu</email>
	<role>Author</role>
   </contrib>
   <contrib contrib-type="author" id="artseq-00002">
       <contrib-id contrib-id-type="person_id" authenticated="false">P6207252</contrib-id><contrib-id contrib-id-type="profile_id" authenticated="false">99659181468</contrib-id>
       <name name-style="western">
           <surname>Murata</surname>
           <given-names>Masayuki</given-names>
       </name>
	<aff>IBM Research-Tokyo</aff><aff><institution-wrap><institution-id institution-id-type="profile_id">60004066</institution-id></institution-wrap></aff>
	<email>muratams@jp.ibm.com</email>
	<role>Author</role>
   </contrib>
   <contrib contrib-type="author" id="artseq-00003">
       <contrib-id contrib-id-type="person_id" authenticated="false">P6207253</contrib-id><contrib-id contrib-id-type="profile_id" authenticated="false">99659021609</contrib-id>
       <name name-style="western">
           <surname>Gleason</surname>
           <given-names>Cole</given-names>
       </name>
	<aff>Carnegie Mellon University</aff><aff><institution-wrap><institution-id institution-id-type="profile_id">60027950</institution-id></institution-wrap></aff>
	<email>cgleason@cs.cmu.edu</email>
	<role>Author</role>
   </contrib>
   <contrib contrib-type="author" id="artseq-00004">
       <contrib-id contrib-id-type="person_id" authenticated="false">P6207254</contrib-id><contrib-id contrib-id-type="profile_id" authenticated="false">81490664843</contrib-id>
       <name name-style="western">
           <surname>Brady</surname>
           <given-names>Erin</given-names>
       </name>
	<aff>Indiana University - Purdue, University Indianapolis</aff><aff><institution-wrap><institution-id institution-id-type="profile_id">60024609</institution-id></institution-wrap></aff>
	<email>brady@iupui.edu</email>
	<role>Author</role>
   </contrib>
   <contrib contrib-type="author" id="artseq-00005">
       <contrib-id contrib-id-type="person_id" authenticated="false">P6207255</contrib-id><contrib-id contrib-id-type="profile_id" authenticated="false">81408594028</contrib-id>
       <name name-style="western">
           <surname>Takagi</surname>
           <given-names>Hironobu</given-names>
       </name>
	<aff>IBM Research-Tokyo</aff><aff><institution-wrap><institution-id institution-id-type="profile_id">60004066</institution-id></institution-wrap></aff>
	<email>takagih@jp.ibm.com</email>
	<role>Author</role>
   </contrib>
   <contrib contrib-type="author" id="artseq-00006">
       <contrib-id contrib-id-type="person_id" authenticated="false">P6207256</contrib-id><contrib-id contrib-id-type="profile_id" authenticated="false">81331496187</contrib-id>
       <name name-style="western">
           <surname>Kitani</surname>
           <given-names>Kris</given-names>
       </name>
	<aff>Carnegie Mellon University</aff><aff><institution-wrap><institution-id institution-id-type="profile_id">60027950</institution-id></institution-wrap></aff>
	<email>kkitani@cs.cmu.edu</email>
	<role>Author</role>
   </contrib>
   <contrib contrib-type="author" id="artseq-00007">
       <contrib-id contrib-id-type="person_id" authenticated="false">P6207257</contrib-id><contrib-id contrib-id-type="profile_id" authenticated="false">81100044475</contrib-id>
       <name name-style="western">
           <surname>Asakawa</surname>
           <given-names>Chieko</given-names>
       </name>
	<aff>Carnegie Mellon University</aff><aff><institution-wrap><institution-id institution-id-type="profile_id">60027950</institution-id></institution-wrap></aff>
	<email>chiekoa@cs.cmu.edu</email>
	<role>Author</role>
   </contrib>
</contrib-group>
   <pub-date date-type="publication">
   <day>02</day>
   <month>04</month>
   <year>2017</year>
   </pub-date>
				<fpage>1</fpage>
				<lpage>10</lpage>
		<permissions>
			<copyright-year>2017</copyright-year>
			<copyright-holder>ACM</copyright-holder>
			<license license-type="acmlicensed">
			<license-p>Permission to make digital or hard copies of all or part of this work for personal or classroom use is granted without fee provided that copies are not made or distributed for profit or commercial advantage and that copies bear this notice and the full citation on the first page. Copyrights for components of this work owned by others than the author(s) must be honored. Abstracting with credit is permitted. To copy otherwise, or republish, to post on servers or to redistribute to lists, requires prior specific permission and/or a fee. Request permissions from Permissions@acm.org.</license-p>
			</license>
		</permissions>
		<self-uri content-type="pdf" xlink:href="3058555.3058560.pdf" />
	<abstract>
		<p>Methods that provide accurate navigation assistance to people with visual impairments often rely on instrumenting the environment with specialized hardware infrastructure. In particular, approaches that use sensor networks of Bluetooth Low Energy (BLE) beacons have been shown to achieve precise localization and accurate guidance while the structural modifications to the environment are kept at minimum. To install navigation infrastructure, however, a number of complex and time-critical activities must be performed. The BLE beacons need to be positioned correctly and samples of Bluetooth signal need to be collected across the whole environment. These tasks are performed by trained personnel and entail costs proportional to the size of the environment that needs to be instrumented.</p> <p>To reduce the instrumentation costs while maintaining a high accuracy, we improve over a traditional regression-based localization approach by introducing a novel, graph-based localization method using Pedestrian Dead Reckoning (PDR) and particle filter. We then study how the number and density of beacons and Bluetooth samples impact the balance between localization accuracy and set-up cost of the navigation environment. Studies with users show the impact that the increased accuracy has on the usability of our navigation application for the visually impaired.</p>
	</abstract>
<kwd-group>
<kwd>Indoor Localization</kwd>
<kwd>Navigation Assistance</kwd>
<kwd>Visual Impairments</kwd>
</kwd-group>
		</book-part-meta>
		
	<back>
<ref-list specific-use="unparsed">
				<ref id="ref-00001">
				<mixed-citation>D. Ahmetovic, C. Bernareggi, A. Gerino, and S. Mascetti. Zebrarecognizer: Efficient and precise localization of pedestrian crossings. In 2014 22nd International Conference on Pattern Recognition (ICPR), pages 2566--2571. IEEE, 2014. <pub-id pub-id-type="doi" xlink:href="10.1109/ICPR.2014.443" assigning-authority="crossref">10.1109/ICPR.2014.443</pub-id> <pub-id pub-id-type="doi" xlink:href="10.1109/ICPR.2014.443" /></mixed-citation>
				</ref>
				<ref id="ref-00002">
				<mixed-citation>D. Ahmetovic, C. Gleason, K. Kitani, H. Takagi, and C. Asakawa. Navcog: turn-by-turn smartphone navigation assistant for people with visual impairments or blindness. In Web for All Conference. ACM, 2016. <pub-id pub-id-type="doi" xlink:href="10.1145/2899475.2899509" assigning-authority="crossref">10.1145/2899475.2899509</pub-id> <pub-id pub-id-type="doi" xlink:href="10.1145/2899475.2899509" /></mixed-citation>
				</ref>
				<ref id="ref-00003">
				<mixed-citation>D. Ahmetovic, C. Gleason, C. Ruan, K. Kitani, H. Takagi, and C. Asakawa. Navcog: A navigational cognitive assistant for the blind. In Proceedings of the 18th International Conference on Human-Computer Interaction with Mobile Devices and Services, MobileHCI '16. ACM, 2016. <pub-id pub-id-type="doi" xlink:href="10.1145/2935334.2935361" assigning-authority="crossref">10.1145/2935334.2935361</pub-id> <pub-id pub-id-type="doi" xlink:href="10.1145/2935334.2935361" /></mixed-citation>
				</ref>
				<ref id="ref-00004">
				<mixed-citation>D. Ahmetovic, R. Manduchi, J. Coughlan, and S. Mascetti. Mind your crossings: Mining gis imagery for crosswalk localization. ACM Transactions on Accessible Computing, 2016. <pub-id pub-id-type="doi" xlink:href="10.1145/3046790" assigning-authority="crossref">10.1145/3046790</pub-id> <pub-id pub-id-type="doi" xlink:href="10.1145/3046790" /></mixed-citation>
				</ref>
				<ref id="ref-00005">
				<mixed-citation>D. Ahmetovic, R. Manduchi, J. M. Coughlan, and S. Mascetti. Zebra crossing spotter: automatic population of spatial databases for increased safety of blind travelers. In Proceedings of the 17th International ACM SIGACCESS Conference on Computers &amp;amp; Accessibility, pages 251--258. ACM, 2015. <pub-id pub-id-type="doi" xlink:href="10.1145/2700648.2809847" assigning-authority="crossref">10.1145/2700648.2809847</pub-id> <pub-id pub-id-type="doi" xlink:href="10.1145/2700648.2809847" /></mixed-citation>
				</ref>
				<ref id="ref-00006">
				<mixed-citation>T. Amemiya, J. Yamashita, K. Hirota, and M. Hirose. Virtual leading blocks for the deaf-blind: A real-time way-finder by verbal-nonverbal hybrid interface and high-density rfid tag space. In Virtual Reality, 2004. Proceedings. IEEE, pages 165--287. IEEE, 2004. <pub-id pub-id-type="doi" xlink:href="10.1109/VR.2004.83" assigning-authority="crossref">10.1109/VR.2004.83</pub-id> <pub-id pub-id-type="doi" xlink:href="10.5555/1009389.1010385" /></mixed-citation>
				</ref>
				<ref id="ref-00007">
				<mixed-citation>J. Benjamin and J. Malvern. The new c-5 laser cane for the blind. In Proc. Carnahan Conf. on Electronic Prosthetics, pages 77--82, 1973.</mixed-citation>
				</ref>
				<ref id="ref-00008">
				<mixed-citation>B. Blasch, S. LaGrow, and W. De l'Aune. Three aspects of coverage provided by the long cane: Object, surface, and foot-placement preview. Journal of Visual Impairment and Blindness, 90:295--301, 1996.</mixed-citation>
				</ref>
				<ref id="ref-00009">
				<mixed-citation>A. Brajdic and R. Harle. Walk detection and step counting on unconstrained smartphones. In Proceedings of the 2013 ACM international joint conference on Pervasive and ubiquitous computing, pages 225--234. ACM, 2013. <pub-id pub-id-type="doi" xlink:href="10.1145/2493432.2493449" assigning-authority="crossref">10.1145/2493432.2493449</pub-id> <pub-id pub-id-type="doi" xlink:href="10.1145/2493432.2493449" /></mixed-citation>
				</ref>
				<ref id="ref-00010">
				<mixed-citation>M. Brock and P. O. Kristensson. Supporting blind navigation using depth sensing and sonification. In Proceedings of the 2013 ACM conference on Pervasive and ubiquitous computing adjunct publication, pages 255--258. ACM, 2013. <pub-id pub-id-type="doi" xlink:href="10.1145/2494091.2494173" assigning-authority="crossref">10.1145/2494091.2494173</pub-id> <pub-id pub-id-type="doi" xlink:href="10.1145/2494091.2494173" /></mixed-citation>
				</ref>
				<ref id="ref-00011">
				<mixed-citation>S. Chumkamon, P. Tuvaphanthaphiphat, and P. Keeratiwintakorn. A blind navigation system using rfid for indoor environments. In Electrical Engineering/Electronics, Computer, Telecommunications and Information Technology, 2008. ECTI-CON 2008. 5th International Conference on, volume 2, pages 765--768. IEEE, 2008.</mixed-citation>
				</ref>
				<ref id="ref-00012">
				<mixed-citation>J. M. Coughlan and A. L. Yuille. The manhattan world assumption: Regularities in scene statistics which enable bayesian inference. In NIPS, volume 2, page 3, 2000. <pub-id pub-id-type="doi" xlink:href="10.5555/3008751.3008869" /></mixed-citation>
				</ref>
				<ref id="ref-00013">
				<mixed-citation>S. L. Dockstader and A. M. Tekalp. Multiple camera tracking of interacting and occluded human motion. Proceedings of the IEEE, 89(10):1441--1455, 2001.</mixed-citation>
				</ref>
				<ref id="ref-00014">
				<mixed-citation>N. Fallah, I. Apostolopoulos, K. Bekris, and E. Folmer. The user as a sensor: navigating users with visual impairments in indoor spaces using tactile landmarks. In Proceedings of the SIGCHI Conference on Human Factors in Computing Systems, pages 425--432. ACM, 2012. <pub-id pub-id-type="doi" xlink:href="10.1145/2207676.2207735" assigning-authority="crossref">10.1145/2207676.2207735</pub-id> <pub-id pub-id-type="doi" xlink:href="10.1145/2207676.2207735" /></mixed-citation>
				</ref>
				<ref id="ref-00015">
				<mixed-citation>R. Faragher and R. Harle. Location fingerprinting with bluetooth low energy beacons. Selected Areas in Communications, IEEE Journal on, 33(11):2418--2428, 2015.</mixed-citation>
				</ref>
				<ref id="ref-00016">
				<mixed-citation>J. Faria, S. Lopes, H. Fernandes, P. Martins, and J. Barroso. Electronic white cane for blind people navigation assistance. In World Automation Congress. IEEE, 2010.</mixed-citation>
				</ref>
				<ref id="ref-00017">
				<mixed-citation>A. Fiannaca, I. Apostolopoulous, and E. Folmer. Headlock: A wearable navigation aid that helps blind cane users traverse large open spaces. In Proceedings of the 16th international ACM SIGACCESS conference on Computers &amp;amp; accessibility, pages 19--26. ACM, 2014. <pub-id pub-id-type="doi" xlink:href="10.1145/2661334.2661453" assigning-authority="crossref">10.1145/2661334.2661453</pub-id> <pub-id pub-id-type="doi" xlink:href="10.1145/2661334.2661453" /></mixed-citation>
				</ref>
				<ref id="ref-00018">
				<mixed-citation>A. Fod, A. Howard, and M. Mataric. A laser-based people tracker. In Robotics and Automation, 2002. Proceedings. ICRA'02. IEEE International Conference on, volume 3, pages 3024--3029. IEEE, 2002.</mixed-citation>
				</ref>
				<ref id="ref-00019">
				<mixed-citation>J. Gonzalez, J. Blanco, C. Galindo, A. Ortiz-de Galisteo, J. Fernández-Madrigal, F. Moreno, and J. Martinez. Combination of uwb and gps for indoor-outdoor vehicle localization. In Intelligent Signal Processing, 2007. WISP 2007. IEEE International Symposium on. IEEE, 2007.</mixed-citation>
				</ref>
				<ref id="ref-00020">
				<mixed-citation>S. Hilsenbeck, D. Bobkov, G. Schroth, R. Huitl, and E. Steinbach. Graph-based data fusion of pedometer and wifi measurements for mobile indoor positioning. In Proceedings of the 2014 ACM International Joint Conference on Pervasive and Ubiquitous Computing, pages 147--158. ACM, 2014. <pub-id pub-id-type="doi" xlink:href="10.1145/2632048.2636079" assigning-authority="crossref">10.1145/2632048.2636079</pub-id> <pub-id pub-id-type="doi" xlink:href="10.1145/2632048.2636079" /></mixed-citation>
				</ref>
				<ref id="ref-00021">
				<mixed-citation>H. Iwahashi. Toward white wave - Story of Seiichi Miyake (in Japanese). Traffic Safety Research Center, 1983.</mixed-citation>
				</ref>
				<ref id="ref-00022">
				<mixed-citation>H. Kacorri, S. Mascetti, A. Gerino, D. Ahmetovic, H. Takagi, and C. Asakawa. Supporting orientation of people with visual impairment: Analysis of large scale usage data. In International ACM SIGACCESS Conference on Computers and Accessibility. ACM, 2016. <pub-id pub-id-type="doi" xlink:href="10.1145/2982142.2982178" assigning-authority="crossref">10.1145/2982142.2982178</pub-id> <pub-id pub-id-type="doi" xlink:href="10.1145/2982142.2982178" /></mixed-citation>
				</ref>
				<ref id="ref-00023">
				<mixed-citation>G. Kleege. Visible braille/invisible blindness. Journal of visual culture, 5(2):209--218, 2006.</mixed-citation>
				</ref>
				<ref id="ref-00024">
				<mixed-citation>G. E. Legge, P. J. Beckmann, B. S. Tjan, G. Havey, K. Kramer, D. Rolkosky, R. Gage, M. Chen, S. Puchakayala, and A. Rangarajan. Indoor navigation by people with visual impairment using a digital sign system. PloS one, 8(10):e76783, 2013.</mixed-citation>
				</ref>
				<ref id="ref-00025">
				<mixed-citation>R. M. Leonard. Statistics on vision impairment: A resource manual.</mixed-citation>
				</ref>
				<ref id="ref-00026">
				<mixed-citation>R. Manduchi, J. Coughlan, K. Miesenberger, J. M. Coughlan, and H. Shen. Crosswatch: a system for providing guidance to visually impaired travelers at traffic intersection. Journal of Assistive Technologies, 7(2):131--142, 2013.</mixed-citation>
				</ref>
				<ref id="ref-00027">
				<mixed-citation>R. Manduchi and S. Kurniawan. Assistive technology for blindness and low vision. CRC Press, 2012.</mixed-citation>
				</ref>
				<ref id="ref-00028">
				<mixed-citation>S. Mascetti, D. Ahmetovic, A. Gerino, and C. Bernareggi. Zebrarecognizer: Pedestrian crossing recognition for people with visual impairment or blindness. Pattern Recognition, 2016. <pub-id pub-id-type="doi" xlink:href="10.1016/j.patcog.2016.05.002" assigning-authority="crossref">10.1016/j.patcog.2016.05.002</pub-id> <pub-id pub-id-type="doi" xlink:href="10.1016/j.patcog.2016.05.002" /></mixed-citation>
				</ref>
				<ref id="ref-00029">
				<mixed-citation>S. Mascetti, D. Ahmetovic, A. Gerino, C. Bernareggi, M. Busso, and A. Rizzi. Robust traffic lights detection on mobile devices for pedestrians with visual impairment. Computer Vision and Image Understanding, 148:123--135, 2016. <pub-id pub-id-type="doi" xlink:href="10.1016/j.cviu.2015.11.017" assigning-authority="crossref">10.1016/j.cviu.2015.11.017</pub-id> <pub-id pub-id-type="doi" xlink:href="10.5555/2951132.2951424" /></mixed-citation>
				</ref>
				<ref id="ref-00030">
				<mixed-citation>M. Muja and D. G. Lowe. Fast approximate nearest neighbors with automatic algorithm configuration. VISAPP (1), 2:331--340, 2009.</mixed-citation>
				</ref>
				<ref id="ref-00031">
				<mixed-citation>K. P. Murphy. Machine learning: a probabilistic perspective. MIT press, 2012. <pub-id pub-id-type="doi" xlink:href="10.5555/2380985" /></mixed-citation>
				</ref>
				<ref id="ref-00032">
				<mixed-citation>M. Nakajima and S. Haruyama. Indoor navigation system for visually impaired people using visible light communication and compensated geomagnetic sensing. In Communications in China. IEEE, 2012.</mixed-citation>
				</ref>
				<ref id="ref-00033">
				<mixed-citation>D. Peraković, M. Periša, and V. Remenar. Model of guidance for visually impaired persons in the traffic network. Transportation research part F: traffic psychology and behaviour, 31:1--11, 2015.</mixed-citation>
				</ref>
				<ref id="ref-00034">
				<mixed-citation>T. Poulsen. Acoustic traffic signal for blind pedestrians. Applied Acoustics, 15(5):363--376, 1982.</mixed-citation>
				</ref>
				<ref id="ref-00035">
				<mixed-citation>N. Pressey. Mowat sensor. Focus, 11(3):35--39, 1977.</mixed-citation>
				</ref>
				<ref id="ref-00036">
				<mixed-citation>J. Ryckaert, P. De Doncker, R. Meys, A. de Le Hoye, and S. Donnay. Channel model for wireless communication around human body. Electronics letters, 40(9):543--544, 2004.</mixed-citation>
				</ref>
				<ref id="ref-00037">
				<mixed-citation>S. Saito, A. Hiyama, T. Tanikawa, and M. Hirose. Indoor marker-based localization using coded seamless pattern for interior decoration. In 2007 IEEE Virtual Reality Conference. IEEE, 2007.</mixed-citation>
				</ref>
				<ref id="ref-00038">
				<mixed-citation>M. A. Williams, C. Galbraith, S. K. Kane, and A. Hurst. just let the cane hit it: how the blind and sighted see navigation differently. In Proceedings of the 16th international ACM SIGACCESS conference on Computers &amp;amp; accessibility, pages 217--224. ACM, 2014. <pub-id pub-id-type="doi" xlink:href="10.1145/2661334.2661380" assigning-authority="crossref">10.1145/2661334.2661380</pub-id> <pub-id pub-id-type="doi" xlink:href="10.1145/2661334.2661380" /></mixed-citation>
				</ref>
			</ref-list>
</back>
</book-part>
</book-part-wrapper>
