<?xml version="1.0" encoding="UTF-8"?>
<!DOCTYPE book-part-wrapper PUBLIC "-//NLM//DTD BITS Book Interchange DTD with OASIS and XHTML Tables v2.0 20151225//EN" "BITS-book-oasis2.dtd">
<book-part-wrapper xmlns:xlink="http://www.w3.org/1999/xlink" xmlns:mml="http://www.w3.org/1998/Math/MathML" xmlns:oasis="http://www.niso.org/standards/z39-96/ns/oasis-exchange/table" xmlns:xi="http://www.w3.org/2001/XInclude" xmlns:xsi="http://www.w3.org/2001/XMLSchema-instance" dtd-version="2.0" xml:lang="en" content-type="short-paper">
<collection-meta collection-type="book-series">
    <collection-id collection-id-type="doi">10.1145/acmotherconferences</collection-id>
    <title-group>
        <title>ACM Other Conferences</title>
    </title-group>
</collection-meta>
	<book-meta>
		<book-id book-id-type="acm-id">3192714</book-id>
		<book-id book-id-type="doi">10.1145/3192714</book-id>
		<book-title-group>
			<book-title>Proceedings of the 15th International Web for All Conference</book-title>
			<alt-title alt-title-type="acronym">W4A '18</alt-title>
		</book-title-group>
	</book-meta>
	<book-part xmlns:ali="http://www.niso.org/schemas/ali/1.0/" book-part-type="chapter" xml:lang="en">
		<book-part-meta>
			<book-part-id book-part-id-type="acm-id">3192829</book-part-id>
			<book-part-id book-part-id-type="doi">10.1145/3192714.3192829</book-part-id>
			<book-part-id book-part-id-type="article-no">2</book-part-id>
	<subj-group subj-group-type="ccs2012">
		<compound-subject>
			<compound-subject-part content-type="code">10003120.10011738.10011773</compound-subject-part>
			<compound-subject-part content-type="text">Human-centered computing~Accessibility~Empirical studies in accessibility</compound-subject-part>
			<compound-subject-part content-type="weight">500</compound-subject-part>
		</compound-subject>
		<compound-subject>
			<compound-subject-part content-type="code">10003120.10003121.10003122.10011750</compound-subject-part>
			<compound-subject-part content-type="text">Human-centered computing~Human computer interaction (HCI)~HCI design and evaluation methods~Field studies</compound-subject-part>
			<compound-subject-part content-type="weight">500</compound-subject-part>
		</compound-subject>
		<compound-subject>
			<compound-subject-part content-type="code">10003120.10003121.10003122.10003334</compound-subject-part>
			<compound-subject-part content-type="text">Human-centered computing~Human computer interaction (HCI)~HCI design and evaluation methods~User studies</compound-subject-part>
			<compound-subject-part content-type="weight">500</compound-subject-part>
		</compound-subject>
		<compound-subject>
			<compound-subject-part content-type="code">10003120.10011738.10011775</compound-subject-part>
			<compound-subject-part content-type="text">Human-centered computing~Accessibility~Accessibility technologies</compound-subject-part>
			<compound-subject-part content-type="weight">500</compound-subject-part>
		</compound-subject>
	</subj-group>
	<subj-group subj-group-type="qualifier-density">
		<compound-subject>
			<compound-subject-part content-type="code">research</compound-subject-part>
			<compound-subject-part content-type="text">Research</compound-subject-part>
		</compound-subject>
	</subj-group>
	<subj-group subj-group-type="qualifier-review_process">
		<compound-subject>
			<compound-subject-part content-type="code">refereed_limited</compound-subject-part>
			<compound-subject-part content-type="text">Refereed limited</compound-subject-part>
		</compound-subject>
	</subj-group>
	<subj-group subj-group-type="qualifier-editorial_treatment">
		<compound-subject>
			<compound-subject-part content-type="code">unedited</compound-subject-part>
			<compound-subject-part content-type="text">Un-edited</compound-subject-part>
		</compound-subject>
	</subj-group>
			<title-group>
				<title>How Context and User Behavior Affect Indoor Navigation Assistance for Blind People</title>
			</title-group>
<contrib-group>
   <contrib contrib-type="author" id="artseq-00001">
       <contrib-id contrib-id-type="person_id" authenticated="false">P6572981</contrib-id><contrib-id contrib-id-type="profile_id" authenticated="false">81467649970</contrib-id>
       <name name-style="western">
           <surname>Guerreiro</surname>
           <given-names>João</given-names>
       </name>
	<aff>Carnegie Mellon University</aff><aff><institution-wrap><institution-id institution-id-type="profile_id">60027950</institution-id></institution-wrap></aff>
	<email>jpvguerreiro@cmu.edu</email>
	<role>Author</role>
   </contrib>
   <contrib contrib-type="author" id="artseq-00002">
       <contrib-id contrib-id-type="person_id" authenticated="false">P6572982</contrib-id><contrib-id contrib-id-type="profile_id" authenticated="false">81549452156</contrib-id>
       <name name-style="western">
           <surname>Ohn-Bar</surname>
           <given-names>Eshed</given-names>
       </name>
	<aff>Carnegie Mellon University</aff><aff><institution-wrap><institution-id institution-id-type="profile_id">60027950</institution-id></institution-wrap></aff>
	<email>eshed1@cmu.edu</email>
	<role>Author</role>
   </contrib>
   <contrib contrib-type="author" id="artseq-00003">
       <contrib-id contrib-id-type="person_id" authenticated="false">P6572983</contrib-id><contrib-id contrib-id-type="profile_id" authenticated="false">81488672853</contrib-id>
       <name name-style="western">
           <surname>Ahmetovic</surname>
           <given-names>Dragan</given-names>
       </name>
	<aff>Carnegie Mellon University</aff><aff><institution-wrap><institution-id institution-id-type="profile_id">60027950</institution-id></institution-wrap></aff>
	<email>dragan1@cmu.edu</email>
	<role>Author</role>
   </contrib>
   <contrib contrib-type="author" id="artseq-00004">
       <contrib-id contrib-id-type="person_id" authenticated="false">P6572984</contrib-id><contrib-id contrib-id-type="profile_id" authenticated="false">81331496187</contrib-id>
       <name name-style="western">
           <surname>Kitani</surname>
           <given-names>Kris</given-names>
       </name>
	<aff>Carnegie Mellon University</aff><aff><institution-wrap><institution-id institution-id-type="profile_id">60027950</institution-id></institution-wrap></aff>
	<email>kkitani@cs.cmu.edu</email>
	<role>Author</role>
   </contrib>
   <contrib contrib-type="author" id="artseq-00005">
       <contrib-id contrib-id-type="person_id" authenticated="false">P6572985</contrib-id><contrib-id contrib-id-type="profile_id" authenticated="false">81100044475</contrib-id>
       <name name-style="western">
           <surname>Asakawa</surname>
           <given-names>Chieko</given-names>
       </name>
	<aff>Carnegie Mellon University and IBM Research - Tokyo</aff><aff><institution-wrap><institution-id institution-id-type="profile_id">60004066</institution-id></institution-wrap></aff>
	<email>chiekoa@cs.cmu.edu</email>
	<role>Author</role>
   </contrib>
</contrib-group>
   <pub-date date-type="publication">
   <day>23</day>
   <month>04</month>
   <year>2018</year>
   </pub-date>
				<fpage>1</fpage>
				<lpage>4</lpage>
		<permissions>
			<copyright-year>2018</copyright-year>
			<copyright-holder>ACM</copyright-holder>
			<license license-type="acmcopyright">
			<license-p>Permission to make digital or hard copies of all or part of this work for personal or classroom use is granted without fee provided that copies are not made or distributed for profit or commercial advantage and that copies bear this notice and the full citation on the first page. Copyrights for components of this work owned by others than ACM must be honored. Abstracting with credit is permitted. To copy otherwise, or republish, to post on servers or to redistribute to lists, requires prior specific permission and/or a fee. Request permissions from Permissions@acm.org</license-p>
			</license>
		</permissions>
		<self-uri content-type="pdf" xlink:href="3192714.3192829.pdf" />
	<abstract>
		<p>Recent techniques for indoor localization are now able to support practical, accurate turn-by-turn navigation for people with visual impairments (PVI). Understanding user behavior as it relates to situational contexts can be used to improve the ability of the interface to adapt to problematic scenarios, and consequently reduce navigation errors. This work performs a fine-grained analysis of user behavior during indoor assisted navigation, outlining different scenarios where user behavior (either with a white-cane or a guide-dog) is likely to cause navigation errors. The scenarios include certain instructions (e.g., slight turns, approaching turns), cases of error recovery, and the surrounding environment (e.g., open spaces and landmarks). We discuss the findings and lessons learned from a real-world user study to guide future directions for the development of assistive navigation interfaces that consider the users' behavior and coping mechanisms.</p>
	</abstract>
<kwd-group>
<kwd>Blind navigation</kwd>
<kwd>assistive technologies</kwd>
<kwd>navigation strategies</kwd>
<kwd>people with visual impairments</kwd>
<kwd>user behavior</kwd>
</kwd-group>
<funding-group specific-use="FundRef">
	<award-group id="award1">
		<funding-source id="GS1">
			<institution-wrap>
			<institution>NSF - NRI</institution>
			</institution-wrap>
		</funding-source>
		<award-id rid="GS1">1637927</award-id>
	</award-group>
	<award-group id="award2">
		<funding-source id="GS2">
			<institution-wrap>
			<institution>NSF NRI</institution>
			</institution-wrap>
		</funding-source>
		<award-id rid="GS2">1637927</award-id>
	</award-group>
	<award-group id="award3">
		<funding-source id="GS3">
			<institution-wrap>
			<institution>National Science Foundation - NRI</institution>
			</institution-wrap>
		</funding-source>
		<award-id rid="GS3">1637927</award-id>
	</award-group>
	<award-group id="award4">
		<funding-source id="GS4">
			<institution-wrap>
			<institution>JST CREST</institution>
			</institution-wrap>
		</funding-source>
		<award-id rid="GS4">JPMJCR14E1</award-id>
	</award-group>
	<award-group id="award5">
		<funding-source id="GS5">
			<institution-wrap>
			<institution>Shimizu Corp</institution>
			</institution-wrap>
		</funding-source>
	</award-group>
	<award-group id="award6">
		<funding-source id="GS6">
			<institution-wrap>
			<institution>JST: CREST</institution>
			</institution-wrap>
		</funding-source>
		<award-id rid="GS6">JPMJCR14E1</award-id>
	</award-group>
	<award-group id="award7">
		<funding-source id="GS7">
			<institution-wrap>
			<institution>JST - CREST</institution>
			</institution-wrap>
		</funding-source>
		<award-id rid="GS7">JPMJCR14E1</award-id>
	</award-group>
	<award-group id="award8">
		<funding-source id="GS8">
			<institution-wrap>
			<institution>Shimizu Corporation</institution>
			</institution-wrap>
		</funding-source>
	</award-group>
</funding-group>
		</book-part-meta>
		
	<back>
<ref-list specific-use="unparsed">
				<ref id="ref-00001">
				<mixed-citation>A. Abdolrahmani, W. Easley, M. Williams, S. Branham, and A. Hurst. Embracing errors: Examining how context of use impacts blind individuals' acceptance of navigation aid errors. In Proceedings of CHI, 2017. <pub-id pub-id-type="doi" xlink:href="10.1145/3025453.3025528" assigning-authority="crossref">10.1145/3025453.3025528</pub-id> <pub-id pub-id-type="doi" xlink:href="10.1145/3025453.3025528" /></mixed-citation>
				</ref>
				<ref id="ref-00002">
				<mixed-citation>D. Ahmetovic, M. Murata, C. Gleason, E. Brady, H. Takagi, K. Kitani, and C. Asakawa. Achieving practical and accurate indoor navigation for people with visual impairments. Web for All, 2017. <pub-id pub-id-type="doi" xlink:href="10.1145/3058555.3058560" assigning-authority="crossref">10.1145/3058555.3058560</pub-id> <pub-id pub-id-type="doi" xlink:href="10.1145/3058555.3058560" /></mixed-citation>
				</ref>
				<ref id="ref-00003">
				<mixed-citation>J. M. Coughlan and A. L. Yuille. Manhattan world: Compass direction from a single image by bayesian inference. In Proceedings of ICCV, 1999. <pub-id pub-id-type="doi" xlink:href="10.5555/850924.851554" /></mixed-citation>
				</ref>
				<ref id="ref-00004">
				<mixed-citation>J. Ducasse, A. M. Brock, and C. Jouffrais. Accessible interactive maps for visually impaired users. In Mobility of Visually Impaired People. 2018.</mixed-citation>
				</ref>
				<ref id="ref-00005">
				<mixed-citation>N. Fallah, I. Apostolopoulos, K. Bekris, and E. Folmer. Indoor human navigation systems: A survey. Interacting with Computers, 2013.</mixed-citation>
				</ref>
				<ref id="ref-00006">
				<mixed-citation>A. Fiannaca, I. Apostolopoulous, and E. Folmer. Headlock: a wearable navigation aid that helps blind cane users traverse large open spaces. In Proceedings of ASSETS. ACM, 2014. <pub-id pub-id-type="doi" xlink:href="10.1145/2661334.2661344" assigning-authority="crossref">10.1145/2661334.2661344</pub-id> <pub-id pub-id-type="doi" xlink:href="10.1145/2661334.2661344" /></mixed-citation>
				</ref>
				<ref id="ref-00007">
				<mixed-citation>V. Filipe, F. Fernandes, H. Fernandes, A. Sousa, H. Paredes, and J. Barroso. Blind navigation support system based on microsoft kinect. Procedia Computer Science, 2012.</mixed-citation>
				</ref>
				<ref id="ref-00008">
				<mixed-citation>J. Guerreiro, D. Ahmetovic, K. M. Kitani, and C. Asakawa. Virtual navigation for blind people: Building sequential representations of the real-world. In Proceedings of ASSETS. ACM, 2017. <pub-id pub-id-type="doi" xlink:href="10.1145/3132525.3132545" assigning-authority="crossref">10.1145/3132525.3132545</pub-id> <pub-id pub-id-type="doi" xlink:href="10.1145/3132525.3132545" /></mixed-citation>
				</ref>
				<ref id="ref-00009">
				<mixed-citation>J.-E. Kim, M. Bessho, S. Kobayashi, N. Koshizuka, and K. Sakamura. Navigating visually impaired travelers in a large train station using smartphone and bluetooth low energy. In Proceedings of ACM Symposium on Applied Computing. ACM, 2016. <pub-id pub-id-type="doi" xlink:href="10.1145/2851613.2851716" assigning-authority="crossref">10.1145/2851613.2851716</pub-id> <pub-id pub-id-type="doi" xlink:href="10.1145/2851613.2851716" /></mixed-citation>
				</ref>
				<ref id="ref-00010">
				<mixed-citation>A. J. Kolarik, S. Cirstea, S. Pardhan, and B. C. Moore. A summary of research investigating echolocation abilities of blind and sighted humans. Hearing research, 2014.</mixed-citation>
				</ref>
				<ref id="ref-00011">
				<mixed-citation>B. Li, J. P. Munoz, X. Rong, J. Xiao, Y. Tian, and A. Arditi. Isana: wearable context-aware indoor assistive navigation with obstacle avoidance for the blind. In Proceedings of ECCV. Springer, 2016.</mixed-citation>
				</ref>
				<ref id="ref-00012">
				<mixed-citation>H. Nicolau, J. Jorge, and T. Guerreiro. Blobby: how to guide a blind person. In Proceedings of CHI EA. ACM, 2009. <pub-id pub-id-type="doi" xlink:href="10.1145/1520340.1520541" assigning-authority="crossref">10.1145/1520340.1520541</pub-id> <pub-id pub-id-type="doi" xlink:href="10.1145/1520340.1520541" /></mixed-citation>
				</ref>
				<ref id="ref-00013">
				<mixed-citation>E. Ohn-Bar, J. Guerreiro, D. Ahmetovic, K. M. Kitani, and C. Asakawa. Modeling expertise in assistive navigation interfaces for blind people. In Proceedings of IUI, 2018. <pub-id pub-id-type="doi" xlink:href="10.1145/3172944.3173008" assigning-authority="crossref">10.1145/3172944.3173008</pub-id> <pub-id pub-id-type="doi" xlink:href="10.1145/3172944.3173008" /></mixed-citation>
				</ref>
				<ref id="ref-00014">
				<mixed-citation>J. E. Pérez, M. Arrue, M. Kobayashi, H. Takagi, and C. Asakawa. Assessment of semantic taxonomies for blind indoor navigation based on a shopping center use case. In Proceedings of Web for All (W4A), 2017. <pub-id pub-id-type="doi" xlink:href="10.1145/3058555.3058575" assigning-authority="crossref">10.1145/3058555.3058575</pub-id> <pub-id pub-id-type="doi" xlink:href="10.1145/3058555.3058575" /></mixed-citation>
				</ref>
				<ref id="ref-00015">
				<mixed-citation>D. Sato, U. Oh, K. Naito, H. Takagi, K. M. Kitani, and C. Asakawa. Navcog3: An evaluation of a smartphone-based blind indoor navigation assistant with semantic features in a large-scale environment. In Proceedings of ASSETS, 2017. <pub-id pub-id-type="doi" xlink:href="10.1145/3132525.3132535" assigning-authority="crossref">10.1145/3132525.3132535</pub-id> <pub-id pub-id-type="doi" xlink:href="10.1145/3132525.3132535" /></mixed-citation>
				</ref>
				<ref id="ref-00016">
				<mixed-citation>M. K. Scheuerman, W. Easley, A. Abdolrahmani, A. Hurst, and S. Branham. Learning the language: The importance of studying written directions in designing navigational technologies for the blind. In Proceedings of CHI EA, 2017. <pub-id pub-id-type="doi" xlink:href="10.1145/3027063.3053260" assigning-authority="crossref">10.1145/3027063.3053260</pub-id> <pub-id pub-id-type="doi" xlink:href="10.1145/3027063.3053260" /></mixed-citation>
				</ref>
				<ref id="ref-00017">
				<mixed-citation>W. R. Wiener, R. L. Welsh, and B. B. Blasch. Foundations of orientation and mobility. 2010.</mixed-citation>
				</ref>
				<ref id="ref-00018">
				<mixed-citation>M. A. Williams, A. Hurst, and S. K. Kane. Pray before you step out: describing personal and situational blind navigation behaviors. In Proceedings of ASSETS, 2013. <pub-id pub-id-type="doi" xlink:href="10.1145/2513383.2513449" assigning-authority="crossref">10.1145/2513383.2513449</pub-id> <pub-id pub-id-type="doi" xlink:href="10.1145/2513383.2513449" /></mixed-citation>
				</ref>
				<ref id="ref-00019">
				<mixed-citation>L. Zeng, M. Simros, and G. Weber. Camera-based mobile electronic travel aids support for cognitive mapping of unknown spaces. In Proceedings of MobileHCI, 2017. <pub-id pub-id-type="doi" xlink:href="10.1145/3098279.3098563" assigning-authority="crossref">10.1145/3098279.3098563</pub-id> <pub-id pub-id-type="doi" xlink:href="10.1145/3098279.3098563" /></mixed-citation>
				</ref>
			</ref-list>
</back>
</book-part>
</book-part-wrapper>
