<?xml version="1.0" encoding="UTF-8"?>
<!DOCTYPE book-part-wrapper PUBLIC "-//NLM//DTD BITS Book Interchange DTD with OASIS and XHTML Tables v2.0 20151225//EN" "BITS-book-oasis2.dtd">
<book-part-wrapper xmlns:xlink="http://www.w3.org/1999/xlink" xmlns:mml="http://www.w3.org/1998/Math/MathML" xmlns:oasis="http://www.niso.org/standards/z39-96/ns/oasis-exchange/table" xmlns:xi="http://www.w3.org/2001/XInclude" xmlns:xsi="http://www.w3.org/2001/XMLSchema-instance" dtd-version="2.0" xml:lang="en" content-type="short-paper">
<collection-meta collection-type="book-series">
    <collection-id collection-id-type="doi">10.1145/acmotherconferences</collection-id>
    <title-group>
        <title>ACM Other Conferences</title>
    </title-group>
</collection-meta>
	<book-meta>
		<book-id book-id-type="acm-id">3192714</book-id>
		<book-id book-id-type="doi">10.1145/3192714</book-id>
		<book-title-group>
			<book-title>Proceedings of the 15th International Web for All Conference</book-title>
			<alt-title alt-title-type="acronym">W4A '18</alt-title>
		</book-title-group>
	</book-meta>
	<book-part xmlns:ali="http://www.niso.org/schemas/ali/1.0/" book-part-type="chapter" xml:lang="en">
		<book-part-meta>
			<book-part-id book-part-id-type="acm-id">3192837</book-part-id>
			<book-part-id book-part-id-type="doi">10.1145/3192714.3192837</book-part-id>
			<book-part-id book-part-id-type="article-no">19</book-part-id>
	<subj-group subj-group-type="ccs2012">
		<compound-subject>
			<compound-subject-part content-type="code">10003120.10003121.10003129.10010885</compound-subject-part>
			<compound-subject-part content-type="text">Human-centered computing~Human computer interaction (HCI)~Interactive systems and tools~User interface management systems</compound-subject-part>
			<compound-subject-part content-type="weight">500</compound-subject-part>
		</compound-subject>
	</subj-group>
	<subj-group subj-group-type="qualifier-density">
		<compound-subject>
			<compound-subject-part content-type="code">research</compound-subject-part>
			<compound-subject-part content-type="text">Research</compound-subject-part>
		</compound-subject>
	</subj-group>
	<subj-group subj-group-type="qualifier-review_process">
		<compound-subject>
			<compound-subject-part content-type="code">refereed_limited</compound-subject-part>
			<compound-subject-part content-type="text">Refereed limited</compound-subject-part>
		</compound-subject>
	</subj-group>
	<subj-group subj-group-type="qualifier-editorial_treatment">
		<compound-subject>
			<compound-subject-part content-type="code">unedited</compound-subject-part>
			<compound-subject-part content-type="text">Un-edited</compound-subject-part>
		</compound-subject>
	</subj-group>
			<title-group>
				<title>Automatic Natural Language Generation Applied to Alternative and Augmentative Communication for Online Video Content Services using SimpleNLG for Spanish</title>
			</title-group>
<contrib-group>
   <contrib contrib-type="author" id="artseq-00001">
       <contrib-id contrib-id-type="person_id" authenticated="false">P6573030</contrib-id><contrib-id contrib-id-type="profile_id" authenticated="false">99659286042</contrib-id>
       <name name-style="western">
           <surname>García-Méndez</surname>
           <given-names>Silvia</given-names>
       </name>
	<aff>GTI Research Group, atlanTTic, Vigo, Spain</aff>
	<email>sgarcia@gti.uvigo.es</email>
	<role>Author</role>
   </contrib>
   <contrib contrib-type="author" id="artseq-00002">
       <contrib-id contrib-id-type="person_id" authenticated="false">P6573031</contrib-id><contrib-id contrib-id-type="profile_id" authenticated="false">99659025688</contrib-id>
       <name name-style="western">
           <surname>Fernández-Gavilanes</surname>
           <given-names>Milagros</given-names>
       </name>
	<aff>GTI Research Group, atlanTTic, Vigo, Spain</aff>
	<email>mfgavilanes@gti.uvigo.es</email>
	<role>Author</role>
   </contrib>
   <contrib contrib-type="author" id="artseq-00003">
       <contrib-id contrib-id-type="person_id" authenticated="false">P6573032</contrib-id><contrib-id contrib-id-type="profile_id" authenticated="false">81100613031</contrib-id>
       <name name-style="western">
           <surname>Costa-Montenegro</surname>
           <given-names>Enrique</given-names>
       </name>
	<aff>GTI Research Group, atlanTTic, Vigo, Spain</aff>
	<email>kike@gti.uvigo.es</email>
	<role>Author</role>
   </contrib>
   <contrib contrib-type="author" id="artseq-00004">
       <contrib-id contrib-id-type="person_id" authenticated="false">P6573033</contrib-id><contrib-id contrib-id-type="profile_id" authenticated="false">99658736461</contrib-id>
       <name name-style="western">
           <surname>Juncal-Martínez</surname>
           <given-names>Jonathan</given-names>
       </name>
	<aff>GTI Research Group, atlanTTic, Vigo, Spain</aff>
	<email>jonijm@gti.uvigo.es</email>
	<role>Author</role>
   </contrib>
   <contrib contrib-type="author" id="artseq-00005">
       <contrib-id contrib-id-type="person_id" authenticated="false">P6573034</contrib-id><contrib-id contrib-id-type="profile_id" authenticated="false">81100432275</contrib-id>
       <name name-style="western">
           <surname>González-Castaño</surname>
           <given-names>Francisco Javier</given-names>
       </name>
	<aff>GTI Research Group, atlanTTic, Vigo, Spain</aff>
	<email>javier@gti.uvigo.es</email>
	<role>Author</role>
   </contrib>
</contrib-group>
   <pub-date date-type="publication">
   <day>23</day>
   <month>04</month>
   <year>2018</year>
   </pub-date>
				<fpage>1</fpage>
				<lpage>4</lpage>
		<permissions>
			<copyright-year>2018</copyright-year>
			<copyright-holder>ACM</copyright-holder>
			<license license-type="acmcopyright">
			<license-p>Permission to make digital or hard copies of all or part of this work for personal or classroom use is granted without fee provided that copies are not made or distributed for profit or commercial advantage and that copies bear this notice and the full citation on the first page. Copyrights for components of this work owned by others than ACM must be honored. Abstracting with credit is permitted. To copy otherwise, or republish, to post on servers or to redistribute to lists, requires prior specific permission and/or a fee. Request permissions from Permissions@acm.org</license-p>
			</license>
		</permissions>
		<self-uri content-type="pdf" xlink:href="3192714.3192837.pdf" />
	<abstract>
		<p>We present our work to build the Spanish version of SimpleNLG by adapting it and creating new code to satisfy the Spanish linguistic requirements. Not only have we developed this version but also we have achieved a library that only needs the main words as input and it is able to conduct the generation process on its own. The adaptation of the library uses aLexiS, a complete and reliable lexicon with morphology that we created. On the other hand, our enhanced version uses Elsa created from the pictogram domain, which also contains syntactic and semantic information needed to conduct the generation process automatically. Both the adaptation and its enhanced version may be useful integrated in several applications as well as web applications, bringing them natural language generation functionalities. We provide a use case of the system focused on Augmentative and Alternative Communication and online video content services.</p>
	</abstract>
<kwd-group>
<kwd>Alternative and Augmentative Communication</kwd>
<kwd>Natural Language Generation</kwd>
<kwd>Online Video Content Services</kwd>
<kwd>SimpleNLG</kwd>
<kwd>Spanish</kwd>
</kwd-group>
<funding-group specific-use="FundRef">
	<award-group id="award1">
		<funding-source id="GS1">
			<institution-wrap>
			<institution>Ministerio de Economía, Industria y Competitividad, España</institution>
			</institution-wrap>
		</funding-source>
		<award-id rid="GS1">TEC2016-76465-C2-2-R</award-id>
	</award-group>
	<award-group id="award2">
		<funding-source id="GS2">
			<institution-wrap>
			<institution>Xunta de Galicia</institution>
			</institution-wrap>
		</funding-source>
		<award-id rid="GS2">GRC2014/046</award-id>
	</award-group>
	<award-group id="award3">
		<funding-source id="GS3">
			<institution-wrap>
			<institution>Red Temática en Tecnologías Emergentes de la Información y de las Comunicaciones</institution>
			</institution-wrap>
		</funding-source>
		<award-id rid="GS3">ED341D R2016/012</award-id>
	</award-group>
</funding-group>
		</book-part-meta>
		
	<back>
<ref-list specific-use="unparsed">
				<ref id="ref-00001">
				<mixed-citation>Albert Bandura. 1977. Social learning theory. Englewood Cliffs, N.J: Prentice Hall.</mixed-citation>
				</ref>
				<ref id="ref-00002">
				<mixed-citation>David Beukelman and Pat Mirenda. 2013. Augmentative and alternative communication: supporting children and adults with complex communication needs. Brookes Publishing.</mixed-citation>
				</ref>
				<ref id="ref-00003">
				<mixed-citation>Marcel Bollmann. 2011. Adapting SimpleNLG to German. In ENLG. ACL. Alessandro Mazzei, Cristina Battaglino, and Cristina Bosco. 2016. SimpleNLG-IT: adapting SimpleNLG to Italian. In INLG. <pub-id pub-id-type="doi" xlink:href="10.5555/2187681.2187703" /></mixed-citation>
				</ref>
				<ref id="ref-00004">
				<mixed-citation>Ann Copestake. 1996. Applying Natural Language Processing Techniques to Speech Prostheses. Technical Report. Working Notes of the AAAI Fall Symposium on Developing Assistive Technology for People with Disabilities.</mixed-citation>
				</ref>
				<ref id="ref-00005">
				<mixed-citation>Rodrigo De Oliveira and Somayajulu Sripada. 2014. Adapting SimpleNLG for Brazilian Portuguese realisation. In INLG.</mixed-citation>
				</ref>
				<ref id="ref-00006">
				<mixed-citation>Chaohai Ding, Nawar Halabi, Lama Al-Zaben, Yunjia Li, EA Draffan, and Mike Wald. 2015. A web based multi-linguists symbol-to-text AAC application. In Proceedings of the 12th Web for All Conference. ACM, 24. <pub-id pub-id-type="doi" xlink:href="10.1145/2745555.2746674" assigning-authority="crossref">10.1145/2745555.2746674</pub-id> <pub-id pub-id-type="doi" xlink:href="10.1145/2745555.2746674" /></mixed-citation>
				</ref>
				<ref id="ref-00007">
				<mixed-citation>Fátima María García Doval. 2013. Aportaciones didácticas de un tablero digital para personas con dificultades de competencia comunicativa. Ph.D. Dissertation. University of Santiago de Compostela.</mixed-citation>
				</ref>
				<ref id="ref-00008">
				<mixed-citation>Silvia García-Méndez, Milagros Fernández-Gavilanes, Enrique Costa-Montenegro, Jonathan Juncal-Martínez, and Francisco J González-Castaño. 2017. Lexicon for Natural Language Generation in Spanish Adapted to Alternative and Augmentative Communication. LiRA-INLG (2017), 11--15.</mixed-citation>
				</ref>
				<ref id="ref-00009">
				<mixed-citation>Silvia García-Méndez, Milagros Fernández-Gavilanes, Enrique Costa-Montenegro, Jonathan Juncal-Martínez, and Francisco J González-Castaño. 2018. Natural Language Generation library for automatic Spanish text generation. Expert System With Applications (under review) (2018).</mixed-citation>
				</ref>
				<ref id="ref-00010">
				<mixed-citation>Jonathan Juncal-Martínez, Enrique Costa-Montenegro, Fátima Ma García-Doval, María Pousada-Carballo, and Ana Belén Barragáns-Martínez. 2015. ACCEGAL: Comunicación y estimulación cognitiva para dispositivos móviles Android. (2015).</mixed-citation>
				</ref>
				<ref id="ref-00011">
				<mixed-citation>Josefina Lozano Martínez, F Javier Ballesta Pagán, Salvador Alcaraz García, and Ma Carmen Cerezo Máiquez. 2013. Las tecnologías de la información y comunicación (TIC) en el proceso de enseñanza y aprendizaje del alumnado con trastorno del espectro autista (TEA). Revista Fuentes 14 (2013), 193--208.</mixed-citation>
				</ref>
				<ref id="ref-00012">
				<mixed-citation>Alessandro Mazzei, Cristina Battaglino, and Cristina Bosco. 2016. SimpleNLG-IT: adapting SimpleNLG to Italian. In INLG.</mixed-citation>
				</ref>
				<ref id="ref-00013">
				<mixed-citation>Luis Adiel Morales-Ramos and Teresa Guzmán-Flores. 2015. El vídeo como recurso didáctico para reforzar el conocimiento. (2015).</mixed-citation>
				</ref>
				<ref id="ref-00014">
				<mixed-citation>Paloma Moreda, Elena Lloret, et al. 2015. The use of Natural Language Processing techniques to support Health Literacy: an evidence-based review. (2015).</mixed-citation>
				</ref>
				<ref id="ref-00015">
				<mixed-citation>Christos Nikolopoulos, Deitra Kuester, Mark Sheehan, Shashwati Ramteke, Aniket Karmarkar, Supriya Thota, Joseph Kearney, Curtis Boirum, Sunnihith Bojedla, and Angela Lee. 2011. Robotic agents used to help teach social skills to children with autism: the third generation. In ROMAN, 2011 IEEE. IEEE, 253--258.</mixed-citation>
				</ref>
				<ref id="ref-00016">
				<mixed-citation>A. Ramos-Soto, A. Bugarín, and S. Barro. 2016. On the Role of Linguistic Descriptions of Data in the Building of Natural Language Generation Systems. Fuzzy Sets Syst. 285, C (Feb. 2016), 31--51. <pub-id pub-id-type="doi" xlink:href="10.1016/j.fss.2015.06.019" assigning-authority="crossref">10.1016/j.fss.2015.06.019</pub-id> <pub-id pub-id-type="doi" xlink:href="10.1016/j.fss.2015.06.019" /></mixed-citation>
				</ref>
				<ref id="ref-00017">
				<mixed-citation>Alejandro Ramos-Soto, Julio Janeiro-Gallardo, and Alberto Bugarın. 2017. Adapting SimpleNLG to Spanish. In Proceedings of the 10th International Conference on Natural Language Generation (2017), 144--148.</mixed-citation>
				</ref>
				<ref id="ref-00018">
				<mixed-citation>Hospital Seattle-Children's. 2016. Augmentative and Alternative Communication. (2016). Available 20/10/2016 at www.seattlechildrens.org/pdf/PE1632S.pdf</mixed-citation>
				</ref>
				<ref id="ref-00019">
				<mixed-citation>Leen Sevens, Vincent Vandeghinste, Ineke Schuurman, and Frank Van Eynde. 2015. Natural Language Generation from Pictographs. In ENLG. ACL, Brighton, UK.</mixed-citation>
				</ref>
				<ref id="ref-00020">
				<mixed-citation>Toshiyuki Takasaki and Yumiko Mori. 2007. Design and development of a pictogram communication system for children around the world. In Intercultural collaboration. Springer, 193--206. <pub-id pub-id-type="doi" xlink:href="10.5555/1769901.1769920" /></mixed-citation>
				</ref>
				<ref id="ref-00021">
				<mixed-citation>Nava Tintarev, Ehud Reiter, Rolf Black, Annalu Waller, and Joe Reddington. 2016. Personal storytelling: Using Natural Language Generation for children with complex communication needs, in the wild. International Journal of Human-Computer Studies 92--93 (2016), 1--16. <pub-id pub-id-type="doi" xlink:href="10.1016/j.ijhcs.2016.04.005" assigning-authority="crossref">10.1016/j.ijhcs.2016.04.005</pub-id> <pub-id pub-id-type="doi" xlink:href="10.1016/j.ijhcs.2016.04.005" /></mixed-citation>
				</ref>
				<ref id="ref-00022">
				<mixed-citation>Damian Jozef Trzpis. 2015. Adaptación de una herramienta de Generación de Lenguaje Natural al idioma Español. Ph.D. Dissertation. ETSI Informática. Universidad Politécnica de Madrid.</mixed-citation>
				</ref>
				<ref id="ref-00023">
				<mixed-citation>Pierre-Luc Vaudry and Guy Lapalme. 2013. Adapting SimpleNLG for Bilingual English-French Realisation. In ENLG. ACL, Sofia, Bulgaria.</mixed-citation>
				</ref>
			</ref-list>
</back>
</book-part>
</book-part-wrapper>
