<?xml version="1.0" encoding="UTF-8"?>
<!DOCTYPE book-part-wrapper PUBLIC "-//NLM//DTD BITS Book Interchange DTD with OASIS and XHTML Tables v2.0 20151225//EN" "BITS-book-oasis2.dtd">
<book-part-wrapper xmlns:xlink="http://www.w3.org/1999/xlink" xmlns:mml="http://www.w3.org/1998/Math/MathML" xmlns:oasis="http://www.niso.org/standards/z39-96/ns/oasis-exchange/table" xmlns:xi="http://www.w3.org/2001/XInclude" xmlns:xsi="http://www.w3.org/2001/XMLSchema-instance" dtd-version="2.0" xml:lang="en" content-type="short-paper">
<collection-meta collection-type="book-series">
    <collection-id collection-id-type="doi">10.1145/acmotherconferences</collection-id>
    <title-group>
        <title>ACM Other Conferences</title>
    </title-group>
</collection-meta>
	<book-meta>
		<book-id book-id-type="acm-id">3192714</book-id>
		<book-id book-id-type="doi">10.1145/3192714</book-id>
		<book-title-group>
			<book-title>Proceedings of the 15th International Web for All Conference</book-title>
			<alt-title alt-title-type="acronym">W4A '18</alt-title>
		</book-title-group>
	</book-meta>
	<book-part xmlns:ali="http://www.niso.org/schemas/ali/1.0/" book-part-type="chapter" xml:lang="en">
		<book-part-meta>
			<book-part-id book-part-id-type="acm-id">3196828</book-part-id>
			<book-part-id book-part-id-type="doi">10.1145/3192714.3196828</book-part-id>
			<book-part-id book-part-id-type="article-no">22</book-part-id>
	<subj-group subj-group-type="ccs2012">
		<compound-subject>
			<compound-subject-part content-type="code">10003120.10011738.10011774</compound-subject-part>
			<compound-subject-part content-type="text">Human-centered computing~Accessibility~Accessibility design and evaluation methods</compound-subject-part>
			<compound-subject-part content-type="weight">500</compound-subject-part>
		</compound-subject>
	</subj-group>
	<subj-group subj-group-type="qualifier-density">
		<compound-subject>
			<compound-subject-part content-type="code">research</compound-subject-part>
			<compound-subject-part content-type="text">Research</compound-subject-part>
		</compound-subject>
	</subj-group>
	<subj-group subj-group-type="qualifier-review_process">
		<compound-subject>
			<compound-subject-part content-type="code">refereed_limited</compound-subject-part>
			<compound-subject-part content-type="text">Refereed limited</compound-subject-part>
		</compound-subject>
	</subj-group>
	<subj-group subj-group-type="qualifier-editorial_treatment">
		<compound-subject>
			<compound-subject-part content-type="code">unedited</compound-subject-part>
			<compound-subject-part content-type="text">Un-edited</compound-subject-part>
		</compound-subject>
	</subj-group>
			<title-group>
				<title>Semantic Content Analysis Supporting Web Accessibility Evaluation</title>
			</title-group>
<contrib-group>
   <contrib contrib-type="author" id="artseq-00001">
       <contrib-id contrib-id-type="person_id" authenticated="false">P6573043</contrib-id><contrib-id contrib-id-type="profile_id" authenticated="false">81100217667</contrib-id>
       <name name-style="western">
           <surname>Duarte</surname>
           <given-names>Carlos</given-names>
       </name>
	<aff>LASIGE, Faculdade de Ciências da Universidade de Lisboa, Campo Grande, Lisboa, Portugal</aff><aff><institution-wrap><institution-id institution-id-type="profile_id">60002769</institution-id></institution-wrap></aff>
	<email>caduarte@fc.ul.pt</email>
	<role>Author</role>
   </contrib>
   <contrib contrib-type="author" id="artseq-00002">
       <contrib-id contrib-id-type="person_id" authenticated="false">P6573044</contrib-id><contrib-id contrib-id-type="profile_id" authenticated="false">81375619238</contrib-id>
       <name name-style="western">
           <surname>Matos</surname>
           <given-names>Inês</given-names>
       </name>
	<aff>LASIGE, Faculdade de Ciências da Universidade de Lisboa, Campo Grande, Lisboa, Portugal</aff><aff><institution-wrap><institution-id institution-id-type="profile_id">60002769</institution-id></institution-wrap></aff>
	<email>itmatos@lasige.di.fc.ul.pt</email>
	<role>Author</role>
   </contrib>
   <contrib contrib-type="author" id="artseq-00003">
       <contrib-id contrib-id-type="person_id" authenticated="false">P6573045</contrib-id><contrib-id contrib-id-type="profile_id" authenticated="false">81100160018</contrib-id>
       <name name-style="western">
           <surname>Carriço</surname>
           <given-names>Luís</given-names>
       </name>
	<aff>LASIGE, Faculdade de Ciências da Universidade de Lisboa, Campo Grande, Lisboa, Portugal</aff><aff><institution-wrap><institution-id institution-id-type="profile_id">60002769</institution-id></institution-wrap></aff>
	<email>lmcarrico@fc.ul.pt</email>
	<role>Author</role>
   </contrib>
</contrib-group>
   <pub-date date-type="publication">
   <day>23</day>
   <month>04</month>
   <year>2018</year>
   </pub-date>
				<fpage>1</fpage>
				<lpage>4</lpage>
		<permissions>
			<copyright-year>2018</copyright-year>
			<copyright-holder>Owner/Author</copyright-holder>
			<license license-type="cc by-nd">
			<license-p>This work is licensed under a Creative Commons Attribution-NoDerivs International 4.0 License.</license-p>
			</license>
		</permissions>
		<self-uri content-type="pdf" xlink:href="3192714.3196828.pdf" />
	<abstract>
		<p>Despite its many advantages, automated web accessibility evaluation's main limitation is still its inability to assess rules and techniques that require a semantic understanding of the web content. Today, machine learning solutions are available that can interpret different media content with a reasonable degree of confidence. These solutions have an untapped potential to increase the accessibility of web pages. This potential extends to the evaluation of web pages also. This paper proposes an algorithm to automatically rate the similarity between a content and its textual description in a web accessibility evaluation context. The validity of the algorithm is demonstrated by comparing its ratings of descriptions of images obtained from their alt texts with human ratings of the same descriptions.</p>
	</abstract>
<kwd-group>
<kwd>Automatic accessibility evaluation</kwd>
<kwd>algorithm</kwd>
<kwd>content comparison</kwd>
<kwd>semantic analysis</kwd>
<kwd>user study</kwd>
</kwd-group>
<funding-group specific-use="FundRef">
	<award-group id="award1">
		<funding-source id="GS1">
			<institution-wrap>
			<institution>European Commission</institution>
			<institution-id institution-id-type="FundRef">http://dx.doi.org/10.13039/100011105</institution-id>
			</institution-wrap>
		</funding-source>
		<award-id rid="GS1">H2020 GA 780057</award-id>
	</award-group>
	<award-group id="award2">
		<funding-source id="GS2">
			<institution-wrap>
			<institution>Fundação para a Ciência e a Tecnologia</institution>
			<institution-id institution-id-type="FundRef">http://dx.doi.org/10.13039/501100001871</institution-id>
			</institution-wrap>
		</funding-source>
		<award-id rid="GS2">UID/CEC/00408/2013</award-id>
	</award-group>
</funding-group>
		</book-part-meta>
		
	<back>
<ref-list specific-use="unparsed">
				<ref id="ref-00001">
				<mixed-citation>Brajnik, G. 2008. A comparative test of web accessibility evaluation methods. In ASSETS'08, Halifax, Nova Scotia, 2008. <pub-id pub-id-type="doi" xlink:href="10.1145/1414471.1414494" assigning-authority="crossref">10.1145/1414471.1414494</pub-id> <pub-id pub-id-type="doi" xlink:href="10.1145/1414471.1414494" /></mixed-citation>
				</ref>
				<ref id="ref-00002">
				<mixed-citation>Fernandes, N., Batista, A.S., Costa, D., Duarte, C. and Carriço, L. 2013. Three web accessibility evaluation perspectives for RIA. In W4A'13, Rio de Janeiro, Brazil, 2013. <pub-id pub-id-type="doi" xlink:href="10.1145/2461121.2461122" assigning-authority="crossref">10.1145/2461121.2461122</pub-id> <pub-id pub-id-type="doi" xlink:href="10.1145/2461121.2461122" /></mixed-citation>
				</ref>
				<ref id="ref-00003">
				<mixed-citation>Han, L., Kashyap, A. L., Finin, T., Mayfield, J., and Weese, J. 2013. UMBC_EBIQUITY-CORE: Semantic Textual Similarity Systems. In *SEM'13, Atlanta, Georgia, 2013.</mixed-citation>
				</ref>
				<ref id="ref-00004">
				<mixed-citation>Karpathy, A. and Fei-Fei, L. 2015. Deep visual-semantic alignments for generating image descriptions. In CVPR'15, Boston, MA, 2015.</mixed-citation>
				</ref>
				<ref id="ref-00005">
				<mixed-citation>Kulkarni, G., Premraj, V., Ordonez, V., Dhar, S., Li, S., Choi, Y., Berg, A.C., and Berg, T.L. 2013. Babytalk: Understanding and generating simple image descriptions. IEEE T. Pattern Anal. 35, 12 (Dec. 2013), 2891--2903. <pub-id pub-id-type="doi" xlink:href="10.1109/TPAMI.2012.162" assigning-authority="crossref">10.1109/TPAMI.2012.162</pub-id> <pub-id pub-id-type="doi" xlink:href="10.1109/TPAMI.2012.162" /></mixed-citation>
				</ref>
				<ref id="ref-00006">
				<mixed-citation>Parmanto, B. and Zeng, X. 2005. Metric for web accessibility evaluation. J. Assoc. Inf. Sci. Tech. 56, 13 (Aug. 2005), 1394--1404. <pub-id pub-id-type="doi" xlink:href="10.1002/asi.20233" assigning-authority="crossref">10.1002/asi.20233</pub-id> <pub-id pub-id-type="doi" xlink:href="10.1002/asi.20233" /></mixed-citation>
				</ref>
				<ref id="ref-00007">
				<mixed-citation>Power, C., Freire, A., Petrie, H., and Swallow, D. 2012. Guidelines are only half of the story: accessibility problems encountered by blind users on the web. In CHI'12, Austin, Texas, 2012. <pub-id pub-id-type="doi" xlink:href="10.1145/2207676.2207736" assigning-authority="crossref">10.1145/2207676.2207736</pub-id> <pub-id pub-id-type="doi" xlink:href="10.1145/2207676.2207736" /></mixed-citation>
				</ref>
				<ref id="ref-00008">
				<mixed-citation>Socher, R., Karpathy, A., Le, Q. V., Manning, C. D., and Ng, A. Y. 2014. Grounded compositional semantics for finding and describing images with sentences. Transactions of the Association for Computational Linguistics 2 (Apr. 2014), 207--218.</mixed-citation>
				</ref>
				<ref id="ref-00009">
				<mixed-citation>Vigo, M., Brown, J., and Conway, V. 2013. Benchmarking web accessibility evaluation tools: measuring the harm of sole reliance on automated tests. In W4A'13, Rio de Janeiro, Brazil, 2013. <pub-id pub-id-type="doi" xlink:href="10.1145/2461121.2461124" assigning-authority="crossref">10.1145/2461121.2461124</pub-id> <pub-id pub-id-type="doi" xlink:href="10.1145/2461121.2461124" /></mixed-citation>
				</ref>
			</ref-list>
</back>
</book-part>
</book-part-wrapper>
