<?xml version="1.0" encoding="UTF-8"?>
<!DOCTYPE book-part-wrapper PUBLIC "-//NLM//DTD BITS Book Interchange DTD with OASIS and XHTML Tables v2.0 20151225//EN" "BITS-book-oasis2.dtd">
<book-part-wrapper xmlns:xlink="http://www.w3.org/1999/xlink" xmlns:mml="http://www.w3.org/1998/Math/MathML" xmlns:oasis="http://www.niso.org/standards/z39-96/ns/oasis-exchange/table" xmlns:xi="http://www.w3.org/2001/XInclude" xmlns:xsi="http://www.w3.org/2001/XMLSchema-instance" dtd-version="2.0" xml:lang="en" content-type="short-paper">
<collection-meta collection-type="book-series">
    <collection-id collection-id-type="doi">10.1145/acmotherconferences</collection-id>
    <title-group>
        <title>ACM Other Conferences</title>
    </title-group>
</collection-meta>
	<book-meta>
		<book-id book-id-type="acm-id">3192714</book-id>
		<book-id book-id-type="doi">10.1145/3192714</book-id>
		<book-title-group>
			<book-title>Proceedings of the 15th International Web for All Conference</book-title>
			<alt-title alt-title-type="acronym">W4A '18</alt-title>
		</book-title-group>
	</book-meta>
	<book-part xmlns:ali="http://www.niso.org/schemas/ali/1.0/" book-part-type="chapter" xml:lang="en">
		<book-part-meta>
			<book-part-id book-part-id-type="acm-id">3192827</book-part-id>
			<book-part-id book-part-id-type="doi">10.1145/3192714.3192827</book-part-id>
			<book-part-id book-part-id-type="article-no">23</book-part-id>
	<subj-group subj-group-type="ccs2012">
		<compound-subject>
			<compound-subject-part content-type="code">10002951.10003260.10003282.10003296</compound-subject-part>
			<compound-subject-part content-type="text">Information systems~World Wide Web~Web applications~Crowdsourcing</compound-subject-part>
			<compound-subject-part content-type="weight">500</compound-subject-part>
		</compound-subject>
		<compound-subject>
			<compound-subject-part content-type="code">10003120.10011738.10011774</compound-subject-part>
			<compound-subject-part content-type="text">Human-centered computing~Accessibility~Accessibility design and evaluation methods</compound-subject-part>
			<compound-subject-part content-type="weight">500</compound-subject-part>
		</compound-subject>
	</subj-group>
	<subj-group subj-group-type="qualifier-density">
		<compound-subject>
			<compound-subject-part content-type="code">research</compound-subject-part>
			<compound-subject-part content-type="text">Research</compound-subject-part>
		</compound-subject>
	</subj-group>
	<subj-group subj-group-type="qualifier-review_process">
		<compound-subject>
			<compound-subject-part content-type="code">refereed_limited</compound-subject-part>
			<compound-subject-part content-type="text">Refereed limited</compound-subject-part>
		</compound-subject>
	</subj-group>
	<subj-group subj-group-type="qualifier-editorial_treatment">
		<compound-subject>
			<compound-subject-part content-type="code">unedited</compound-subject-part>
			<compound-subject-part content-type="text">Un-edited</compound-subject-part>
		</compound-subject>
	</subj-group>
			<title-group>
				<title>Web Accessibility Evaluation in a Crowdsourcing-Based System with Expertise-Based Decision Strategy</title>
			</title-group>
<contrib-group>
   <contrib contrib-type="author" id="artseq-00001">
       <contrib-id contrib-id-type="person_id" authenticated="false">P6573046</contrib-id><contrib-id contrib-id-type="profile_id" authenticated="false">99659181898</contrib-id>
       <name name-style="western">
           <surname>Song</surname>
           <given-names>Shuyi</given-names>
       </name>
	<aff>Zhejiang Provincial Key Laboratory of Service Robot, College of Computer Science, Zhejiang University, Hangzhou, China and Alibaba-Zhejiang University Joint Institute of Frontier Technologies, Hangzhou, China</aff><aff><institution-wrap><institution-id institution-id-type="profile_id">60118080</institution-id></institution-wrap></aff>
	<email>brendasoung@zju.edu.cn</email>
	<role>Author</role>
   </contrib>
   <contrib contrib-type="author" id="artseq-00002">
       <contrib-id contrib-id-type="person_id" authenticated="false">P6573047</contrib-id><contrib-id contrib-id-type="profile_id" authenticated="false">81329487949</contrib-id>
       <name name-style="western">
           <surname>Bu</surname>
           <given-names>Jiajun</given-names>
       </name>
	<aff>Zhejiang Provincial Key Laboratory of Service Robot, College of Computer Science, Zhejiang University, Hangzhou, China and Alibaba-Zhejiang University Joint Institute of Frontier Technologies, Hangzhou, China</aff><aff><institution-wrap><institution-id institution-id-type="profile_id">60118080</institution-id></institution-wrap></aff>
	<email>bjj@zju.edu.cn</email>
	<role>Author</role>
   </contrib>
   <contrib contrib-type="author" id="artseq-00003">
       <contrib-id contrib-id-type="person_id" authenticated="false">P6573048</contrib-id><contrib-id contrib-id-type="profile_id" authenticated="false">99659286289</contrib-id>
       <name name-style="western">
           <surname>Wang</surname>
           <given-names>Ye</given-names>
       </name>
	<aff>Zhejiang Provincial Key Laboratory of Service Robot, College of Computer Science, Zhejiang University, Hangzhou, China and Alibaba-Zhejiang University Joint Institute of Frontier Technologies, Hangzhou, China</aff><aff><institution-wrap><institution-id institution-id-type="profile_id">60118080</institution-id></institution-wrap></aff>
	<email>zjuwangye@zju.edu.cn</email>
	<role>Author</role>
   </contrib>
   <contrib contrib-type="author" id="artseq-00004">
       <contrib-id contrib-id-type="person_id" authenticated="false">P6573049</contrib-id><contrib-id contrib-id-type="profile_id" authenticated="false">99658715918</contrib-id>
       <name name-style="western">
           <surname>Yu</surname>
           <given-names>Zhi</given-names>
       </name>
	<aff>Zhejiang Provincial Key Laboratory of Service Robot, College of Computer Science, Zhejiang University, Hangzhou, China and Alibaba-Zhejiang University Joint Institute of Frontier Technologies, Hangzhou, China</aff><aff><institution-wrap><institution-id institution-id-type="profile_id">60118080</institution-id></institution-wrap></aff>
	<email>yuzhirenzhe@zju.edu.cn</email>
	<role>Author</role>
   </contrib>
   <contrib contrib-type="author" id="artseq-00005">
       <contrib-id contrib-id-type="person_id" authenticated="false">P6573050</contrib-id><contrib-id contrib-id-type="profile_id" authenticated="false">99659285838</contrib-id>
       <name name-style="western">
           <surname>Artmeier</surname>
           <given-names>Andreas</given-names>
       </name>
	<aff>Zhejiang Provincial Key Laboratory of Service Robot, College of Computer Science, Zhejiang University, Hangzhou, China</aff><aff><institution-wrap><institution-id institution-id-type="profile_id">60118080</institution-id></institution-wrap></aff>
	<email>artmeier@zju.edu.cn</email>
	<role>Author</role>
   </contrib>
   <contrib contrib-type="author" id="artseq-00006">
       <contrib-id contrib-id-type="person_id" authenticated="false">P6573051</contrib-id><contrib-id contrib-id-type="profile_id" authenticated="false">99658750190</contrib-id>
       <name name-style="western">
           <surname>Dai</surname>
           <given-names>Lianjun</given-names>
       </name>
	<aff>China Disabled Persons' Federation Information Center, Beijing, China</aff><aff><institution-wrap><institution-id institution-id-type="profile_id">60112650</institution-id></institution-wrap></aff>
	<email>dailianjun@cdpf.org.cn</email>
	<role>Author</role>
   </contrib>
   <contrib contrib-type="author" id="artseq-00007">
       <contrib-id contrib-id-type="person_id" authenticated="false">P6573052</contrib-id><contrib-id contrib-id-type="profile_id" authenticated="false">81350601988</contrib-id>
       <name name-style="western">
           <surname>Wang</surname>
           <given-names>Can</given-names>
       </name>
	<aff>Zhejiang Provincial Key Laboratory of Service Robot, College of Computer Science, Zhejiang University, Hangzhou, China and Alibaba-Zhejiang University Joint Institute of Frontier Technologies, Hangzhou, China</aff><aff><institution-wrap><institution-id institution-id-type="profile_id">60118080</institution-id></institution-wrap></aff>
	<email>wcan@zju.edu.cn</email>
	<role>Author</role>
   </contrib>
</contrib-group>
   <pub-date date-type="publication">
   <day>23</day>
   <month>04</month>
   <year>2018</year>
   </pub-date>
				<fpage>1</fpage>
				<lpage>4</lpage>
		<permissions>
			<copyright-year>2018</copyright-year>
			<copyright-holder>ACM</copyright-holder>
			<license license-type="acmcopyright">
			<license-p>Permission to make digital or hard copies of all or part of this work for personal or classroom use is granted without fee provided that copies are not made or distributed for profit or commercial advantage and that copies bear this notice and the full citation on the first page. Copyrights for components of this work owned by others than ACM must be honored. Abstracting with credit is permitted. To copy otherwise, or republish, to post on servers or to redistribute to lists, requires prior specific permission and/or a fee. Request permissions from Permissions@acm.org</license-p>
			</license>
		</permissions>
		<self-uri content-type="pdf" xlink:href="3192714.3192827.pdf" />
	<abstract>
		<p>The rising awareness of accessibility increases the demand for Web accessibility evaluation projects to verify the implementation of Web accessibility guidelines and identify accessibility barriers in websites. However, the complexity of accessibility evaluation tasks and the lack of experts limits their scope and reduces their significance. Due to this complexity, they could not directly rely on a technique called crowdsourcing, which made great contributions in many fields by dividing a problem into many tedious micro-tasks and solving tasks in parallel. Addressing this issue, we develop a new crowdsourcing-based Web accessibility evaluation system with two novel decision strategies, golden set strategy and time-based golden set strategy. These strategies enable the generation of task results with high accuracy synthesized from micro-tasks solved by workers with heterogeneous expertise. An accessibility evaluation of 98 websites by 55 workers with varying experience verifies that our system can complete the evaluation in half the time with a 7.2% improvement on accuracy than the current approach.</p>
	</abstract>
<kwd-group>
<kwd>Crowdsourcing</kwd>
<kwd>Evaluation System</kwd>
<kwd>Expertise</kwd>
<kwd>Web Accessibility</kwd>
</kwd-group>
<funding-group specific-use="FundRef">
	<award-group id="award1">
		<funding-source id="GS1">
			<institution-wrap>
			<institution>Zhejiang Provincial Natural Science Foundation of China</institution>
			</institution-wrap>
		</funding-source>
		<award-id rid="GS1">LZ13F020001</award-id>
	</award-group>
	<award-group id="award2">
		<funding-source id="GS2">
			<institution-wrap>
			<institution>the National Key Technology R&amp;D Program of China</institution>
			</institution-wrap>
		</funding-source>
		<award-id rid="GS2">2012BAI34B01, 2014BAK15B02</award-id>
	</award-group>
	<award-group id="award3">
		<funding-source id="GS3">
			<institution-wrap>
			<institution>the National Natural Science Foundation of China</institution>
			</institution-wrap>
		</funding-source>
		<award-id rid="GS3">61173185, 61173186</award-id>
	</award-group>
</funding-group>
		</book-part-meta>
		
	<back>
<ref-list specific-use="unparsed">
				<ref id="ref-00001">
				<mixed-citation>Brajnik, G., Yesilada, Y., and Harper, S. 2011. The expertise effect on web accessibility evaluation methods. Human--Computer Interaction, 26(3), pp. 246--283.</mixed-citation>
				</ref>
				<ref id="ref-00002">
				<mixed-citation>Howe, J. 2006. The rise of crowdsourcing. Wired magazine, 14(6), pp. 1--4.</mixed-citation>
				</ref>
				<ref id="ref-00003">
				<mixed-citation>Kuncheva, L. I., Whitaker, C. J., Shipp, C. A., and Duin, R. P. 2003. Limits on the majority vote accuracy in classifier fusion. Pattern Analysis &amp; Applications, 6(1), pp. 22--31.</mixed-citation>
				</ref>
				<ref id="ref-00004">
				<mixed-citation>Li, L., Wang, C., Song, S., Yu, Z., Zhou, F., and Bu, J. 2017. A task assignment strategy for crowdsourcing-based web accessibility evaluation system. In Proceedings of the 14th Web for All Conference on The Future of Accessible Work. <pub-id pub-id-type="doi" xlink:href="10.1145/3058555.3058573" assigning-authority="crossref">10.1145/3058555.3058573</pub-id> <pub-id pub-id-type="doi" xlink:href="10.1145/3058555.3058573" /></mixed-citation>
				</ref>
				<ref id="ref-00005">
				<mixed-citation>Lopes, R., Gomes, D., and Carriço, L. 2010. Web not for all: a large scale study of web accessibility. In Proceedings of the 2010 International Cross Disciplinary Conference on Web Accessibility (W4A), p. 10. ACM. <pub-id pub-id-type="doi" xlink:href="10.1145/1805986.1806001" assigning-authority="crossref">10.1145/1805986.1806001</pub-id> <pub-id pub-id-type="doi" xlink:href="10.1145/1805986.1806001" /></mixed-citation>
				</ref>
				<ref id="ref-00006">
				<mixed-citation>Novotney, S., and Callison-Burch, C. 2010. Shared task: crowdsourced accessibility elicitation of Wikipedia articles. In Proceedings of the NAACL HLT 2010 workshop on creating speech and language data with Amazon's Mechanical Turk, pp. 41--44. <pub-id pub-id-type="doi" xlink:href="10.5555/1866696.1866702" /></mixed-citation>
				</ref>
				<ref id="ref-00007">
				<mixed-citation>Shawn, L. H., and Abou-Zahra, S. first published in 2005. WCAG-EM Overview: Website Accessibility Conformance Evaluation Methodology. Web Accessibility Initiative. http://www.w3.org/WAI/eval/conformance.html.</mixed-citation>
				</ref>
				<ref id="ref-00008">
				<mixed-citation>Slatin, J. M., Rush, S. 2002, Maximum accessibility: making your web site more usable for everyone. Addison-Wesley Longman Publishing Co., Inc. <pub-id pub-id-type="doi" xlink:href="10.5555/560695" /></mixed-citation>
				</ref>
				<ref id="ref-00009">
				<mixed-citation>Song, S., Wang, C., Li, L., Yu, Z., Lin, X., Bu, J. 2017. WAEM: A Web Accessibility Evaluation Metric Based on Partial User Experience Order. In Proceedings of the 14th Web for All Conference on The Future of Accessible Work. <pub-id pub-id-type="doi" xlink:href="10.1145/3058555.3058576" assigning-authority="crossref">10.1145/3058555.3058576</pub-id> <pub-id pub-id-type="doi" xlink:href="10.1145/3058555.3058576" /></mixed-citation>
				</ref>
				<ref id="ref-00010">
				<mixed-citation>Takagi, H., Kawanaka, S., Kobayashi, M., Itoh, T., Asakawa, C. 2008. Social accessibility: achieving accessibility through collaborative metadata authoring. In Proceedings of the 10th international ACM SIGACCESS conference on Computers and accessibility.pp, 193--200. ACM. <pub-id pub-id-type="doi" xlink:href="10.1145/1414471.1414507" assigning-authority="crossref">10.1145/1414471.1414507</pub-id> <pub-id pub-id-type="doi" xlink:href="10.1145/1414471.1414507" /></mixed-citation>
				</ref>
				<ref id="ref-00011">
				<mixed-citation>Tang, W., Lease, M. 2011. Semi-supervised consensus labeling for crowdsourcing. In SIGIR 2011 workshop on crowdsourcing for information retrieval (CIR), pp. 1--6.</mixed-citation>
				</ref>
				<ref id="ref-00012">
				<mixed-citation>World Wide Web Consortium. 1999. Web Content Accessibility Guidelines, W3C Recommendation. https://www.w3.org/TR/WAI-WEBCONTENT/.</mixed-citation>
				</ref>
				<ref id="ref-00013">
				<mixed-citation>World Health Organization. 2016. Disability and health, http://www.who.int/mediacentre/factsheets/fs352/en/</mixed-citation>
				</ref>
				<ref id="ref-00014">
				<mixed-citation>Zhang, M., Wang, C., Bu, J., Yu, Z., Lu, Y., Zhang, R., and Chen, C. 2015. An optimal sampling method for web accessibility quantitative metric. In proceedings of the 12th Web for All Conference, W4A, Italy, ACM, pp. 1--4. <pub-id pub-id-type="doi" xlink:href="10.1145/2745555.2746663" assigning-authority="crossref">10.1145/2745555.2746663</pub-id> <pub-id pub-id-type="doi" xlink:href="10.1145/2745555.2746663" /></mixed-citation>
				</ref>
			</ref-list>
</back>
</book-part>
</book-part-wrapper>
