<?xml version="1.0" encoding="UTF-8"?>
<!DOCTYPE book-part-wrapper PUBLIC "-//NLM//DTD BITS Book Interchange DTD with OASIS and XHTML Tables v2.0 20151225//EN" "BITS-book-oasis2.dtd">
<book-part-wrapper xmlns:xlink="http://www.w3.org/1999/xlink" xmlns:mml="http://www.w3.org/1998/Math/MathML" xmlns:oasis="http://www.niso.org/standards/z39-96/ns/oasis-exchange/table" xmlns:xi="http://www.w3.org/2001/XInclude" xmlns:xsi="http://www.w3.org/2001/XMLSchema-instance" dtd-version="2.0" xml:lang="en" content-type="extended-abstract">
<collection-meta collection-type="book-series">
    <collection-id collection-id-type="doi">10.1145/acmotherconferences</collection-id>
    <title-group>
        <title>ACM Other Conferences</title>
    </title-group>
</collection-meta>
	<book-meta>
		<book-id book-id-type="acm-id">3192714</book-id>
		<book-id book-id-type="doi">10.1145/3192714</book-id>
		<book-title-group>
			<book-title>Proceedings of the 15th International Web for All Conference</book-title>
			<alt-title alt-title-type="acronym">W4A '18</alt-title>
		</book-title-group>
	</book-meta>
	<book-part xmlns:ali="http://www.niso.org/schemas/ali/1.0/" book-part-type="chapter" xml:lang="en">
		<book-part-meta>
			<book-part-id book-part-id-type="acm-id">3196316</book-part-id>
			<book-part-id book-part-id-type="doi">10.1145/3192714.3196316</book-part-id>
			<book-part-id book-part-id-type="article-no">26</book-part-id>
	<subj-group subj-group-type="ccs2012">
		<compound-subject>
			<compound-subject-part content-type="code">10003120.10011738.10011776</compound-subject-part>
			<compound-subject-part content-type="text">Human-centered computing~Accessibility~Accessibility systems and tools</compound-subject-part>
			<compound-subject-part content-type="weight">500</compound-subject-part>
		</compound-subject>
		<compound-subject>
			<compound-subject-part content-type="code">10002951.10003317.10003318.10011147</compound-subject-part>
			<compound-subject-part content-type="text">Information systems~Information retrieval~Document representation~Ontologies</compound-subject-part>
			<compound-subject-part content-type="weight">500</compound-subject-part>
		</compound-subject>
	</subj-group>
	<subj-group subj-group-type="qualifier-density">
		<compound-subject>
			<compound-subject-part content-type="code">research</compound-subject-part>
			<compound-subject-part content-type="text">Research</compound-subject-part>
		</compound-subject>
	</subj-group>
	<subj-group subj-group-type="qualifier-review_process">
		<compound-subject>
			<compound-subject-part content-type="code">refereed_limited</compound-subject-part>
			<compound-subject-part content-type="text">Refereed limited</compound-subject-part>
		</compound-subject>
	</subj-group>
	<subj-group subj-group-type="qualifier-editorial_treatment">
		<compound-subject>
			<compound-subject-part content-type="code">unedited</compound-subject-part>
			<compound-subject-part content-type="text">Un-edited</compound-subject-part>
		</compound-subject>
	</subj-group>
			<title-group>
				<title>Using Ontologies as a Foundation for Web Accessibility Tools</title>
			</title-group>
<contrib-group>
   <contrib contrib-type="author" id="artseq-00001">
       <contrib-id contrib-id-type="person_id" authenticated="false">P6573060</contrib-id><contrib-id contrib-id-type="profile_id" authenticated="false">99659285568</contrib-id>
       <name name-style="western">
           <surname>Pelzetter</surname>
           <given-names>Jens</given-names>
       </name>
	<aff>Universität Bremen, Bremen</aff><aff><institution-wrap><institution-id institution-id-type="profile_id">60008293</institution-id></institution-wrap></aff>
	<email>jens.pelzetter@uni-bremen.de</email>
	<role>Author</role>
   </contrib>
</contrib-group>
   <pub-date date-type="publication">
   <day>23</day>
   <month>04</month>
   <year>2018</year>
   </pub-date>
				<fpage>1</fpage>
				<lpage>2</lpage>
		<permissions>
			<copyright-year>2018</copyright-year>
			<copyright-holder>Owner/Author</copyright-holder>
			<license license-type="rightsretained">
			<license-p>Permission to make digital or hard copies of part or all of this work for personal or classroom use is granted without fee provided that copies are not made or distributed for profit or commercial advantage and that copies bear this notice and the full citation on the first page. Copyrights for third-party components of this work must be honored. For all other uses, contact the Owner/Author.</license-p>
			</license>
		</permissions>
		<self-uri content-type="pdf" xlink:href="3192714.3196316.pdf" />
	<abstract>
		<p>Creating web sites has become quite a complex task. One of most important aspects of a modern web site is accessibility. However, despite extensive standards many web sites have accessibility issues. This paper presents a new approach for creating tools to improve the accessibility of web sites using ontologies.</p>
	</abstract>
<kwd-group>
<kwd>Accessibility Web Ontologies</kwd>
</kwd-group>
		<custom-meta-group>
		    <custom-meta>
		        <meta-name>rightslink</meta-name>
		        <meta-value>excluded</meta-value>
		    </custom-meta>
		</custom-meta-group>
		</book-part-meta>
		
	<back>
<ref-list specific-use="unparsed">
				<ref id="ref-00001">
				<mixed-citation>F. Alonso, J. L. Fuertes, Á. L. González, and L. Martínez. On the testability of WCAG 2.0 for beginners. In Proceedings of the 2010 International Cross Disciplinary Conference on Web Accessibility (W4A), page 9. ACM, 2010. <pub-id pub-id-type="doi" xlink:href="10.1145/1805986.1806000" assigning-authority="crossref">10.1145/1805986.1806000</pub-id> <pub-id pub-id-type="doi" xlink:href="10.1145/1805986.1806000" /></mixed-citation>
				</ref>
				<ref id="ref-00002">
				<mixed-citation>G. Brajnik, Y. Yesilada, and S. Harper. Testability and validity of WCAG 2.0: the expertise effect. In Proceedings of the 12th international ACM SIGACCESS conference on Computers and accessibility, pages 43--50. ACM, 2010. <pub-id pub-id-type="doi" xlink:href="10.1145/1878803.1878813" assigning-authority="crossref">10.1145/1878803.1878813</pub-id> <pub-id pub-id-type="doi" xlink:href="10.1145/1878803.1878813" /></mixed-citation>
				</ref>
				<ref id="ref-00003">
				<mixed-citation>B. Caldwell, M. Cooper, L. G. Reid, and G. Vanderheiden. Web Content Accessibility Guidelines (WCAG) 2.0, 12 2008.</mixed-citation>
				</ref>
				<ref id="ref-00004">
				<mixed-citation>M. Cooper, A. Kirkpatrick, and J. O. Connor. Techniques for WCAG 2.0, 2016.</mixed-citation>
				</ref>
				<ref id="ref-00005">
				<mixed-citation>J. Diggs, J. Diggs, M. Cooper, R. Schwerdtfeger, and J. Craig. Accessible Rich Internet Applications (WAI-ARIA) 1.1. Technical report, W3C, 2017.</mixed-citation>
				</ref>
				<ref id="ref-00006">
				<mixed-citation>R. Fayzrakhmanov, M. Göbel, W. Holzinger, B. Krüpl, and R. Baumgartner. A unified ontology-based web page model for improving accessibility. In In Proc. of the 19th international conference on World Wide Web (WWW'2010, pages 1087--1088. ACM, 2010. <pub-id pub-id-type="doi" xlink:href="10.1145/1772690.1772817" assigning-authority="crossref">10.1145/1772690.1772817</pub-id> <pub-id pub-id-type="doi" xlink:href="10.1145/1772690.1772817" /></mixed-citation>
				</ref>
				<ref id="ref-00007">
				<mixed-citation>A. Garrido, S. Firmenich, G. Rossi, and J. Grigera. Personalized web accessibility using client-side refactoring. IEEE Internet Computing, 17(4):58--66, July 2013. <pub-id pub-id-type="doi" xlink:href="10.1109/MIC.2012.143" assigning-authority="crossref">10.1109/MIC.2012.143</pub-id> <pub-id pub-id-type="doi" xlink:href="10.1109/MIC.2012.143" /></mixed-citation>
				</ref>
				<ref id="ref-00008">
				<mixed-citation>J. Pelzetter. A knowledge-based framework for improving accessibility of web sites. In E. Blomqvist, D. Maynard, A. Gangemi, R. Hoekstra, P. Hitzler, and O. Hartig, editors, The Semantic Web, pages 226--235, Cham, 2017. Springer International Publishing.</mixed-citation>
				</ref>
				<ref id="ref-00009">
				<mixed-citation>C. Ponsard, P. Beaujeant, and J. Vanderdonckt. Augmenting accessibility guidelines with user ability rationales. In P. Kotzé, G. Marsden, G. Lindgaard, J. Wesson, and M. Winckler, editors, Human-Computer Interaction -- INTERACT 2013, pages 579--586, Berlin, Heidelberg, 2013. Springer Berlin Heidelberg.</mixed-citation>
				</ref>
				<ref id="ref-00010">
				<mixed-citation>M. Rink and B. Krieg-Brückner. Wissensbasierte Konfiguration von Mobilitäts-Assistenten. In VDE e.V., editor, Zukunft Lebensräume Kongress 2016 (ZL 2016), pages 201--206. VDE Verlag, Apr. 2016.</mixed-citation>
				</ref>
				<ref id="ref-00011">
				<mixed-citation>Verordnung zur Schaffung barrierefreier Informationstechnik nach dem Behindertengleichstellungsgesetz (Barrierefreie Informationstechnik-Verordnung - BITV), 2002.</mixed-citation>
				</ref>
				<ref id="ref-00012">
				<mixed-citation>K. Votis, R. Lopes, D. Tzovaras, L. Carriço, and S. Likothanassis. A semantic accessibility assessment environment for design and development for the web. In C. Stephanidis, editor, Universal Access in Human-Computer Interaction. Applications and Services, pages 803--813, Berlin, Heidelberg, 2009. Springer Berlin Heidelberg. <pub-id pub-id-type="doi" xlink:href="10.1007/978-3-642-02713-0_86" assigning-authority="crossref">10.1007/978-3-642-02713-0_86</pub-id> <pub-id pub-id-type="doi" xlink:href="10.1007/978-3-642-02713-0_86" /></mixed-citation>
				</ref>
			</ref-list>
</back>
</book-part>
</book-part-wrapper>
