<?xml version="1.0" encoding="UTF-8"?>
<!DOCTYPE book-part-wrapper PUBLIC "-//NLM//DTD BITS Book Interchange DTD with OASIS and XHTML Tables v2.0 20151225//EN" "BITS-book-oasis2.dtd">
<book-part-wrapper xmlns:xlink="http://www.w3.org/1999/xlink" xmlns:mml="http://www.w3.org/1998/Math/MathML" xmlns:oasis="http://www.niso.org/standards/z39-96/ns/oasis-exchange/table" xmlns:xi="http://www.w3.org/2001/XInclude" xmlns:xsi="http://www.w3.org/2001/XMLSchema-instance" dtd-version="2.0" xml:lang="en" content-type="demonstration">
<collection-meta collection-type="book-series">
    <collection-id collection-id-type="doi">10.1145/acmotherconferences</collection-id>
    <title-group>
        <title>ACM Other Conferences</title>
    </title-group>
</collection-meta>
	<book-meta>
		<book-id book-id-type="acm-id">3192714</book-id>
		<book-id book-id-type="doi">10.1145/3192714</book-id>
		<book-title-group>
			<book-title>Proceedings of the 15th International Web for All Conference</book-title>
			<alt-title alt-title-type="acronym">W4A '18</alt-title>
		</book-title-group>
	</book-meta>
	<book-part xmlns:ali="http://www.niso.org/schemas/ali/1.0/" book-part-type="chapter" xml:lang="en">
		<book-part-meta>
			<book-part-id book-part-id-type="acm-id">3192824</book-part-id>
			<book-part-id book-part-id-type="doi">10.1145/3192714.3192824</book-part-id>
			<book-part-id book-part-id-type="article-no">28</book-part-id>
	<subj-group subj-group-type="ccs2012">
		<compound-subject>
			<compound-subject-part content-type="code">10003120.10011738</compound-subject-part>
			<compound-subject-part content-type="text">Human-centered computing~Accessibility</compound-subject-part>
			<compound-subject-part content-type="weight">500</compound-subject-part>
		</compound-subject>
		<compound-subject>
			<compound-subject-part content-type="code">10010147.10010178.10010224</compound-subject-part>
			<compound-subject-part content-type="text">Computing methodologies~Artificial intelligence~Computer vision</compound-subject-part>
			<compound-subject-part content-type="weight">500</compound-subject-part>
		</compound-subject>
		<compound-subject>
			<compound-subject-part content-type="code">10010147.10010371</compound-subject-part>
			<compound-subject-part content-type="text">Computing methodologies~Computer graphics</compound-subject-part>
			<compound-subject-part content-type="weight">500</compound-subject-part>
		</compound-subject>
		<compound-subject>
			<compound-subject-part content-type="code">10010147.10010257</compound-subject-part>
			<compound-subject-part content-type="text">Computing methodologies~Machine learning</compound-subject-part>
			<compound-subject-part content-type="weight">500</compound-subject-part>
		</compound-subject>
	</subj-group>
	<subj-group subj-group-type="qualifier-density">
		<compound-subject>
			<compound-subject-part content-type="code">research</compound-subject-part>
			<compound-subject-part content-type="text">Research</compound-subject-part>
		</compound-subject>
	</subj-group>
	<subj-group subj-group-type="qualifier-review_process">
		<compound-subject>
			<compound-subject-part content-type="code">refereed_limited</compound-subject-part>
			<compound-subject-part content-type="text">Refereed limited</compound-subject-part>
		</compound-subject>
	</subj-group>
	<subj-group subj-group-type="qualifier-editorial_treatment">
		<compound-subject>
			<compound-subject-part content-type="code">unedited</compound-subject-part>
			<compound-subject-part content-type="text">Un-edited</compound-subject-part>
		</compound-subject>
	</subj-group>
			<title-group>
				<title>Multi-view Mouth Renderization for Assisting Lip-reading</title>
			</title-group>
<contrib-group>
   <contrib contrib-type="author" id="artseq-00001">
       <contrib-id contrib-id-type="person_id" authenticated="false">P6573065</contrib-id><contrib-id contrib-id-type="profile_id" authenticated="false">81479651396</contrib-id>
       <name name-style="western">
           <surname>Mattos</surname>
           <given-names>Andrea Britto</given-names>
       </name>
	<aff>IBM Research, São Paulo - Brazil</aff><aff><institution-wrap><institution-id institution-id-type="profile_id">60011048</institution-id></institution-wrap></aff>
	<email>abritto@br.ibm.com</email>
	<role>Author</role>
   </contrib>
   <contrib contrib-type="author" id="artseq-00002">
       <contrib-id contrib-id-type="person_id" authenticated="false">P6573066</contrib-id><contrib-id contrib-id-type="profile_id" authenticated="false">99659519993</contrib-id>
       <name name-style="western">
           <surname>Oliveira</surname>
           <given-names>Dario Augusto Borges</given-names>
       </name>
	<aff>IBM Research, São Paulo - Brazil</aff><aff><institution-wrap><institution-id institution-id-type="profile_id">60011048</institution-id></institution-wrap></aff>
	<email>dariobo@br.ibm.com</email>
	<role>Author</role>
   </contrib>
</contrib-group>
   <pub-date date-type="publication">
   <day>23</day>
   <month>04</month>
   <year>2018</year>
   </pub-date>
				<fpage>1</fpage>
				<lpage>10</lpage>
		<permissions>
			<copyright-year>2018</copyright-year>
			<copyright-holder>ACM</copyright-holder>
			<license license-type="acmcopyright">
			<license-p>Permission to make digital or hard copies of all or part of this work for personal or classroom use is granted without fee provided that copies are not made or distributed for profit or commercial advantage and that copies bear this notice and the full citation on the first page. Copyrights for components of this work owned by others than ACM must be honored. Abstracting with credit is permitted. To copy otherwise, or republish, to post on servers or to redistribute to lists, requires prior specific permission and/or a fee. Request permissions from Permissions@acm.org</license-p>
			</license>
		</permissions>
		<self-uri content-type="pdf" xlink:href="3192714.3192824.pdf" />
	<abstract>
		<p>Previous work demonstrated that people who rely on lip-reading often prefer a frontal view of their interlocutor, but sometimes a profile view may display certain lip gestures more noticeably. This work refers to an assistive tool that receives an unconstrained video of a speaker, captured at an arbitrary view, and not only locates the mouth region but also displays augmented versions of the lips in the frontal and profile views. This is made using deep Generative Adversarial Networks (GANs) trained on several pairs of images. In the training set, each pair contains a mouth picture taken at a random angle and the corresponding picture (i.e., relative to the same mouth shape, person, and lighting condition) taken at a fixed view. In the test phase, the networks are able to receive an unseen mouth image taken at an arbitrary angle and map it to the fixed views -- frontal and profile. Because building a large-scale pairwise dataset is time consuming, we use realistic synthetic 3D models for training, and videos of real subjects as input for testing. Our approach is speaker-independent, language-independent, and our results demonstrate that the GAN can produce visually compelling results that may assist people with hearing impairment.</p>
	</abstract>
<kwd-group>
<kwd>Deep Learning</kwd>
<kwd>Generative Adversarial Networks</kwd>
<kwd>Hearing impairment</kwd>
<kwd>Lip-reading</kwd>
<kwd>Synthetic datasets</kwd>
</kwd-group>
		</book-part-meta>
		
	<back>
<ref-list specific-use="unparsed">
				<ref id="ref-00001">
				<mixed-citation>Amazon Polly. Phoneme/viseme tables for supported languages. https://docs.aws.amazon.com/polly/latest/dg/refphoneme-tables-shell.html. Accessed: 2018-02.</mixed-citation>
				</ref>
				<ref id="ref-00002">
				<mixed-citation>Y. M. Assael, B. Shillingford, S. Whiteson, and N. de Freitas. Lipnet: Sentence-level lipreading. CoRR, abs/1611.01599, 2016.</mixed-citation>
				</ref>
				<ref id="ref-00003">
				<mixed-citation>J. Bai, D. Liu, G. Su, and Z. Fu. A cloud and vision-based navigation system used for blind people. In Proceedings of the 2017 International Conference on Artificial Intelligence, Automation and Control Technologies, AIACT '17, pages 22:1--22:6, New York, NY, USA, 2017. ACM. <pub-id pub-id-type="doi" xlink:href="10.1145/3080845.3080867" assigning-authority="crossref">10.1145/3080845.3080867</pub-id> <pub-id pub-id-type="doi" xlink:href="10.1145/3080845.3080867" /></mixed-citation>
				</ref>
				<ref id="ref-00004">
				<mixed-citation>R. Bentler, H. Mueller, and T. Ricketts. Modern Hearing Aids: Verification, Outcome Measures, and Follow-up. Plural Publishing, Incorporated, 2015.</mixed-citation>
				</ref>
				<ref id="ref-00005">
				<mixed-citation>L. Berke, C. Caulfield, and M. Huenerfauth. Deaf and hard-of-hearing perspectives on imperfect automatic speech recognition for captioning one-on-one meetings. In Proceedings of the 19th International ACM SIGACCESS Conference on Computers and Accessibility, ASSETS '17, pages 155--164, New York, NY, USA, 2017. ACM. <pub-id pub-id-type="doi" xlink:href="10.1145/3132525.3132541" assigning-authority="crossref">10.1145/3132525.3132541</pub-id> <pub-id pub-id-type="doi" xlink:href="10.1145/3132525.3132541" /></mixed-citation>
				</ref>
				<ref id="ref-00006">
				<mixed-citation>M. Boulares and M. Jemni. Mobile sign language translation system for deaf community. In Proceedings of the International Cross-Disciplinary Conference on Web Accessibility, W4A '12, pages 37:1--37:4, New York, NY, USA, 2012. ACM. <pub-id pub-id-type="doi" xlink:href="10.1145/2207016.2207049" assigning-authority="crossref">10.1145/2207016.2207049</pub-id> <pub-id pub-id-type="doi" xlink:href="10.1145/2207016.2207049" /></mixed-citation>
				</ref>
				<ref id="ref-00007">
				<mixed-citation>V. P. Campos, L. M. G. Goncalves, and T. M. U. de Araujo. Applying audio description for context understanding of surveillance videos by people with visual impairments. In 2017 14th IEEE International Conference on Advanced Video and Signal Based Surveillance (AVSS), pages 1--5, Aug 2017.</mixed-citation>
				</ref>
				<ref id="ref-00008">
				<mixed-citation>J. S. Chung, A. Senior, O. Vinyals, and A. Zisserman. Lip reading sentences in the wild. In IEEE Conference on Computer Vision and Pattern Recognition, 2017.</mixed-citation>
				</ref>
				<ref id="ref-00009">
				<mixed-citation>J. S. Chung and A. Zisserman. Lip reading in profile. In British Machine Vision Conference, 2017.</mixed-citation>
				</ref>
				<ref id="ref-00010">
				<mixed-citation>Deaf Children Australia. Information sheets -- communication methods. https://deafchildrenaustralia.org.au/information-sheets-communication-methods. Accessed: 2018-02.</mixed-citation>
				</ref>
				<ref id="ref-00011">
				<mixed-citation>B. Encelle, M. O. Beldame, and Y. Prié. Towards the usage of pauses in audio-described videos. In Proceedings of the 10th International Cross-Disciplinary Conference on Web Accessibility, W4A '13, pages 31:1--31:4, New York, NY, USA, 2013. ACM. <pub-id pub-id-type="doi" xlink:href="10.1145/2461121.2461130" assigning-authority="crossref">10.1145/2461121.2461130</pub-id> <pub-id pub-id-type="doi" xlink:href="10.1145/2461121.2461130" /></mixed-citation>
				</ref>
				<ref id="ref-00012">
				<mixed-citation>M. Federico and M. Furini. Enhancing learning accessibility through fully automatic captioning. In Proceedings of the International Cross-Disciplinary Conference on Web Accessibility, W4A '12, pages 40:1--40:4, New York, NY, USA, 2012. ACM. <pub-id pub-id-type="doi" xlink:href="10.1145/2207016.2207053" assigning-authority="crossref">10.1145/2207016.2207053</pub-id> <pub-id pub-id-type="doi" xlink:href="10.1145/2207016.2207053" /></mixed-citation>
				</ref>
				<ref id="ref-00013">
				<mixed-citation>A. Fernandez-Lopez, O. Martínez, and F. M. Sukno. Towards estimating the upper bound of visual-speech recognition: The visual lip-reading feasibility database. In 12th IEEE International Conference on Automatic Face &amp; Gesture Recognition, FG 2017, Washington, DC, USA, May 30 - June 3, 2017, pages 208--215, 2017.</mixed-citation>
				</ref>
				<ref id="ref-00014">
				<mixed-citation>Y. Gaur. The effects of automatic speech recognition quality on human transcription latency. In Proceedings of the 17th International ACM SIGACCESS Conference on Computers &amp; Accessibility, ASSETS '15, pages 367--368, New York, NY, USA, 2015. ACM. <pub-id pub-id-type="doi" xlink:href="10.1145/2700648.2811331" assigning-authority="crossref">10.1145/2700648.2811331</pub-id> <pub-id pub-id-type="doi" xlink:href="10.1145/2700648.2811331" /></mixed-citation>
				</ref>
				<ref id="ref-00015">
				<mixed-citation>G. Gooday and K. Sayer. Managing the Experience of Hearing Loss in Britain, 1830--1930. Palgrave Macmillan, London, UK, November 2017.</mixed-citation>
				</ref>
				<ref id="ref-00016">
				<mixed-citation>I. Goodfellow, J. Pouget-Abadie, M. Mirza, B. Xu, D. Warde-Farley, S. Ozair, A. Courville, and Y. Bengio. Generative adversarial nets. In Z. Ghahramani, M. Welling, C. Cortes, N. D. Lawrence, and K. Q. Weinberger, editors, Advances in Neural Information Processing Systems 27, pages 2672--2680. Curran Associates, Inc., 2014. <pub-id pub-id-type="doi" xlink:href="10.5555/2969033.2969125" /></mixed-citation>
				</ref>
				<ref id="ref-00017">
				<mixed-citation>B. M. Gorman. Reducing viseme confusion in speech-reading. SIGACCESS Access. Comput., pages 36--43, Mar. 2016. <pub-id pub-id-type="doi" xlink:href="10.1145/2904092.2904100" assigning-authority="crossref">10.1145/2904092.2904100</pub-id> <pub-id pub-id-type="doi" xlink:href="10.1145/2904092.2904100" /></mixed-citation>
				</ref>
				<ref id="ref-00018">
				<mixed-citation>B. M. Gorman and D. R. Flatla. A framework for speechreading acquisition tools. In Proceedings of the 2017 CHI Conference on Human Factors in Computing Systems, CHI '17, pages 519--530, New York, NY, USA, 2017. ACM. <pub-id pub-id-type="doi" xlink:href="10.1145/3025453.3025560" assigning-authority="crossref">10.1145/3025453.3025560</pub-id> <pub-id pub-id-type="doi" xlink:href="10.1145/3025453.3025560" /></mixed-citation>
				</ref>
				<ref id="ref-00019">
				<mixed-citation>H. Han and A. K. Jain. Age, gender and race estimation from unconstrained face images. Dept. Comput. Sci. Eng., Michigan State Univ., East Lansing, MI, USA, MSU Tech. Rep.(MSU-CSE-14-5), 2014.</mixed-citation>
				</ref>
				<ref id="ref-00020">
				<mixed-citation>C. Hesse. Affine layer post about Pix2Pix. http://affinelayer.com/pix2pix/. Accessed: 2018-02.</mixed-citation>
				</ref>
				<ref id="ref-00021">
				<mixed-citation>R. Hong, M. Wang, X.-T. Yuan, M. Xu, J. Jiang, S. Yan, and T.-S. Chua. Video accessibility enhancement for hearing-impaired users. ACM Trans. Multimedia Comput. Commun. Appl., 7S(1):24:1--24:19, Nov. 2011. <pub-id pub-id-type="doi" xlink:href="10.1145/2037676.2037681" assigning-authority="crossref">10.1145/2037676.2037681</pub-id> <pub-id pub-id-type="doi" xlink:href="10.1145/2037676.2037681" /></mixed-citation>
				</ref>
				<ref id="ref-00022">
				<mixed-citation>C. J. Hughes, M. Armstrong, R. Jones, and M. Crabb. Responsive design for personalised subtitles. In Proceedings of the 12th Web for All Conference, W4A '15, pages 8:1--8:4, New York, NY, USA, 2015. ACM. <pub-id pub-id-type="doi" xlink:href="10.1145/2745555.2746650" assigning-authority="crossref">10.1145/2745555.2746650</pub-id> <pub-id pub-id-type="doi" xlink:href="10.1145/2745555.2746650" /></mixed-citation>
				</ref>
				<ref id="ref-00023">
				<mixed-citation>P. Isola, J.-Y. Zhu, T. Zhou, and A. A. Efros. Image-to-image translation with conditional adversarial networks. arxiv, 2016.</mixed-citation>
				</ref>
				<ref id="ref-00024">
				<mixed-citation>K. Jaballah. Accessible 3d signing avatars: The tunisian experience. In Proceedings of the International Cross-Disciplinary Conference on Web Accessibility, W4A '12, pages 24:1--24:2, New York, NY, USA, 2012. ACM. <pub-id pub-id-type="doi" xlink:href="10.1145/2207016.2207033" assigning-authority="crossref">10.1145/2207016.2207033</pub-id> <pub-id pub-id-type="doi" xlink:href="10.1145/2207016.2207033" /></mixed-citation>
				</ref>
				<ref id="ref-00025">
				<mixed-citation>H. Kacorri, K. Shinkawa, and S. Saito. Introducing game elements in crowdsourced video captioning by non-experts. In Proceedings of the 11th Web for All Conference, W4A '14, pages 29:1--29:4, New York, NY, USA, 2014. ACM. <pub-id pub-id-type="doi" xlink:href="10.1145/2596695.2596713" assigning-authority="crossref">10.1145/2596695.2596713</pub-id> <pub-id pub-id-type="doi" xlink:href="10.1145/2596695.2596713" /></mixed-citation>
				</ref>
				<ref id="ref-00026">
				<mixed-citation>S. Kafle and M. Huenerfauth. Evaluating the usability of automatically generated captions for people who are deaf or hard of hearing. In Proceedings of the 19th International ACM SIGACCESS Conference on Computers and Accessibility, ASSETS '17, pages 165--174, New York, NY, USA, 2017. ACM. <pub-id pub-id-type="doi" xlink:href="10.1145/3132525.3132542" assigning-authority="crossref">10.1145/3132525.3132542</pub-id> <pub-id pub-id-type="doi" xlink:href="10.1145/3132525.3132542" /></mixed-citation>
				</ref>
				<ref id="ref-00027">
				<mixed-citation>S. Kawas, G. Karalis, T. Wen, and R. E. Ladner. Improving real-time captioning experiences for deaf and hard of hearing students. In Proceedings of the 18th International ACM SIGACCESS Conference on Computers and Accessibility, ASSETS '16, pages 15--23, New York, NY, USA, 2016. ACM. <pub-id pub-id-type="doi" xlink:href="10.1145/2982142.2982164" assigning-authority="crossref">10.1145/2982142.2982164</pub-id> <pub-id pub-id-type="doi" xlink:href="10.1145/2982142.2982164" /></mixed-citation>
				</ref>
				<ref id="ref-00028">
				<mixed-citation>D. E. King. Dlib-ml: A machine learning toolkit. Journal of Machine Learning Research, 10:1755--1758, 2009. <pub-id pub-id-type="doi" xlink:href="10.5555/1577069.1755843" /></mixed-citation>
				</ref>
				<ref id="ref-00029">
				<mixed-citation>O. Koller, H. Ney, and R. Bowden. Deep learning of mouth shapes for sign language. In 2015 IEEE International Conference on Computer Vision Workshop (ICCVW), pages 477--483, Dec 2015. <pub-id pub-id-type="doi" xlink:href="10.1109/ICCVW.2015.69" assigning-authority="crossref">10.1109/ICCVW.2015.69</pub-id> <pub-id pub-id-type="doi" xlink:href="10.1109/ICCVW.2015.69" /></mixed-citation>
				</ref>
				<ref id="ref-00030">
				<mixed-citation>R. S. Kushalnagar, W. S. Lasecki, and J. P. Bigham. Captions versus transcripts for online video content. In Proceedings of the 10th International Cross-Disciplinary Conference on Web Accessibility, W4A '13, pages 32:1--32:4, New York, NY, USA, 2013. ACM. <pub-id pub-id-type="doi" xlink:href="10.1145/2461121.2461142" assigning-authority="crossref">10.1145/2461121.2461142</pub-id> <pub-id pub-id-type="doi" xlink:href="10.1145/2461121.2461142" /></mixed-citation>
				</ref>
				<ref id="ref-00031">
				<mixed-citation>Y. Lan, R. Harvey, and B. J. Theobald. Insights into machine lip reading. In 2012 IEEE International Conference on Acoustics, Speech and Signal Processing (ICASSP), pages 4825--4828, March 2012.</mixed-citation>
				</ref>
				<ref id="ref-00032">
				<mixed-citation>Y. Lan, B. J. Theobald, and R. Harvey. View independent computer lip-reading. In 2012 IEEE International Conference on Multimedia and Expo, pages 432--437, July 2012. <pub-id pub-id-type="doi" xlink:href="10.1109/ICME.2012.192" assigning-authority="crossref">10.1109/ICME.2012.192</pub-id> <pub-id pub-id-type="doi" xlink:href="10.1109/ICME.2012.192" /></mixed-citation>
				</ref>
				<ref id="ref-00033">
				<mixed-citation>W. S. Lasecki, R. Kushalnagar, and J. P. Bigham. Helping students keep up with real-time captions by pausing and highlighting. In Proceedings of the 11th Web for All Conference, W4A '14, pages 39:1--39:8, New York, NY, USA, 2014. ACM. <pub-id pub-id-type="doi" xlink:href="10.1145/2596695.2596701" assigning-authority="crossref">10.1145/2596695.2596701</pub-id> <pub-id pub-id-type="doi" xlink:href="10.1145/2596695.2596701" /></mixed-citation>
				</ref>
				<ref id="ref-00034">
				<mixed-citation>W. S. Lasecki, C. D. Miller, I. Naim, R. Kushalnagar, A. Sadilek, D. Gildea, and J. P. Bigham. Scribe: Deep integration of human and machine intelligence to caption speech in real time. Commun. ACM, 60(9):93--100, Aug. 2017. <pub-id pub-id-type="doi" xlink:href="10.1145/3068663" assigning-authority="crossref">10.1145/3068663</pub-id> <pub-id pub-id-type="doi" xlink:href="10.1145/3068663" /></mixed-citation>
				</ref>
				<ref id="ref-00035">
				<mixed-citation>D. W. Massaro, M. M. Cohen, W. Schwartz, S. V, and H. Meyer. Facilitating speech understanding for hearing-challenged perceivers in face-to- face conversation and spoken presentations. In International Conference on Technology for Helping People with Special Needs (ICTHP - 2013), 2013.</mixed-citation>
				</ref>
				<ref id="ref-00036">
				<mixed-citation>L. Pigou, S. Dieleman, P.-J. Kindermans, and B. Schrauwen. Sign Language Recognition Using Convolutional Neural Networks, pages 572--578. Springer International Publishing, Cham, 2015.</mixed-citation>
				</ref>
				<ref id="ref-00037">
				<mixed-citation>O. Ronneberger, P.Fischer, and T. Brox. U-net: Convolutional networks for biomedical image segmentation. In Medical Image Computing and Computer-Assisted Intervention (MICCAI), volume 9351 of LNCS, pages 234--241. Springer, 2015. (available on arXiv:1505.04597 {cs.CV}).</mixed-citation>
				</ref>
				<ref id="ref-00038">
				<mixed-citation>H. Takagi, T. Itoh, and K. Shinkawa. Evaluation of real-time captioning by machine recognition with human support. In Proceedings of the 12th Web for All Conference, W4A '15, pages 5:1--5:4, New York, NY, USA, 2015. ACM. <pub-id pub-id-type="doi" xlink:href="10.1145/2745555.2746648" assigning-authority="crossref">10.1145/2745555.2746648</pub-id> <pub-id pub-id-type="doi" xlink:href="10.1145/2745555.2746648" /></mixed-citation>
				</ref>
				<ref id="ref-00039">
				<mixed-citation>T. Uchida, T. Miyazaki, M. Azuma, S. Umeda, N. Kato, H. Sumiyoshi, Y. Yamanouchi, and N. Hiruma. Sign language support system for viewing sports programs. In Proceedings of the 19th International ACM SIGACCESS Conference on Computers and Accessibility, ASSETS '17, pages 339--340, New York, NY, USA, 2017. ACM. <pub-id pub-id-type="doi" xlink:href="10.1145/3132525.3134768" assigning-authority="crossref">10.1145/3132525.3134768</pub-id> <pub-id pub-id-type="doi" xlink:href="10.1145/3132525.3134768" /></mixed-citation>
				</ref>
				<ref id="ref-00040">
				<mixed-citation>Z. Wang, A. C. Bovik, H. R. Sheikh, and E. P. Simoncelli. Image quality assessment: From error visibility to structural similarity. Trans. Img. Proc., 13(4):600--612, Apr. 2004. <pub-id pub-id-type="doi" xlink:href="10.1109/TIP.2003.819861" assigning-authority="crossref">10.1109/TIP.2003.819861</pub-id> <pub-id pub-id-type="doi" xlink:href="10.1109/TIP.2003.819861" /></mixed-citation>
				</ref>
				<ref id="ref-00041">
				<mixed-citation>World Health Organization. Deafness and hearing loss fact sheet. http://www.who.int/mediacentre/factsheets/fs300. Accessed: 2018-02.</mixed-citation>
				</ref>
				<ref id="ref-00042">
				<mixed-citation>L. Xie, Y. Wang, and Z. Q. Liu. Lip assistant: Visualize speech for hearing impaired people in multimedia services. In 2006 IEEE International Conference on Systems, Man and Cybernetics, volume 5, pages 4331--4336, Oct 2006.</mixed-citation>
				</ref>
				<ref id="ref-00043">
				<mixed-citation>Z. Zhou, G. Zhao, X. Hong, and M. Pietikainen. A review of recent advances in visual speech decoding. Image and Vision Computing, 32(9):590 -- 605, 2014.</mixed-citation>
				</ref>
			</ref-list>
</back>
</book-part>
</book-part-wrapper>
