<?xml version="1.0" encoding="UTF-8"?>
<!DOCTYPE book-part-wrapper PUBLIC "-//NLM//DTD BITS Book Interchange DTD with OASIS and XHTML Tables v2.0 20151225//EN" "BITS-book-oasis2.dtd">
<book-part-wrapper xmlns:xlink="http://www.w3.org/1999/xlink" xmlns:mml="http://www.w3.org/1998/Math/MathML" xmlns:oasis="http://www.niso.org/standards/z39-96/ns/oasis-exchange/table" xmlns:xi="http://www.w3.org/2001/XInclude" xmlns:xsi="http://www.w3.org/2001/XMLSchema-instance" dtd-version="2.0" xml:lang="en" content-type="demonstration">
<collection-meta collection-type="book-series">
    <collection-id collection-id-type="doi">10.1145/acmotherconferences</collection-id>
    <title-group>
        <title>ACM Other Conferences</title>
    </title-group>
</collection-meta>
	<book-meta>
		<book-id book-id-type="acm-id">3192714</book-id>
		<book-id book-id-type="doi">10.1145/3192714</book-id>
		<book-title-group>
			<book-title>Proceedings of the 15th International Web for All Conference</book-title>
			<alt-title alt-title-type="acronym">W4A '18</alt-title>
		</book-title-group>
	</book-meta>
	<book-part xmlns:ali="http://www.niso.org/schemas/ali/1.0/" book-part-type="chapter" xml:lang="en">
		<book-part-meta>
			<book-part-id book-part-id-type="acm-id">3196320</book-part-id>
			<book-part-id book-part-id-type="doi">10.1145/3192714.3196320</book-part-id>
			<book-part-id book-part-id-type="article-no">10</book-part-id>
	<subj-group subj-group-type="ccs2012">
		<compound-subject>
			<compound-subject-part content-type="code">10002951.10003317.10003331</compound-subject-part>
			<compound-subject-part content-type="text">Information systems~Information retrieval~Users and interactive retrieval</compound-subject-part>
			<compound-subject-part content-type="weight">500</compound-subject-part>
		</compound-subject>
		<compound-subject>
			<compound-subject-part content-type="code">10003456.10010927</compound-subject-part>
			<compound-subject-part content-type="text">Social and professional topics~User characteristics</compound-subject-part>
			<compound-subject-part content-type="weight">500</compound-subject-part>
		</compound-subject>
		<compound-subject>
			<compound-subject-part content-type="code">10003120.10003121.10003128</compound-subject-part>
			<compound-subject-part content-type="text">Human-centered computing~Human computer interaction (HCI)~Interaction techniques</compound-subject-part>
			<compound-subject-part content-type="weight">500</compound-subject-part>
		</compound-subject>
		<compound-subject>
			<compound-subject-part content-type="code">10003120.10003121.10003122.10003334</compound-subject-part>
			<compound-subject-part content-type="text">Human-centered computing~Human computer interaction (HCI)~HCI design and evaluation methods~User studies</compound-subject-part>
			<compound-subject-part content-type="weight">500</compound-subject-part>
		</compound-subject>
	</subj-group>
	<subj-group subj-group-type="qualifier-density">
		<compound-subject>
			<compound-subject-part content-type="code">research</compound-subject-part>
			<compound-subject-part content-type="text">Research</compound-subject-part>
		</compound-subject>
	</subj-group>
	<subj-group subj-group-type="qualifier-review_process">
		<compound-subject>
			<compound-subject-part content-type="code">refereed_limited</compound-subject-part>
			<compound-subject-part content-type="text">Refereed limited</compound-subject-part>
		</compound-subject>
	</subj-group>
	<subj-group subj-group-type="qualifier-editorial_treatment">
		<compound-subject>
			<compound-subject-part content-type="code">unedited</compound-subject-part>
			<compound-subject-part content-type="text">Un-edited</compound-subject-part>
		</compound-subject>
	</subj-group>
			<title-group>
				<title>DysHelper</title>
				<subtitle>The Dyslexia Assistive User Experience</subtitle>
			</title-group>
<contrib-group>
   <contrib contrib-type="author" id="artseq-00001">
       <contrib-id contrib-id-type="person_id" authenticated="false">P6573005</contrib-id><contrib-id contrib-id-type="profile_id" authenticated="false">99659286305</contrib-id>
       <name name-style="western">
           <surname>Pařilová</surname>
           <given-names>Tereza</given-names>
       </name>
	<aff>Masaryk University, Brno, the Czech Republic</aff><aff><institution-wrap><institution-id institution-id-type="profile_id">60029543</institution-id></institution-wrap></aff>
	<email>parilova@mail.muni.cz</email>
	<role>Author</role>
   </contrib>
   <contrib contrib-type="author" id="artseq-00002">
       <contrib-id contrib-id-type="person_id" authenticated="false">P6573006</contrib-id><contrib-id contrib-id-type="profile_id" authenticated="false">99659285595</contrib-id>
       <name name-style="western">
           <surname>Remšíková</surname>
           <given-names>Romana</given-names>
       </name>
	<aff>Masaryk University, Brno, the Czech Republic</aff><aff><institution-wrap><institution-id institution-id-type="profile_id">60029543</institution-id></institution-wrap></aff>
	<email>385909@mail.muni.cz</email>
	<role>Author</role>
   </contrib>
</contrib-group>
   <pub-date date-type="publication">
   <day>23</day>
   <month>04</month>
   <year>2018</year>
   </pub-date>
				<fpage>1</fpage>
				<lpage>2</lpage>
		<permissions>
			<copyright-year>2018</copyright-year>
			<copyright-holder>Owner/Author</copyright-holder>
			<license license-type="rightsretained">
			<license-p>Permission to make digital or hard copies of part or all of this work for personal or classroom use is granted without fee provided that copies are not made or distributed for profit or commercial advantage and that copies bear this notice and the full citation on the first page. Copyrights for third-party components of this work must be honored. For all other uses, contact the Owner/Author.</license-p>
			</license>
		</permissions>
		<self-uri content-type="pdf" xlink:href="3192714.3196320.pdf" />
	<abstract>
		<p>The aim of this article is to focus on user experience with DysHelper, the dyslexia assistive web extension. We conducted this research with university students over 18 years old. We describe the design of the extension and then focus on describing the various stages of the practical user experience, which consisted of individual user testing, the reading two types of texts, followed by discussion with users. The results indicate that the extension is generally welcomed. Although DysHelper has its limits, user experience research shows that it has a significant potential to affect reading problems positively and can be easily used, also in consideration of needs that may change over time.</p>
	</abstract>
<kwd-group>
<kwd>Assistive Technology</kwd>
<kwd>Dyslexia</kwd>
<kwd>User experience</kwd>
<kwd>Web extension</kwd>
</kwd-group>
<funding-group specific-use="FundRef">
	<award-group id="award1">
		<funding-source id="GS1">
			<institution-wrap>
			<institution>Masaryk University</institution>
			</institution-wrap>
		</funding-source>
		<award-id rid="GS1">MUNI/A/0854/2017</award-id>
	</award-group>
</funding-group>
		<custom-meta-group>
		    <custom-meta>
		        <meta-name>rightslink</meta-name>
		        <meta-value>excluded</meta-value>
		    </custom-meta>
		</custom-meta-group>
		</book-part-meta>
		
	<back>
<ref-list specific-use="unparsed">
				<ref id="ref-00001">
				<mixed-citation>Wolf, M. and Bowers, P. G. 1999. The double-deficit hypothesis for the developmental dyslexias. Journal of Educational Psychology, 91, 3 (September 1999), 415--438.</mixed-citation>
				</ref>
				<ref id="ref-00002">
				<mixed-citation>Osman, L. B. W. and Uda, R. 2014. A translator website for dyslexic children. In Proceedings of the 8th International Conference on Ubiquitous Information Management and Communication (ICUIMC '14). ACM, New York, NY, USA, Article 46, 5 pages. <pub-id pub-id-type="doi" xlink:href="10.1145/2557977.2558016" assigning-authority="crossref">10.1145/2557977.2558016</pub-id> <pub-id pub-id-type="doi" xlink:href="10.1145/2557977.2558016" /></mixed-citation>
				</ref>
				<ref id="ref-00003">
				<mixed-citation>Rello, L. 2012. DysWebxia: a model to improve accessibility of the textual web for dyslexic users. ACM SIGACCESS Accessibility and Computing Newsletter, 107, 41--44. <pub-id pub-id-type="doi" xlink:href="10.1145/2140446.2140455" assigning-authority="crossref">10.1145/2140446.2140455</pub-id> <pub-id pub-id-type="doi" xlink:href="10.1145/2140446.2140455" /></mixed-citation>
				</ref>
				<ref id="ref-00004">
				<mixed-citation>Rayner, K., Foorman, B.R., Perfetti, C.A., Pesetsky, D. and Seidenberg, M.S. 2001. How Psychological Science Informs the Teaching of Reading. Journal of Psychological Science in the Public Interest, 2, 2 (November 2001), 31--74.</mixed-citation>
				</ref>
				<ref id="ref-00005">
				<mixed-citation>Von Plessen, K. et al. 2002. Less developed corpus callosum in dyslexic subjects--a structural MRI study. Neuropsychologia, 40, 7, 1035--44.</mixed-citation>
				</ref>
			</ref-list>
</back>
</book-part>
</book-part-wrapper>
