<?xml version="1.0" encoding="UTF-8"?>
<!DOCTYPE book-part-wrapper PUBLIC "-//NLM//DTD BITS Book Interchange DTD with OASIS and XHTML Tables v2.0 20151225//EN" "BITS-book-oasis2.dtd">
<book-part-wrapper xmlns:xlink="http://www.w3.org/1999/xlink" xmlns:mml="http://www.w3.org/1998/Math/MathML" xmlns:oasis="http://www.niso.org/standards/z39-96/ns/oasis-exchange/table" xmlns:xi="http://www.w3.org/2001/XInclude" xmlns:xsi="http://www.w3.org/2001/XMLSchema-instance" dtd-version="2.0" xml:lang="en" content-type="short-paper">
<collection-meta collection-type="book-series">
    <collection-id collection-id-type="doi">10.1145/acmotherconferences</collection-id>
    <title-group>
        <title>ACM Other Conferences</title>
    </title-group>
</collection-meta>
	<book-meta>
		<book-id book-id-type="acm-id">3192714</book-id>
		<book-id book-id-type="doi">10.1145/3192714</book-id>
		<book-title-group>
			<book-title>Proceedings of the 15th International Web for All Conference</book-title>
			<alt-title alt-title-type="acronym">W4A '18</alt-title>
		</book-title-group>
	</book-meta>
	<book-part xmlns:ali="http://www.niso.org/schemas/ali/1.0/" book-part-type="chapter" xml:lang="en">
		<book-part-meta>
			<book-part-id book-part-id-type="acm-id">3192828</book-part-id>
			<book-part-id book-part-id-type="doi">10.1145/3192714.3192828</book-part-id>
			<book-part-id book-part-id-type="article-no">3</book-part-id>
	<subj-group subj-group-type="ccs2012">
		<compound-subject>
			<compound-subject-part content-type="code">10002944.10011122.10003459</compound-subject-part>
			<compound-subject-part content-type="text">General and reference~Document types~Computing standards, RFCs and guidelines</compound-subject-part>
			<compound-subject-part content-type="weight">500</compound-subject-part>
		</compound-subject>
		<compound-subject>
			<compound-subject-part content-type="code">10002951.10003227.10010926</compound-subject-part>
			<compound-subject-part content-type="text">Information systems~Information systems applications~Computing platforms</compound-subject-part>
			<compound-subject-part content-type="weight">500</compound-subject-part>
		</compound-subject>
		<compound-subject>
			<compound-subject-part content-type="code">10002951.10003260</compound-subject-part>
			<compound-subject-part content-type="text">Information systems~World Wide Web</compound-subject-part>
			<compound-subject-part content-type="weight">500</compound-subject-part>
		</compound-subject>
		<compound-subject>
			<compound-subject-part content-type="code">10010147.10010178</compound-subject-part>
			<compound-subject-part content-type="text">Computing methodologies~Artificial intelligence</compound-subject-part>
			<compound-subject-part content-type="weight">500</compound-subject-part>
		</compound-subject>
		<compound-subject>
			<compound-subject-part content-type="code">10003033.10003099</compound-subject-part>
			<compound-subject-part content-type="text">Networks~Network services</compound-subject-part>
			<compound-subject-part content-type="weight">500</compound-subject-part>
		</compound-subject>
		<compound-subject>
			<compound-subject-part content-type="code">10003456.10003457.10003490</compound-subject-part>
			<compound-subject-part content-type="text">Social and professional topics~Professional topics~Management of computing and information systems</compound-subject-part>
			<compound-subject-part content-type="weight">500</compound-subject-part>
		</compound-subject>
		<compound-subject>
			<compound-subject-part content-type="code">10002978</compound-subject-part>
			<compound-subject-part content-type="text">Security and privacy</compound-subject-part>
			<compound-subject-part content-type="weight">500</compound-subject-part>
		</compound-subject>
	</subj-group>
	<subj-group subj-group-type="qualifier-density">
		<compound-subject>
			<compound-subject-part content-type="code">research</compound-subject-part>
			<compound-subject-part content-type="text">Research</compound-subject-part>
		</compound-subject>
	</subj-group>
	<subj-group subj-group-type="qualifier-review_process">
		<compound-subject>
			<compound-subject-part content-type="code">refereed_limited</compound-subject-part>
			<compound-subject-part content-type="text">Refereed limited</compound-subject-part>
		</compound-subject>
	</subj-group>
	<subj-group subj-group-type="qualifier-editorial_treatment">
		<compound-subject>
			<compound-subject-part content-type="code">unedited</compound-subject-part>
			<compound-subject-part content-type="text">Un-edited</compound-subject-part>
		</compound-subject>
	</subj-group>
			<title-group>
				<title>Internet of Things (IoT) as Assistive Technology</title>
				<subtitle>Potential Applications in Tertiary Education</subtitle>
			</title-group>
<contrib-group>
   <contrib contrib-type="author" id="artseq-00001">
       <contrib-id contrib-id-type="person_id" authenticated="false">P6572986</contrib-id><contrib-id contrib-id-type="profile_id" authenticated="false">81758806157</contrib-id>
       <name name-style="western">
           <surname>Hollier</surname>
           <given-names>Scott</given-names>
       </name>
	<aff>Edith Cowan University, Joondalup WA, Australia</aff><aff><institution-wrap><institution-id institution-id-type="profile_id">60105210</institution-id></institution-wrap></aff>
	<email>scott.hollier@ecu.edu.au</email>
	<role>Author</role>
   </contrib>
   <contrib contrib-type="author" id="artseq-00002">
       <contrib-id contrib-id-type="person_id" authenticated="false">P6572987</contrib-id><contrib-id contrib-id-type="profile_id" authenticated="false">81100473404</contrib-id>
       <name name-style="western">
           <surname>Abou-Zahra</surname>
           <given-names>Shadi</given-names>
       </name>
	<aff>World Wide Web Consortium (W3C), Sophia-Antipolis, France</aff>
	<email>shadi@w3.org</email>
	<role>Author</role>
   </contrib>
</contrib-group>
   <pub-date date-type="publication">
   <day>23</day>
   <month>04</month>
   <year>2018</year>
   </pub-date>
				<fpage>1</fpage>
				<lpage>4</lpage>
		<permissions>
			<copyright-year>2018</copyright-year>
			<copyright-holder>ACM</copyright-holder>
			<license license-type="acmcopyright">
			<license-p>Permission to make digital or hard copies of all or part of this work for personal or classroom use is granted without fee provided that copies are not made or distributed for profit or commercial advantage and that copies bear this notice and the full citation on the first page. Copyrights for components of this work owned by others than ACM must be honored. Abstracting with credit is permitted. To copy otherwise, or republish, to post on servers or to redistribute to lists, requires prior specific permission and/or a fee. Request permissions from Permissions@acm.org</license-p>
			</license>
		</permissions>
		<self-uri content-type="pdf" xlink:href="3192714.3192828.pdf" />
	<abstract>
		<p>The recent popularity of the Internet of Things (IoT) in the consumer space and Web of Things (WoT) work by the World Wide Web Consortium (W3C) has led to a Curtin University research project that has investigated the use of IoT by people with disabilities in the education space. Potential education-related IoT solutions raised in the research include the delivery of smartboard materials directly to the student to ensure compatibility with assistive technologies, the use of consumer-based IoT to provide captions and the monitoring of lecturer and student engagement in real-time to improve education delivery. While these technical possibilities are not new in their own right, the key points of interest from this research are that the students with disabilities, despite their IoT knowledge being limited to the emerging consumer space, have proposed these solutions as a way to support their learning. In addition, the fact such solutions are yet to be implemented in mainstream education settings despite the technical ability to do so raises concerns about the widening educational gap unless more effort is made by manufacturers to provide practical real-world IoT classroom solutions. While the use of IoT in these contexts may be considered an assistive technology in its own right, issues of privacy, security, and interoperability need to be addressed. As such, it is imperative that the W3C WoT work in this area continues to provide guidance and further academic research is needed.</p>
	</abstract>
<kwd-group>
<kwd>Accessibility for people with disabilities</kwd>
<kwd>Assistive technology</kwd>
<kwd>Education</kwd>
<kwd>Internet of Things (IoT)</kwd>
<kwd>Web of Things (WoT)</kwd>
<kwd>Web standards</kwd>
<kwd>World Wide Web</kwd>
</kwd-group>
		</book-part-meta>
		
	<back>
<ref-list specific-use="unparsed">
				<ref id="ref-00001">
				<mixed-citation>Abou-Zahra, S., Brewer, J., Cooper, M. 2017. Web Standards to Enable an Accessible and Inclusive Internet of Things (IoT). Proceedings of the 14th Web for All Conference, W4A 2017, April 2--4, 2017, Perth, Western Australia. <pub-id pub-id-type="doi" xlink:href="10.1145/3058555.3058568" assigning-authority="crossref">10.1145/3058555.3058568</pub-id> <pub-id pub-id-type="doi" xlink:href="10.1145/3058555.3058568" /></mixed-citation>
				</ref>
				<ref id="ref-00002">
				<mixed-citation>Appliance Design. 2000. LG Electronics introduces digital refrigerator. Retrieved from http://www.appliancedesign.com/articles/89516-lg-electronics-introduces-digital-refrigerator</mixed-citation>
				</ref>
				<ref id="ref-00003">
				<mixed-citation>Ashton, K. 2009. That 'Internet of Things' Thing. RFID Journal. http://www.rfidjournal.com/articles/view?4986</mixed-citation>
				</ref>
				<ref id="ref-00004">
				<mixed-citation>Bradshaw, T., &amp; Waters, R. 2017. The dash to connect the consumer. Financial Times. https://www.ft.com/content/67a08388-d3f8-11e6-9341-7393bb2e1b51?mhq5j=e5</mixed-citation>
				</ref>
				<ref id="ref-00005">
				<mixed-citation>Choudary, S. P., &amp; Narayanan, C. 2017. Who holds the key to the smart home? The Hindu Business Line. http://www.thehindubusinessline.com/opinion/digital-shift-on-amazon-alexa-connected-homes/article9500062.ece</mixed-citation>
				</ref>
				<ref id="ref-00006">
				<mixed-citation>Domingo, M. C. 2011. An overview of the Internet of Things for people with disabilities. Journal of Network and Computer Applications. 35(2), 584--596. <pub-id pub-id-type="doi" xlink:href="10.1016/j.jnca.2011.10.015" assigning-authority="crossref">10.1016/j.jnca.2011.10.015</pub-id> <pub-id pub-id-type="doi" xlink:href="10.1016/j.jnca.2011.10.015" /></mixed-citation>
				</ref>
				<ref id="ref-00007">
				<mixed-citation>Dores, C., Reis, L., &amp; Vasco Lopes, N. 2014. Internet of things and cloud computing. 9th Iberian Conference on Information Systems and Technologies (CISTI), 18--21 June, 2014. http://ieeexplore.ieee.org/document/6877071/?reload=true</mixed-citation>
				</ref>
				<ref id="ref-00008">
				<mixed-citation>G3ICT. 2015. Internet of Things: New Promises for Persons with Disabilities. Global Initiative for Inclusive Information and Communications Technology. http://g3ict.org/resource_center/publications_and_reports/p/productCategory_books/subCat_2/id_335</mixed-citation>
				</ref>
				<ref id="ref-00009">
				<mixed-citation>Guinard, D. D. and Trifa, V. M. 2016. Building the Web of Things. Manning Publications. ISBN 978-1617292682</mixed-citation>
				</ref>
				<ref id="ref-00010">
				<mixed-citation>Gupta, M., Holloway, C., Heravi, B. M., &amp; Hailes, S. (2015). A comparison between smartphone sensors and bespoke sensor devices for wheelchair accessibility studies. 2015 IEEE Tenth International Conference on Intelligent Sensors, Sensor Networks and Information Processing (ISSNIP) 7--9 April. http://ieeexplore.ieee.org/stamp/stamp.jsp?tp=&amp;arnumber=7106900</mixed-citation>
				</ref>
				<ref id="ref-00011">
				<mixed-citation>Haouel J., Ghorbel H., Bargaoui H. 2016. Towards an IoT Architecture for Persons with Disabilities and Applications. In: Ahmed M., Begum S., Raad W. (eds) Internet of Things Technologies for HealthCare. Healthy IoT 2016. Lecture Notes of the Institute for Computer Sciences, Social Informatics and Telecommunications Engineering, vol 187. Springer, Cham</mixed-citation>
				</ref>
				<ref id="ref-00012">
				<mixed-citation>Hennig, N. 2016. Natural user interfaces and accessibility. Library Technology Reports, 52(3), 5--17. https://journals.ala.org/index.php/ltr/article/view/5969/7598</mixed-citation>
				</ref>
				<ref id="ref-00013">
				<mixed-citation>Hollier, S., et. al. 2017. Internet of Things (IoT) Education: Implications for Students with Disabilities. Curtin University.</mixed-citation>
				</ref>
				<ref id="ref-00014">
				<mixed-citation>International Telecommunications Union. 2012. ITU-T Y.2060 Overview of the Internet of things. https://www.itu.int/rec/T-REC-Y.2060-201206-I</mixed-citation>
				</ref>
				<ref id="ref-00015">
				<mixed-citation>Mitchell, N. 2016. The 2016 state of the speech technology industry. Speech Technology, 21(1), 29--41.</mixed-citation>
				</ref>
				<ref id="ref-00016">
				<mixed-citation>Rose, K., Eldridge, S., and Chapin, L. 2015. The Internet of Things: An Overview -- Understanding the Issues and Challenges of a More Connected World. The Internet Society (ISOC). https://www.internetsociety.org/iot</mixed-citation>
				</ref>
				<ref id="ref-00017">
				<mixed-citation>Uzelac, A., Gligoric, N., &amp; Krco, S. 2015. A comprehensive study of parameters in physical environment that impact students' focus during lecture using Internet of Things. Computers in Human Behavior, 53, 427--434. <pub-id pub-id-type="doi" xlink:href="10.1016/j.chb.2015.07.023" assigning-authority="crossref">10.1016/j.chb.2015.07.023</pub-id> <pub-id pub-id-type="doi" xlink:href="10.1016/j.chb.2015.07.023" /></mixed-citation>
				</ref>
				<ref id="ref-00018">
				<mixed-citation>World Health Organization. (2017). World report on disability. Retrieved from http://www.who.int/disabilities/world_report/2011/report/en</mixed-citation>
				</ref>
			</ref-list>
</back>
</book-part>
</book-part-wrapper>
