<?xml version="1.0" encoding="UTF-8"?>
<!DOCTYPE book-part-wrapper PUBLIC "-//NLM//DTD BITS Book Interchange DTD with OASIS and XHTML Tables v2.0 20151225//EN" "BITS-book-oasis2.dtd">
<book-part-wrapper xmlns:xlink="http://www.w3.org/1999/xlink" xmlns:mml="http://www.w3.org/1998/Math/MathML" xmlns:oasis="http://www.niso.org/standards/z39-96/ns/oasis-exchange/table" xmlns:xi="http://www.w3.org/2001/XInclude" xmlns:xsi="http://www.w3.org/2001/XMLSchema-instance" dtd-version="2.0" xml:lang="en" content-type="research-article">
<collection-meta collection-type="book-series">
    <collection-id collection-id-type="doi">10.1145/acmotherconferences</collection-id>
    <title-group>
        <title>ACM Other Conferences</title>
    </title-group>
</collection-meta>
	<book-meta>
		<book-id book-id-type="acm-id">3192714</book-id>
		<book-id book-id-type="doi">10.1145/3192714</book-id>
		<book-title-group>
			<book-title>Proceedings of the 15th International Web for All Conference</book-title>
			<alt-title alt-title-type="acronym">W4A '18</alt-title>
		</book-title-group>
	</book-meta>
	<book-part xmlns:ali="http://www.niso.org/schemas/ali/1.0/" book-part-type="chapter" xml:lang="en">
		<book-part-meta>
			<book-part-id book-part-id-type="acm-id">3192825</book-part-id>
			<book-part-id book-part-id-type="doi">10.1145/3192714.3192825</book-part-id>
			<book-part-id book-part-id-type="article-no">18</book-part-id>
	<subj-group subj-group-type="ccs2012">
		<compound-subject>
			<compound-subject-part content-type="code">10003120</compound-subject-part>
			<compound-subject-part content-type="text">Human-centered computing</compound-subject-part>
			<compound-subject-part content-type="weight">500</compound-subject-part>
		</compound-subject>
		<compound-subject>
			<compound-subject-part content-type="code">10003120</compound-subject-part>
			<compound-subject-part content-type="text">Human-centered computing</compound-subject-part>
			<compound-subject-part content-type="weight">100</compound-subject-part>
		</compound-subject>
	</subj-group>
	<subj-group subj-group-type="qualifier-density">
		<compound-subject>
			<compound-subject-part content-type="code">research</compound-subject-part>
			<compound-subject-part content-type="text">Research</compound-subject-part>
		</compound-subject>
	</subj-group>
	<subj-group subj-group-type="qualifier-review_process">
		<compound-subject>
			<compound-subject-part content-type="code">refereed_limited</compound-subject-part>
			<compound-subject-part content-type="text">Refereed limited</compound-subject-part>
		</compound-subject>
	</subj-group>
	<subj-group subj-group-type="qualifier-editorial_treatment">
		<compound-subject>
			<compound-subject-part content-type="code">unedited</compound-subject-part>
			<compound-subject-part content-type="text">Un-edited</compound-subject-part>
		</compound-subject>
	</subj-group>
			<title-group>
				<title>Computer Anxiety and Interaction</title>
				<subtitle>A Systematic Review</subtitle>
			</title-group>
<contrib-group>
   <contrib contrib-type="author" id="artseq-00001">
       <contrib-id contrib-id-type="person_id" authenticated="false">P6573028</contrib-id><contrib-id contrib-id-type="profile_id" authenticated="false">99659049388</contrib-id>
       <name name-style="western">
           <surname>dos Santos</surname>
           <given-names>Thiago Donizetti</given-names>
       </name>
	<aff>Federal University of ABC, Santo André, SP, Brazil</aff><aff><institution-wrap><institution-id institution-id-type="profile_id">60001430</institution-id></institution-wrap></aff>
	<email>thiagods05@gmail.com</email>
	<role>Author</role>
   </contrib>
   <contrib contrib-type="author" id="artseq-00002">
       <contrib-id contrib-id-type="person_id" authenticated="false">P6573029</contrib-id><contrib-id contrib-id-type="profile_id" authenticated="false">81488667398</contrib-id>
       <name name-style="western">
           <surname>Santana</surname>
           <given-names>Vagner Figueredo de</given-names>
       </name>
	<aff>IBM Research, São Paulo, SP, Brazil</aff><aff><institution-wrap><institution-id institution-id-type="profile_id">60011048</institution-id></institution-wrap></aff>
	<email>vagsant@br.ibm.com</email>
	<role>Author</role>
   </contrib>
</contrib-group>
   <pub-date date-type="publication">
   <day>23</day>
   <month>04</month>
   <year>2018</year>
   </pub-date>
				<fpage>1</fpage>
				<lpage>10</lpage>
		<permissions>
			<copyright-year>2018</copyright-year>
			<copyright-holder>ACM</copyright-holder>
			<license license-type="acmlicensed">
			<license-p>Permission to make digital or hard copies of all or part of this work for personal or classroom use is granted without fee provided that copies are not made or distributed for profit or commercial advantage and that copies bear this notice and the full citation on the first page. Copyrights for components of this work owned by others than the author(s) must be honored. Abstracting with credit is permitted. To copy otherwise, or republish, to post on servers or to redistribute to lists, requires prior specific permission and/or a fee. Request permissions from Permissions@acm.org.</license-p>
			</license>
		</permissions>
		<self-uri content-type="pdf" xlink:href="3192714.3192825.pdf" />
	<abstract>
		<p>With the increasing use of technology in everyday life, one would expect that the use of computers would be comfortable and straightforward for everyone. However, some people still feel intimidated when using computers. Those people experience multiple levels of anxiety and, for high levels of anxiety, manifest what is known as Computer Anxiety. People with Computer Anxiety (PwCA) face problems when using computers/technology at home, in the workplace, or for study purposes, which might result in multiple forms of barriers. This work contributes with a systematic review, summarizing the main approaches related to Computer Anxiety and the understanding of the contexts of use involving PwCA. The main results are that Computer Anxiety Rating Scale (CARS) is the most popular scale for measuring Computer Anxiety, Computer Self-Efficacy has a negative strong relationship with Computer Anxiety, experience in using computers reduces Computer Anxiety, PwCA tend to take more time to complete tasks, and that higher education levels are related with lower levels of Computer Anxiety. The results obtained are valuable for researchers working on identifying and removing barriers in systems targeting the population of older adults, given that they are greatly impacted by factors leading to Computer Anxiety.</p>
	</abstract>
<kwd-group>
<kwd>Accessibility</kwd>
<kwd>Aging</kwd>
<kwd>Computer Anxiety</kwd>
<kwd>Older Adults</kwd>
<kwd>User Experience</kwd>
</kwd-group>
		</book-part-meta>
		
	<back>
<ref-list specific-use="unparsed">
				<ref id="ref-00001">
				<mixed-citation>Zoraini Wati Abas. 1995. Attitudes towards using computers among Malaysian teacher education students. Springer US, Boston, MA, 153--162.</mixed-citation>
				</ref>
				<ref id="ref-00002">
				<mixed-citation>Kamla Ali Al-Busaidi and Hafedh Al-Shihi. 2012. Key factors to instructorsâĂ&amp;Zacute; satisfaction of learning management systems in blended learning. Journal of Computing in Higher Education 24, 1 (2012), 18--39.</mixed-citation>
				</ref>
				<ref id="ref-00003">
				<mixed-citation>Markus Appel. 2012. Are heavy users of computer games and social media more computer literate? Computers &amp; Education 59, 4 (2012), 1339--1349. <pub-id pub-id-type="doi" xlink:href="10.1016/j.compedu.2012.06.004" assigning-authority="crossref">10.1016/j.compedu.2012.06.004</pub-id> <pub-id pub-id-type="doi" xlink:href="10.1016/j.compedu.2012.06.004" /></mixed-citation>
				</ref>
				<ref id="ref-00004">
				<mixed-citation>S. Ashtari and A. Eydgahi. 2015. Student Perceptions of Cloud Computing Effectiveness in Higher Education. In 2015 IEEE 18th International Conference on Computational Science and Engineering. 184--191. <pub-id pub-id-type="doi" xlink:href="10.1109/CSE.2015.36" assigning-authority="crossref">10.1109/CSE.2015.36</pub-id> <pub-id pub-id-type="doi" xlink:href="10.1109/CSE.2015.36" /></mixed-citation>
				</ref>
				<ref id="ref-00005">
				<mixed-citation>Anne Aula. 2005. User study on older adultsâĂ&amp;Zacute; use of the Web and search engines. Universal Access in the Information Society 4, 1 (2005), 67--81. <pub-id pub-id-type="doi" xlink:href="10.1007/s10209-004-0097-7" assigning-authority="crossref">10.1007/s10209-004-0097-7</pub-id> <pub-id pub-id-type="doi" xlink:href="10.1007/s10209-004-0097-7" /></mixed-citation>
				</ref>
				<ref id="ref-00006">
				<mixed-citation>David J Ayersman. 1996. Effects of computer instruction, learning style, gender, and experience on computer anxiety. Computers in the Schools 12, 4 (1996), 15--30. <pub-id pub-id-type="doi" xlink:href="10.1300/J025v12n04_03" assigning-authority="crossref">10.1300/J025v12n04_03</pub-id> <pub-id pub-id-type="doi" xlink:href="10.1300/J025v12n04_03" /></mixed-citation>
				</ref>
				<ref id="ref-00007">
				<mixed-citation>Mustafa Baloğlu and Vildan Çevik. 2008. Multivariate effects of gender, ownership, and the frequency of use on computer anxiety among high school students. Computers in Human Behavior 24, 6 (2008), 2639--2648. <pub-id pub-id-type="doi" xlink:href="10.1016/j.chb.2008.03.003" assigning-authority="crossref">10.1016/j.chb.2008.03.003</pub-id> <pub-id pub-id-type="doi" xlink:href="10.1016/j.chb.2008.03.003" /></mixed-citation>
				</ref>
				<ref id="ref-00008">
				<mixed-citation>Mustafa Baloğlu and Vildan Çevik. 2009. A multivariate comparison of computer anxiety levels between candidate and tenured school principals. Computers in Human Behavior 25, 5 (2009), 1102--1107. <pub-id pub-id-type="doi" xlink:href="10.1016/j.chb.2009.05.007" assigning-authority="crossref">10.1016/j.chb.2009.05.007</pub-id> <pub-id pub-id-type="doi" xlink:href="10.1016/j.chb.2009.05.007" /></mixed-citation>
				</ref>
				<ref id="ref-00009">
				<mixed-citation>John J. Beckers, Remy M.J.P. Rikers, and Henk G. Schmidt. 2006. The influence of computer anxiety on experienced computer users while performing complex computer tasks. Computers in Human Behavior 22, 3 (2006), 456 -- 466. <pub-id pub-id-type="doi" xlink:href="10.1016/j.chb.2004.09.011" assigning-authority="crossref">10.1016/j.chb.2004.09.011</pub-id> <pub-id pub-id-type="doi" xlink:href="10.1016/j.chb.2004.09.011" /></mixed-citation>
				</ref>
				<ref id="ref-00010">
				<mixed-citation>John J Beckers, Jelte M Wicherts, and Henk G Schmidt. 2007. Computer anxiety:âĂIJtraitâĂİ or âĂIJstateâĂİ? Computers in Human Behavior 23, 6 (2007), 2851--2862. <pub-id pub-id-type="doi" xlink:href="10.1016/j.chb.2006.06.001" assigning-authority="crossref">10.1016/j.chb.2006.06.001</pub-id> <pub-id pub-id-type="doi" xlink:href="10.1016/j.chb.2006.06.001" /></mixed-citation>
				</ref>
				<ref id="ref-00011">
				<mixed-citation>Nikos Bozionelos. 2001. Computer anxiety: relationship with computer experience and prevalence. Computers in human behavior 17, 2 (2001), 213--224.</mixed-citation>
				</ref>
				<ref id="ref-00012">
				<mixed-citation>Nikos Bozionelos. 2004. Socio-economic background and computer use: the role of computer anxiety and computer experience in their relationship. International Journal of Human-Computer Studies 61,5 (2004), 725--746. <pub-id pub-id-type="doi" xlink:href="10.1016/j.ijhcs.2004.07.001" assigning-authority="crossref">10.1016/j.ijhcs.2004.07.001</pub-id> <pub-id pub-id-type="doi" xlink:href="10.1016/j.ijhcs.2004.07.001" /></mixed-citation>
				</ref>
				<ref id="ref-00013">
				<mixed-citation>Agnetha Broos. 2005. Gender and information and communication technologies (ICT) anxiety: Male self-assurance and female hesitation. CyberPsychology &amp; Behavior 8, 1 (2005), 21--31.</mixed-citation>
				</ref>
				<ref id="ref-00014">
				<mixed-citation>Houghton G Brown, Marshall Scott Poole, Liqiong Deng, and Pamela Forducey. 2005. Towards a sociability theory of computer anxiety: An interpersonal circumplex perspective. In System Sciences, 2005. HICSS'05. Proceedings of the 38th Annual Hawaii International Conference on. IEEE, 151a--151a. <pub-id pub-id-type="doi" xlink:href="10.1109/HICSS.2005.632" assigning-authority="crossref">10.1109/HICSS.2005.632</pub-id> <pub-id pub-id-type="doi" xlink:href="10.1109/HICSS.2005.632" /></mixed-citation>
				</ref>
				<ref id="ref-00015">
				<mixed-citation>Ana-Maria Cazan, Elena CocoradÄČ, and CÄČtÄČlin Ioan Maican. 2016. Computer anxiety and attitudes towards the computer and the internet with Romanian high-school and university students. Computers in Human Behavior 55 (2016), 258 -- 267. <pub-id pub-id-type="doi" xlink:href="10.1016/j.chb.2015.09.001" assigning-authority="crossref">10.1016/j.chb.2015.09.001</pub-id> <pub-id pub-id-type="doi" xlink:href="10.1016/j.chb.2015.09.001" /></mixed-citation>
				</ref>
				<ref id="ref-00016">
				<mixed-citation>Vehbi Celik and Etem Yesilyurt. 2013. Attitudes to technology, perceived computer self-efficacy and computer anxiety as predictors of computer supported education. Computers &amp; Education 60, 1 (2013), 148 -- 158. <pub-id pub-id-type="doi" xlink:href="10.1016/j.compedu.2012.06.008" assigning-authority="crossref">10.1016/j.compedu.2012.06.008</pub-id> <pub-id pub-id-type="doi" xlink:href="10.1016/j.compedu.2012.06.008" /></mixed-citation>
				</ref>
				<ref id="ref-00017">
				<mixed-citation>Pew Research Center. 2017a. Internet/Broadband Fact Sheet. (2017). http://www.pewinternet.org/fact-sheet/internet-broadband/</mixed-citation>
				</ref>
				<ref id="ref-00018">
				<mixed-citation>Pew Research Center. 2017b. Tech Adoption Climbs Among Older Adults. (2017). http://www.pewinternet.org/2017/05/17/tech-adoption-climbs-among-older-adults/</mixed-citation>
				</ref>
				<ref id="ref-00019">
				<mixed-citation>Ching-Ter Chang, Jeyhun Hajiyev, and Chia-Rong Su. 2017. Examining the studentsâĂ&amp;Zacute; behavioral intention to use e-learning in Azerbaijan? The General Extended Technology Acceptance Model for E-learning approach. Computers &amp; Education 111 (2017), 128--143. <pub-id pub-id-type="doi" xlink:href="10.1016/j.compedu.2017.04.010" assigning-authority="crossref">10.1016/j.compedu.2017.04.010</pub-id> <pub-id pub-id-type="doi" xlink:href="10.1016/j.compedu.2017.04.010" /></mixed-citation>
				</ref>
				<ref id="ref-00020">
				<mixed-citation>Gil Choi, Jan Ligon, and Jim Ward. 2002. Computer Anxiety and Social Workers: Differences by Access, Use, and Training. J. Technol. Human Services 19, 1 (March 2002), 1--12. <pub-id pub-id-type="doi" xlink:href="10.1300/J017v19n01_01" assigning-authority="crossref">10.1300/J017v19n01_01</pub-id> <pub-id pub-id-type="doi" xlink:href="10.1300/J017v19n01_01" /></mixed-citation>
				</ref>
				<ref id="ref-00021">
				<mixed-citation>Jyh-Rong Chou and Hung-Cheng Tsai. 2009. On-line learning performance and computer anxiety measure for unemployed adult novices using a grey relation entropy method. Information Processing &amp; Management 45, 2 (2009), 200--215. <pub-id pub-id-type="doi" xlink:href="10.1016/j.ipm.2008.12.001" assigning-authority="crossref">10.1016/j.ipm.2008.12.001</pub-id> <pub-id pub-id-type="doi" xlink:href="10.1016/j.ipm.2008.12.001" /></mixed-citation>
				</ref>
				<ref id="ref-00022">
				<mixed-citation>Miha Cimperman, Maja Makovec Brenčič, and Peter Trkman. 2016. Analyzing older usersâĂ&amp;Zacute; home telehealth services acceptance behaviorâĂŤapplying an Extended UTAUT model. International journal of medical informatics 90 (2016), 22--31.</mixed-citation>
				</ref>
				<ref id="ref-00023">
				<mixed-citation>Jason F. Cohen and Poonam Parsotam. 2010. Intentions to Pursue a Career in Information Systems and Technology: An Empirical Study of South African Students. Springer Berlin Heidelberg, Berlin, Heidelberg, 56--66.</mixed-citation>
				</ref>
				<ref id="ref-00024">
				<mixed-citation>Deborah R Compeau and Christopher A Higgins. 1995. Computer self-efficacy: Development of a measure and initial test. MIS quarterly (1995), 189--211. <pub-id pub-id-type="doi" xlink:href="10.2307/249688" assigning-authority="crossref">10.2307/249688</pub-id> <pub-id pub-id-type="doi" xlink:href="10.2307/249688" /></mixed-citation>
				</ref>
				<ref id="ref-00025">
				<mixed-citation>World Wide Web Consortium and others. 2008. Web content accessibility guidelines (WCAG) 2.0. (2008).</mixed-citation>
				</ref>
				<ref id="ref-00026">
				<mixed-citation>Gina Conti-Ramsden, Kevin Durkin, and Allan J Walker. 2010. Computer anxiety: A comparison of adolescents with and without a history of specific language impairment (SLI). Computers &amp; Education 54, 1 (2010), 136--145. <pub-id pub-id-type="doi" xlink:href="10.1016/j.compedu.2009.07.015" assigning-authority="crossref">10.1016/j.compedu.2009.07.015</pub-id> <pub-id pub-id-type="doi" xlink:href="10.1016/j.compedu.2009.07.015" /></mixed-citation>
				</ref>
				<ref id="ref-00027">
				<mixed-citation>Sara J Czaja, Neil Charness, Arthur D Fisk, Christopher Hertzog, Sankaran N Nair, Wendy A Rogers, and Joseph Sharit. 2006. Factors predicting the use of technology: findings from the Center for Research and Education on Aging and Technology Enhancement (CREATE). Psychology and aging 21, 2 (2006), 333.</mixed-citation>
				</ref>
				<ref id="ref-00028">
				<mixed-citation>Donald Day and Päivi Mäkirinne-Crofts. 1997. Computer anxiety and the human-computer interface. In People and Computers XII. Springer, 85--100. <pub-id pub-id-type="doi" xlink:href="10.5555/646684.702627" /></mixed-citation>
				</ref>
				<ref id="ref-00029">
				<mixed-citation>Amir Dirin, Teemu H Laine, and Marko Nieminen. 2017. Sustainable usage through emotional engagement: a user experience analysis of an adaptive driving school application. Cognition, Technology &amp; Work 19, 2--3 (2017), 303--313. <pub-id pub-id-type="doi" xlink:href="10.1007/s10111-017-0406-6" assigning-authority="crossref">10.1007/s10111-017-0406-6</pub-id> <pub-id pub-id-type="doi" xlink:href="10.1007/s10111-017-0406-6" /></mixed-citation>
				</ref>
				<ref id="ref-00030">
				<mixed-citation>Eileen Doyle, Ioanna Stamouli, and Meriel Huggard. 2005. Computer anxiety, self-efficacy, computer experience: An investigation throughout a computer science degree. In Frontiers in Education, 2005. FIE'05. Proceedings 35th Annual Conference. IEEE, S2H--3.</mixed-citation>
				</ref>
				<ref id="ref-00031">
				<mixed-citation>Mireia Fernández-Ardèvol and Loredana Ivan. 2015. Why age is not that important? An ageing perspective on computer anxiety. In International Conference on Human Aspects of IT for the Aged Population. Springer, 189--200. <pub-id pub-id-type="doi" xlink:href="10.1007/978-3-319-20892-3_19" assigning-authority="crossref">10.1007/978-3-319-20892-3_19</pub-id> <pub-id pub-id-type="doi" xlink:href="10.1007/978-3-319-20892-3_19" /></mixed-citation>
				</ref>
				<ref id="ref-00032">
				<mixed-citation>Gabrielle Ford and Paula Kotzé. 2006. Researching Culture and Usability --- A Conceptual Model of Usability. In People and Computers XIX --- The Bigger Picture, Tom McEwan, Jan Gulliksen, and David Benyon (Eds.). Springer London, London, 317--333.</mixed-citation>
				</ref>
				<ref id="ref-00033">
				<mixed-citation>Jill Gerhardt. 2005. If you can teach it, you can measure it. Journal of Computing Sciences in Colleges 20, 3 (2005), 114--120. <pub-id pub-id-type="doi" xlink:href="10.5555/1040196.1040210" /></mixed-citation>
				</ref>
				<ref id="ref-00034">
				<mixed-citation>Faith D Gilroy and Harsha B Desai. 1986. Computer anxiety: sex, race and age. International Journal of Man-Machine Studies 25, 6 (1986), 711--719. <pub-id pub-id-type="doi" xlink:href="10.1016/S0020-7373(86)80084-0" assigning-authority="crossref">10.1016/S0020-7373(86)80084-0</pub-id> <pub-id pub-id-type="doi" xlink:href="10.1016/S0020-7373(86)80084-0" /></mixed-citation>
				</ref>
				<ref id="ref-00035">
				<mixed-citation>Carol R Glass and Luanne A Knight. 1988. Cognitive factors in computer anxiety. Cognitive therapy and research 12, 4 (1988), 351--366.</mixed-citation>
				</ref>
				<ref id="ref-00036">
				<mixed-citation>Qian Han, Ronglian Yang, and Meixian Du. 2009. A study of computer anxiety among chinese students majoring in information technology. In Computational Intelligence and Software Engineering, 2009. CiSE 2009. International Conference on. IEEE, 1--4.</mixed-citation>
				</ref>
				<ref id="ref-00037">
				<mixed-citation>R. Harris, R. Davison, A. Wong, D. Splettstoesser, and A. Yeo. 1998. Ethnic dimensions of attitudes towards computers in developing societies: computer anxiety and PC involvement. In Proceedings of the Thirty-First Hawaii International Conference on System Sciences, Vol. 6. 695--704 vol.6. <pub-id pub-id-type="doi" xlink:href="10.1109/HICSS.1998.654832" assigning-authority="crossref">10.1109/HICSS.1998.654832</pub-id> <pub-id pub-id-type="doi" xlink:href="10.1109/HICSS.1998.654832" /></mixed-citation>
				</ref>
				<ref id="ref-00038">
				<mixed-citation>Roger W Harris. 1997. Teaching, learning and information technology: Attitudes towards computers among Hong KongâĂ&amp;Zacute;s faculty. Journal of computing in Higher Education 9, 1 (1997), 89--114.</mixed-citation>
				</ref>
				<ref id="ref-00039">
				<mixed-citation>Chandra Harrison and Helen Petrie. 2007. Deconstructing web experience: More than just usability and good design. Human-Computer Interaction. HCI Applications and Services (2007), 889--898. <pub-id pub-id-type="doi" xlink:href="10.5555/1769451.1769554" /></mixed-citation>
				</ref>
				<ref id="ref-00040">
				<mixed-citation>Rugayah Hashim, Hashim Ahmad, and Che Zainab Abdullah. 2010. Paradox of e-learning for distance education students at UiTM Shah Alam. In Distance Learning and Education (ICDLE), 2010 4th International Conference on. IEEE, 105--107.</mixed-citation>
				</ref>
				<ref id="ref-00041">
				<mixed-citation>Robert K Heinssen, Carol R Glass, and Luanne A Knight. 1987. Assessing computer anxiety: Development and validation of the computer anxiety rating scale. Computers in human behavior 3, 1 (1987), 49--59.</mixed-citation>
				</ref>
				<ref id="ref-00042">
				<mixed-citation>Fabian Herrmann, Iris Niedermann, Matthias Peissner, Katja Henke, and Anja Naumann. 2007. Users interact differently: Towards a usability-oriented user taxonomy. Jacko, Julie A. (Pub) Human-Computer Interaction. Interaction design and usability. Berlin: Springer (Lecture notes in computer science, 4550) (2007), 812--817. <pub-id pub-id-type="doi" xlink:href="10.5555/1772490.1772582" /></mixed-citation>
				</ref>
				<ref id="ref-00043">
				<mixed-citation>Maxwell K Hsu, Stephen W Wang, and Kevin K Chiu. 2009. Computer attitude, statistics anxiety and self-efficacy on statistical software adoption behavior: An empirical study of online MBA learners. Computers in Human Behavior 25, 2 (2009), 412--420. <pub-id pub-id-type="doi" xlink:href="10.1016/j.chb.2008.10.003" assigning-authority="crossref">10.1016/j.chb.2008.10.003</pub-id> <pub-id pub-id-type="doi" xlink:href="10.1016/j.chb.2008.10.003" /></mixed-citation>
				</ref>
				<ref id="ref-00044">
				<mixed-citation>Richard A Hudiburg. 1990. Relating computer-associated stress to computerphobia. Psychological Reports 67, 1 (1990), 311--314.</mixed-citation>
				</ref>
				<ref id="ref-00045">
				<mixed-citation>Web Accessibility Initiative. 2005. Introduction to Web Accessibility. (2005). https://www.w3.org/WAI/intro/accessibility.php</mixed-citation>
				</ref>
				<ref id="ref-00046">
				<mixed-citation>Ashok Jashapara and Wei-Chun Tai. 2006. Understanding the complexity of human characteristics on e-learning systems: an integrated study of dynamic individual differences on user perceptions of ease of use. Knowledge Management Research &amp; Practice 4, 3 (2006), 227--239.</mixed-citation>
				</ref>
				<ref id="ref-00047">
				<mixed-citation>Richard D. Johnson. 2005. An Empirical Investigation of Sources of Application-specific Computer-self-efficacy and Mediators of the Efficacy: Performance Relationship. Int. J. Hum.-Comput. Stud. 62, 6 (June 2005), 737--758. <pub-id pub-id-type="doi" xlink:href="10.1016/j.ijhcs.2005.02.008" assigning-authority="crossref">10.1016/j.ijhcs.2005.02.008</pub-id> <pub-id pub-id-type="doi" xlink:href="10.1016/j.ijhcs.2005.02.008" /></mixed-citation>
				</ref>
				<ref id="ref-00048">
				<mixed-citation>Renee L. Babcock Kerrie D. Laguna. 2000. Computer Testing of Memory Across the Adult Life Span. Experimental Aging Research 26, 3 (2000), 229--243. PMID: 10919068.</mixed-citation>
				</ref>
				<ref id="ref-00049">
				<mixed-citation>Mable B Kinzie, Marcia AB Delcourt, and Susan M Powers. 1994. Computer technologies: Attitudes and self-efficacy across undergraduate disciplines. Research in higher education 35, 6 (1994), 745--768.</mixed-citation>
				</ref>
				<ref id="ref-00050">
				<mixed-citation>Barbara Kitchenham. 2004. Procedures for performing systematic reviews. Keele, UK, Keele University 33, 2004 (2004), 1--26.</mixed-citation>
				</ref>
				<ref id="ref-00051">
				<mixed-citation>Alex A Koohang. 1987. A study of the attitudes of pre-service teachers toward the use of computers. Educational Technology Research and Development 35, 3 (1987), 145--149.</mixed-citation>
				</ref>
				<ref id="ref-00052">
				<mixed-citation>Stella Korobili, Aspasia Togia, and Afrodite Malliari. 2010. Computer anxiety and attitudes among undergraduate students in Greece. Computers in Human Behavior 26, 3 (2010), 399--405. <pub-id pub-id-type="doi" xlink:href="10.1016/j.chb.2009.11.011" assigning-authority="crossref">10.1016/j.chb.2009.11.011</pub-id> <pub-id pub-id-type="doi" xlink:href="10.1016/j.chb.2009.11.011" /></mixed-citation>
				</ref>
				<ref id="ref-00053">
				<mixed-citation>Appa Rao Korukonda. 2007. Differences that do matter: A dialectic analysis of individual characteristics and personality dimensions contributing to computer anxiety. Computers in human behavior 23, 4 (2007), 1921--1942. <pub-id pub-id-type="doi" xlink:href="10.1016/j.chb.2006.02.003" assigning-authority="crossref">10.1016/j.chb.2006.02.003</pub-id> <pub-id pub-id-type="doi" xlink:href="10.1016/j.chb.2006.02.003" /></mixed-citation>
				</ref>
				<ref id="ref-00054">
				<mixed-citation>Katrina Lindblom, Tess Gregory, Carlene Wilson, Ingrid H K Flight, and Ian Zajac. 2012. The impact of computer self-efficacy, computer anxiety, and perceived usability and acceptability on the efficacy of a decision support tool for colorectal cancer screening. Journal of the American Medical Informatics Association 19, 3 (2012), 407--412.</mixed-citation>
				</ref>
				<ref id="ref-00055">
				<mixed-citation>Brenda H Loyd and Clarice Gressard. 1984. Reliability and factorial validity of computer attitude scales. Educational and psychological measurement 44, 2 (1984), 501--505.</mixed-citation>
				</ref>
				<ref id="ref-00056">
				<mixed-citation>Ruth H. Maki, William S. Maki, Michele Patterson, and P. David Whittaker. 2000. Evaluation of a Web-based introductory psychology course: I. Learning and satisfaction in on-line versus lecture courses. Behavior Research Methods, Instruments, &amp; Computers 32, 2 (01 Jun 2000), 230--239.</mixed-citation>
				</ref>
				<ref id="ref-00057">
				<mixed-citation>Matthew M Maurer and Michael R Simonson. 1984. Development and validation of a measure of computer anxiety. (1984).</mixed-citation>
				</ref>
				<ref id="ref-00058">
				<mixed-citation>Scott T. Meier and Matthew E. Lambert. 1991. Psychometric properties and correlates of three computer aversion scales. Behavior Research Methods, Instruments, &amp; Computers 23, 1 (01 Mar 1991), 9--15.</mixed-citation>
				</ref>
				<ref id="ref-00059">
				<mixed-citation>Uday S Murthy. 2004. Individual differences and the use of collaborative technologies in education: An empirical investigation. In System Sciences, 2004. Proceedings of the 37th Annual Hawaii International Conference on. IEEE, 10--pp. <pub-id pub-id-type="doi" xlink:href="10.5555/962749.962791" /></mixed-citation>
				</ref>
				<ref id="ref-00060">
				<mixed-citation>Tlholohelo Nkalai, Lizette de Wet, and Robert Schall. 2015. Comparing the Sensor Glove and Questionnaire As Measures of Computer Anxiety. In Proceedings of the 2Nd International Conference on Physiological Computing Systems (PhyCS 2015). SCITEPRESS - Science and Technology Publications, Lda, Portugal, 93--103. <pub-id pub-id-type="doi" xlink:href="10.5220/0005229800930103" assigning-authority="crossref">10.5220/0005229800930103</pub-id> <pub-id pub-id-type="doi" xlink:href="10.5220/0005229800930103" /></mixed-citation>
				</ref>
				<ref id="ref-00061">
				<mixed-citation>Tatsuya Nomura and Nobuyuki Okuyama. 2007. Psychological Influence of Double-Bind Situations in Human-Agent Interaction. In Proceedings of the 2007 IEEE/WIC/ACM International Conference on Intelligent Agent Technology. IEEE Computer Society, 102--108. <pub-id pub-id-type="doi" xlink:href="10.1109/IAT.2007.85" assigning-authority="crossref">10.1109/IAT.2007.85</pub-id> <pub-id pub-id-type="doi" xlink:href="10.1109/IAT.2007.85" /></mixed-citation>
				</ref>
				<ref id="ref-00062">
				<mixed-citation>JT Norris, R Pauli, and DE Bray. 2007. Mood change and computer anxiety: A comparison between computerised and paper measures of negative affect. Computers in Human Behavior 23, 6 (2007), 2875--2887. <pub-id pub-id-type="doi" xlink:href="10.1016/j.chb.2006.06.003" assigning-authority="crossref">10.1016/j.chb.2006.06.003</pub-id> <pub-id pub-id-type="doi" xlink:href="10.1016/j.chb.2006.06.003" /></mixed-citation>
				</ref>
				<ref id="ref-00063">
				<mixed-citation>NA Orr and RA Edelstein. 1991. Trends in measures of computer experience and computer anxiety for students in three successive medical school classes.. In Proceedings of the Annual Symposium on Computer Application in Medical Care. American Medical Informatics Association, 268.</mixed-citation>
				</ref>
				<ref id="ref-00064">
				<mixed-citation>Marina Papastergiou. 2010. Enhancing Physical Education and Sport Science studentsâĂ&amp;Zacute; self-efficacy and attitudes regarding Information and Communication Technologies through a computer literacy course. Computers &amp; Education 54, 1 (2010), 298 -- 308. <pub-id pub-id-type="doi" xlink:href="10.1016/j.compedu.2009.08.015" assigning-authority="crossref">10.1016/j.compedu.2009.08.015</pub-id> <pub-id pub-id-type="doi" xlink:href="10.1016/j.compedu.2009.08.015" /></mixed-citation>
				</ref>
				<ref id="ref-00065">
				<mixed-citation>Saroj Parasuraman and Magid Igbaria. 1990. An examination of gender differences in the determinants of computer anxiety and attitudes toward microcomputers among managers. International Journal of Man-Machine Studies 32, 3 (1990), 327--340. <pub-id pub-id-type="doi" xlink:href="10.1016/S0020-7373(08)80006-5" assigning-authority="crossref">10.1016/S0020-7373(08)80006-5</pub-id> <pub-id pub-id-type="doi" xlink:href="10.1016/S0020-7373(08)80006-5" /></mixed-citation>
				</ref>
				<ref id="ref-00066">
				<mixed-citation>Satyanarayana Parayitam, Kiran J Desai, Mayur S Desai, and Mary K Eason. 2010. Computer attitude as a moderator in the relationship between computer anxiety, satisfaction, and stress. Computers in Human Behavior 26, 3 (2010), 345--352. <pub-id pub-id-type="doi" xlink:href="10.1016/j.chb.2009.11.005" assigning-authority="crossref">10.1016/j.chb.2009.11.005</pub-id> <pub-id pub-id-type="doi" xlink:href="10.1016/j.chb.2009.11.005" /></mixed-citation>
				</ref>
				<ref id="ref-00067">
				<mixed-citation>Chee Wei Phang, Juliana Sutanto, Atreyi Kankanhalli, Yan Li, Bernard CY Tan, and H-H Teo. 2006. Senior citizens' acceptance of information systems: A study in the context of e-government services. IEEE Transactions on Engineering Management 53, 4 (2006), 555--569.</mixed-citation>
				</ref>
				<ref id="ref-00068">
				<mixed-citation>Paula M Popovich, Nicole Gullekson, Samantha Morris, and Brendan Morse. 2008. Comparing attitudes towards computer usage by undergraduates from 1986 to 2005. Computers in Human Behavior 24, 3 (2008), 986--992. <pub-id pub-id-type="doi" xlink:href="10.1016/j.chb.2007.03.002" assigning-authority="crossref">10.1016/j.chb.2007.03.002</pub-id> <pub-id pub-id-type="doi" xlink:href="10.1016/j.chb.2007.03.002" /></mixed-citation>
				</ref>
				<ref id="ref-00069">
				<mixed-citation>William G Powers and others. 1973. The Effects of Prior Computer Exposure On Man-Machine Computer Anxiety. (1973).</mixed-citation>
				</ref>
				<ref id="ref-00070">
				<mixed-citation>Annalyse Callahan Raub. 1981. Correlates of computer anxiety in college students. (1981).</mixed-citation>
				</ref>
				<ref id="ref-00071">
				<mixed-citation>Nina M. Ray and Robert P. Minch. 1990. Computer Anxiety and Alienation: Toward a Definitive and Parsimonious Measure. Human Factors 32, 4 (1990), 477--491. <pub-id pub-id-type="doi" xlink:href="10.1177/001872089003200409" assigning-authority="crossref">10.1177/001872089003200409</pub-id> <pub-id pub-id-type="doi" xlink:href="10.1177/001872089003200409" /></mixed-citation>
				</ref>
				<ref id="ref-00072">
				<mixed-citation>W. Michael Reed and Min Liu. 1994. The Comparative Effects of BASIC Programming Versus HyperCard Programming on Problem Solving, Computer Anxiety, and Performance. Comput. Sch. 10, 1--2 (Feb. 1994), 27--46. <pub-id pub-id-type="doi" xlink:href="10.1300/J025v10n01_05" assigning-authority="crossref">10.1300/J025v10n01_05</pub-id> <pub-id pub-id-type="doi" xlink:href="10.1300/J025v10n01_05" /></mixed-citation>
				</ref>
				<ref id="ref-00073">
				<mixed-citation>W. Michael Reed and Richard C. Overbaugh. 1993. The Effects of Prior Experience and Instructional Format on Teacher Education Students' Computer Anxiety and Performance. Comput. Sch. 9, 2--3 (Sept. 1993), 75--90. <pub-id pub-id-type="doi" xlink:href="10.1300/J025v09n02_08" assigning-authority="crossref">10.1300/J025v09n02_08</pub-id> <pub-id pub-id-type="doi" xlink:href="10.1300/J025v09n02_08" /></mixed-citation>
				</ref>
				<ref id="ref-00074">
				<mixed-citation>Helen Rees and Jan M Noyes. 2007. Mobile telephones, computers, and the internet: sex differences in adolescents' use and attitudes. CyberPsychology &amp; Behavior 10, 3 (2007), 482--484.</mixed-citation>
				</ref>
				<ref id="ref-00075">
				<mixed-citation>Larry D Rosen, Deborah C Sears, and Michelle M Weil. 1987. Computerphobia. Behavior Research Methods 19, 2 (1987), 167--179.</mixed-citation>
				</ref>
				<ref id="ref-00076">
				<mixed-citation>Larry D Rosen and Michelle M Weil. 1995. Computer availability, computer experience and technophobia among public school teachers. Computers in human behavior 11,1 (1995), 9--31.</mixed-citation>
				</ref>
				<ref id="ref-00077">
				<mixed-citation>Glenn Russell and Graham Bradley. 1997. Teachers' computer anxiety: Implications for professional development. Education and information Technologies 2, 1 (1997), 17--30. <pub-id pub-id-type="doi" xlink:href="10.1023/A:1018680322904" assigning-authority="crossref">10.1023/A:1018680322904</pub-id> <pub-id pub-id-type="doi" xlink:href="10.1023/A:1018680322904" /></mixed-citation>
				</ref>
				<ref id="ref-00078">
				<mixed-citation>Aliza Sarlan, Rohiza Ahmad, Wan Fatimah Wan Ahmad, and PDD Dominic. 2012. Users' behavioral intention to use clinic information system: A survey. In Computer &amp; Information Science (ICCIS), 2012 International Conference on, Vol. 1. IEEE, 37--43.</mixed-citation>
				</ref>
				<ref id="ref-00079">
				<mixed-citation>Aliza Sarlan, Rohiza Ahmad, Wan Fatimah Wan Ahmad, and Dhanapal Durai Dominic. 2013. A study of SME private healthcare personnel acceptance of Clinic Information System in Malaysia. International Journal of Business Information Systems 14, 2 (2013), 238--260. <pub-id pub-id-type="doi" xlink:href="10.1504/IJBIS.2013.056141" assigning-authority="crossref">10.1504/IJBIS.2013.056141</pub-id> <pub-id pub-id-type="doi" xlink:href="10.1504/IJBIS.2013.056141" /></mixed-citation>
				</ref>
				<ref id="ref-00080">
				<mixed-citation>Maimunah Mohd Shah, Roshidi Hassan, and Roslani Embi. 2011. Computer anxiety: Research results. In Humanities, Science and Engineering (CHUSER), 2011 IEEE Colloquium on. IEEE, 386--391.</mixed-citation>
				</ref>
				<ref id="ref-00081">
				<mixed-citation>M. M. Shah, R. Hassan, and R. Embi. 2012. Technology acceptance and computer anxiety. In 2012 International Conference on Innovation Management and Technology Research. 306--309.</mixed-citation>
				</ref>
				<ref id="ref-00082">
				<mixed-citation>Sima Sharifirad and Mohammad Sadegh Sharifirad. 2012. The Preference of Computers over Books and Anxiety among Iranian College Students: The Moderating Role of Demographic Factors. Springer Berlin Heidelberg, Berlin, Heidelberg, 923--932.</mixed-citation>
				</ref>
				<ref id="ref-00083">
				<mixed-citation>Linn Anette Solberg. 1998. Variables which affect the ability to cope with changes in IT. In Computer Human Interaction Conference, 1998. Proceedings. 1998 Australasian. IEEE, 300--301. <pub-id pub-id-type="doi" xlink:href="10.5555/552884.825460" /></mixed-citation>
				</ref>
				<ref id="ref-00084">
				<mixed-citation>CD Spielberger, RL Gorsuch, R Lushene, PR Vagg, and GA Jacobs. 1983. Manual for the state-trait anxiety inventory (Palo Alto, CA, Consulting Psychologists Press). Inc (1983).</mixed-citation>
				</ref>
				<ref id="ref-00085">
				<mixed-citation>D. Sandy Staples, John S. Hulland, and Christopher A. Higgins. 1999. A Self-Efficacy Theory Explanation for the Management of Remote Workers in Virtual Organizations. Organization Science 10, 6 (June 1999), 758--776. <pub-id pub-id-type="doi" xlink:href="10.1287/orsc.10.6.758" assigning-authority="crossref">10.1287/orsc.10.6.758</pub-id> <pub-id pub-id-type="doi" xlink:href="10.1287/orsc.10.6.758" /></mixed-citation>
				</ref>
				<ref id="ref-00086">
				<mixed-citation>Erkan Tekinarslan. 2008. Computer anxiety: A cross-cultural comparative study of Dutch and Turkish university students. Computers in Human Behavior 24, 4 (2008), 1572 -- 1584. Including the Special Issue: Integration of Human Factors in Networked Computing. <pub-id pub-id-type="doi" xlink:href="10.1016/j.chb.2007.05.011" assigning-authority="crossref">10.1016/j.chb.2007.05.011</pub-id> <pub-id pub-id-type="doi" xlink:href="10.1016/j.chb.2007.05.011" /></mixed-citation>
				</ref>
				<ref id="ref-00087">
				<mixed-citation>Timothy Teo. 2008. Assessing the computer attitudes of students: An Asian perspective. Computers in Human Behavior 24, 4 (2008), 1634--1642. <pub-id pub-id-type="doi" xlink:href="10.1016/j.chb.2007.06.004" assigning-authority="crossref">10.1016/j.chb.2007.06.004</pub-id> <pub-id pub-id-type="doi" xlink:href="10.1016/j.chb.2007.06.004" /></mixed-citation>
				</ref>
				<ref id="ref-00088">
				<mixed-citation>Jason Bennett Thatcher and Pamela L. Perrewe. 2002. An Empirical Examination of Individual Traits As Antecedents to Computer Anxiety and Computer Self-efficacy. MIS Q. 26, 4 (Dec. 2002), 381--396. <pub-id pub-id-type="doi" xlink:href="10.2307/4132314" assigning-authority="crossref">10.2307/4132314</pub-id> <pub-id pub-id-type="doi" xlink:href="10.2307/4132314" /></mixed-citation>
				</ref>
				<ref id="ref-00089">
				<mixed-citation>J. B. Thatcher, J. C. Zimmer, M. J. Gundlach, and D. H. McKnight. 2008. Internal and External Dimensions of Computer Self-Efficacy: An Empirical Examination. IEEE Transactions on Engineering Management 55, 4 (Nov 2008), 628--644.</mixed-citation>
				</ref>
				<ref id="ref-00090">
				<mixed-citation>SJ Thorpe and Mark J Brosnan. 2007. Does computer anxiety reach levels which conform to DSM IV criteria for specific phobia? Computers in Human Behavior 23, 3 (2007), 1258--1272. <pub-id pub-id-type="doi" xlink:href="10.1016/j.chb.2004.12.006" assigning-authority="crossref">10.1016/j.chb.2004.12.006</pub-id> <pub-id pub-id-type="doi" xlink:href="10.1016/j.chb.2004.12.006" /></mixed-citation>
				</ref>
				<ref id="ref-00091">
				<mixed-citation>John Todman. 2000. Gender differences in computer anxiety among university entrants since 1992. Computers &amp; Education 34, 1 (2000), 27--35. <pub-id pub-id-type="doi" xlink:href="10.1016/S0360-1315(99)00036-6" assigning-authority="crossref">10.1016/S0360-1315(99)00036-6</pub-id> <pub-id pub-id-type="doi" xlink:href="10.1016/S0360-1315(99)00036-6" /></mixed-citation>
				</ref>
				<ref id="ref-00092">
				<mixed-citation>Mehmet Top and Ali Yılmaz. 2015. Computer anxiety in nursing: an investigation from Turkish nurses. Journal of medical systems 39, 1 (2015), 163. <pub-id pub-id-type="doi" xlink:href="10.1007/s10916-014-0163-5" assigning-authority="crossref">10.1007/s10916-014-0163-5</pub-id> <pub-id pub-id-type="doi" xlink:href="10.1007/s10916-014-0163-5" /></mixed-citation>
				</ref>
				<ref id="ref-00093">
				<mixed-citation>Gholamreza Torkzadeh, Jerry Cha-Jan Chang, and Didem Demirhan. 2006. A Contingency Model of Computer and Internet Self-efficacy. Inf. Manage. 43, 4 (Jan. 2006), 541--550. <pub-id pub-id-type="doi" xlink:href="10.5555/1150937.1709367" /></mixed-citation>
				</ref>
				<ref id="ref-00094">
				<mixed-citation>Tri Tran and Matthias Glowatz. 2014. A Comparative Case Study of Irish and Vietnamese Students' eLearning Perceptions and Acceptance. In Proceedings of the 16th International Conference on Information Integration and Web-based Applications &amp; Services (iiWAS '14). ACM, New York, NY, USA, 44--48. <pub-id pub-id-type="doi" xlink:href="10.1145/2684200.2684318" assigning-authority="crossref">10.1145/2684200.2684318</pub-id> <pub-id pub-id-type="doi" xlink:href="10.1145/2684200.2684318" /></mixed-citation>
				</ref>
				<ref id="ref-00095">
				<mixed-citation>Hiroyuki Umemuro. 2004. Lowering elderly Japanese users' resistance towards computers by using touchscreen technology. Universal Access in the Information Society 3, 3 (01 Oct 2004), 276--288. <pub-id pub-id-type="doi" xlink:href="10.5555/1028177.1028181" /></mixed-citation>
				</ref>
				<ref id="ref-00096">
				<mixed-citation>Yi-Shun Wang, Hsiu-Yuan Wang, and Hsin-Hui Lin. 2009. Investigating the Mediating Role of Perceived Playfulness in the Acceptance of Hedonic Information Systems. In Proceedings of the 13th WSEAS International Conference on Systems (ICS'09). World Scientific and Engineering Academy and Society (WSEAS), Stevens Point, Wisconsin, USA, 322--327. http://dl.acm.org/citation.cfm?id=1627575.1627637 <pub-id pub-id-type="doi" xlink:href="10.5555/1627575.1627637" /></mixed-citation>
				</ref>
				<ref id="ref-00097">
				<mixed-citation>Ina Wechsung, Klaus-Peter Engelbrecht, Christine Kühnel, Sebastian Möller, and Benjamin Weiss. 2012. Measuring the Quality of Service and Quality of Experience of multimodal human--machine interaction. Journal on Multimodal User Interfaces 6, 1-2 (2012), 73--85.</mixed-citation>
				</ref>
				<ref id="ref-00098">
				<mixed-citation>Jeffery D Wilfong. 2006. Computer anxiety and anger: The impact of computer use, computer experience, and self-efficacy beliefs. Computers in Human Behavior 22, 6 (2006), 1001--1011.</mixed-citation>
				</ref>
				<ref id="ref-00099">
				<mixed-citation>Wiktoria Wilkowska and Martina Ziefle. 2009. Which factors form older adultsâĂ&amp;Zacute; acceptance of mobile information and communication technologies? HCI and Usability for e-Inclusion (2009), 81--101. <pub-id pub-id-type="doi" xlink:href="10.1007/978-3-642-10308-7_6" assigning-authority="crossref">10.1007/978-3-642-10308-7_6</pub-id> <pub-id pub-id-type="doi" xlink:href="10.1007/978-3-642-10308-7_6" /></mixed-citation>
				</ref>
				<ref id="ref-00100">
				<mixed-citation>T Craig Williams and Hyder Zahed. 1996. Computer-based training versus traditional lecture: Effect on learning and retention. Journal of Business and Psychology 11,2 (1996), 297--310.</mixed-citation>
				</ref>
				<ref id="ref-00101">
				<mixed-citation>Ronglian Yang, Qian Han, and Meixian Du. 2009. Computer Anxiety among Chinese and Korean Undergraduates: A Transcultural Study. In Information Engineering and Computer Science, 2009. ICIECS 2009. International Conference on. IEEE, 1--4.</mixed-citation>
				</ref>
				<ref id="ref-00102">
				<mixed-citation>D. E. Zimmerman, M. L. Muraski, and M. E. Palmquist. 1996. A comparative analysis of HTML and Windows-based multimedia software-an exploratory study. In IPCC 96: Communication on the Fast Track. IPCC 96 Proceedings. 173--184.</mixed-citation>
				</ref>
			</ref-list>
</back>
</book-part>
</book-part-wrapper>
