<?xml version="1.0" encoding="UTF-8"?>
<!DOCTYPE book-part-wrapper PUBLIC "-//NLM//DTD BITS Book Interchange DTD with OASIS and XHTML Tables v2.0 20151225//EN" "BITS-book-oasis2.dtd">
<book-part-wrapper xmlns:xlink="http://www.w3.org/1999/xlink" xmlns:mml="http://www.w3.org/1998/Math/MathML" xmlns:oasis="http://www.niso.org/standards/z39-96/ns/oasis-exchange/table" xmlns:xi="http://www.w3.org/2001/XInclude" xmlns:xsi="http://www.w3.org/2001/XMLSchema-instance" dtd-version="2.0" xml:lang="en" content-type="research-article">
<collection-meta collection-type="book-series">
    <collection-id collection-id-type="doi">10.1145/acmotherconferences</collection-id>
    <title-group>
        <title>ACM Other Conferences</title>
    </title-group>
</collection-meta>
	<book-meta>
		<book-id book-id-type="acm-id">1535654</book-id>
		<book-id book-id-type="doi">10.1145/1535654</book-id>
		<book-title-group>
			<book-title>Proceedings of the 2009 International Cross-Disciplinary Conference on Web Accessibililty (W4A)</book-title>
			<alt-title alt-title-type="acronym">W4A '09</alt-title>
		</book-title-group>
	</book-meta>
	<book-part xmlns:ali="http://www.niso.org/schemas/ali/1.0/" book-part-type="chapter" xml:lang="en">
		<book-part-meta>
			<book-part-id book-part-id-type="acm-id">1535687</book-part-id>
			<book-part-id book-part-id-type="doi">10.1145/1535654.1535687</book-part-id>
	<subj-group subj-group-type="ccs2012">
		<compound-subject>
			<compound-subject-part content-type="code">10003120.10003121.10003122</compound-subject-part>
			<compound-subject-part content-type="text">Human-centered computing~Human computer interaction (HCI)~HCI design and evaluation methods</compound-subject-part>
			<compound-subject-part content-type="weight">500</compound-subject-part>
		</compound-subject>
		<compound-subject>
			<compound-subject-part content-type="code">10002951.10003260.10003304</compound-subject-part>
			<compound-subject-part content-type="text">Information systems~World Wide Web~Web services</compound-subject-part>
			<compound-subject-part content-type="weight">100</compound-subject-part>
		</compound-subject>
		<compound-subject>
			<compound-subject-part content-type="code">10003120.10003121</compound-subject-part>
			<compound-subject-part content-type="text">Human-centered computing~Human computer interaction (HCI)</compound-subject-part>
			<compound-subject-part content-type="weight">100</compound-subject-part>
		</compound-subject>
		<compound-subject>
			<compound-subject-part content-type="code">10002951.10003260.10003282</compound-subject-part>
			<compound-subject-part content-type="text">Information systems~World Wide Web~Web applications</compound-subject-part>
			<compound-subject-part content-type="weight">100</compound-subject-part>
		</compound-subject>
	</subj-group>
			<title-group>
				<title>Quantitative evaluation for web accessibility with respect to disabled groups</title>
			</title-group>
<contrib-group>
   <contrib contrib-type="author" id="artseq-00001">
       <contrib-id contrib-id-type="person_id" authenticated="false">P1447051</contrib-id><contrib-id contrib-id-type="profile_id" authenticated="false">81421602577</contrib-id>
       <name name-style="western">
           <surname>Sirithumgul</surname>
           <given-names>Pornpat</given-names>
       </name>
	<aff>Chulalongkorn University, Bangkok, Thailand</aff><aff><institution-wrap><institution-id institution-id-type="profile_id">60028190</institution-id></institution-wrap></aff>
	<role>Author</role>
   </contrib>
   <contrib contrib-type="author" id="artseq-00002">
       <contrib-id contrib-id-type="person_id" authenticated="false">P1447052</contrib-id><contrib-id contrib-id-type="profile_id" authenticated="false">81100289004</contrib-id>
       <name name-style="western">
           <surname>Suchato</surname>
           <given-names>Atiwong</given-names>
       </name>
	<aff>Chulalongkorn University, Bangkok, Thailand</aff><aff><institution-wrap><institution-id institution-id-type="profile_id">60028190</institution-id></institution-wrap></aff>
	<role>Author</role>
   </contrib>
   <contrib contrib-type="author" id="artseq-00003">
       <contrib-id contrib-id-type="person_id" authenticated="false">P1447053</contrib-id><contrib-id contrib-id-type="profile_id" authenticated="false">81341495356</contrib-id>
       <name name-style="western">
           <surname>Punyabukkana</surname>
           <given-names>Proadpran</given-names>
       </name>
	<aff>Chulalongkorn University, Bangkok, Thailand</aff><aff><institution-wrap><institution-id institution-id-type="profile_id">60028190</institution-id></institution-wrap></aff>
	<role>Author</role>
   </contrib>
</contrib-group>
   <pub-date date-type="publication">
   <day>20</day>
   <month>04</month>
   <year>2009</year>
   </pub-date>
				<fpage>136</fpage>
				<lpage>141</lpage>
		<permissions>
			<copyright-year>2009</copyright-year>
			<copyright-holder>ACM</copyright-holder>
			<license license-type="acmcopyright">
			<license-p>Permission to make digital or hard copies of all or part of this work for personal or classroom use is granted without fee provided that copies are not made or distributed for profit or commercial advantage and that copies bear this notice and the full citation on the first page. Copyrights for components of this work owned by others than ACM must be honored. Abstracting with credit is permitted. To copy otherwise, or republish, to post on servers or to redistribute to lists, requires prior specific permission and/or a fee. Request permissions from Permissions@acm.org</license-p>
			</license>
		</permissions>
		<self-uri content-type="pdf" xlink:href="1535654.1535687.pdf" />
	<abstract>
		<p>In this research, we propose a methodology for evaluating web accessibility with respect to disabled users, especially the vision-impaired and the hearing-impaired. Two stages are involved in our approach. In the first stage, we adopt barriers proposed by the Barrier Walkthrough method to classify possible barriers for each group of users on a web page. In addition, this method proposes checkpoints of WCAG (Web Content Accessibility Guidelines) as barrier causes. All barriers found at this stage would be transformed into the relevant checkpoints. In the second stage, the severity of barriers is assessed by analyzing violated checkpoints. Our formula will also calculate accessibility value from the violated checkpoints. The result of our approach can identify whether the evaluated web pages are suitable for different groups of the disabled.</p>
	</abstract>
<kwd-group>
<kwd>disabled</kwd>
<kwd>evaluation criteria</kwd>
<kwd>web accessibility</kwd>
</kwd-group>
		</book-part-meta>
		
	<back>
<ref-list specific-use="unparsed">
				<ref id="ref-00001">
				<mixed-citation>Appendix D: comparison of WCAG 1.0 checkpoints to WCAG 2.0. Available at: http://www.w3.org/TR/2006/WD-WCAG20-20060427/appendixD.html. Visited: March 2009.</mixed-citation>
				</ref>
				<ref id="ref-00002">
				<mixed-citation>A-Prompt Web Accessibility Verifier. Available at: http://aprompt.snow.utoronto.ca/download.html. Visited: January 2009.</mixed-citation>
				</ref>
				<ref id="ref-00003">
				<mixed-citation>ATRC Web Accessibility Checker. Available at: http://checker.atrc.utoronto.ca/index.html. Visited: January 2009.</mixed-citation>
				</ref>
				<ref id="ref-00004">
				<mixed-citation>Brajnik, G. Web accessibility testing with barriers walkthrough (March 2006). Available at: www.dimi.uniud.it/giorgio/projects/bw. Visited: October 2008.</mixed-citation>
				</ref>
				<ref id="ref-00005">
				<mixed-citation>Bühler, C., Heck, H., Perlick, O., Nietzio, A., and Ulltveit-Moe, N. Interpreting Results from Large Scale Automatic Evaluation of Web Accessibility. In <italic toggle="yes">Computers Helping People with Special Needs</italic>, Springer, Berlin/Heidelberg, 2006, 184--191. <pub-id pub-id-type="doi" xlink:href="10.1007/11788713_28" assigning-authority="crossref">10.1007/11788713_28</pub-id> <pub-id pub-id-type="doi" xlink:href="10.1007/11788713_28" /></mixed-citation>
				</ref>
				<ref id="ref-00006">
				<mixed-citation>Checklist of Checkpoints for Web Content Accessibility Guidelines 1.0. Available at: http://www.w3.org/TR/WCAG10/full-checklist.html. Visited: July 2008.</mixed-citation>
				</ref>
				<ref id="ref-00007">
				<mixed-citation>EvalAccess 2.0 Web service tool for evaluating web accessibility. Available at: http://sipt07.si.ehu.es/evalaccess2/index.html. Visited: January 2009.</mixed-citation>
				</ref>
				<ref id="ref-00008">
				<mixed-citation>Google Search. Available at: http://www.google.com. Visited: January 2009.</mixed-citation>
				</ref>
				<ref id="ref-00009">
				<mixed-citation>Introduction to Web Accessibility. Available at: http://www.w3.org/WAI/intro/accessibility.php. Visited: September 2008.</mixed-citation>
				</ref>
				<ref id="ref-00010">
				<mixed-citation>Sullivan, T., and Matson, R. Barriers to use: usability and content accessibility on the web's most popular sites. In <italic toggle="yes">Proceedings of ACM Conference on Universal Usability - CUU</italic> (Arlington VA, USA, 2000). ACM Press, 139--144. <pub-id pub-id-type="doi" xlink:href="10.1145/355460.355549" assigning-authority="crossref">10.1145/355460.355549</pub-id> <pub-id pub-id-type="doi" xlink:href="10.1145/355460.355549" /></mixed-citation>
				</ref>
				<ref id="ref-00011">
				<mixed-citation>TidyGUI. Available at: http://pagesperso-orange.fr/ablavier/TidyGUI/. Visited: October 2008.</mixed-citation>
				</ref>
				<ref id="ref-00012">
				<mixed-citation>Vigo, M., Arrue, M., Brajnik, G., Lomuscio, R., and Abascal, J. Quantitative metrics for measuring web accessibility. In <italic toggle="yes">W4A '07: Proceedings of the 2007 international cross-disciplinary conference on web accessibility (W4A)</italic> (Banff, Canada). ACM Press, 99--107. <pub-id pub-id-type="doi" xlink:href="10.1145/1243441.1243465" assigning-authority="crossref">10.1145/1243441.1243465</pub-id> <pub-id pub-id-type="doi" xlink:href="10.1145/1243441.1243465" /></mixed-citation>
				</ref>
				<ref id="ref-00013">
				<mixed-citation>W3 Consortium: Web Content Accessibility Guidelines 1.0, 1999. Available at: http://www.w3.org/TR/WCAG10/. Visited: July 2008.</mixed-citation>
				</ref>
				<ref id="ref-00014">
				<mixed-citation>W3 Consortium: Web Content Accessibility Guidelines 2.0, 2008. Available at: http://www.w3.org/TR/WCAG20/. Visited: July 2008.</mixed-citation>
				</ref>
				<ref id="ref-00015">
				<mixed-citation>WAB Cluster: The EU Web Accessibility Benchmarking Cluster; Evaluation and Benchmarking of Accessibility. Available at: http://www.wabcluster.org/. Visited: September 2008.</mixed-citation>
				</ref>
				<ref id="ref-00016">
				<mixed-citation>WAVE 4.0 - Web accessibility evaluation tool. Available at: http://wave.webaim.org/. Visited: January 2009.</mixed-citation>
				</ref>
				<ref id="ref-00017">
				<mixed-citation>Web Accessibility Benchmarking Cluster: D-WAB2 unified web evaluation methodology (UWEM 0.5), 2005. Available at: http://www.wabcluster.org/uwem05/. Visited: September 2008.</mixed-citation>
				</ref>
				<ref id="ref-00018">
				<mixed-citation>Web Accessibility Benchmarking Cluster: D-WAB4 unified web evaluation methodology (UWEM 1.0), 2006. Available at: http://www.wabcluster.org/uwem1/. Visited: September 2008.</mixed-citation>
				</ref>
				<ref id="ref-00019">
				<mixed-citation>Zeng, X. <italic toggle="yes">Evaluation and Enhancement of Web Content Accessibility for Persons with Disabilities</italic>. Ph.D. thesis, University of Pittsburgh, PA, 2004.</mixed-citation>
				</ref>
			</ref-list>
</back>
</book-part>
</book-part-wrapper>
