<?xml version="1.0" encoding="UTF-8"?>
<!DOCTYPE book-part-wrapper PUBLIC "-//NLM//DTD BITS Book Interchange DTD with OASIS and XHTML Tables v2.0 20151225//EN" "BITS-book-oasis2.dtd">
<book-part-wrapper xmlns:xlink="http://www.w3.org/1999/xlink" xmlns:mml="http://www.w3.org/1998/Math/MathML" xmlns:oasis="http://www.niso.org/standards/z39-96/ns/oasis-exchange/table" xmlns:xi="http://www.w3.org/2001/XInclude" xmlns:xsi="http://www.w3.org/2001/XMLSchema-instance" dtd-version="2.0" xml:lang="en" content-type="research-article">
<collection-meta collection-type="book-series">
    <collection-id collection-id-type="doi">10.1145/acmotherconferences</collection-id>
    <title-group>
        <title>ACM Other Conferences</title>
    </title-group>
</collection-meta>
	<book-meta>
		<book-id book-id-type="acm-id">1535654</book-id>
		<book-id book-id-type="doi">10.1145/1535654</book-id>
		<book-title-group>
			<book-title>Proceedings of the 2009 International Cross-Disciplinary Conference on Web Accessibililty (W4A)</book-title>
			<alt-title alt-title-type="acronym">W4A '09</alt-title>
		</book-title-group>
	</book-meta>
	<book-part xmlns:ali="http://www.niso.org/schemas/ali/1.0/" book-part-type="chapter" xml:lang="en">
		<book-part-meta>
			<book-part-id book-part-id-type="acm-id">1535661</book-part-id>
			<book-part-id book-part-id-type="doi">10.1145/1535654.1535661</book-part-id>
	<subj-group subj-group-type="ccs2012">
		<compound-subject>
			<compound-subject-part content-type="code">10003456.10010927.10003616</compound-subject-part>
			<compound-subject-part content-type="text">Social and professional topics~User characteristics~People with disabilities</compound-subject-part>
			<compound-subject-part content-type="weight">500</compound-subject-part>
		</compound-subject>
		<compound-subject>
			<compound-subject-part content-type="code">10003456.10003457.10003580.10003587</compound-subject-part>
			<compound-subject-part content-type="text">Social and professional topics~Professional topics~Computing profession~Assistive technologies</compound-subject-part>
			<compound-subject-part content-type="weight">500</compound-subject-part>
		</compound-subject>
		<compound-subject>
			<compound-subject-part content-type="code">10003456.10010927.10003616</compound-subject-part>
			<compound-subject-part content-type="text">Social and professional topics~User characteristics~People with disabilities</compound-subject-part>
			<compound-subject-part content-type="weight">100</compound-subject-part>
		</compound-subject>
		<compound-subject>
			<compound-subject-part content-type="code">10003456.10003457.10003580.10003587</compound-subject-part>
			<compound-subject-part content-type="text">Social and professional topics~Professional topics~Computing profession~Assistive technologies</compound-subject-part>
			<compound-subject-part content-type="weight">100</compound-subject-part>
		</compound-subject>
	</subj-group>
			<title-group>
				<title>Hera-FFX</title>
				<subtitle>a Firefox add-on for semi-automatic web accessibility evaluation</subtitle>
			</title-group>
<contrib-group>
   <contrib contrib-type="author" id="artseq-00001">
       <contrib-id contrib-id-type="person_id" authenticated="false">P1446984</contrib-id><contrib-id contrib-id-type="profile_id" authenticated="false">81100095419</contrib-id>
       <name name-style="western">
           <surname>Fuertes</surname>
           <given-names>José L.</given-names>
       </name>
	<aff>Technical University of Madrid, Madrid, Spain</aff><aff><institution-wrap><institution-id institution-id-type="profile_id">60028442</institution-id></institution-wrap></aff>
	<role>Author</role>
   </contrib>
   <contrib contrib-type="author" id="artseq-00002">
       <contrib-id contrib-id-type="person_id" authenticated="false">P1446985</contrib-id><contrib-id contrib-id-type="profile_id" authenticated="false">81542189656</contrib-id>
       <name name-style="western">
           <surname>González</surname>
           <given-names>Ricardo</given-names>
       </name>
	<aff>Technical University of Madrid, Madrid, Spain</aff><aff><institution-wrap><institution-id institution-id-type="profile_id">60028442</institution-id></institution-wrap></aff>
	<role>Author</role>
   </contrib>
   <contrib contrib-type="author" id="artseq-00003">
       <contrib-id contrib-id-type="person_id" authenticated="false">P1446986</contrib-id><contrib-id contrib-id-type="profile_id" authenticated="false">81421600398</contrib-id>
       <name name-style="western">
           <surname>Gutiérrez</surname>
           <given-names>Emmanuelle</given-names>
       </name>
	<aff>Sidar Foundation, Madrid, Spain</aff>
	<role>Author</role>
   </contrib>
   <contrib contrib-type="author" id="artseq-00004">
       <contrib-id contrib-id-type="person_id" authenticated="false">P1446987</contrib-id><contrib-id contrib-id-type="profile_id" authenticated="false">81100018853</contrib-id>
       <name name-style="western">
           <surname>Martínez</surname>
           <given-names>Loïc</given-names>
       </name>
	<aff>Technical University of Madrid, Madrid, Spain</aff><aff><institution-wrap><institution-id institution-id-type="profile_id">60028442</institution-id></institution-wrap></aff>
	<role>Author</role>
   </contrib>
</contrib-group>
   <pub-date date-type="publication">
   <day>20</day>
   <month>04</month>
   <year>2009</year>
   </pub-date>
				<fpage>26</fpage>
				<lpage>35</lpage>
		<permissions>
			<copyright-year>2009</copyright-year>
			<copyright-holder>ACM</copyright-holder>
			<license license-type="acmcopyright">
			<license-p>Permission to make digital or hard copies of all or part of this work for personal or classroom use is granted without fee provided that copies are not made or distributed for profit or commercial advantage and that copies bear this notice and the full citation on the first page. Copyrights for components of this work owned by others than ACM must be honored. Abstracting with credit is permitted. To copy otherwise, or republish, to post on servers or to redistribute to lists, requires prior specific permission and/or a fee. Request permissions from Permissions@acm.org</license-p>
			</license>
		</permissions>
		<self-uri content-type="pdf" xlink:href="1535654.1535661.pdf" />
	<abstract>
		<p>Website accessibility evaluation is a complex task requiring a combination of human expertise and software support. There are several online and offline tools to support the manual web accessibility evaluation process. However, they all have some weaknesses because none of them includes all the desired features. In this paper we present Hera-FFX, an add-on for the Firefox web browser that supports semi-automatic web accessibility evaluation.</p>
	</abstract>
<kwd-group>
<kwd>accessibility evaluation</kwd>
<kwd>evaluation tools</kwd>
<kwd>web accessibility</kwd>
</kwd-group>
<funding-group specific-use="FundRef">
	<award-group id="award1">
		<funding-source id="GS1">
			<institution-wrap>
			<institution>Technical University of Madrid and Madrid's Regional Government</institution>
			</institution-wrap>
		</funding-source>
		<award-id rid="GS1">CCG06-UPM/INF-388</award-id>
	</award-group>
</funding-group>
		</book-part-meta>
		
	<back>
<ref-list specific-use="unparsed">
				<ref id="ref-00001">
				<mixed-citation>Benavídez, C., Fuertes, J. L., Gutiérrez, E., and Martínez, L. 2006. Semi-Automatic Evaluation of Web Accessibility with HERA 2.0. Lecture Notes in Computer Science 4061 (July 2006), 199--206. <pub-id pub-id-type="doi" xlink:href="10.1007/11788713_30" assigning-authority="crossref">10.1007/11788713_30</pub-id> <pub-id pub-id-type="doi" xlink:href="10.1007/11788713_30" /></mixed-citation>
				</ref>
				<ref id="ref-00002">
				<mixed-citation>Benavídez, C.; Fuertes, J. L.; Gutiérrez, E.; and Martínez, L. 2006. Teaching Web Accessibility with "Contramano" and Hera. Lecture Notes in Computer Science 4061 (July 2006), 341--348. <pub-id pub-id-type="doi" xlink:href="10.1007/11788713_51" assigning-authority="crossref">10.1007/11788713_51</pub-id> <pub-id pub-id-type="doi" xlink:href="10.1007/11788713_51" /></mixed-citation>
				</ref>
				<ref id="ref-00003">
				<mixed-citation>Brajnik, G. 2004. Comparing accessibility evaluation tools: a method for tool effectiveness. Universal Access in the Information Society. 3(3--4), Springer Verlag, pp. 252--263. <pub-id pub-id-type="doi" xlink:href="10.1007/s10209-004-0105-y" assigning-authority="crossref">10.1007/s10209-004-0105-y</pub-id> <pub-id pub-id-type="doi" xlink:href="10.5555/1028177.1028187" /></mixed-citation>
				</ref>
				<ref id="ref-00004">
				<mixed-citation>Caldwell, B., Cooper, M., Reid, L. G., and Vanderheiden, G. (eds). 2008. Web Content Accessibility Guidelines 2.0. World Wide Web Consortium Recommendation (December 2008). http://www.w3.org/TR/WCAG20/.</mixed-citation>
				</ref>
				<ref id="ref-00005">
				<mixed-citation>Chisholm, W., Vanderheiden, G., and Jacobs, I. (eds.) Web Content Accessibility Guidelines 1.0. World Wide Web Consortium Recommendation (May 1999). http://www.w3.org/TR/WCAG10.</mixed-citation>
				</ref>
				<ref id="ref-00006">
				<mixed-citation>Education and Outreach Working Group. 2006. Evaluating Web Sites for Accessibility: Overview. World Wide Web Consortium. http://www.w3.org/WAI/eval.</mixed-citation>
				</ref>
				<ref id="ref-00007">
				<mixed-citation>Mozilla. 2008. Firefox web browser. http://www.mozilla.com/en-US/firefox/.</mixed-citation>
				</ref>
				<ref id="ref-00008">
				<mixed-citation>Sidar Foundation. 2003. Hera tool Version 1.0 http://www.sidar.org/ex_hera/index.php.en.</mixed-citation>
				</ref>
				<ref id="ref-00009">
				<mixed-citation>Sidar Foundation. 2005. Hera 2.0: Accessibility testing with style. URL= http://www.sidar.org/hera/index.php.en.</mixed-citation>
				</ref>
				<ref id="ref-00010">
				<mixed-citation>Sidar Foundation. 2008. Fundación Sidar - Acceso Universal, Seminario SIDAR (in Spanish). http://www.sidar.org/.</mixed-citation>
				</ref>
				<ref id="ref-00011">
				<mixed-citation>Slatin, J. M. and Rush, S. 2003. Maximum Accessibility: Making Your Web Site More Usable for Everyone. Addison Wesley Professional, Boston. <pub-id pub-id-type="doi" xlink:href="10.5555/560695" /></mixed-citation>
				</ref>
				<ref id="ref-00012">
				<mixed-citation>Spanish Association for Standardization. 2004. Computer applications for people with disabilities. Web content accessibility requirements. Spanish standard UNE 139803:2004. Madrid: AENOR (in Spanish).</mixed-citation>
				</ref>
				<ref id="ref-00013">
				<mixed-citation>W3C. 2006. Web Accessibility Evaluation Tools: Overview. Web Accessibility Initiative, World Wide Web Consortium. http://www.w3.org/WAI/ER/tools/.</mixed-citation>
				</ref>
				<ref id="ref-00014">
				<mixed-citation>W3C. 2008. Complete List of Web Accessibility Evaluation Tools. http://www.w3.org/WAI/ER/tools/complete</mixed-citation>
				</ref>
				<ref id="ref-00015">
				<mixed-citation>W3C. 2008. EARL Overview. http://www.w3.org/WAI/intro/earl.php</mixed-citation>
				</ref>
				<ref id="ref-00016">
				<mixed-citation>W3C. 2008. Selecting Web Accessibility Evaluation Tools. Draft. http://www.w3.org/WAI/eval/selectingtools.html</mixed-citation>
				</ref>
			</ref-list>
</back>
</book-part>
</book-part-wrapper>
