<?xml version="1.0" encoding="UTF-8"?>
<!DOCTYPE book-part-wrapper PUBLIC "-//NLM//DTD BITS Book Interchange DTD with OASIS and XHTML Tables v2.0 20151225//EN" "BITS-book-oasis2.dtd">
<book-part-wrapper xmlns:xlink="http://www.w3.org/1999/xlink" xmlns:mml="http://www.w3.org/1998/Math/MathML" xmlns:oasis="http://www.niso.org/standards/z39-96/ns/oasis-exchange/table" xmlns:xi="http://www.w3.org/2001/XInclude" xmlns:xsi="http://www.w3.org/2001/XMLSchema-instance" dtd-version="2.0" xml:lang="en" content-type="keynote">
<collection-meta collection-type="book-series">
    <collection-id collection-id-type="doi">10.1145/acmotherconferences</collection-id>
    <title-group>
        <title>ACM Other Conferences</title>
    </title-group>
</collection-meta>
	<book-meta>
		<book-id book-id-type="acm-id">1535654</book-id>
		<book-id book-id-type="doi">10.1145/1535654</book-id>
		<book-title-group>
			<book-title>Proceedings of the 2009 International Cross-Disciplinary Conference on Web Accessibililty (W4A)</book-title>
			<alt-title alt-title-type="acronym">W4A '09</alt-title>
		</book-title-group>
	</book-meta>
	<book-part xmlns:ali="http://www.niso.org/schemas/ali/1.0/" book-part-type="chapter" xml:lang="en">
		<book-part-meta>
			<book-part-id book-part-id-type="acm-id">1535656</book-part-id>
			<book-part-id book-part-id-type="doi">10.1145/1535654.1535656</book-part-id>
	<subj-group subj-group-type="ccs2012">
		<compound-subject>
			<compound-subject-part content-type="code">10003120.10003123.10010860.10010859</compound-subject-part>
			<compound-subject-part content-type="text">Human-centered computing~Interaction design~Interaction design process and methods~User centered design</compound-subject-part>
			<compound-subject-part content-type="weight">500</compound-subject-part>
		</compound-subject>
		<compound-subject>
			<compound-subject-part content-type="code">10010405.10010497.10010510.10010515</compound-subject-part>
			<compound-subject-part content-type="text">Applied computing~Document management and text processing~Document preparation~Multi / mixed media creation</compound-subject-part>
			<compound-subject-part content-type="weight">100</compound-subject-part>
		</compound-subject>
		<compound-subject>
			<compound-subject-part content-type="code">10003120.10003121.10003124.10003254</compound-subject-part>
			<compound-subject-part content-type="text">Human-centered computing~Human computer interaction (HCI)~Interaction paradigms~Hypertext / hypermedia</compound-subject-part>
			<compound-subject-part content-type="weight">100</compound-subject-part>
		</compound-subject>
		<compound-subject>
			<compound-subject-part content-type="code">10003456.10010927.10003616</compound-subject-part>
			<compound-subject-part content-type="text">Social and professional topics~User characteristics~People with disabilities</compound-subject-part>
			<compound-subject-part content-type="weight">100</compound-subject-part>
		</compound-subject>
		<compound-subject>
			<compound-subject-part content-type="code">10003456.10003457.10003580.10003587</compound-subject-part>
			<compound-subject-part content-type="text">Social and professional topics~Professional topics~Computing profession~Assistive technologies</compound-subject-part>
			<compound-subject-part content-type="weight">100</compound-subject-part>
		</compound-subject>
	</subj-group>
			<title-group>
				<title>The third age web</title>
				<subtitle>empathic design achieved through persona development &amp; storytelling (keynote)</subtitle>
			</title-group>
<contrib-group>
   <contrib contrib-type="author" id="artseq-00001">
       <contrib-id contrib-id-type="person_id" authenticated="false">P1446977</contrib-id><contrib-id contrib-id-type="profile_id" authenticated="false">81100552594</contrib-id>
       <name name-style="western">
           <surname>Paciello</surname>
           <given-names>Mike</given-names>
       </name>
	<aff>The Paciello Group, Nashua</aff><aff><institution-wrap><institution-id institution-id-type="profile_id">60118285</institution-id></institution-wrap></aff>
	<role>Author</role>
   </contrib>
</contrib-group>
   <pub-date date-type="publication">
   <day>20</day>
   <month>04</month>
   <year>2009</year>
   </pub-date>
				<fpage>66</fpage>
				<lpage>66</lpage>
		<permissions>
			<copyright-year>2009</copyright-year>
			<copyright-holder>ACM</copyright-holder>
			<license license-type="acmcopyright">
			<license-p>Permission to make digital or hard copies of all or part of this work for personal or classroom use is granted without fee provided that copies are not made or distributed for profit or commercial advantage and that copies bear this notice and the full citation on the first page. Copyrights for components of this work owned by others than ACM must be honored. Abstracting with credit is permitted. To copy otherwise, or republish, to post on servers or to redistribute to lists, requires prior specific permission and/or a fee. Request permissions from Permissions@acm.org</license-p>
			</license>
		</permissions>
	<abstract>
		<p>The Third Age Web - a usable Web designed to accommodate older adults - embraces the principles of user centered design; that is, a world wide web that is engaging, interactive, easy-to-use, navigable and otherwise relevant to the information &amp; communication technology needs of Third Age users.</p> <p>Really, though, who and what are older adults? Is it possible to clearly characterize, classify, and precisely catalog their user needs? If so, how? Once we've learned how, can we transfer findings to the web to ensure contextual, functional and meaningful user interaction?</p> <p>This presentation proposes a design process that accentuates the Web Accessibility Initiative's (WAI) creation of user personas in the world of individuals with disabilities and complements it through the growing phenomena of storytelling.</p>
	</abstract>
<kwd-group>
<kwd>World Wide Web</kwd>
<kwd>accessibility</kwd>
<kwd>ageing</kwd>
<kwd>design processes</kwd>
<kwd>disability</kwd>
<kwd>impairment</kwd>
<kwd>older people</kwd>
<kwd>personas</kwd>
<kwd>storytelling</kwd>
<kwd>usability</kwd>
</kwd-group>
		</book-part-meta>
	</book-part>
</book-part-wrapper>
