<?xml version="1.0" encoding="UTF-8"?>
<!DOCTYPE book-part-wrapper PUBLIC "-//NLM//DTD BITS Book Interchange DTD with OASIS and XHTML Tables v2.0 20151225//EN" "BITS-book-oasis2.dtd">
<book-part-wrapper xmlns:xlink="http://www.w3.org/1999/xlink" xmlns:mml="http://www.w3.org/1998/Math/MathML" xmlns:oasis="http://www.niso.org/standards/z39-96/ns/oasis-exchange/table" xmlns:xi="http://www.w3.org/2001/XInclude" xmlns:xsi="http://www.w3.org/2001/XMLSchema-instance" dtd-version="2.0" xml:lang="en" content-type="research-article">
<collection-meta collection-type="book-series">
    <collection-id collection-id-type="doi">10.1145/acmotherconferences</collection-id>
    <title-group>
        <title>ACM Other Conferences</title>
    </title-group>
</collection-meta>
	<book-meta>
		<book-id book-id-type="acm-id">1535654</book-id>
		<book-id book-id-type="doi">10.1145/1535654</book-id>
		<book-title-group>
			<book-title>Proceedings of the 2009 International Cross-Disciplinary Conference on Web Accessibililty (W4A)</book-title>
			<alt-title alt-title-type="acronym">W4A '09</alt-title>
		</book-title-group>
	</book-meta>
	<book-part xmlns:ali="http://www.niso.org/schemas/ali/1.0/" book-part-type="chapter" xml:lang="en">
		<book-part-meta>
			<book-part-id book-part-id-type="acm-id">1535662</book-part-id>
			<book-part-id book-part-id-type="doi">10.1145/1535654.1535662</book-part-id>
	<subj-group subj-group-type="ccs2012">
		<compound-subject>
			<compound-subject-part content-type="code">10003120.10003121</compound-subject-part>
			<compound-subject-part content-type="text">Human-centered computing~Human computer interaction (HCI)</compound-subject-part>
			<compound-subject-part content-type="weight">500</compound-subject-part>
		</compound-subject>
		<compound-subject>
			<compound-subject-part content-type="code">10003120.10003121</compound-subject-part>
			<compound-subject-part content-type="text">Human-centered computing~Human computer interaction (HCI)</compound-subject-part>
			<compound-subject-part content-type="weight">100</compound-subject-part>
		</compound-subject>
		<compound-subject>
			<compound-subject-part content-type="code">10010405.10010497.10010510.10010515</compound-subject-part>
			<compound-subject-part content-type="text">Applied computing~Document management and text processing~Document preparation~Multi / mixed media creation</compound-subject-part>
			<compound-subject-part content-type="weight">100</compound-subject-part>
		</compound-subject>
		<compound-subject>
			<compound-subject-part content-type="code">10003456</compound-subject-part>
			<compound-subject-part content-type="text">Social and professional topics</compound-subject-part>
			<compound-subject-part content-type="weight">100</compound-subject-part>
		</compound-subject>
		<compound-subject>
			<compound-subject-part content-type="code">10003120.10003121.10003124.10003254</compound-subject-part>
			<compound-subject-part content-type="text">Human-centered computing~Human computer interaction (HCI)~Interaction paradigms~Hypertext / hypermedia</compound-subject-part>
			<compound-subject-part content-type="weight">100</compound-subject-part>
		</compound-subject>
	</subj-group>
			<title-group>
				<title>Transition of accessibility evaluation tools to new standards</title>
			</title-group>
<contrib-group>
   <contrib contrib-type="author" id="artseq-00001">
       <contrib-id contrib-id-type="person_id" authenticated="false">P1446988</contrib-id><contrib-id contrib-id-type="profile_id" authenticated="false">81351606800</contrib-id>
       <name name-style="western">
           <surname>Aizpurua</surname>
           <given-names>Amaia</given-names>
       </name>
	<aff>University of the Basque Country, Donostia, Spain</aff><aff><institution-wrap><institution-id institution-id-type="profile_id">60027856</institution-id></institution-wrap></aff>
	<role>Author</role>
   </contrib>
   <contrib contrib-type="author" id="artseq-00002">
       <contrib-id contrib-id-type="person_id" authenticated="false">P1446989</contrib-id><contrib-id contrib-id-type="profile_id" authenticated="false">81100414654</contrib-id>
       <name name-style="western">
           <surname>Arrue</surname>
           <given-names>Myriam</given-names>
       </name>
	<aff>University of the Basque Country, Donostia, Spain</aff><aff><institution-wrap><institution-id institution-id-type="profile_id">60027856</institution-id></institution-wrap></aff>
	<role>Author</role>
   </contrib>
   <contrib contrib-type="author" id="artseq-00003">
       <contrib-id contrib-id-type="person_id" authenticated="false">P1446990</contrib-id><contrib-id contrib-id-type="profile_id" authenticated="false">81329492781</contrib-id>
       <name name-style="western">
           <surname>Vigo</surname>
           <given-names>Markel</given-names>
       </name>
	<aff>University of the Basque Country, Donostia, Spain</aff><aff><institution-wrap><institution-id institution-id-type="profile_id">60027856</institution-id></institution-wrap></aff>
	<role>Author</role>
   </contrib>
   <contrib contrib-type="author" id="artseq-00004">
       <contrib-id contrib-id-type="person_id" authenticated="false">P1446991</contrib-id><contrib-id contrib-id-type="profile_id" authenticated="false">81100255566</contrib-id>
       <name name-style="western">
           <surname>Abascal</surname>
           <given-names>Julio</given-names>
       </name>
	<aff>University of the Basque Country, Donostia, Spain</aff><aff><institution-wrap><institution-id institution-id-type="profile_id">60027856</institution-id></institution-wrap></aff>
	<role>Author</role>
   </contrib>
</contrib-group>
   <pub-date date-type="publication">
   <day>20</day>
   <month>04</month>
   <year>2009</year>
   </pub-date>
				<fpage>36</fpage>
				<lpage>44</lpage>
		<permissions>
			<copyright-year>2009</copyright-year>
			<copyright-holder>ACM</copyright-holder>
			<license license-type="acmcopyright">
			<license-p>Permission to make digital or hard copies of all or part of this work for personal or classroom use is granted without fee provided that copies are not made or distributed for profit or commercial advantage and that copies bear this notice and the full citation on the first page. Copyrights for components of this work owned by others than ACM must be honored. Abstracting with credit is permitted. To copy otherwise, or republish, to post on servers or to redistribute to lists, requires prior specific permission and/or a fee. Request permissions from Permissions@acm.org</license-p>
			</license>
		</permissions>
		<self-uri content-type="pdf" xlink:href="1535654.1535662.pdf" />
	<abstract>
		<p>While automatic tools are not intended to replace human judgement they are crucial in order to develop accessible web sites. The release of WCAG 2.0 entails that the existing plethora of accessibility review tools will have to be updated. This paper presents an evaluation framework for making the transition from WCAG 1.0 to WCAG 2.0 in a less painful way. A framework is thus proposed that allows developers to create new guidelines, and update or reuse the existing ones. A case study to test its feasibility has been carried out by incorporating WCAG 2.0 guidelines into the framework. The results are satisfactory, since 55% of the automatic and 16% of the semi-automatic ones could be expressed using the framework. Therefore, it is demonstrated that even if the framework does not fully support the transition process, at least it makes it less burdensome. Moreover, by analyzing WCAG 2.0 we have learnt how to extend the existing tools in order to provide greater coverage and thus increase their effectiveness.</p>
	</abstract>
<kwd-group>
<kwd>automatic evaluation</kwd>
<kwd>guidelines</kwd>
<kwd>web accessibility</kwd>
</kwd-group>
		</book-part-meta>
		
	<back>
<ref-list specific-use="unparsed">
				<ref id="ref-00001">
				<mixed-citation>Chisholm, W., Vanderheiden, G., and Jacobs, I. (Eds.). (1999, May 5). Web Content Accessibility Guidelines 1.0. (W3C Recommendation). Available at http://www.w3.org/TR/WAI-WEBCONTENT/</mixed-citation>
				</ref>
				<ref id="ref-00002">
				<mixed-citation>Freed, G., Rothberg, M., and Wlodkowski, T. (2003). Making Educational Software and Web Sites Accessible. Available at http://ncam.wgbh.org/cdrom/guideline/</mixed-citation>
				</ref>
				<ref id="ref-00003">
				<mixed-citation>Kurniawan, S., and Zaphiris, P. (2005). Research-derived web design guidelines for older people. Proceedings of the ACM SIGACCESS Conference on Computers and Accessibility, ASSETS'05, 129--135. ACM Press. <pub-id pub-id-type="doi" xlink:href="10.1145/1090785.1090810" assigning-authority="crossref">10.1145/1090785.1090810</pub-id> <pub-id pub-id-type="doi" xlink:href="10.1145/1090785.1090810" /></mixed-citation>
				</ref>
				<ref id="ref-00004">
				<mixed-citation>Rabin, J., and McCathieNevile, C. (Eds.). (2008, July 29). Mobile Web Best Practices (W3C Recommendation). http://www.w3.org/TR/mobile-bp/</mixed-citation>
				</ref>
				<ref id="ref-00005">
				<mixed-citation>Caldwell, B., Cooper, M., Guarino Reid, L., and Vanderheiden, G. (Eds.). (2008, December 11). Web Content Accessibility Guidelines 2.0 (W3C Recommendation). Available at http://www.w3.org/TR/WCAG20/</mixed-citation>
				</ref>
				<ref id="ref-00006">
				<mixed-citation>Ivory, M. Y., and Hearst M. A. (2001). The state of art in automating usability evaluations of user interfaces. ACM Computing Surveys 33(4), 470--516. ACM Press. <pub-id pub-id-type="doi" xlink:href="10.1145/503112.503114" assigning-authority="crossref">10.1145/503112.503114</pub-id> <pub-id pub-id-type="doi" xlink:href="10.1145/503112.503114" /></mixed-citation>
				</ref>
				<ref id="ref-00007">
				<mixed-citation>Brajnik, G. (2004). Comparing accessibility evaluation tools: a method for tool effectiveness. Universal Access in the Information Society 3(3--4), 252--263. Springer. <pub-id pub-id-type="doi" xlink:href="10.1007/s10209-004-0105-y" assigning-authority="crossref">10.1007/s10209-004-0105-y</pub-id> <pub-id pub-id-type="doi" xlink:href="10.5555/1028177.1028187" /></mixed-citation>
				</ref>
				<ref id="ref-00008">
				<mixed-citation>Ivory, M. Y., Mankoff, J., and Le, A. (2003). Using Automated Tools to Improve Web Site Usage by Users with Diverse Abilities. Information Technology and Society 1(3), 195--236. SIQSS.</mixed-citation>
				</ref>
				<ref id="ref-00009">
				<mixed-citation>Brajnik, G. (2000). Automatic web usability evaluation: what needs to be done? In Proceedings of the 6th Human Factors and the Web Conference.</mixed-citation>
				</ref>
				<ref id="ref-00010">
				<mixed-citation>Abou-Zahra, S. (Ed.). (2006). Selecting Web Accessibility Evaluation Tools. Available at http://www.w3.org/WAI/eval/selectingtools</mixed-citation>
				</ref>
				<ref id="ref-00011">
				<mixed-citation>Xiong, J., Farenc, C., and Winckler, M. (2007). Analyzing Tool Support for Inspecting Accessibility Guidelines During the Development Process of Web Sites. WISE Workshops 2007. LNCS 4832, 470--480. Springer. <pub-id pub-id-type="doi" xlink:href="10.5555/1781503.1781555" /></mixed-citation>
				</ref>
				<ref id="ref-00012">
				<mixed-citation>Brinck, T., Hermann, D., Minnebo, B., and Hakim, A. (2002). AccessEnable: A Tool for Evaluating Compliance with Accessibility Standards. In Automatically Evaluating the Usability of Web Sites, CHI'02 Workshop.</mixed-citation>
				</ref>
				<ref id="ref-00013">
				<mixed-citation>Beirekdar, A., Vanderdonckt, J., and Noirhomme-Fraiture, M. (2002). KWARESMI - Knowledge-based Web Automated Evaluation with Reconfigurable Guidelines Optimization. In Proceedings of 9th International Workshop on Design, Specification, and Verification of Interactive Systems DSV-IS 2002. 362--376.</mixed-citation>
				</ref>
				<ref id="ref-00014">
				<mixed-citation>Beirekdar, A., Vanderdonckt, J., and Noirhomme-Fraiture, M. (2002). A Framework and a Language for Usability Automatic Evaluation of Web Sites by Static Analysis of HTML Source Code. Chapter 29, Conference on Computer-Aided Design of User Interfaces, CADUI'02, 337--348. Kluwer.</mixed-citation>
				</ref>
				<ref id="ref-00015">
				<mixed-citation>Vanderdonckt, J., and Bereikdar, A. (2005). Automated Web Evaluation by Guideline Review. Journal of Web Engineering. Rinton Press 4(2), 102--117. Rinton Press. <pub-id pub-id-type="doi" xlink:href="10.5555/2011166.2011168" /></mixed-citation>
				</ref>
				<ref id="ref-00016">
				<mixed-citation>Leporini, B., Paternò, F., and Scorcia, A. (2006). Flexible tool support for accessibility evaluation. Interacting with Computers 18(5), 869--890. Elsevier. <pub-id pub-id-type="doi" xlink:href="10.1016/j.intcom.2006.03.001" assigning-authority="crossref">10.1016/j.intcom.2006.03.001</pub-id> <pub-id pub-id-type="doi" xlink:href="10.1016/j.intcom.2006.03.001" /></mixed-citation>
				</ref>
				<ref id="ref-00017">
				<mixed-citation>Abascal, J., Arrue, M., Fajardo, I., Garay, N., and Tomás, J. (2004). Use of Guidelines to automatically verify web accessibility. Universal Access in the Information Society 3(1), 71--79. Springer. <pub-id pub-id-type="doi" xlink:href="10.1007/s10209-003-0069-3" assigning-authority="crossref">10.1007/s10209-003-0069-3</pub-id> <pub-id pub-id-type="doi" xlink:href="10.1007/s10209-003-0069-3" /></mixed-citation>
				</ref>
				<ref id="ref-00018">
				<mixed-citation>Arrue, M., Vigo, M., and Abascal, J. (2008). Including Heterogeneous Web Accessibility Guidelines in the Development Process. Engineering Interactive Systems, EIS'07. LNCS 4940, 620--37. Springer. <pub-id pub-id-type="doi" xlink:href="10.1007/978-3-540-92698-6_37" assigning-authority="crossref">10.1007/978-3-540-92698-6_37</pub-id> <pub-id pub-id-type="doi" xlink:href="10.1007/978-3-540-92698-6_37" /></mixed-citation>
				</ref>
				<ref id="ref-00019">
				<mixed-citation>Takata, Y., Nakamura, T., and Seki, H. (2004). Accessibility Verification of WWW Documents by an Automatic Guideline Verification Tool. Proceedings of the 37th Hawaii International Conference on System Sciences. <pub-id pub-id-type="doi" xlink:href="10.5555/962752.962940" /></mixed-citation>
				</ref>
				<ref id="ref-00020">
				<mixed-citation>Luque, V., Delgado, C., Gaedke, M., and Nussbaumer, M. (2005). WCAG Formalization with W3C Techniques. Web Engineering. LNCS 3579, 615--617. Springer. <pub-id pub-id-type="doi" xlink:href="10.1007/11531371_84" assigning-authority="crossref">10.1007/11531371_84</pub-id> <pub-id pub-id-type="doi" xlink:href="10.1007/11531371_84" /></mixed-citation>
				</ref>
				<ref id="ref-00021">
				<mixed-citation>Vanderdonckt, J. (1999). Development milestones towards a tool for working with guidelines. Interacting with Computers 12(2), 81--118. Elsevier.</mixed-citation>
				</ref>
				<ref id="ref-00022">
				<mixed-citation>Abascal, J., and Nicolle, C. (2001). Why Inclusive Design Guidelines? In J. Abascal, C. Nicolle (Eds.), Inclusive Design Guidelines for HCI, Chapter 1, 3--13. Taylor &amp; Francis.</mixed-citation>
				</ref>
				<ref id="ref-00023">
				<mixed-citation>Mariage, C., Vanderdonckt, J., and Pribeanu, C. (2005). State of the Art of Web Usability Guidelines. In Proctor, R. and Vu, K. (Eds.). The Handbook of Human Factors in Web Design, Chapter 38, 688--700. Lawrence Erlbaum.</mixed-citation>
				</ref>
				<ref id="ref-00024">
				<mixed-citation>IBM Accessibility Center: Developer guidelines for Web Accessibility. Available at http://www-306.ibm.com/able/guidelines/web/accessweb.html</mixed-citation>
				</ref>
				<ref id="ref-00025">
				<mixed-citation>Grammenos, D., Akoumianakis, D., and Stephanidis, C (2000). Integrated support for working with guidelines: the Sherlock guideline management system. Interacting with Computers 12(3), 281--311. Elsevier.</mixed-citation>
				</ref>
				<ref id="ref-00026">
				<mixed-citation>Leporini, B., Paternò, F., and Scorcia, A. (2006). An Environment for Defining and Handling Guidelines for the Web. ICCHP'06. LNCS 4061, 176--183. Springer. <pub-id pub-id-type="doi" xlink:href="10.1007/11788713_27" assigning-authority="crossref">10.1007/11788713_27</pub-id> <pub-id pub-id-type="doi" xlink:href="10.1007/11788713_27" /></mixed-citation>
				</ref>
			</ref-list>
</back>
</book-part>
</book-part-wrapper>
