<?xml version="1.0" encoding="UTF-8"?>
<!DOCTYPE book-part-wrapper PUBLIC "-//NLM//DTD BITS Book Interchange DTD with OASIS and XHTML Tables v2.0 20151225//EN" "BITS-book-oasis2.dtd">
<book-part-wrapper xmlns:xlink="http://www.w3.org/1999/xlink" xmlns:mml="http://www.w3.org/1998/Math/MathML" xmlns:oasis="http://www.niso.org/standards/z39-96/ns/oasis-exchange/table" xmlns:xi="http://www.w3.org/2001/XInclude" xmlns:xsi="http://www.w3.org/2001/XMLSchema-instance" dtd-version="2.0" xml:lang="en" content-type="research-article">
<collection-meta collection-type="book-series">
    <collection-id collection-id-type="doi">10.1145/acmotherconferences</collection-id>
    <title-group>
        <title>ACM Other Conferences</title>
    </title-group>
</collection-meta>
	<book-meta>
		<book-id book-id-type="acm-id">1535654</book-id>
		<book-id book-id-type="doi">10.1145/1535654</book-id>
		<book-title-group>
			<book-title>Proceedings of the 2009 International Cross-Disciplinary Conference on Web Accessibililty (W4A)</book-title>
			<alt-title alt-title-type="acronym">W4A '09</alt-title>
		</book-title-group>
	</book-meta>
	<book-part xmlns:ali="http://www.niso.org/schemas/ali/1.0/" book-part-type="chapter" xml:lang="en">
		<book-part-meta>
			<book-part-id book-part-id-type="acm-id">1535671</book-part-id>
			<book-part-id book-part-id-type="doi">10.1145/1535654.1535671</book-part-id>
	<subj-group subj-group-type="ccs2012">
		<compound-subject>
			<compound-subject-part content-type="code">10011007.10011074.10011092.10011096</compound-subject-part>
			<compound-subject-part content-type="text">Software and its engineering~Software creation and management~Software development techniques~Reusability</compound-subject-part>
			<compound-subject-part content-type="weight">500</compound-subject-part>
		</compound-subject>
		<compound-subject>
			<compound-subject-part content-type="code">10003120.10003123.10011758</compound-subject-part>
			<compound-subject-part content-type="text">Human-centered computing~Interaction design~Interaction design theory, concepts and paradigms</compound-subject-part>
			<compound-subject-part content-type="weight">100</compound-subject-part>
		</compound-subject>
		<compound-subject>
			<compound-subject-part content-type="code">10003120.10003121.10003126</compound-subject-part>
			<compound-subject-part content-type="text">Human-centered computing~Human computer interaction (HCI)~HCI theory, concepts and models</compound-subject-part>
			<compound-subject-part content-type="weight">100</compound-subject-part>
		</compound-subject>
	</subj-group>
			<title-group>
				<title>Web presentation layer bootstrapping for accessibility and performance</title>
			</title-group>
<contrib-group>
   <contrib contrib-type="author" id="artseq-00001">
       <contrib-id contrib-id-type="person_id" authenticated="false">P1447009</contrib-id><contrib-id contrib-id-type="profile_id" authenticated="false">99659414724</contrib-id>
       <name name-style="western">
           <surname>Hall</surname>
           <given-names>Clint Andrew</given-names>
       </name>
	<aff>Cerner Corporation, Kansas City, MO</aff><aff><institution-wrap><institution-id institution-id-type="profile_id">60006853</institution-id></institution-wrap></aff>
	<role>Author</role>
   </contrib>
</contrib-group>
   <pub-date date-type="publication">
   <day>20</day>
   <month>04</month>
   <year>2009</year>
   </pub-date>
				<fpage>67</fpage>
				<lpage>74</lpage>
		<permissions>
			<copyright-year>2009</copyright-year>
			<copyright-holder>ACM</copyright-holder>
			<license license-type="acmcopyright">
			<license-p>Permission to make digital or hard copies of all or part of this work for personal or classroom use is granted without fee provided that copies are not made or distributed for profit or commercial advantage and that copies bear this notice and the full citation on the first page. Copyrights for components of this work owned by others than ACM must be honored. Abstracting with credit is permitted. To copy otherwise, or republish, to post on servers or to redistribute to lists, requires prior specific permission and/or a fee. Request permissions from Permissions@acm.org</license-p>
			</license>
		</permissions>
		<self-uri content-type="pdf" xlink:href="1535654.1535671.pdf" />
	<abstract>
		<p>In websites today, most browser incompatibilities are overcome using detection by available client features or the user-agent. This logic is often baked into JavaScript libraries client-side to limit functionality, or clients are filtered server-side to redirect to alternate versions of the site. In this paper, I present a technique called the <italic toggle="yes">Web Bootstrapper</italic>, a technique that allows a developer to write a single site while still providing multiple experiences, or "skins," without altering source or running costly client-side code. It is a process by which an accurate collection of only those static resources and metadata necessary for a unique experience be delivered passively, by the most performant means possible. In further contrast to existing methodologies, this approach determines resources based on capability, form factor and platform by targeting and collecting the often-immutable attributes of the client, not specifically its identity or version. Bootstrapping allows for rule-based, externalized, server-side configuration, further promoting progressive enhancement and client performance.</p>
	</abstract>
<kwd-group>
<kwd>JavaScript</kwd>
<kwd>accessibility</kwd>
<kwd>cascading styleheets</kwd>
<kwd>performance</kwd>
<kwd>user interface</kwd>
<kwd>web</kwd>
<kwd>web browsers</kwd>
</kwd-group>
		</book-part-meta>
		
	<back>
<ref-list specific-use="unparsed">
				<ref id="ref-00001">
				<mixed-citation>WebAIM. Introduction to Web Accessibility http://www.webaim.org/intro/</mixed-citation>
				</ref>
				<ref id="ref-00002">
				<mixed-citation>The Web Standards Project (WASP). Manifesto -- The Web Standards Project http://www.webstandards.org/action/dstf/manifesto/</mixed-citation>
				</ref>
				<ref id="ref-00003">
				<mixed-citation>Yahoo, Inc. Yahoo! UI Library: Graded Browser Support http://developer.yahoo.com/yui/articles/gbs/</mixed-citation>
				</ref>
				<ref id="ref-00004">
				<mixed-citation>Wikipedia. Progressive Enhancement http://en.wikipedia.org/wiki/Progressive_enhancement</mixed-citation>
				</ref>
				<ref id="ref-00005">
				<mixed-citation>Gilzow, Paul. 2008 Javascript Frameworks. Interface: the Official Blog of Web Communications at the University of Missouri. http://interface.missouri.edu/2008/04/javascript-frameworks.php</mixed-citation>
				</ref>
				<ref id="ref-00006">
				<mixed-citation>Wikipedia. Bootstrapping http://en.wikipedia.org/wiki/Bootstrapping</mixed-citation>
				</ref>
				<ref id="ref-00007">
				<mixed-citation>Shea, Dave. css Zen Garden: The Beauty of CSS Design http://www.csszengarden.com/</mixed-citation>
				</ref>
				<ref id="ref-00008">
				<mixed-citation>W3C. 1999 HTML 4.01 Specification. Section 15: Alignment, font styles and horizontal rules in HTML documents. http://www.w3.org/TR/REC-html40/present/graphics.html</mixed-citation>
				</ref>
				<ref id="ref-00009">
				<mixed-citation>Koch, Peter Paul. The dangers of browser detects http://www.quirksmode.org/blog/archives/2006/08/the_dang_ers_of.html</mixed-citation>
				</ref>
				<ref id="ref-00010">
				<mixed-citation>jQuery http://www.jQuery.com/</mixed-citation>
				</ref>
				<ref id="ref-00011">
				<mixed-citation>Dojo http://www.dojotoolkit.org/</mixed-citation>
				</ref>
				<ref id="ref-00012">
				<mixed-citation>Prototype http://www.prototypejs.org/</mixed-citation>
				</ref>
				<ref id="ref-00013">
				<mixed-citation>jQuery. Browser Compatibility http://docs.jquery.com/Browser_Compatibility</mixed-citation>
				</ref>
				<ref id="ref-00014">
				<mixed-citation>Wikipedia. Mobile HTML Transcoders http://en.wikipedia.org/wiki/Mobile_browser-Mobile_HTML_transcoders</mixed-citation>
				</ref>
				<ref id="ref-00015">
				<mixed-citation>S. Harper, S. Bechofer, D. Lunn. SADIe: Transcoding based on CSS. In <italic toggle="yes">ASSETS'06, October 22--25, 2006, Portland, Oregon, USA</italic>. <pub-id pub-id-type="doi" xlink:href="10.1145/1168987.1169044" assigning-authority="crossref">10.1145/1168987.1169044</pub-id> <pub-id pub-id-type="doi" xlink:href="10.1145/1168987.1169044" /></mixed-citation>
				</ref>
				<ref id="ref-00016">
				<mixed-citation>Souders, Steve. http://www.stevesouders.com/</mixed-citation>
				</ref>
				<ref id="ref-00017">
				<mixed-citation>Souders, Steve. High Performance Web Sites http://stevesouders.com/hpws/rules.php <pub-id pub-id-type="doi" xlink:href="10.5555/1407488" /></mixed-citation>
				</ref>
				<ref id="ref-00018">
				<mixed-citation>Souders, Steve. High Performance Web Sites, Part 2 http://www.stevesouders.com/blog/2008/04/30/high-performance-web-sites-part-2/</mixed-citation>
				</ref>
				<ref id="ref-00019">
				<mixed-citation>Cuzillion. Help and about http://stevesouders.com/cuzillion/help.php</mixed-citation>
				</ref>
				<ref id="ref-00020">
				<mixed-citation>Thatcher, Jim. Web Accessibility -- Section 508 http://jimthatcher.com/webcourse1.htm</mixed-citation>
				</ref>
				<ref id="ref-00021">
				<mixed-citation>Google Analytics. http://www.google.com/analytics/</mixed-citation>
				</ref>
				<ref id="ref-00022">
				<mixed-citation>Souders, Steve. High Performance Websites, Rule 6, Sample 5. http://stevesouders.com/hpws/js-blocking.php <pub-id pub-id-type="doi" xlink:href="10.1145/1409360.1409374" assigning-authority="crossref">10.1145/1409360.1409374</pub-id> <pub-id pub-id-type="doi" xlink:href="10.1145/1409360.1409374" /></mixed-citation>
				</ref>
				<ref id="ref-00023">
				<mixed-citation>Apache Software. Jakarta Commons HttpClient http://hc.apache.org/httpclient-3.x/</mixed-citation>
				</ref>
				<ref id="ref-00024">
				<mixed-citation>JBoss. JBoss Drools http://www.jboss.org/drools/</mixed-citation>
				</ref>
				<ref id="ref-00025">
				<mixed-citation>Cerner Corporation. Cerner Demontrations https://www.cernerdemos.com</mixed-citation>
				</ref>
			</ref-list>
</back>
</book-part>
</book-part-wrapper>
