<?xml version="1.0" encoding="UTF-8"?>
<!DOCTYPE book-part-wrapper PUBLIC "-//NLM//DTD BITS Book Interchange DTD with OASIS and XHTML Tables v2.0 20151225//EN" "BITS-book-oasis2.dtd">
<book-part-wrapper xmlns:xlink="http://www.w3.org/1999/xlink" xmlns:mml="http://www.w3.org/1998/Math/MathML" xmlns:oasis="http://www.niso.org/standards/z39-96/ns/oasis-exchange/table" xmlns:xi="http://www.w3.org/2001/XInclude" xmlns:xsi="http://www.w3.org/2001/XMLSchema-instance" dtd-version="2.0" xml:lang="en" content-type="research-article">
<collection-meta collection-type="book-series">
    <collection-id collection-id-type="doi">10.1145/acmotherconferences</collection-id>
    <title-group>
        <title>ACM Other Conferences</title>
    </title-group>
</collection-meta>
	<book-meta>
		<book-id book-id-type="acm-id">1535654</book-id>
		<book-id book-id-type="doi">10.1145/1535654</book-id>
		<book-title-group>
			<book-title>Proceedings of the 2009 International Cross-Disciplinary Conference on Web Accessibililty (W4A)</book-title>
			<alt-title alt-title-type="acronym">W4A '09</alt-title>
		</book-title-group>
	</book-meta>
	<book-part xmlns:ali="http://www.niso.org/schemas/ali/1.0/" book-part-type="chapter" xml:lang="en">
		<book-part-meta>
			<book-part-id book-part-id-type="acm-id">1535688</book-part-id>
			<book-part-id book-part-id-type="doi">10.1145/1535654.1535688</book-part-id>
	<subj-group subj-group-type="ccs2012">
		<compound-subject>
			<compound-subject-part content-type="code">10003120.10003121</compound-subject-part>
			<compound-subject-part content-type="text">Human-centered computing~Human computer interaction (HCI)</compound-subject-part>
			<compound-subject-part content-type="weight">500</compound-subject-part>
		</compound-subject>
		<compound-subject>
			<compound-subject-part content-type="code">10010405.10010497.10010510.10010515</compound-subject-part>
			<compound-subject-part content-type="text">Applied computing~Document management and text processing~Document preparation~Multi / mixed media creation</compound-subject-part>
			<compound-subject-part content-type="weight">100</compound-subject-part>
		</compound-subject>
		<compound-subject>
			<compound-subject-part content-type="code">10003120.10003121.10003124.10003254</compound-subject-part>
			<compound-subject-part content-type="text">Human-centered computing~Human computer interaction (HCI)~Interaction paradigms~Hypertext / hypermedia</compound-subject-part>
			<compound-subject-part content-type="weight">100</compound-subject-part>
		</compound-subject>
		<compound-subject>
			<compound-subject-part content-type="code">10003456</compound-subject-part>
			<compound-subject-part content-type="text">Social and professional topics</compound-subject-part>
			<compound-subject-part content-type="weight">100</compound-subject-part>
		</compound-subject>
		<compound-subject>
			<compound-subject-part content-type="code">10010405.10010497.10010504</compound-subject-part>
			<compound-subject-part content-type="text">Applied computing~Document management and text processing~Document capture</compound-subject-part>
			<compound-subject-part content-type="weight">100</compound-subject-part>
		</compound-subject>
	</subj-group>
			<title-group>
				<title>Metrics for accessibility on the Vamol&#224; project</title>
			</title-group>
<contrib-group>
   <contrib contrib-type="author" id="artseq-00001">
       <contrib-id contrib-id-type="person_id" authenticated="false">P1447054</contrib-id><contrib-id contrib-id-type="profile_id" authenticated="false">81314484120</contrib-id>
       <name name-style="western">
           <surname>Mirri</surname>
           <given-names>Silvia</given-names>
       </name>
	<aff>University of Bologna, Bologna (BO), Italy</aff><aff><institution-wrap><institution-id institution-id-type="profile_id">60028218</institution-id></institution-wrap></aff>
	<role>Author</role>
   </contrib>
   <contrib contrib-type="author" id="artseq-00002">
       <contrib-id contrib-id-type="person_id" authenticated="false">P1447055</contrib-id><contrib-id contrib-id-type="profile_id" authenticated="false">81351593052</contrib-id>
       <name name-style="western">
           <surname>Muratori</surname>
           <given-names>Ludovico Antonio</given-names>
       </name>
	<aff>University of Bologna, Bologna (BO), Italy</aff><aff><institution-wrap><institution-id institution-id-type="profile_id">60028218</institution-id></institution-wrap></aff>
	<role>Author</role>
   </contrib>
   <contrib contrib-type="author" id="artseq-00003">
       <contrib-id contrib-id-type="person_id" authenticated="false">P1447056</contrib-id><contrib-id contrib-id-type="profile_id" authenticated="false">81100141776</contrib-id>
       <name name-style="western">
           <surname>Roccetti</surname>
           <given-names>Marco</given-names>
       </name>
	<aff>University of Bologna, Bologna (BO), Italy</aff><aff><institution-wrap><institution-id institution-id-type="profile_id">60028218</institution-id></institution-wrap></aff>
	<role>Author</role>
   </contrib>
   <contrib contrib-type="author" id="artseq-00004">
       <contrib-id contrib-id-type="person_id" authenticated="false">P1447057</contrib-id><contrib-id contrib-id-type="profile_id" authenticated="false">81100163109</contrib-id>
       <name name-style="western">
           <surname>Salomoni</surname>
           <given-names>Paola</given-names>
       </name>
	<aff>University of Bologna, Bologna (BO), Italy</aff><aff><institution-wrap><institution-id institution-id-type="profile_id">60028218</institution-id></institution-wrap></aff>
	<role>Author</role>
   </contrib>
</contrib-group>
   <pub-date date-type="publication">
   <day>20</day>
   <month>04</month>
   <year>2009</year>
   </pub-date>
				<fpage>142</fpage>
				<lpage>145</lpage>
		<permissions>
			<copyright-year>2009</copyright-year>
			<copyright-holder>ACM</copyright-holder>
			<license license-type="acmcopyright">
			<license-p>Permission to make digital or hard copies of all or part of this work for personal or classroom use is granted without fee provided that copies are not made or distributed for profit or commercial advantage and that copies bear this notice and the full citation on the first page. Copyrights for components of this work owned by others than ACM must be honored. Abstracting with credit is permitted. To copy otherwise, or republish, to post on servers or to redistribute to lists, requires prior specific permission and/or a fee. Request permissions from Permissions@acm.org</license-p>
			</license>
		</permissions>
		<self-uri content-type="pdf" xlink:href="1535654.1535688.pdf" />
	<abstract>
		<p>How far are the Web sites from accessibility? Such a question implies a measure and, before, metrics or a set of metrics to quantitatively describe distances or closeness to one or more aspects of inclusion. Quantitative evaluations can effectively guide the improvement of sites quality and of skills which are necessary along the content authoring process. This paper details the hypothesized metrics and measures on the Vamol&#224; project, which has been issued to integrate a monitor and a validator of the Web accessibility, according to the Italian Law. On Vamol&#224;, the validation tool output can be effectively used in defining metrics inside the monitor application.</p>
	</abstract>
<kwd-group>
<kwd>accessibility</kwd>
<kwd>evaluating accessibility</kwd>
<kwd>metrics</kwd>
<kwd>monitoring accessibility</kwd>
</kwd-group>
		</book-part-meta>
		
	<back>
<ref-list specific-use="unparsed">
				<ref id="ref-00001">
				<mixed-citation>Adaptive Technology Resource Centre (ATRC), Faculty of Information, University of Toronto. Available from: http://atrc.utoronto.ca/index.php, 2009.</mixed-citation>
				</ref>
				<ref id="ref-00002">
				<mixed-citation>ATRC, AChecker. Available from: http://www.atutor.ca/achecker/index.php, 2009.</mixed-citation>
				</ref>
				<ref id="ref-00003">
				<mixed-citation>Bühler, C., Heck, H., Perlick, O., Nietzio, A., and Ullveit-Moe, N. Interpreting Results from Large Scale Automatic Evaluation of Web Accessibility. In K. Miesenberger et. al (Eds.). Computers Helping People with Special Needs 2006. Lecture Notes in Computer Science 4061. Springer, 184--191. <pub-id pub-id-type="doi" xlink:href="10.1007/11788713_28" assigning-authority="crossref">10.1007/11788713_28</pub-id> <pub-id pub-id-type="doi" xlink:href="10.1007/11788713_28" /></mixed-citation>
				</ref>
				<ref id="ref-00004">
				<mixed-citation>Hackett, S., Parmanto, B., and Zeng, X. Accessibility of Internet websites through time. In Proceedings of <italic toggle="yes">6<sup>th</sup> International ACM SIGACCESS Conference on Computers and Accessibility 2004</italic>, pp. 32--39. <pub-id pub-id-type="doi" xlink:href="10.1145/1028630.1028638" assigning-authority="crossref">10.1145/1028630.1028638</pub-id> <pub-id pub-id-type="doi" xlink:href="10.1145/1028630.1028638" /></mixed-citation>
				</ref>
				<ref id="ref-00005">
				<mixed-citation>Italian parliament. Law nr. 4--01/09/2004. Official Journal nr. 13--01/17/2004, January 2004.</mixed-citation>
				</ref>
				<ref id="ref-00006">
				<mixed-citation>Parmanto, B. and Zeng, X. Metric for Web Accessibility Evaluation. <italic toggle="yes">Journal of the American Society for Information Science and Technology</italic>, 56(13):1394--1404, 2005. <pub-id pub-id-type="doi" xlink:href="10.1002/asi.20233" assigning-authority="crossref">10.1002/asi.20233</pub-id> <pub-id pub-id-type="doi" xlink:href="10.1002/asi.20233" /></mixed-citation>
				</ref>
				<ref id="ref-00007">
				<mixed-citation>U.S. Rehabilitation Act Amendments. Section 508. Available from: http://www.webaim.org/standards/508/checklist, 1998.</mixed-citation>
				</ref>
				<ref id="ref-00008">
				<mixed-citation>Snaprud, M. H., Ulltveit-Moe, N., Pillai, A. B., and Olsen M. G. A Proposed Architecture for Large Scale Web Accessibility Assessment. In K. Miesenberger et al. (Eds.). <italic toggle="yes">Computers Helping People with Special Needs 2006</italic>. Lecture Notes in Computer Science 4061, pp. 234--241, Springer. <pub-id pub-id-type="doi" xlink:href="10.1007/11788713_35" assigning-authority="crossref">10.1007/11788713_35</pub-id> <pub-id pub-id-type="doi" xlink:href="10.1007/11788713_35" /></mixed-citation>
				</ref>
				<ref id="ref-00009">
				<mixed-citation>Sullivan, T. and Matson, R. Barriers to use: usability and content accessibility on the Web's most popular sites. In <italic toggle="yes">Proceedings of ACM Conference on Universal Usability 2000</italic>, pp. 139--144. <pub-id pub-id-type="doi" xlink:href="10.1145/355460.355549" assigning-authority="crossref">10.1145/355460.355549</pub-id> <pub-id pub-id-type="doi" xlink:href="10.1145/355460.355549" /></mixed-citation>
				</ref>
				<ref id="ref-00010">
				<mixed-citation>Vigo, M., Arrue, M., Brajnik, G., Lomuscio R. and Abascal, J. Quantitative Metrics for Measuring Web Accessibility. In <italic toggle="yes">Proceedings of W4A2007</italic> (Banff, Alberta, Canada, May 7--8, 2007) ACM Press, New York, NY, 2007, 99--107. <pub-id pub-id-type="doi" xlink:href="10.1145/1243441.1243465" assigning-authority="crossref">10.1145/1243441.1243465</pub-id> <pub-id pub-id-type="doi" xlink:href="10.1145/1243441.1243465" /></mixed-citation>
				</ref>
				<ref id="ref-00011">
				<mixed-citation>World Wide Web Consortium. Web Content Accessibility Guidelines (WCAG) 1.0. Available from: http://www.w3.org/TR/WCAG10/, 1999.</mixed-citation>
				</ref>
				<ref id="ref-00012">
				<mixed-citation>World Wide Web Consortium. Web Content Accessibility Guidelines (WCAG) 2.0. Available from: http://www.w3.org/TR/WCAG20/, 2008.</mixed-citation>
				</ref>
			</ref-list>
</back>
</book-part>
</book-part-wrapper>
