<?xml version="1.0" encoding="UTF-8"?>
<!DOCTYPE book-part-wrapper PUBLIC "-//NLM//DTD BITS Book Interchange DTD with OASIS and XHTML Tables v2.0 20151225//EN" "BITS-book-oasis2.dtd">
<book-part-wrapper xmlns:xlink="http://www.w3.org/1999/xlink" xmlns:mml="http://www.w3.org/1998/Math/MathML" xmlns:oasis="http://www.niso.org/standards/z39-96/ns/oasis-exchange/table" xmlns:xi="http://www.w3.org/2001/XInclude" xmlns:xsi="http://www.w3.org/2001/XMLSchema-instance" dtd-version="2.0" xml:lang="en" content-type="research-article">
<collection-meta collection-type="book-series">
    <collection-id collection-id-type="doi">10.1145/acmotherconferences</collection-id>
    <title-group>
        <title>ACM Other Conferences</title>
    </title-group>
</collection-meta>
	<book-meta>
		<book-id book-id-type="acm-id">1535654</book-id>
		<book-id book-id-type="doi">10.1145/1535654</book-id>
		<book-title-group>
			<book-title>Proceedings of the 2009 International Cross-Disciplinary Conference on Web Accessibililty (W4A)</book-title>
			<alt-title alt-title-type="acronym">W4A '09</alt-title>
		</book-title-group>
	</book-meta>
	<book-part xmlns:ali="http://www.niso.org/schemas/ali/1.0/" book-part-type="chapter" xml:lang="en">
		<book-part-meta>
			<book-part-id book-part-id-type="acm-id">1535663</book-part-id>
			<book-part-id book-part-id-type="doi">10.1145/1535654.1535663</book-part-id>
	<subj-group subj-group-type="ccs2012">
		<compound-subject>
			<compound-subject-part content-type="code">10011007.10011006.10011008.10011024</compound-subject-part>
			<compound-subject-part content-type="text">Software and its engineering~Software notations and tools~General programming languages~Language features</compound-subject-part>
			<compound-subject-part content-type="weight">500</compound-subject-part>
		</compound-subject>
		<compound-subject>
			<compound-subject-part content-type="code">10011007.10011006.10011008.10011024</compound-subject-part>
			<compound-subject-part content-type="text">Software and its engineering~Software notations and tools~General programming languages~Language features</compound-subject-part>
			<compound-subject-part content-type="weight">100</compound-subject-part>
		</compound-subject>
	</subj-group>
			<title-group>
				<title>A framework for filtering web accessibility guidelines</title>
			</title-group>
<contrib-group>
   <contrib contrib-type="author" id="artseq-00001">
       <contrib-id contrib-id-type="person_id" authenticated="false">P1446992</contrib-id><contrib-id contrib-id-type="profile_id" authenticated="false">81351608366</contrib-id>
       <name name-style="western">
           <surname>Baguma</surname>
           <given-names>Rehema</given-names>
       </name>
	<aff>Makerere University, Kampala</aff><aff><institution-wrap><institution-id institution-id-type="profile_id">60071676</institution-id></institution-wrap></aff>
	<role>Author</role>
   </contrib>
   <contrib contrib-type="author" id="artseq-00002">
       <contrib-id contrib-id-type="person_id" authenticated="false">P1446993</contrib-id><contrib-id contrib-id-type="profile_id" authenticated="false">81453620127</contrib-id>
       <name name-style="western">
           <surname>Stone</surname>
           <given-names>Roger G.</given-names>
       </name>
	<aff>Loughborough University, Leics, UK</aff><aff><institution-wrap><institution-id institution-id-type="profile_id">60000891</institution-id></institution-wrap></aff>
	<role>Author</role>
   </contrib>
   <contrib contrib-type="author" id="artseq-00003">
       <contrib-id contrib-id-type="person_id" authenticated="false">P1446994</contrib-id><contrib-id contrib-id-type="profile_id" authenticated="false">81421603593</contrib-id>
       <name name-style="western">
           <surname>Lugega</surname>
           <given-names>Jude T.</given-names>
       </name>
	<aff>Makerere University, Kampala</aff><aff><institution-wrap><institution-id institution-id-type="profile_id">60071676</institution-id></institution-wrap></aff>
	<role>Author</role>
   </contrib>
   <contrib contrib-type="author" id="artseq-00004">
       <contrib-id contrib-id-type="person_id" authenticated="false">P1446995</contrib-id><contrib-id contrib-id-type="profile_id" authenticated="false">81100035781</contrib-id>
       <name name-style="western">
           <surname>van der Weide</surname>
           <given-names>Th. P.</given-names>
       </name>
	<aff>Radboud University, ED Nijimegen, The Netherlands,</aff><aff><institution-wrap><institution-id institution-id-type="profile_id">60016529</institution-id></institution-wrap></aff>
	<role>Author</role>
   </contrib>
</contrib-group>
   <pub-date date-type="publication">
   <day>20</day>
   <month>04</month>
   <year>2009</year>
   </pub-date>
				<fpage>46</fpage>
				<lpage>49</lpage>
		<permissions>
			<copyright-year>2009</copyright-year>
			<copyright-holder>ACM</copyright-holder>
			<license license-type="acmcopyright">
			<license-p>Permission to make digital or hard copies of all or part of this work for personal or classroom use is granted without fee provided that copies are not made or distributed for profit or commercial advantage and that copies bear this notice and the full citation on the first page. Copyrights for components of this work owned by others than ACM must be honored. Abstracting with credit is permitted. To copy otherwise, or republish, to post on servers or to redistribute to lists, requires prior specific permission and/or a fee. Request permissions from Permissions@acm.org</license-p>
			</license>
		</permissions>
		<self-uri content-type="pdf" xlink:href="1535654.1535663.pdf" />
	<abstract>
		<p>This paper first presents a framework for filtering the Web Accessibility Guidelines according to contexts of use. It then presents a prototype that implements the framework and explains an evaluation of the prototype.</p>
	</abstract>
<kwd-group>
<kwd>content filtration</kwd>
<kwd>context of use</kwd>
<kwd>web accessibility</kwd>
<kwd>web accessibility guidelines</kwd>
</kwd-group>
		</book-part-meta>
		
	<back>
<ref-list specific-use="unparsed">
				<ref id="ref-00001">
				<mixed-citation>Huang C. J. (2003). Usability of E-Government Web Sites for PWDs, Proc. HICSS03. <pub-id pub-id-type="doi" xlink:href="10.5555/820752.821611" /></mixed-citation>
				</ref>
				<ref id="ref-00002">
				<mixed-citation>Nielsen J., Beyond Accessibility: Treating Users with Disabilities as People. Jakob Nielsens Alertbox, accessed on 5th Nov. 2006 from: http//www.useit.com/alertbox/20011111.html</mixed-citation>
				</ref>
				<ref id="ref-00003">
				<mixed-citation>Takagi H. et al., (2006). Accessibility Designer: Visualizing Usability for the Blind. ASSETS04, USA. <pub-id pub-id-type="doi" xlink:href="10.1145/1028630.1028662" assigning-authority="crossref">10.1145/1028630.1028662</pub-id> <pub-id pub-id-type="doi" xlink:href="10.1145/1028630.1028662" /></mixed-citation>
				</ref>
				<ref id="ref-00004">
				<mixed-citation>Disability Rights Commission (DRC), (2004). The web access and inclusion for disabled people. Technical report.</mixed-citation>
				</ref>
				<ref id="ref-00005">
				<mixed-citation>Abanumy A.,., Al-Badi A., and Mayhew P.(2005). E-government website Accessibility: In-Depth Evaluation of Saudi Arabia and Oman. The Electronic Journal of e-Government Volume 3 Issue 3</mixed-citation>
				</ref>
				<ref id="ref-00006">
				<mixed-citation>Baguma et al., (2007). Accessibility of E-government Web Sites for PWDs in Uganda", In proc. Computer Science and ICT Conference, 2007, Nairobi, Kenya.</mixed-citation>
				</ref>
				<ref id="ref-00007">
				<mixed-citation>Kelly et al., (2005). Forcing Standardization or Accommodating Diversity? A Framework for Applying the WCAG in the Real World, W4A2005, Chiba, Japan <pub-id pub-id-type="doi" xlink:href="10.1145/1061811.1061820" assigning-authority="crossref">10.1145/1061811.1061820</pub-id> <pub-id pub-id-type="doi" xlink:href="10.1145/1061811.1061820" /></mixed-citation>
				</ref>
				<ref id="ref-00008">
				<mixed-citation>Donelly &amp;amp; Maggenis (2003).Making Accessibility Guidelines Usable, LNCS 2615, pp. 56--67, 2003. <pub-id pub-id-type="doi" xlink:href="10.5555/1765426.1765431" /></mixed-citation>
				</ref>
				<ref id="ref-00009">
				<mixed-citation>Mline et al., (2005). Are guidelines enough? An introduction to designing Web sites accessible to older people, IBM Systems Journal, Vol 44, No 3, 2005 <pub-id pub-id-type="doi" xlink:href="10.1147/sj.443.0557" assigning-authority="crossref">10.1147/sj.443.0557</pub-id> <pub-id pub-id-type="doi" xlink:href="10.1147/sj.443.0557" /></mixed-citation>
				</ref>
				<ref id="ref-00010">
				<mixed-citation>Sloan et al., (2000)a. Contextual Web Accessibility - Maximizing the benefit of Accessibility Guidelines</mixed-citation>
				</ref>
				<ref id="ref-00011">
				<mixed-citation>Asakawa C. (2005). What the Web is Like If You Can't See It?, W4A 2006, Edinburgh, UK. <pub-id pub-id-type="doi" xlink:href="10.1145/1061811.1061813" assigning-authority="crossref">10.1145/1061811.1061813</pub-id> <pub-id pub-id-type="doi" xlink:href="10.1145/1061811.1061813" /></mixed-citation>
				</ref>
				<ref id="ref-00012">
				<mixed-citation>Sloan et al., (2000)b. Accessible Accessibility, CUU '00 Arlington VA USA <pub-id pub-id-type="doi" xlink:href="10.1145/355460.355480" assigning-authority="crossref">10.1145/355460.355480</pub-id> <pub-id pub-id-type="doi" xlink:href="10.1145/355460.355480" /></mixed-citation>
				</ref>
				<ref id="ref-00013">
				<mixed-citation>Pickard (2006). The WCAG 2.0: What a Whopper, retrieved from http://learningtheworld.eu/2006/to-hell-with-joe-clark/ on 5<sup>th</sup> Jan. 2008.</mixed-citation>
				</ref>
				<ref id="ref-00014">
				<mixed-citation>Clarke (2006). To hell with WCAG, retrieved from http://learningtheworld.eu/2006/to-hell-with-joe-clark/ on 10<sup>th</sup> January 2008.</mixed-citation>
				</ref>
				<ref id="ref-00015">
				<mixed-citation>Thatcher et al., (2002). Constructing Accessible Web Sites, web professional to web professional an Apress imprint. <pub-id pub-id-type="doi" xlink:href="10.5555/863710" /></mixed-citation>
				</ref>
				<ref id="ref-00016">
				<mixed-citation>Shwabe &amp;amp; Rossi, (1999). Developing Hypermedia Applications using OOHDM retr. from on 11- Jan. 2008.</mixed-citation>
				</ref>
				<ref id="ref-00017">
				<mixed-citation>Vanderheiden (2000). Fundamental Principles and Priority Setting for Universal Usability, CULI '00 Arlington VA USA <pub-id pub-id-type="doi" xlink:href="10.1145/355460.355469" assigning-authority="crossref">10.1145/355460.355469</pub-id> <pub-id pub-id-type="doi" xlink:href="10.1145/355460.355469" /></mixed-citation>
				</ref>
				<ref id="ref-00018">
				<mixed-citation>US Depart't of Health &amp;amp; Human Services-DHHS (2006). Research based Web design and Usability Guidelines <pub-id pub-id-type="doi" xlink:href="10.5555/1199496" /></mixed-citation>
				</ref>
				<ref id="ref-00019">
				<mixed-citation>Brewer, J.(ed.) (2005). How PWDs Use the Web, 2005, retrieved on 20th April 2007 http://www.w3.org/WAI/EO/Drafts/PWD-Use-Web/Overview.html-use</mixed-citation>
				</ref>
				<ref id="ref-00020">
				<mixed-citation>Colwell &amp;amp; Petrie (1999). Evaluation of Guidelines for Designing Accessible Web Content, INTERACT'99</mixed-citation>
				</ref>
			</ref-list>
</back>
</book-part>
</book-part-wrapper>
