<?xml version="1.0" encoding="UTF-8"?>
<!DOCTYPE book-part-wrapper PUBLIC "-//NLM//DTD BITS Book Interchange DTD with OASIS and XHTML Tables v2.0 20151225//EN" "BITS-book-oasis2.dtd">
<book-part-wrapper xmlns:xlink="http://www.w3.org/1999/xlink" xmlns:mml="http://www.w3.org/1998/Math/MathML" xmlns:oasis="http://www.niso.org/standards/z39-96/ns/oasis-exchange/table" xmlns:xi="http://www.w3.org/2001/XInclude" xmlns:xsi="http://www.w3.org/2001/XMLSchema-instance" dtd-version="2.0" xml:lang="en" content-type="research-article">
<collection-meta collection-type="book-series">
    <collection-id collection-id-type="doi">10.1145/acmotherconferences</collection-id>
    <title-group>
        <title>ACM Other Conferences</title>
    </title-group>
</collection-meta>
	<book-meta>
		<book-id book-id-type="acm-id">1535654</book-id>
		<book-id book-id-type="doi">10.1145/1535654</book-id>
		<book-title-group>
			<book-title>Proceedings of the 2009 International Cross-Disciplinary Conference on Web Accessibililty (W4A)</book-title>
			<alt-title alt-title-type="acronym">W4A '09</alt-title>
		</book-title-group>
	</book-meta>
	<book-part xmlns:ali="http://www.niso.org/schemas/ali/1.0/" book-part-type="chapter" xml:lang="en">
		<book-part-meta>
			<book-part-id book-part-id-type="acm-id">1535679</book-part-id>
			<book-part-id book-part-id-type="doi">10.1145/1535654.1535679</book-part-id>
	<subj-group subj-group-type="ccs2012">
		<compound-subject>
			<compound-subject-part content-type="code">10003456</compound-subject-part>
			<compound-subject-part content-type="text">Social and professional topics</compound-subject-part>
			<compound-subject-part content-type="weight">500</compound-subject-part>
		</compound-subject>
		<compound-subject>
			<compound-subject-part content-type="code">10002951.10002952.10003190</compound-subject-part>
			<compound-subject-part content-type="text">Information systems~Data management systems~Database management system engines</compound-subject-part>
			<compound-subject-part content-type="weight">100</compound-subject-part>
		</compound-subject>
		<compound-subject>
			<compound-subject-part content-type="code">10002951.10003227.10003251</compound-subject-part>
			<compound-subject-part content-type="text">Information systems~Information systems applications~Multimedia information systems</compound-subject-part>
			<compound-subject-part content-type="weight">100</compound-subject-part>
		</compound-subject>
	</subj-group>
			<title-group>
				<title>Accessibility for the HTML5 &lt;video&gt; element</title>
			</title-group>
<contrib-group>
   <contrib contrib-type="author" id="artseq-00001">
       <contrib-id contrib-id-type="person_id" authenticated="false">P1447034</contrib-id><contrib-id contrib-id-type="profile_id" authenticated="false">81100165824</contrib-id>
       <name name-style="western">
           <surname>Pfeiffer</surname>
           <given-names>Silvia</given-names>
       </name>
	<aff>Annodex Association, Sydney, Australia</aff>
	<role>Author</role>
   </contrib>
   <contrib contrib-type="author" id="artseq-00002">
       <contrib-id contrib-id-type="person_id" authenticated="false">P1447035</contrib-id><contrib-id contrib-id-type="profile_id" authenticated="false">81100170090</contrib-id>
       <name name-style="western">
           <surname>Parker</surname>
           <given-names>Conrad</given-names>
       </name>
	<aff>Kyoto University, Kyoto, Japan</aff><aff><institution-wrap><institution-id institution-id-type="profile_id">60011001</institution-id></institution-wrap></aff>
	<role>Author</role>
   </contrib>
</contrib-group>
   <pub-date date-type="publication">
   <day>20</day>
   <month>04</month>
   <year>2009</year>
   </pub-date>
				<fpage>98</fpage>
				<lpage>100</lpage>
		<permissions>
			<copyright-year>2009</copyright-year>
			<copyright-holder>ACM</copyright-holder>
			<license license-type="acmcopyright">
			<license-p>Permission to make digital or hard copies of all or part of this work for personal or classroom use is granted without fee provided that copies are not made or distributed for profit or commercial advantage and that copies bear this notice and the full citation on the first page. Copyrights for components of this work owned by others than ACM must be honored. Abstracting with credit is permitted. To copy otherwise, or republish, to post on servers or to redistribute to lists, requires prior specific permission and/or a fee. Request permissions from Permissions@acm.org</license-p>
			</license>
		</permissions>
		<self-uri content-type="pdf" xlink:href="1535654.1535679.pdf" />
	<abstract>
		<p>In this paper, we describe existing implementations for putting subtitles and captions alongside the HTML5 &lt;video&gt; tag inside Web pages and a proposal for standardizing such approaches, which will make them interoperable and easier to be processed by automated tools. Since video and audio are fundamental data types that any Web user will want to make use of nowadays -- if young or old -- if impaired or not -- a standard means of providing accessibility to such fundamental data types is of utmost importance as part of the standardization process of the &lt;video&gt; and &lt;audio&gt; tags. The proposal is an outcome of a Mozilla grant and of extensive discussions within the Xiph accessibility group. Ideas discussed on the WHATWG mailing list have also been taken into account. Standardization work for this is ongoing.</p>
	</abstract>
<kwd-group>
<kwd>captions</kwd>
<kwd>subtitles</kwd>
<kwd>video accessibility</kwd>
<kwd>web video</kwd>
</kwd-group>
		</book-part-meta>
	</book-part>
</book-part-wrapper>
