<?xml version="1.0" encoding="UTF-8"?>
<!DOCTYPE book-part-wrapper PUBLIC "-//NLM//DTD BITS Book Interchange DTD with OASIS and XHTML Tables v2.0 20151225//EN" "BITS-book-oasis2.dtd">
<book-part-wrapper xmlns:xlink="http://www.w3.org/1999/xlink" xmlns:mml="http://www.w3.org/1998/Math/MathML" xmlns:oasis="http://www.niso.org/standards/z39-96/ns/oasis-exchange/table" xmlns:xi="http://www.w3.org/2001/XInclude" xmlns:xsi="http://www.w3.org/2001/XMLSchema-instance" dtd-version="2.0" xml:lang="en" content-type="research-article">
<collection-meta collection-type="book-series">
    <collection-id collection-id-type="doi">10.1145/acmotherconferences</collection-id>
    <title-group>
        <title>ACM Other Conferences</title>
    </title-group>
</collection-meta>
	<book-meta>
		<book-id book-id-type="acm-id">1535654</book-id>
		<book-id book-id-type="doi">10.1145/1535654</book-id>
		<book-title-group>
			<book-title>Proceedings of the 2009 International Cross-Disciplinary Conference on Web Accessibililty (W4A)</book-title>
			<alt-title alt-title-type="acronym">W4A '09</alt-title>
		</book-title-group>
	</book-meta>
	<book-part xmlns:ali="http://www.niso.org/schemas/ali/1.0/" book-part-type="chapter" xml:lang="en">
		<book-part-meta>
			<book-part-id book-part-id-type="acm-id">1535658</book-part-id>
			<book-part-id book-part-id-type="doi">10.1145/1535654.1535658</book-part-id>
	<subj-group subj-group-type="ccs2012">
		<compound-subject>
			<compound-subject-part content-type="code">10003120.10003123.10010860.10010859</compound-subject-part>
			<compound-subject-part content-type="text">Human-centered computing~Interaction design~Interaction design process and methods~User centered design</compound-subject-part>
			<compound-subject-part content-type="weight">500</compound-subject-part>
		</compound-subject>
		<compound-subject>
			<compound-subject-part content-type="code">10003456</compound-subject-part>
			<compound-subject-part content-type="text">Social and professional topics</compound-subject-part>
			<compound-subject-part content-type="weight">100</compound-subject-part>
		</compound-subject>
	</subj-group>
			<title-group>
				<title>Age and web access</title>
				<subtitle>the next generation</subtitle>
			</title-group>
<contrib-group>
   <contrib contrib-type="author" id="artseq-00001">
       <contrib-id contrib-id-type="person_id" authenticated="false">P1446978</contrib-id><contrib-id contrib-id-type="profile_id" authenticated="false">81100646151</contrib-id>
       <name name-style="western">
           <surname>Hanson</surname>
           <given-names>Vicki L.</given-names>
       </name>
	<aff>University of Dundee, Dundee, Scotland</aff><aff><institution-wrap><institution-id institution-id-type="profile_id">60008877</institution-id></institution-wrap></aff>
	<role>Author</role>
   </contrib>
</contrib-group>
   <pub-date date-type="publication">
   <day>20</day>
   <month>04</month>
   <year>2009</year>
   </pub-date>
				<fpage>7</fpage>
				<lpage>15</lpage>
		<permissions>
			<copyright-year>2009</copyright-year>
			<copyright-holder>ACM</copyright-holder>
			<license license-type="acmcopyright">
			<license-p>Permission to make digital or hard copies of all or part of this work for personal or classroom use is granted without fee provided that copies are not made or distributed for profit or commercial advantage and that copies bear this notice and the full citation on the first page. Copyrights for components of this work owned by others than ACM must be honored. Abstracting with credit is permitted. To copy otherwise, or republish, to post on servers or to redistribute to lists, requires prior specific permission and/or a fee. Request permissions from Permissions@acm.org</license-p>
			</license>
		</permissions>
		<self-uri content-type="pdf" xlink:href="1535654.1535658.pdf" />
	<abstract>
		<p>When today's young adults become 'older adults' will they exhibit difficulties with technology that appear to characterize the current older generation? This paper is intended to begin a discussion of technology experience as related to aging. The goal is to challenge some existing characterizations of older Web users and consider the implications for the future. Are technology difficulties an inescapable fact of aging? Or are there factors that will serve to equip future generations of older adults with skills that will erase or lessen these difficulties?</p>
	</abstract>
<kwd-group>
<kwd>older adults</kwd>
<kwd>web access</kwd>
</kwd-group>
		</book-part-meta>
		
	<back>
<ref-list specific-use="unparsed">
				<ref id="ref-00001">
				<mixed-citation>AARP 2005. Designing Web Sites for Older Adults: Heuristics. Available at www.aarp.org/olderwiserwired/oww-resources/designing_web_sites_for_older_adults_heuristics.html</mixed-citation>
				</ref>
				<ref id="ref-00002">
				<mixed-citation>Abou-Zahra, S., Brewer, J., and Arch, A. 2008. Towards bridging the accessibility needs of people with disabilities and the ageing community. In Proceedings of the 2008 international Cross-Disciplinary Conference on Web Accessibility (W4a) (Beijing, China, April 21--22, 2008). W4A '08, vol. 317. ACM, New York, NY, 83--86. <pub-id pub-id-type="doi" xlink:href="10.1145/1368044.1368062" assigning-authority="crossref">10.1145/1368044.1368062</pub-id> <pub-id pub-id-type="doi" xlink:href="10.1145/1368044.1368062" /></mixed-citation>
				</ref>
				<ref id="ref-00003">
				<mixed-citation><italic toggle="yes">Age Concern</italic>. http://www.ageconcern.org.uk/AgeConcern/default.asp</mixed-citation>
				</ref>
				<ref id="ref-00004">
				<mixed-citation>Arch, A. 2009. W4A Keynote. To appear in <italic toggle="yes">Proceedings of the 2009 International Cross-Disciplinary Conference on Web Accessibility (W4a)</italic> (Madrid, Spain, April 20--24, 2009).</mixed-citation>
				</ref>
				<ref id="ref-00005">
				<mixed-citation>Arjan, R., Pfeil, U., and Zaphiris, P. 2008. Age differences in online social networking. In <italic toggle="yes">CHI '08 Extended Abstracts on Human Factors in Computing Systems</italic> (Florence, Italy, April 05--10, 2008). CHI '08. ACM, New York, NY, 2739--2744. DOI= http://doi.acm.org/10.1145/1358628.1358754 <pub-id pub-id-type="doi" xlink:href="10.1145/1358628.1358754" assigning-authority="crossref">10.1145/1358628.1358754</pub-id> <pub-id pub-id-type="doi" xlink:href="10.1145/1358628.1358754" /></mixed-citation>
				</ref>
				<ref id="ref-00006">
				<mixed-citation><italic toggle="yes">AskGeriatric1927.com</italic> http://www.askgeriatric.com/</mixed-citation>
				</ref>
				<ref id="ref-00007">
				<mixed-citation>Aula, A., &amp;amp; K&amp;auml;äki, M. 2005. Less is more in Web search interfaces for older adults. <italic toggle="yes">First Monday</italic> {Online}, Volume 10 Number 7 (4 July 2005).</mixed-citation>
				</ref>
				<ref id="ref-00008">
				<mixed-citation><italic toggle="yes">Australian Seniors Computer Clubs Association</italic>. http://www.ascca.org.au/</mixed-citation>
				</ref>
				<ref id="ref-00009">
				<mixed-citation>Becker, S. A. 2004. A study of web usability for older adults seeking online health resources. <italic toggle="yes">Transactions on Computer-Human Interaction</italic>, 11 (4), 387--406. <pub-id pub-id-type="doi" xlink:href="10.1145/1035575.1035578" assigning-authority="crossref">10.1145/1035575.1035578</pub-id> <pub-id pub-id-type="doi" xlink:href="10.1145/1035575.1035578" /></mixed-citation>
				</ref>
				<ref id="ref-00010">
				<mixed-citation>Becker, S. A. and Nowak, L. L. 2003. Usability enforcer and dottie software tools: promoting e-government accessibility for older adults. In <italic toggle="yes">Proceedings of the 2003 Annual National Conference on Digital Government Research</italic> (Boston, MA, May 18--21, 2003). ACM International Conference Proceeding Series, vol. 130. Digital Government Society of North America, 1--1. <pub-id pub-id-type="doi" xlink:href="10.5555/1123196.1123313" /></mixed-citation>
				</ref>
				<ref id="ref-00011">
				<mixed-citation>Bobby. http://www.cast.org/products/Bobby/index.html</mixed-citation>
				</ref>
				<ref id="ref-00012">
				<mixed-citation>Brewer, J. 2003. <italic toggle="yes">Web Accessibility Initiative</italic>. Retrieved March 5, 2005, from http://www.w3.org/WAI/</mixed-citation>
				</ref>
				<ref id="ref-00013">
				<mixed-citation>Caring Family. 2007. Retrieved December 20, 2007 from http://www.caringfamily.com/public/service/how_it_works.c fm</mixed-citation>
				</ref>
				<ref id="ref-00014">
				<mixed-citation>Chadwick-Dias, A., Tedesco, D., and Tullis, T. 2004. Older adults and web usability: is web experience the same as web expertise? In CHI '04 Extended Abstracts on Human Factors in Computing Systems (Vienna, Austria, April 24--29, 2004). CHI '04. ACM, New York, NY, 1391--1394. DOI= http://doi.acm.org/10.1145/985921.986072 <pub-id pub-id-type="doi" xlink:href="10.1145/985921.986072" assigning-authority="crossref">10.1145/985921.986072</pub-id> <pub-id pub-id-type="doi" xlink:href="10.1145/985921.986072" /></mixed-citation>
				</ref>
				<ref id="ref-00015">
				<mixed-citation>Chadwick-Dias, A., Bergel, M. and Tullis, T. 2007. Senior surfers 2.0: A re-examination of the older web user and the dynamic Web. In <italic toggle="yes">Universal Access in Human Computer Interaction: Coping with Diversity - Proceedings of the 4th International Conference on Universal Access in HumanComputer Interaction (Appears as Volume 5 of the combined Proceedings of HCI International 2007)</italic>, ed. C. Stephanidis, 868--876 (LNCS 4554). Berlin Heidelberg: Springer. <pub-id pub-id-type="doi" xlink:href="10.5555/1766311.1766412" /></mixed-citation>
				</ref>
				<ref id="ref-00016">
				<mixed-citation>Convertino, G., Farooq, U., Rosson, M. B., Carroll, J. M., and Meyer, B. J. F. 2007. Supporting intergenerational groups in computer-supported cooperative work (CSCW). <italic toggle="yes">Behaviour and Information Technology</italic> 26: 275--285. <pub-id pub-id-type="doi" xlink:href="10.1080/01449290601173473" assigning-authority="crossref">10.1080/01449290601173473</pub-id> <pub-id pub-id-type="doi" xlink:href="10.1080/01449290601173473" /></mixed-citation>
				</ref>
				<ref id="ref-00017">
				<mixed-citation>Coyne, K. P. and Nielsen, J. 2002. Web Usability for Senior Citizens - design guidelines based on usability studies with people age 65 and older. Nielsen Norman Group, April 2002, pp. 126. An overview is available at http://www.useit.com/alertbox/seniors.html</mixed-citation>
				</ref>
				<ref id="ref-00018">
				<mixed-citation>Craik, F. I. M., and Salthouse, T. A. 2000. The <italic toggle="yes">handbook of aging and cognition (Revised Edition)</italic>. Mahwah, NJ: Erlbaum.</mixed-citation>
				</ref>
				<ref id="ref-00019">
				<mixed-citation>Czaja, S. J. and Lee, C. C. 2007. The impact of aging on access to technology. <italic toggle="yes">Universal Access in the Information Society, 5</italic>, 341--349. DOI 10.1007/s10209-006-0060-x <pub-id pub-id-type="doi" xlink:href="10.1007/s10209-006-0060-x" assigning-authority="crossref">10.1007/s10209-006-0060-x</pub-id> <pub-id pub-id-type="doi" xlink:href="10.1007/s10209-006-0060-x" /></mixed-citation>
				</ref>
				<ref id="ref-00020">
				<mixed-citation>Czaja, S. J., &amp;amp; Sharit, J. 2009, in press. Preparing organizations and older workers for current and future employment: Training and retraining issues. In S. J. Czaja &amp;amp; J. Sharit (Eds.), <italic toggle="yes">Aging and Work: Assessment and Implications for the Future</italic>. Johns Hopkins University Press.</mixed-citation>
				</ref>
				<ref id="ref-00021">
				<mixed-citation>Czaja, S. J. and Lee, C. C. 2007. Information technology and older adults. In <italic toggle="yes">Human-Computer Interaction Handbook:</italic> Fundamentals, Evolving Technologies and Emerging Applications (2nd Edition), eds. A. Sears and J. A. Jacko, 777--792. Mahwah, NJ: Erlbaum.</mixed-citation>
				</ref>
				<ref id="ref-00022">
				<mixed-citation>Czaja, S. J., Sharit, J., and Nair, S. N. 2008. Usability of the Medicare Health Web. <italic toggle="yes">JAMA</italic>. 300(7), 790--792. (doi:10.1001/jama.300.7.790-b)</mixed-citation>
				</ref>
				<ref id="ref-00023">
				<mixed-citation>Davidoff, S., Bloomberg, C., Li, I. A., Mankoff, J., and Fussell, S. R. 2005. The book as user interface: lowering the entry cost to email for elders. In <italic toggle="yes">CHI '05 Extended Abstracts on Human Factors in Computing Systems</italic> (Portland, OR, USA, April 02--07, 2005). CHI '05. ACM, New York, NY, 1331--1334. DOI= http://doi.acm.org/10.1145/1056808.1056909. <pub-id pub-id-type="doi" xlink:href="10.1145/1056808.1056909" assigning-authority="crossref">10.1145/1056808.1056909</pub-id> <pub-id pub-id-type="doi" xlink:href="10.1145/1056808.1056909" /></mixed-citation>
				</ref>
				<ref id="ref-00024">
				<mixed-citation>Dickinson, A. and Gregor, P. 2006. Computer use has no demonstrated impact on the well-being of older adults. <italic toggle="yes">International Journal of Human-Computer Studies</italic>. 64, 8 (Aug. 2006), 744--753 <pub-id pub-id-type="doi" xlink:href="10.1016/j.ijhcs.2006.03.001" assigning-authority="crossref">10.1016/j.ijhcs.2006.03.001</pub-id> <pub-id pub-id-type="doi" xlink:href="10.1016/j.ijhcs.2006.03.001" /></mixed-citation>
				</ref>
				<ref id="ref-00025">
				<mixed-citation>Dickinson, A., Smith, M. J., Arnott, J. L., Newell, A. F., and Hill, R. L. 2007. Approaches to web search and navigation for older computer novices. In <italic toggle="yes">Proceedings of the SIGCHI Conference on Human Factors in Computing Systems</italic> (San Jose, California, USA, April 28--May 03, 2007). CHI '07. ACM, New York, NY, 281--290. <pub-id pub-id-type="doi" xlink:href="10.1145/1240624.1240670" assigning-authority="crossref">10.1145/1240624.1240670</pub-id> <pub-id pub-id-type="doi" xlink:href="10.1145/1240624.1240670" /></mixed-citation>
				</ref>
				<ref id="ref-00026">
				<mixed-citation>Echt, K. V. 2002. Designing web-based health information for older adults: Visual considerations and design directives. In R. W. Morrell (Ed.), <italic toggle="yes">Older Adults, Health Information and the World Wide Web</italic>, (pp. 61--88). Mahwah, NJ: Erlbaum.</mixed-citation>
				</ref>
				<ref id="ref-00027">
				<mixed-citation>ElderMail. 2007. Retrieved December 20, 2007 from https://eldermail.net/</mixed-citation>
				</ref>
				<ref id="ref-00028">
				<mixed-citation>Fairweather, P. G. in press. Cognitive deficits and Web 2.0. <italic toggle="yes">Universal Access in the Information Society</italic>. <pub-id pub-id-type="doi" xlink:href="10.1007/s10209-009-0163-2" assigning-authority="crossref">10.1007/s10209-009-0163-2</pub-id> <pub-id pub-id-type="doi" xlink:href="10.1007/s10209-009-0163-2" /></mixed-citation>
				</ref>
				<ref id="ref-00029">
				<mixed-citation>Fairweather, P. G. 2008. How older and younger adults differ in their approach to problem solving on a complex website. In Proceedings of the 10th international ACM SIGACCESS Conference on Computers and Accessibility (Halifax, Nova Scotia, Canada, October 13--15, 2008). Assets '08. ACM, New York, NY, 67--72. DOI= http://doi.acm.org/10.1145/1414471.1414485 <pub-id pub-id-type="doi" xlink:href="10.1145/1414471.1414485" assigning-authority="crossref">10.1145/1414471.1414485</pub-id> <pub-id pub-id-type="doi" xlink:href="10.1145/1414471.1414485" /></mixed-citation>
				</ref>
				<ref id="ref-00030">
				<mixed-citation>Firefox accessibility extension. http://firefox.cita.uiuc.edu/index.php</mixed-citation>
				</ref>
				<ref id="ref-00031">
				<mixed-citation>Fox, S. 2001. Wired seniors: A fervent few inspired by family ties. Available at http://www.pewinternet.org/pdfs/PIP_Wired_Seniors_Report.pdf</mixed-citation>
				</ref>
				<ref id="ref-00032">
				<mixed-citation><italic toggle="yes">The future of retirement: Investing in later life</italic>. 2008. HSBC Report.</mixed-citation>
				</ref>
				<ref id="ref-00033">
				<mixed-citation><italic toggle="yes">Generations Online</italic>. http://www.generationsonline.com/</mixed-citation>
				</ref>
				<ref id="ref-00034">
				<mixed-citation>Gregor, P., &amp;amp; Newell, A. F., &amp;amp; Zajicek, M. 2002. Designing for dynamic diversity -- interfaces older people. In <italic toggle="yes">Proceedings of the 5<sup>th</sup> International ACM SIGCAPH Conference on Assistive Technologies (ASSETS'02)</italic>, pp. 151--156. <pub-id pub-id-type="doi" xlink:href="10.1145/638249.638277" assigning-authority="crossref">10.1145/638249.638277</pub-id> <pub-id pub-id-type="doi" xlink:href="10.1145/638249.638277" /></mixed-citation>
				</ref>
				<ref id="ref-00035">
				<mixed-citation>Hailpern, J. M. 2006. WISE: A wizard interface supporting enhanced usability. In <italic toggle="yes">Proceedings of the 8th international ACM SIGACCESS Conference on Computers and Accessibility</italic> (Portland, Oregon, USA, October 23--25, 2006). Assets '06. ACM, New York, NY, 291--292. <pub-id pub-id-type="doi" xlink:href="10.1145/1168987.1169061" assigning-authority="crossref">10.1145/1168987.1169061</pub-id> <pub-id pub-id-type="doi" xlink:href="10.1145/1168987.1169061" /></mixed-citation>
				</ref>
				<ref id="ref-00036">
				<mixed-citation>Hanson, V. L. 2008. Invited talked - SIGCHI Social Impact award: The once and future state of accessible interfaces. In <italic toggle="yes">Proceedings of the SIGCHI Conference on Human Factors in Computing Systems (Florence Italy, April 5--10, 2008)</italic>. CHI '08. ACM, New York, NY.</mixed-citation>
				</ref>
				<ref id="ref-00037">
				<mixed-citation>Hanson, V L., Brezin, J., Crayne, S., Keates, S., Kjeldsen, R., Richards, J., Swart, C., &amp;amp; Trewin. S. 2005. Improving Web accessibility through an enhanced open-source browser. IBM <italic toggle="yes">Systems Journal, 44 (3)</italic>, 573--588. <pub-id pub-id-type="doi" xlink:href="10.1147/sj.443.0573" assigning-authority="crossref">10.1147/sj.443.0573</pub-id> <pub-id pub-id-type="doi" xlink:href="10.1147/sj.443.0573" /></mixed-citation>
				</ref>
				<ref id="ref-00038">
				<mixed-citation>Hanson, V. L., &amp;amp; Lesser, E. (2009, in press). Implications of an Aging Workforce: An Industry Perspective. In S. J. Czaja &amp;amp; J. Sharit (Eds.), <italic toggle="yes">Aging and Work: Assessment and Implications for the Future</italic>. Johns Hopkins University Press.</mixed-citation>
				</ref>
				<ref id="ref-00039">
				<mixed-citation>Hanson, V. L., Richards, J. T. and Lee, C. C. 2007. Web access for older adults: Voice Browsing? In <italic toggle="yes">Universal Access in Human Computer Interaction: Coping with Diversity - Proceedings of the 4th International Conference on Universal Access in Human-Computer Interaction (Appears as Volume 5 of the combined Proceedings of HCI International 2007)</italic>, ed. C. Stephanidis, 904--913 (LNCS 4554). Berlin Heidelberg: Springer. <pub-id pub-id-type="doi" xlink:href="10.5555/1766311.1766416" /></mixed-citation>
				</ref>
				<ref id="ref-00040">
				<mixed-citation>Hanson, V. L., Richards, J. T., &amp;amp; Swart, C. 2008. Browser augmentation. In <italic toggle="yes">Web accessibility: A foundation for research</italic>, Human Computer Interaction Series. S. Harper &amp;amp; Y. Yesilada (Eds). Springer. Pp 215--229.</mixed-citation>
				</ref>
				<ref id="ref-00041">
				<mixed-citation>Hanson, V. L., Snow-Weaver, A., &amp;amp; Trewin, S. 2006. Software personalization to meet the needs of older adults. <italic toggle="yes">Gerontechnology, 5 (3)</italic>, 160--169</mixed-citation>
				</ref>
				<ref id="ref-00042">
				<mixed-citation>Harper, S., &amp;amp; Yesilada, Y. 2008. <italic toggle="yes">Web Accessibility: A Foundation for Research</italic>, Human Computer Interaction Series. S. Harper &amp;amp; Y. Yesilada (Eds). Springer. <pub-id pub-id-type="doi" xlink:href="10.5555/1412280" /></mixed-citation>
				</ref>
				<ref id="ref-00043">
				<mixed-citation>Hawthorn, D. 2005. Training wheels for older users. In <italic toggle="yes">Proceedings of OZCHI</italic>, Canberra, Australia. November 23--25, 2005. <pub-id pub-id-type="doi" xlink:href="10.5555/1108368.1108411" /></mixed-citation>
				</ref>
				<ref id="ref-00044">
				<mixed-citation>Holt, B. J. and Komlos-Weimer. M. 1999. Older Adults and the World Wide Web: a Guide for Web Site Creators. SPRY Foundation, pp. 36. PDF available at http://www.spry.org/pdf/website_creators_guide.pdf</mixed-citation>
				</ref>
				<ref id="ref-00045">
				<mixed-citation>Holt, B. J., and Morrell, R. W. 2002. Guidelines for web site design for older adults: The ultimate influence of cognitive factors. In R. W. Morrell (Ed.) <italic toggle="yes">Older adults, health information, and the World Wide Web</italic>. Erlbaum. Pp 109--129.</mixed-citation>
				</ref>
				<ref id="ref-00046">
				<mixed-citation>Jacko, J. A., Barrett, A. B., Marrnet, G. J., Chu, J. Y. M., Bautsch, H. S., Scott, I. U., Rosa, R. H. 2000. Low vision: The role of visual acuity in the efficiency of cursor movement, in <italic toggle="yes">Proceedings of the 4<sup>th</sup> International ACM SIGCAPH Conference on Assistive Technologies (ASSETS'00)</italic>, pp. 1--8. <pub-id pub-id-type="doi" xlink:href="10.1145/354324.354327" assigning-authority="crossref">10.1145/354324.354327</pub-id> <pub-id pub-id-type="doi" xlink:href="10.1145/354324.354327" /></mixed-citation>
				</ref>
				<ref id="ref-00047">
				<mixed-citation>Jacobs, I., Gunderson, J., Hansen, E. (Eds.) 2002. W3C user agent accessibility guidelines 1.0. Retrieved March 5, 2005, from http://www.w3.org/TR/UAAG10</mixed-citation>
				</ref>
				<ref id="ref-00048">
				<mixed-citation>Jones, A., and Fox, S. 2009. Generations online 2009. Available at http://www.pewinternet.org/PPF/r/275/report_display.asp</mixed-citation>
				</ref>
				<ref id="ref-00049">
				<mixed-citation>Keates, S. and Trewin, S. 2005. Effect of age and Parkinson's disease on cursor positioning using a mouse. In <italic toggle="yes">Proceedings of the 7th international ACM SIGACCESS Conference on Computers and Accessibility</italic> (Baltimore, MD, USA, October 09--12, 2005). Assets '05. ACM, New York, NY, 68--75. DOI= http://doi.acm.org/10.1145/1090785.1090800 <pub-id pub-id-type="doi" xlink:href="10.1145/1090785.1090800" assigning-authority="crossref">10.1145/1090785.1090800</pub-id> <pub-id pub-id-type="doi" xlink:href="10.1145/1090785.1090800" /></mixed-citation>
				</ref>
				<ref id="ref-00050">
				<mixed-citation>Kelly, B., Sloan, D., Brown, S., Seale, J., Petrie, H., Lauke, P., and Ball, S. 2007. Accessibility 2.0: people, policies and processes. In <italic toggle="yes">Proceedings of the 2007 international Cross-Disciplinary Conference on Web Accessibility (W4A)</italic> (Banff, Canada, May 07--08, 2007). W4A '07, vol. 225. ACM, New York, NY, 138--147. DOI= http://doi.acm.org/10.1145/1243441.1243471 <pub-id pub-id-type="doi" xlink:href="10.1145/1243441.1243471" assigning-authority="crossref">10.1145/1243441.1243471</pub-id> <pub-id pub-id-type="doi" xlink:href="10.1145/1243441.1243471" /></mixed-citation>
				</ref>
				<ref id="ref-00051">
				<mixed-citation>Kurniawan, S. and Zaphiris, P. 2005. Research-derived web design guidelines for older people. In <italic toggle="yes">Proceedings of the 7th international ACM SIGACCESS Conference on Computers and Accessibility</italic> (Baltimore, MD, USA, October 09--12, 2005). Assets '05. ACM, New York, NY, 129--135. <pub-id pub-id-type="doi" xlink:href="10.1145/1090785.1090810" assigning-authority="crossref">10.1145/1090785.1090810</pub-id> <pub-id pub-id-type="doi" xlink:href="10.1145/1090785.1090810" /></mixed-citation>
				</ref>
				<ref id="ref-00052">
				<mixed-citation>Mankoff, J., Dey, A., Batra, U., &amp;amp; Moore, M. 2002. Web accessibility for low bandwidth input," In <italic toggle="yes">Proceedings of the 5<sup>th</sup> International ACM SIGCAPH Conference on Assistive Technologies (ASSETS'02)</italic>, pp. 17--24 <pub-id pub-id-type="doi" xlink:href="10.1145/638249.638255" assigning-authority="crossref">10.1145/638249.638255</pub-id> <pub-id pub-id-type="doi" xlink:href="10.1145/638249.638255" /></mixed-citation>
				</ref>
				<ref id="ref-00053">
				<mixed-citation>Meyer, B., Sit, R. A., Spaulding, V. A., Mead, S. E., and Walker, N. 1997. Age group differences in world wide web navigation. In CHI '97 Extended Abstracts on Human Factors in Computing Systems: Looking To the Future (Atlanta, Georgia, March 22--27, 1997). CHI '97. ACM, New York, NY, 295--296. DOI= http://doi.acm.org/10.1145/1120212.1120401 <pub-id pub-id-type="doi" xlink:href="10.1145/1120212.1120401" assigning-authority="crossref">10.1145/1120212.1120401</pub-id> <pub-id pub-id-type="doi" xlink:href="10.1145/1120212.1120401" /></mixed-citation>
				</ref>
				<ref id="ref-00054">
				<mixed-citation>Milne, S., Dickinson, A., Gregor, P., Gibson, L., McIver, L. &amp;amp; Sloan, D. 2005. Not Browsing, but drowning: Designing a Web browser for novice older users. In <italic toggle="yes">Proceedings of UAHCI</italic>, Las Vegas, Nevada, USA, 22--27 July 2005. CD-ROM</mixed-citation>
				</ref>
				<ref id="ref-00055">
				<mixed-citation>Morrell, R. W., Dailey, S. R., Feldman, C., Mayhorn, C. G., &amp;amp; Echt, K. V. 2002. Older adults and information technology: A compendium of scientific research and Web site accessibility guidelines. Bethesda, MD: National Institute on Aging. For a summary, see also "Making your web site senior friendly: A checklist". Retrieved March 5, 2005, from http://www.nlm.nih.gov/pubs/checklist.pdf</mixed-citation>
				</ref>
				<ref id="ref-00056">
				<mixed-citation>Muta, H., Ohko, T., &amp;amp; Yoshinaga, H. 2005. An activeX-based accessibility solution for senior citizens. <italic toggle="yes">Proceedings of the Center On Disabilities Technology And Persons With Disabilities Conference 2005</italic>. Available at http://www.csun.edu/cod/conf/2005/proceedings/2227.htm</mixed-citation>
				</ref>
				<ref id="ref-00057">
				<mixed-citation>Neerincx, M. A., Lindenberg, J., and Pemberton, S. 2001. Support concepts for Web navigation: a cognitive engineering approach. In Proceedings of the 10th international Conference on World Wide Web (Hong Kong, Hong Kong, May 01--05, 2001). WWW '01. ACM, New York, NY, 119--128. DOI= http://doi.acm.org/10.1145/371920.371966 <pub-id pub-id-type="doi" xlink:href="10.1145/371920.371966" assigning-authority="crossref">10.1145/371920.371966</pub-id> <pub-id pub-id-type="doi" xlink:href="10.1145/371920.371966" /></mixed-citation>
				</ref>
				<ref id="ref-00058">
				<mixed-citation>Newell, A. F., Dickinson, A., Smith, M. J., and Gregor, P. 2006. Designing a portal for older users: A case study of an industrial/academic collaboration. <italic toggle="yes">ACM Transactions on Computer-Human Interaction</italic>. 13, 3 (Sep. 2006), 347--375. <pub-id pub-id-type="doi" xlink:href="10.1145/1183456.1183459" assigning-authority="crossref">10.1145/1183456.1183459</pub-id> <pub-id pub-id-type="doi" xlink:href="10.1145/1183456.1183459" /></mixed-citation>
				</ref>
				<ref id="ref-00059">
				<mixed-citation>NIH SeniorHealth http://nihseniorhealth.gov/</mixed-citation>
				</ref>
				<ref id="ref-00060">
				<mixed-citation>Old Kids. http://www.oldkids.cn/</mixed-citation>
				</ref>
				<ref id="ref-00061">
				<mixed-citation>Presto. http://www.presto.com/</mixed-citation>
				</ref>
				<ref id="ref-00062">
				<mixed-citation>Richards, J. T. and Hanson, V. L. 2004. Web accessibility: A broader view. In the <italic toggle="yes">Proceedings of the Thirteenth International ACM World Wide Web Conference (WWW '04)</italic>, 72--79. New York: ACM Press. <pub-id pub-id-type="doi" xlink:href="10.1145/988672.988683" assigning-authority="crossref">10.1145/988672.988683</pub-id> <pub-id pub-id-type="doi" xlink:href="10.1145/988672.988683" /></mixed-citation>
				</ref>
				<ref id="ref-00063">
				<mixed-citation>Sa-nga-ngam, P. &amp;amp; Kurniawan, S. 2007. An investigation of older persons' browser usage. <italic toggle="yes">Proceedings of HCI International - Universal Access in HCI, Volume 5</italic>. Beijing, China. July 22--27, 2007. Springer. <pub-id pub-id-type="doi" xlink:href="10.5555/1766311.1766427" /></mixed-citation>
				</ref>
				<ref id="ref-00064">
				<mixed-citation>Sayago, S. and Blat, J. 2007. A preliminary usability evaluation of strategies for seeking online information with elderly people. In Proceedings of the 2007 international Cross-Disciplinary Conference on Web Accessibility (W4a) (Banff, Canada, May 07--08, 2007). W4A '07, vol. 225. ACM, New York, NY, 54--57. DOI= http://doi.acm.org/10.1145/1243441.1243457 <pub-id pub-id-type="doi" xlink:href="10.1145/1243441.1243457" assigning-authority="crossref">10.1145/1243441.1243457</pub-id> <pub-id pub-id-type="doi" xlink:href="10.1145/1243441.1243457" /></mixed-citation>
				</ref>
				<ref id="ref-00065">
				<mixed-citation><italic toggle="yes">SeniorNet</italic>. http://www.seniornet.org</mixed-citation>
				</ref>
				<ref id="ref-00066">
				<mixed-citation>SeniorNet survey on Internet Us, November 2002. http://www.seniornet.org/php/default.php?PageID=6880&amp;Ve rsion=0&amp;Font=0</mixed-citation>
				</ref>
				<ref id="ref-00067">
				<mixed-citation>SimpleC. http://www.simplec.com/</mixed-citation>
				</ref>
				<ref id="ref-00068">
				<mixed-citation>Small, G., &amp;amp; Vorgan, G. 2008. <italic toggle="yes">Surviving the technological alternation of the modern mind</italic>. New York: Harper Collins.</mixed-citation>
				</ref>
				<ref id="ref-00069">
				<mixed-citation>SoftShell computers. http://www.mysoftshell.com/</mixed-citation>
				</ref>
				<ref id="ref-00070">
				<mixed-citation>Trewin, S. 2004. Automating accessibility: the dynamic keyboard. In <italic toggle="yes">Proceedings of the 6th international ACM SIGACCESS Conference on Computers and Accessibility</italic> (Atlanta, GA, USA, October 18--20, 2004). Assets '04. ACM, New York, NY, 71--78. DOI= http://doi.acm.org/10.1145/1028630.1028644 <pub-id pub-id-type="doi" xlink:href="10.1145/1028630.1028644" assigning-authority="crossref">10.1145/1028630.1028644</pub-id> <pub-id pub-id-type="doi" xlink:href="10.1145/1028630.1028644" /></mixed-citation>
				</ref>
				<ref id="ref-00071">
				<mixed-citation>Tullis, T. S. 2007. Older Adults and the Web: Lessons Learned from Eye-Tracking. In <italic toggle="yes">Universal Access in Human Computer Interaction: Coping with Diversity - Proceedings of the 4th International Conference on Universal Access in Human-Computer Interaction (Appears as Volume 5 of the combined Proceedings of HCI International 2007)</italic>, ed. C. Stephanidis, 1030--1039 (LNCS 4554). Berlin Heidelberg: Springer. <pub-id pub-id-type="doi" xlink:href="10.5555/1766311.1766430" /></mixed-citation>
				</ref>
				<ref id="ref-00072">
				<mixed-citation>Vizer, L. and Hanson, V. L. in press, 2009. Generations in the workplace: An exploratory study with administrative assistants. To appear in <italic toggle="yes">Proceedings of HCI International</italic>, 2009. <pub-id pub-id-type="doi" xlink:href="10.1007/978-3-642-02713-0_47" assigning-authority="crossref">10.1007/978-3-642-02713-0_47</pub-id> <pub-id pub-id-type="doi" xlink:href="10.1007/978-3-642-02713-0_47" /></mixed-citation>
				</ref>
				<ref id="ref-00073">
				<mixed-citation>Xie, B. 2006. Perceptions of computer learning among older Americans and older Chinese. <italic toggle="yes">First Monday</italic> {Online}, Volume 11 Number 10 (2 October 2006).</mixed-citation>
				</ref>
				<ref id="ref-00074">
				<mixed-citation>Zajicek, M. 2007. Web 2.0: hype or happiness?. <italic toggle="yes">In Proceedings of the 2007 international Cross-Disciplinary Conference on Web Accessibility (W4a)</italic> (Banff, Canada, May 07--08, 2007). W4A '07, vol. 225. ACM, New York, NY, 35--39. <pub-id pub-id-type="doi" xlink:href="10.1145/1243441.1243453" assigning-authority="crossref">10.1145/1243441.1243453</pub-id> <pub-id pub-id-type="doi" xlink:href="10.1145/1243441.1243453" /></mixed-citation>
				</ref>
				<ref id="ref-00075">
				<mixed-citation>Zajicek, M. 2003. Patterns for encapsulating speech interface design solutions for older adults. In <italic toggle="yes">Proceedings of the 2003 Conference on Universal Usability</italic> (Vancouver, British Columbia, Canada, November 10--11, 2003). CUU '03. ACM, New York, NY, 54--60. DOI= http://doi.acm.org/10.1145/957205.957215 <pub-id pub-id-type="doi" xlink:href="10.1145/957205.957215" assigning-authority="crossref">10.1145/957205.957215</pub-id> <pub-id pub-id-type="doi" xlink:href="10.1145/957205.957215" /></mixed-citation>
				</ref>
				<ref id="ref-00076">
				<mixed-citation>Zajicek, M., Powell, C., and Reeves, C. 1998. A Web navigation tool for the blind. In <italic toggle="yes">Proceedings of the Third international ACM Conference on Assistive Technologies</italic> (Marina del Rey, California, United States, April 15--17, 1998). Assets '98. ACM Press, New York, NY, 204--206. <pub-id pub-id-type="doi" xlink:href="10.1145/274497.274534" assigning-authority="crossref">10.1145/274497.274534</pub-id> <pub-id pub-id-type="doi" xlink:href="10.1145/274497.274534" /></mixed-citation>
				</ref>
			</ref-list>
</back>
</book-part>
</book-part-wrapper>
