<?xml version="1.0" encoding="UTF-8"?>
<!DOCTYPE book-part-wrapper PUBLIC "-//NLM//DTD BITS Book Interchange DTD with OASIS and XHTML Tables v2.0 20151225//EN" "BITS-book-oasis2.dtd">
<book-part-wrapper xmlns:xlink="http://www.w3.org/1999/xlink" xmlns:mml="http://www.w3.org/1998/Math/MathML" xmlns:oasis="http://www.niso.org/standards/z39-96/ns/oasis-exchange/table" xmlns:xi="http://www.w3.org/2001/XInclude" xmlns:xsi="http://www.w3.org/2001/XMLSchema-instance" dtd-version="2.0" xml:lang="en" content-type="research-article">
<collection-meta collection-type="book-series">
    <collection-id collection-id-type="doi">10.1145/acmotherconferences</collection-id>
    <title-group>
        <title>ACM Other Conferences</title>
    </title-group>
</collection-meta>
	<book-meta>
		<book-id book-id-type="acm-id">1805986</book-id>
		<book-id book-id-type="doi">10.1145/1805986</book-id>
		<book-title-group>
			<book-title>Proceedings of the 2010 International Cross Disciplinary Conference on Web Accessibility (W4A)</book-title>
			<alt-title alt-title-type="acronym">W4A '10</alt-title>
		</book-title-group>
	</book-meta>
	<book-part xmlns:ali="http://www.niso.org/schemas/ali/1.0/" book-part-type="chapter" xml:lang="en">
		<book-part-meta>
			<book-part-id book-part-id-type="acm-id">1806033</book-part-id>
			<book-part-id book-part-id-type="doi">10.1145/1805986.1806033</book-part-id>
			<book-part-id book-part-id-type="article-no">35</book-part-id>
	<subj-group subj-group-type="ccs2012">
		<compound-subject>
			<compound-subject-part content-type="code">10003456.10010927.10003616</compound-subject-part>
			<compound-subject-part content-type="text">Social and professional topics~User characteristics~People with disabilities</compound-subject-part>
			<compound-subject-part content-type="weight">500</compound-subject-part>
		</compound-subject>
		<compound-subject>
			<compound-subject-part content-type="code">10003456.10003457.10003580.10003587</compound-subject-part>
			<compound-subject-part content-type="text">Social and professional topics~Professional topics~Computing profession~Assistive technologies</compound-subject-part>
			<compound-subject-part content-type="weight">500</compound-subject-part>
		</compound-subject>
		<compound-subject>
			<compound-subject-part content-type="code">10003456.10003457.10003527.10003530</compound-subject-part>
			<compound-subject-part content-type="text">Social and professional topics~Professional topics~Computing education~Model curricula</compound-subject-part>
			<compound-subject-part content-type="weight">100</compound-subject-part>
		</compound-subject>
	</subj-group>
			<title-group>
				<title>The potential of adaptive interfaces as an accessibility aid for older web users</title>
			</title-group>
<contrib-group>
   <contrib contrib-type="author" id="artseq-00001">
       <contrib-id contrib-id-type="person_id" authenticated="false">P2183248</contrib-id><contrib-id contrib-id-type="profile_id" authenticated="false">81100524724</contrib-id>
       <name name-style="western">
           <surname>Sloan</surname>
           <given-names>David</given-names>
       </name>
	<aff>University of Dundee, Dundee, UK</aff><aff><institution-wrap><institution-id institution-id-type="profile_id">60008877</institution-id></institution-wrap></aff>
	<role>Author</role>
   </contrib>
   <contrib contrib-type="author" id="artseq-00002">
       <contrib-id contrib-id-type="person_id" authenticated="false">P2183249</contrib-id><contrib-id contrib-id-type="profile_id" authenticated="false">81314480892</contrib-id>
       <name name-style="western">
           <surname>Atkinson</surname>
           <given-names>Matthew Tylee</given-names>
       </name>
	<aff>Loughborough University, Loughborough, UK</aff><aff><institution-wrap><institution-id institution-id-type="profile_id">60000891</institution-id></institution-wrap></aff>
	<role>Author</role>
   </contrib>
   <contrib contrib-type="author" id="artseq-00003">
       <contrib-id contrib-id-type="person_id" authenticated="false">P2183250</contrib-id><contrib-id contrib-id-type="profile_id" authenticated="false">81100520129</contrib-id>
       <name name-style="western">
           <surname>Machin</surname>
           <given-names>Colin</given-names>
       </name>
	<aff>Loughborough University, Loughborough, UK</aff><aff><institution-wrap><institution-id institution-id-type="profile_id">60000891</institution-id></institution-wrap></aff>
	<role>Author</role>
   </contrib>
   <contrib contrib-type="author" id="artseq-00004">
       <contrib-id contrib-id-type="person_id" authenticated="false">P2183251</contrib-id><contrib-id contrib-id-type="profile_id" authenticated="false">81461651098</contrib-id>
       <name name-style="western">
           <surname>Li</surname>
           <given-names>Yunqiu</given-names>
       </name>
	<aff>Loughborough University, Loughborough, UK</aff><aff><institution-wrap><institution-id institution-id-type="profile_id">60000891</institution-id></institution-wrap></aff>
	<role>Author</role>
   </contrib>
</contrib-group>
   <pub-date date-type="publication">
   <day>26</day>
   <month>04</month>
   <year>2010</year>
   </pub-date>
				<fpage>1</fpage>
				<lpage>10</lpage>
		<permissions>
			<copyright-year>2010</copyright-year>
			<copyright-holder>ACM</copyright-holder>
			<license license-type="acmcopyright">
			<license-p>Permission to make digital or hard copies of all or part of this work for personal or classroom use is granted without fee provided that copies are not made or distributed for profit or commercial advantage and that copies bear this notice and the full citation on the first page. Copyrights for components of this work owned by others than ACM must be honored. Abstracting with credit is permitted. To copy otherwise, or republish, to post on servers or to redistribute to lists, requires prior specific permission and/or a fee. Request permissions from Permissions@acm.org</license-p>
			</license>
		</permissions>
		<self-uri content-type="pdf" xlink:href="1805986.1806033.pdf" />
	<abstract>
		<p>Supporting effective and enjoyable Web usage by people with sensory, motor and cognitive impairments requires more than just accessible Web content. There is an additional task of matching people with an accessibility solution that best accommodates their particular needs - which, especially for older Web users, may fluctuate in severity, number and combination. Lack of awareness of one's own accessibility needs and the solutions that may exist to accommodate them may lead to a reduced quality Web browsing experience or even abandonment.</p> <p>This paper discusses the difficulties in matching people with less severe, but multiple, impairments with the most appropriate accessibility features at a given time, and explores the role of automated or semi-automated adaptations as a solution for this problem. We review related work, and report on the early stages of our own work conducted to prove the concept of adaptations for accessibility in the specific context of supporting Web users with age-related capability decline. We also consider the potential ethical issues of automated and semi-automated accessibility adaptations on the wellbeing of older Web users, and how these might best be managed in a suitably sensitive way.</p>
	</abstract>
<kwd-group>
<kwd>accessibility</kwd>
<kwd>adaptation</kwd>
<kwd>inclusion</kwd>
<kwd>older people</kwd>
<kwd>web</kwd>
</kwd-group>
		</book-part-meta>
		
	<back>
<ref-list specific-use="unparsed">
				<ref id="ref-00001">
				<mixed-citation>Abascal, J. and Nicolle, C. (2005) Moving towards inclusive design guidelines for socially and ethically aware HCI. Interacting with Computers 17 (5). Elsevier, 484--505. <pub-id pub-id-type="doi" xlink:href="10.1016/j.intcom.2005.03.002" assigning-authority="crossref">10.1016/j.intcom.2005.03.002</pub-id> <pub-id pub-id-type="doi" xlink:href="10.1016/j.intcom.2005.03.002" /></mixed-citation>
				</ref>
				<ref id="ref-00002">
				<mixed-citation>Arch, A. (2009) Web accessibility for older users: successes and opportunities. Proceedings of 2009 International Cross-Disciplinary Conference on Web Accessibility (W4A) Madrid, Spain. New York: ACM Press, 1--6. <pub-id pub-id-type="doi" xlink:href="10.1145/1535654.1535655" assigning-authority="crossref">10.1145/1535654.1535655</pub-id> <pub-id pub-id-type="doi" xlink:href="10.1145/1535654.1535655" /></mixed-citation>
				</ref>
				<ref id="ref-00003">
				<mixed-citation>Bigham J., Brudvik, J., Leung, J. and Ladner R. (2009) Enabling web users and developers to script accessibility with Accessmonkey. Disability and Rehabilitation: Assistive Technology 4(4). Informa Healthcare, 288--299.</mixed-citation>
				</ref>
				<ref id="ref-00004">
				<mixed-citation>Biswas, P. and Robinson, P. (2008) Automatic evaluation of assistive interfaces. In: Proceedings of the ACM International Conference on Intelligent User Interfaces (IUI) 2008. 247--256. <pub-id pub-id-type="doi" xlink:href="10.1145/1378773.1378806" assigning-authority="crossref">10.1145/1378773.1378806</pub-id> <pub-id pub-id-type="doi" xlink:href="10.1145/1378773.1378806" /></mixed-citation>
				</ref>
				<ref id="ref-00005">
				<mixed-citation>Blythe, M., Monk, A. and Doughty, K. (2005) Socially dependable design: the challenge of ageing populations for HCI. Interacting with Computers 17 (6). Elsevier, 672--689. <pub-id pub-id-type="doi" xlink:href="10.1016/j.intcom.2005.09.005" assigning-authority="crossref">10.1016/j.intcom.2005.09.005</pub-id> <pub-id pub-id-type="doi" xlink:href="10.1016/j.intcom.2005.09.005" /></mixed-citation>
				</ref>
				<ref id="ref-00006">
				<mixed-citation>Carey K. (2005) Accessibility: The Current Situation and New Directions. Ariadne 44, June 2005. Retrieved January 29<sup>th</sup> 2010: http://www.ariadne.ac.uk/issue44/carey/</mixed-citation>
				</ref>
				<ref id="ref-00007">
				<mixed-citation>Clarkson, P. J., Keates, S., (2003) Countering Design Exclusion: An introduction to inclusive design. Springer-Verlag UK.</mixed-citation>
				</ref>
				<ref id="ref-00008">
				<mixed-citation>Czaja, S. and Lee, C. C. (2007). The impact of aging on access to technology. Univ Access Inf Soc 5 (4). Springer-Verlag, 341--349. <pub-id pub-id-type="doi" xlink:href="10.1007/s10209-006-0060-x" assigning-authority="crossref">10.1007/s10209-006-0060-x</pub-id> <pub-id pub-id-type="doi" xlink:href="10.1007/s10209-006-0060-x" /></mixed-citation>
				</ref>
				<ref id="ref-00009">
				<mixed-citation>Eisma, R., Dickinson, A., Goodman, J., Syme, A., Tiwari, L. and Newell, A. (2004) Early user involvement in the development of information technology-related products for older people. Universal Access in the Information Society 3(2). Springer, 131--140. <pub-id pub-id-type="doi" xlink:href="10.1007/s10209-004-0092-z" assigning-authority="crossref">10.1007/s10209-004-0092-z</pub-id> <pub-id pub-id-type="doi" xlink:href="10.1007/s10209-004-0092-z" /></mixed-citation>
				</ref>
				<ref id="ref-00010">
				<mixed-citation>Fink, J., Kobsa, A. and Nill, A. (1998) Adaptable and adaptive information provision for all users, including disabled and elderly people. New Review of Hypermedia and Multimedia 4, 163--188.</mixed-citation>
				</ref>
				<ref id="ref-00011">
				<mixed-citation>Fleishman, E. A., Quaintance, M. K. and Broedling, L. A., (1984) Taxonomies of human performance: The description of human tasks. Orlando: Academic Press.</mixed-citation>
				</ref>
				<ref id="ref-00012">
				<mixed-citation>Forrester Research &amp;amp; Microsoft Corporation (2003). New Research Study Shows 57 Percent of Adult Computer Users Can Benefit From Accessible Technology. Retrieved 1<sup>st</sup> February 2010 from http://www.microsoft.com/presspass/press/2004/feb04/02-02AdultUserBenefitsPR.mspx</mixed-citation>
				</ref>
				<ref id="ref-00013">
				<mixed-citation>Gajos, K. Z., Wobbrock, J. O. and Weld, D. S. (2007). Automatically generating user interfaces adapted to users' motor and vision capabilities. In: UIST '07: Proceedings of the 20th annual ACM symposium on User interface software and technology. New York: ACM Press, 231--240. <pub-id pub-id-type="doi" xlink:href="10.1145/1294211.1294253" assigning-authority="crossref">10.1145/1294211.1294253</pub-id> <pub-id pub-id-type="doi" xlink:href="10.1145/1294211.1294253" /></mixed-citation>
				</ref>
				<ref id="ref-00014">
				<mixed-citation>Gajos, K. Z. (2008) Automatically generating personalized user interfaces. Ph.D. thesis, University of Washington. Retrieved 1<sup>st</sup> February 2010 from http://www.eecs.harvard.edu/~kgajos/papers/2008/kgajos-dissertation.pdf</mixed-citation>
				</ref>
				<ref id="ref-00015">
				<mixed-citation>Gregor, P., Newell, A. F. and Zajicek, M. (2002) Designing for dynamic diversity: interfaces for older people. In: ASSETS '02: Proceedings of the fifth international ACM conference on Assistive technologies. ACM, New York, NY, USA, 151--156. <pub-id pub-id-type="doi" xlink:href="10.1145/638249.638277" assigning-authority="crossref">10.1145/638249.638277</pub-id> <pub-id pub-id-type="doi" xlink:href="10.1145/638249.638277" /></mixed-citation>
				</ref>
				<ref id="ref-00016">
				<mixed-citation>Hanson, V. (2009) Age and web access: the next generation. Proceedings of 2009 International Cross-Disciplinary Conference on Web Accessibility (W4A) Madrid, Spain. New York: ACM Press, 7--15. <pub-id pub-id-type="doi" xlink:href="10.1145/1535654.1535658" assigning-authority="crossref">10.1145/1535654.1535658</pub-id> <pub-id pub-id-type="doi" xlink:href="10.1145/1535654.1535658" /></mixed-citation>
				</ref>
				<ref id="ref-00017">
				<mixed-citation>Harper, S. and Yesilada, Y. (2008) Web Accessibility -- A foundation for research. London: Springer-Verlag. <pub-id pub-id-type="doi" xlink:href="10.5555/1412280" /></mixed-citation>
				</ref>
				<ref id="ref-00018">
				<mixed-citation>Hurst, A., Hudson, S. E., Mankoff, J. and Trewin, S. (2008) Automatically detecting pointing performance. In: Proceedings of the ACM International Conference on Intelligent User Interfaces (IUI) 2008. 11--19. <pub-id pub-id-type="doi" xlink:href="10.1145/1378773.1378776" assigning-authority="crossref">10.1145/1378773.1378776</pub-id> <pub-id pub-id-type="doi" xlink:href="10.1145/1378773.1378776" /></mixed-citation>
				</ref>
				<ref id="ref-00019">
				<mixed-citation>Jefferson, L. and Harvey, R. (2007) An interface to support color blind computer users. In: CHI '07: Proceedings of the SIGCHI conference on Human factors in computing systems. New York: ACM Press, 1535--1538. <pub-id pub-id-type="doi" xlink:href="10.1145/1240624.1240855" assigning-authority="crossref">10.1145/1240624.1240855</pub-id> <pub-id pub-id-type="doi" xlink:href="10.1145/1240624.1240855" /></mixed-citation>
				</ref>
				<ref id="ref-00020">
				<mixed-citation>Keates, S., Langdon, P., Clarkson, P. J. and Robinson, P., (2002) User models and user physical capability. User Modeling and User-Adapted Interaction 12 (2--3), 139--169. <pub-id pub-id-type="doi" xlink:href="10.1023/A:1015047002796" assigning-authority="crossref">10.1023/A:1015047002796</pub-id> <pub-id pub-id-type="doi" xlink:href="10.1023/A:1015047002796" /></mixed-citation>
				</ref>
				<ref id="ref-00021">
				<mixed-citation>Korn, P., Bekiaris, E. and Gemou, M (2009) Towards open access accessibility everywhere: The ÆGIS concept. Lecture Notes In Computer Science, vol. 5614. Berlin, Heidelberg: Springer-Verlag, 535--543. <pub-id pub-id-type="doi" xlink:href="10.1007/978-3-642-02707-9_60" assigning-authority="crossref">10.1007/978-3-642-02707-9_60</pub-id> <pub-id pub-id-type="doi" xlink:href="10.1007/978-3-642-02707-9_60" /></mixed-citation>
				</ref>
				<ref id="ref-00022">
				<mixed-citation>Kurniawan, S. (2008) Underrstanding Disabilities: Ageing. In: Harper, S. and Yesilada, Y. (eds) Web Accessibility -- A foundation for research. London: Springer-Verlag, 47--60.</mixed-citation>
				</ref>
				<ref id="ref-00023">
				<mixed-citation>Kurniawan, S. H., King, A., Evans, D. G., and Blenkhorn, P. L. (2006). Personalising web page presentation for older people. Interact. Comput., 18(3). Elsevier,: 457--477. <pub-id pub-id-type="doi" xlink:href="10.1016/j.intcom.2005.11.006" assigning-authority="crossref">10.1016/j.intcom.2005.11.006</pub-id> <pub-id pub-id-type="doi" xlink:href="10.1016/j.intcom.2005.11.006" /></mixed-citation>
				</ref>
				<ref id="ref-00024">
				<mixed-citation>Marquie, J., Jourdan-Boddaert, L. and Huet, N. (2002) Do older adults underestimate their actual computer knowledge? Behaviour &amp;amp; Information Technology 21 (4). Taylor &amp;amp; Francis, 273--280.</mixed-citation>
				</ref>
				<ref id="ref-00025">
				<mixed-citation>Newell, A., Carmichael, A., Morgan, M. and Dickinson, A. (2006) The use of theatre in requirements gathering and usability studies. Interacting with Computers 18 (5). Elsevier, 996--1010. <pub-id pub-id-type="doi" xlink:href="10.1016/j.intcom.2006.05.003" assigning-authority="crossref">10.1016/j.intcom.2006.05.003</pub-id> <pub-id pub-id-type="doi" xlink:href="10.1016/j.intcom.2006.05.003" /></mixed-citation>
				</ref>
				<ref id="ref-00026">
				<mixed-citation>NCSU Center for Universal Design (1997). The Principles of Universal Design, Version 2.0. Raleigh, NC: North Carolina State University. Retrieved 1<sup>st</sup> February from http://www.design.ncsu.edu/cud/about_ud/udprinciples.htm</mixed-citation>
				</ref>
				<ref id="ref-00027">
				<mixed-citation>New York Times (2009) Insurers Fight Speech-Impairment Remedy. September 14<sup>th</sup> 2009. Retrieved 17<sup>th</sup> March 2010 from http://www.nytimes.com/2009/09/15/technology/15speech.html?_r=4</mixed-citation>
				</ref>
				<ref id="ref-00028">
				<mixed-citation>Nichols, J., Myers, B., Harris, T., Rosenfeld, R., Shriver, S., Higgins, M. and Hughes, J. (2002) Requirements for automatically generating multi-modal interfaces for complex appliances. Proceedings of Fourth IEEE International Conference on Multimodal Interfaces, 2002., 377--382. <pub-id pub-id-type="doi" xlink:href="10.1109/ICMI.2002.1167024" assigning-authority="crossref">10.1109/ICMI.2002.1167024</pub-id> <pub-id pub-id-type="doi" xlink:href="10.1109/ICMI.2002.1167024" /></mixed-citation>
				</ref>
				<ref id="ref-00029">
				<mixed-citation>Petrie, H., Hamilton, F., King, N. and Pavan, P.(2006). Remote usability evaluations with disabled people. In: CHI '06: Proceedings of the SIGCHI conference on Human Factors in computing systems. New York: ACM Press, 1133--1141. <pub-id pub-id-type="doi" xlink:href="10.1145/1124772.1124942" assigning-authority="crossref">10.1145/1124772.1124942</pub-id> <pub-id pub-id-type="doi" xlink:href="10.1145/1124772.1124942" /></mixed-citation>
				</ref>
				<ref id="ref-00030">
				<mixed-citation>Pullin, G. (2009) Design meets Disability. MIT Press.</mixed-citation>
				</ref>
				<ref id="ref-00031">
				<mixed-citation>Richards, J. and Hanson, V. (2004). Web accessibility: a broader view. In: WWW '04: Proceedings of the 13th international conference on World Wide Web. New York: ACM Press, 72--79. <pub-id pub-id-type="doi" xlink:href="10.1145/988672.988683" assigning-authority="crossref">10.1145/988672.988683</pub-id> <pub-id pub-id-type="doi" xlink:href="10.1145/988672.988683" /></mixed-citation>
				</ref>
				<ref id="ref-00032">
				<mixed-citation>Rodrìguez, M., Pérez, J. and Ruìz, M. (2004) Designing user interfaces tailored to the current user's requirements in real time. Computers Helping People with Special Needs, 69--75.</mixed-citation>
				</ref>
				<ref id="ref-00033">
				<mixed-citation>Sayago, S. and Blat, J. (2010) Telling the story of older people emailing: an ethnographical study. Int J Human-Computer Studies 68 (1). Duluth: Academic Press, 105--120. <pub-id pub-id-type="doi" xlink:href="10.1016/j.ijhcs.2009.10.004" assigning-authority="crossref">10.1016/j.ijhcs.2009.10.004</pub-id> <pub-id pub-id-type="doi" xlink:href="10.1016/j.ijhcs.2009.10.004" /></mixed-citation>
				</ref>
				<ref id="ref-00034">
				<mixed-citation>Sloan, D. (2006) Two cultures? The disconnect between the Web standards movement and research based Web design guidelines for older people. Gerontechnology Journal 5(2) (July 2006). 106--112.</mixed-citation>
				</ref>
				<ref id="ref-00035">
				<mixed-citation>Sloan, D., Dickinson, A., McIlroy, N. and Gibson, L. (2006) Evaluating the Usability of Online Accessibility Information. Final Project Report. Retrieved January 29<sup>th</sup> 2010: http://www.techdis.ac.uk/index.php?p=3_10_10_1.</mixed-citation>
				</ref>
				<ref id="ref-00036">
				<mixed-citation>Trewin, S. (2000) Configuration agents, control and privacy. In: CUU '00: Proceedings of 2000 Conference on Universal Usability. New York: ACM Press, 9--16. <pub-id pub-id-type="doi" xlink:href="10.1145/355460.355466" assigning-authority="crossref">10.1145/355460.355466</pub-id> <pub-id pub-id-type="doi" xlink:href="10.1145/355460.355466" /></mixed-citation>
				</ref>
				<ref id="ref-00037">
				<mixed-citation>Trewin, S., Zimmermann, G. and Vanderheiden, G. (2003). Abstract user interface representations: how well do they support universal access? In: CUU '03: Proceedings of the 2003 Conference on Universal usability. ACM, New York, NY, USA, pp. 77--84. <pub-id pub-id-type="doi" xlink:href="10.1145/957205.957219" assigning-authority="crossref">10.1145/957205.957219</pub-id> <pub-id pub-id-type="doi" xlink:href="10.1145/957205.957219" /></mixed-citation>
				</ref>
				<ref id="ref-00038">
				<mixed-citation>W3C (2008) Web Accessibility for Older Users: A Literature Review. W3C Working Draft, 14 May 2008. http://www.w3.org/TR/wai-age-literature/</mixed-citation>
				</ref>
				<ref id="ref-00039">
				<mixed-citation>Zimmermann, G. and Vanderheiden, G. (2002). Technical requirements for a delivery context independent user interface model. In: W3C Workshop on Device independent authoring techniques. Retrieved 1<sup>st</sup> February 2010 from http://www.w3.org/2002/07/DIAT/posn/trace.html</mixed-citation>
				</ref>
			</ref-list>
</back>
</book-part>
</book-part-wrapper>
