<?xml version="1.0" encoding="UTF-8"?>
<!DOCTYPE book-part-wrapper PUBLIC "-//NLM//DTD BITS Book Interchange DTD with OASIS and XHTML Tables v2.0 20151225//EN" "BITS-book-oasis2.dtd">
<book-part-wrapper xmlns:xlink="http://www.w3.org/1999/xlink" xmlns:mml="http://www.w3.org/1998/Math/MathML" xmlns:oasis="http://www.niso.org/standards/z39-96/ns/oasis-exchange/table" xmlns:xi="http://www.w3.org/2001/XInclude" xmlns:xsi="http://www.w3.org/2001/XMLSchema-instance" dtd-version="2.0" xml:lang="en" content-type="research-article">
<collection-meta collection-type="book-series">
    <collection-id collection-id-type="doi">10.1145/acmotherconferences</collection-id>
    <title-group>
        <title>ACM Other Conferences</title>
    </title-group>
</collection-meta>
	<book-meta>
		<book-id book-id-type="acm-id">1805986</book-id>
		<book-id book-id-type="doi">10.1145/1805986</book-id>
		<book-title-group>
			<book-title>Proceedings of the 2010 International Cross Disciplinary Conference on Web Accessibility (W4A)</book-title>
			<alt-title alt-title-type="acronym">W4A '10</alt-title>
		</book-title-group>
	</book-meta>
	<book-part xmlns:ali="http://www.niso.org/schemas/ali/1.0/" book-part-type="chapter" xml:lang="en">
		<book-part-meta>
			<book-part-id book-part-id-type="acm-id">1806030</book-part-id>
			<book-part-id book-part-id-type="doi">10.1145/1805986.1806030</book-part-id>
			<book-part-id book-part-id-type="article-no">33</book-part-id>
	<subj-group subj-group-type="ccs2012">
		<compound-subject>
			<compound-subject-part content-type="code">10003120.10003121</compound-subject-part>
			<compound-subject-part content-type="text">Human-centered computing~Human computer interaction (HCI)</compound-subject-part>
			<compound-subject-part content-type="weight">500</compound-subject-part>
		</compound-subject>
		<compound-subject>
			<compound-subject-part content-type="code">10003120.10003121</compound-subject-part>
			<compound-subject-part content-type="text">Human-centered computing~Human computer interaction (HCI)</compound-subject-part>
			<compound-subject-part content-type="weight">100</compound-subject-part>
		</compound-subject>
		<compound-subject>
			<compound-subject-part content-type="code">10010147.10010178.10010216.10010217</compound-subject-part>
			<compound-subject-part content-type="text">Computing methodologies~Artificial intelligence~Philosophical/theoretical foundations of artificial intelligence~Cognitive science</compound-subject-part>
			<compound-subject-part content-type="weight">100</compound-subject-part>
		</compound-subject>
		<compound-subject>
			<compound-subject-part content-type="code">10003456.10010927.10003616</compound-subject-part>
			<compound-subject-part content-type="text">Social and professional topics~User characteristics~People with disabilities</compound-subject-part>
			<compound-subject-part content-type="weight">100</compound-subject-part>
		</compound-subject>
		<compound-subject>
			<compound-subject-part content-type="code">10003456.10003457.10003580.10003587</compound-subject-part>
			<compound-subject-part content-type="text">Social and professional topics~Professional topics~Computing profession~Assistive technologies</compound-subject-part>
			<compound-subject-part content-type="weight">100</compound-subject-part>
		</compound-subject>
	</subj-group>
			<title-group>
				<title>WAI-ARIA live regions</title>
				<subtitle>eBuddy IM as a case example</subtitle>
			</title-group>
<contrib-group>
   <contrib contrib-type="author" id="artseq-00001">
       <contrib-id contrib-id-type="person_id" authenticated="false">P2183244</contrib-id><contrib-id contrib-id-type="profile_id" authenticated="false">81329492539</contrib-id>
       <name name-style="western">
           <surname>Thiessen</surname>
           <given-names>Peter</given-names>
       </name>
	<aff>eBuddy B. V., Amsterdam, Netherlands</aff>
	<role>Author</role>
   </contrib>
   <contrib contrib-type="author" id="artseq-00002">
       <contrib-id contrib-id-type="person_id" authenticated="false">P2183245</contrib-id><contrib-id contrib-id-type="profile_id" authenticated="false">81461645947</contrib-id>
       <name name-style="western">
           <surname>Hockema</surname>
           <given-names>Stephen</given-names>
       </name>
	<aff>University of Toronto, St. George, St. Toronto, Ontario</aff><aff><institution-wrap><institution-id institution-id-type="profile_id">60016849</institution-id></institution-wrap></aff>
	<role>Author</role>
   </contrib>
</contrib-group>
   <pub-date date-type="publication">
   <day>26</day>
   <month>04</month>
   <year>2010</year>
   </pub-date>
				<fpage>1</fpage>
				<lpage>9</lpage>
		<permissions>
			<copyright-year>2010</copyright-year>
			<copyright-holder>ACM</copyright-holder>
			<license license-type="acmcopyright">
			<license-p>Permission to make digital or hard copies of all or part of this work for personal or classroom use is granted without fee provided that copies are not made or distributed for profit or commercial advantage and that copies bear this notice and the full citation on the first page. Copyrights for components of this work owned by others than ACM must be honored. Abstracting with credit is permitted. To copy otherwise, or republish, to post on servers or to redistribute to lists, requires prior specific permission and/or a fee. Request permissions from Permissions@acm.org</license-p>
			</license>
		</permissions>
		<self-uri content-type="pdf" xlink:href="1805986.1806030.pdf" />
	<abstract>
		<p>Rich Internet Applications (RIAs) offer new levels of user interactivity through a Web browser. By combining semantics, style and behavior it is possible to create a RIA that can rival a traditional desktop application. Unfortunately, much of the information exposed through RIAs via dynamic Document Object Model (DOM) updates is not accessible. The W3C Web Accessibility Initiative -- Accessible Rich Internet Applications (WAI-ARIA) specification presents a solution for making these applications accessible through adding additional semantics to HTML. WAI-ARIA live regions are introduced as a technique to expose dynamic DOM updates to Assistive Technologies (AT). A live region use case, eBuddy Instant Messenger (IM), is presented as well as a tally queue to help aid a user in filtering trivial information announcements.</p>
	</abstract>
<kwd-group>
<kwd>AJAX</kwd>
<kwd>ARIA</kwd>
<kwd>accessibility</kwd>
<kwd>blind users</kwd>
<kwd>dynamic content</kwd>
<kwd>screen readers</kwd>
<kwd>usability</kwd>
<kwd>user agents</kwd>
<kwd>web 2.0</kwd>
</kwd-group>
		</book-part-meta>
		
	<back>
<ref-list specific-use="unparsed">
				<ref id="ref-00001">
				<mixed-citation>Borodin, Yevgen, Bigham, Stent, Ramakrishnan. "Towards One World Web with HearSay3". Proceedings of the 2008 International Cross-Disciplinary Workshop on Web Accessibility (W4A) 21--22 April 2008. <pub-id pub-id-type="doi" xlink:href="10.1145/1368044.1368074" assigning-authority="crossref">10.1145/1368044.1368074</pub-id> <pub-id pub-id-type="doi" xlink:href="10.1145/1368044.1368074" /></mixed-citation>
				</ref>
				<ref id="ref-00002">
				<mixed-citation>Chen, Charles. "Fire Vox". 11 January 2010 &amp;lt;http://firevox.clcworld.net&amp;gt;</mixed-citation>
				</ref>
				<ref id="ref-00003">
				<mixed-citation>Chen, Charles, Leventhal, Aaron. "Report on the WAI ARIA Markup for AJAX Live Regions". Mozilla Developer Center. 23 January 2010 &amp;lt;https://developer.mozilla.org/en/AJAX/WAI_ARIA_Live_Regions&amp;gt;</mixed-citation>
				</ref>
				<ref id="ref-00004">
				<mixed-citation>eBuddy IM. 12 December 2010 &amp;lt;http://www.ebuddy.com&amp;gt;</mixed-citation>
				</ref>
				<ref id="ref-00005">
				<mixed-citation>Facebook. 4 January 2010 &amp;lt;http://www.facebook.com&amp;gt;</mixed-citation>
				</ref>
				<ref id="ref-00006">
				<mixed-citation>Faulkner, Steve. "WAI-ARIA role support - How the browsers stack up." 16 March 2009 &amp;lt;http://www.paciellogroup.com/blog/?p=114&amp;gt;</mixed-citation>
				</ref>
				<ref id="ref-00007">
				<mixed-citation>Fluid. "Fluid -- Designing Software that works - for everyone". 12 January 2010 &amp;lt;http://fluidproject.org&amp;gt;</mixed-citation>
				</ref>
				<ref id="ref-00008">
				<mixed-citation>Freedom Scientific. "Jaws". 24 January 2010 &amp;lt;http://www.freedomscientific.com&amp;gt;</mixed-citation>
				</ref>
				<ref id="ref-00009">
				<mixed-citation>GMail. 8 January 2010 &amp;lt;http://www.gmail.com&amp;gt;</mixed-citation>
				</ref>
				<ref id="ref-00010">
				<mixed-citation>GNOME. "Firefox 3.0 ARIA widget support in Orca". 5 January 2010 &amp;lt;http://live.gnome.org/Orca/Firefox/ARIAWidgets&amp;gt;</mixed-citation>
				</ref>
				<ref id="ref-00011">
				<mixed-citation>GNOME. "Firefox 3.0 Live Region support in Orca". 5 January 2010 &amp;lt;http://live.gnome.org/Orca/Firefox/LiveRegions&amp;gt;</mixed-citation>
				</ref>
				<ref id="ref-00012">
				<mixed-citation>GW Micro. "Windows Eyes". 23 February 2010 &amp;lt;http://www.gwmicro.com/Window-Eyes&amp;gt;</mixed-citation>
				</ref>
				<ref id="ref-00013">
				<mixed-citation>JQuery. "jQuery: The Write Less, Do More, JavaScript Library". 21 January 2010 &amp;lt;http://jquery.com&amp;gt;</mixed-citation>
				</ref>
				<ref id="ref-00014">
				<mixed-citation>Kouroupetroglou, Christos, Salampasis, Michail, Manitsaris, Athanasios. "Web accessibility (W4A): Building the mobile web: rediscovering accessibility?". Proceedings of the 2006 international cross-disciplinary workshop on Web accessibility (W4A), 2006.</mixed-citation>
				</ref>
				<ref id="ref-00015">
				<mixed-citation>Leventhal, Aaron. "Structure benefits all". Proceedings of the 2006 international cross-disciplinary workshop on Web accessibility (W4A), 2006. <pub-id pub-id-type="doi" xlink:href="10.1145/1133219.1133226" assigning-authority="crossref">10.1145/1133219.1133226</pub-id> <pub-id pub-id-type="doi" xlink:href="10.1145/1133219.1133226" /></mixed-citation>
				</ref>
				<ref id="ref-00016">
				<mixed-citation>NVDA. 5 January 2010 &amp;lt;http://www.nvda-project.org&amp;gt;</mixed-citation>
				</ref>
				<ref id="ref-00017">
				<mixed-citation>ORCA. 10 January 2010 &amp;lt;http://live.gnome.org/Orca&amp;gt;</mixed-citation>
				</ref>
				<ref id="ref-00018">
				<mixed-citation>Pilgrim, M., Gibson, B., Leventhal, A., "Embedding Accessibility Role and State Metadata in HTML Documents". 20 January 2007 &amp;lt;http://www.w3.org/WAI/PF/adaptable/HTML4/embedding-20060318.html&amp;gt;</mixed-citation>
				</ref>
				<ref id="ref-00019">
				<mixed-citation>Thiessen, Peter, Chen, Charles. ARIA Live Regions: An Introduction to Channels. Journal of Access Services, pp.215--229. Haworth Press, NY 13904--1580, 2008.</mixed-citation>
				</ref>
				<ref id="ref-00020">
				<mixed-citation>Twitter. 8 January 2010 &amp;lt;http://www.twitter.com&amp;gt;</mixed-citation>
				</ref>
				<ref id="ref-00021">
				<mixed-citation>World Wide Web Consortium (W3C). "Accessible Rich Internet Applications (WAI-ARIA) 1.0". W3C Working Draft 15 December 2009 &amp;lt;http://www.w3.org/TR/wai-aria&amp;gt;</mixed-citation>
				</ref>
				<ref id="ref-00022">
				<mixed-citation>World Wide Web Consortium (W3C). "Developing a Web Accessibility Business Case for Your Organization: Overview". 9 June 2009 &amp;lt;http://www.w3.org/WAI/bcase&amp;gt;</mixed-citation>
				</ref>
				<ref id="ref-00023">
				<mixed-citation>World Wide Web Consortium (W3C). "HTML 4.01 Specification: Access keys". W3C Recommendation 24 December 1999 &amp;lt;http://www.w3.org/TR/html401/interact/forms.html#adefaccesskey&amp;gt;</mixed-citation>
				</ref>
				<ref id="ref-00024">
				<mixed-citation>World Wide Web Consortium (W3C). "Shared Web Experiences: Barriers Common to Mobile Device Users and People with Disabilities". 30 January 2010 &amp;lt;http://www.w3.org/WAI/mobile/experiences.html&amp;gt;</mixed-citation>
				</ref>
				<ref id="ref-00025">
				<mixed-citation>World Wide Web Consortium (W3C). "Supported States and Properties (WAI-ARIA)". W3C Working Draft 15 December 2009 &amp;lt;http://www.w3.org/TR/wai-aria/states_and_properties&amp;gt;</mixed-citation>
				</ref>
				<ref id="ref-00026">
				<mixed-citation>World Wide Web Consortium (W3C). "CSS3 Speech Module". W3C Working Draft 16 December 2004 &amp;lt;http://www.w3.org/TR/css3-speech&amp;gt;</mixed-citation>
				</ref>
				<ref id="ref-00027">
				<mixed-citation>World Wide Web Consortium (W3C). "The Roles Model (WAI-ARIA)". W3C Working Draft 15 December 2009 &amp;lt;http://www.w3.org/TR/wai-aria/roles&amp;gt;</mixed-citation>
				</ref>
				<ref id="ref-00028">
				<mixed-citation>World Wide Web Consortium (W3C). "WAI-ARIA Authoring Practices 1.0: An author's guide to understanding and implementing Accessible Rich Internet Applications". W3C Working Draft 15 December 2009 &amp;lt;http://www.w3.org/TR/wai-aria-practices&amp;gt;</mixed-citation>
				</ref>
				<ref id="ref-00029">
				<mixed-citation>World Wide Web Consortium (W3C). "WAI-ARIA Best Practices". W3C Working Draft 24 February 2009 &amp;lt;http://www.w3.org/TR/wai-aria-practices&amp;gt;</mixed-citation>
				</ref>
				<ref id="ref-00030">
				<mixed-citation>World Wide Web Consortium (W3C). "WAI-ARIA Primer". W3C Working Draft 4 February 2008 &amp;lt;http://www.w3.org/TR/wai-aria-primer&amp;gt;</mixed-citation>
				</ref>
				<ref id="ref-00031">
				<mixed-citation>World Wide Web Consortium (W3C). "Web Content Accessibility Guidelines (WCAG) 2.0". W3C Recommendation 11 December 2008 &amp;lt;http://www.w3.org/TR/WCAG20&amp;gt;</mixed-citation>
				</ref>
				<ref id="ref-00032">
				<mixed-citation>World Wide Web Consortium (W3C). "W3C Math Home". January 31 2010 &amp;lt;http://www.w3.org/Math&amp;gt;</mixed-citation>
				</ref>
				<ref id="ref-00033">
				<mixed-citation>Yahoo!. "Flickr". 27 January 2010 http://www.flickr.com</mixed-citation>
				</ref>
			</ref-list>
</back>
</book-part>
</book-part-wrapper>
