<?xml version="1.0" encoding="UTF-8"?>
<!DOCTYPE book-part-wrapper PUBLIC "-//NLM//DTD BITS Book Interchange DTD with OASIS and XHTML Tables v2.0 20151225//EN" "BITS-book-oasis2.dtd">
<book-part-wrapper xmlns:xlink="http://www.w3.org/1999/xlink" xmlns:mml="http://www.w3.org/1998/Math/MathML" xmlns:oasis="http://www.niso.org/standards/z39-96/ns/oasis-exchange/table" xmlns:xi="http://www.w3.org/2001/XInclude" xmlns:xsi="http://www.w3.org/2001/XMLSchema-instance" dtd-version="2.0" xml:lang="en" content-type="research-article">
<collection-meta collection-type="book-series">
    <collection-id collection-id-type="doi">10.1145/acmotherconferences</collection-id>
    <title-group>
        <title>ACM Other Conferences</title>
    </title-group>
</collection-meta>
	<book-meta>
		<book-id book-id-type="acm-id">1805986</book-id>
		<book-id book-id-type="doi">10.1145/1805986</book-id>
		<book-title-group>
			<book-title>Proceedings of the 2010 International Cross Disciplinary Conference on Web Accessibility (W4A)</book-title>
			<alt-title alt-title-type="acronym">W4A '10</alt-title>
		</book-title-group>
	</book-meta>
	<book-part xmlns:ali="http://www.niso.org/schemas/ali/1.0/" book-part-type="chapter" xml:lang="en">
		<book-part-meta>
			<book-part-id book-part-id-type="acm-id">1805992</book-part-id>
			<book-part-id book-part-id-type="doi">10.1145/1805986.1805992</book-part-id>
			<book-part-id book-part-id-type="article-no">3</book-part-id>
	<subj-group subj-group-type="ccs2012">
		<compound-subject>
			<compound-subject-part content-type="code">10003120.10003121</compound-subject-part>
			<compound-subject-part content-type="text">Human-centered computing~Human computer interaction (HCI)</compound-subject-part>
			<compound-subject-part content-type="weight">500</compound-subject-part>
		</compound-subject>
		<compound-subject>
			<compound-subject-part content-type="code">10003456</compound-subject-part>
			<compound-subject-part content-type="text">Social and professional topics</compound-subject-part>
			<compound-subject-part content-type="weight">100</compound-subject-part>
		</compound-subject>
	</subj-group>
			<title-group>
				<title>Developing countries; developing experiences</title>
				<subtitle>approaches to accessibility for the real world</subtitle>
			</title-group>
<contrib-group>
   <contrib contrib-type="author" id="artseq-00001">
       <contrib-id contrib-id-type="person_id" authenticated="false">P2183139</contrib-id><contrib-id contrib-id-type="profile_id" authenticated="false">81100523794</contrib-id>
       <name name-style="western">
           <surname>Kelly</surname>
           <given-names>Brian</given-names>
       </name>
	<aff>University of Bath, Bath, UK</aff><aff><institution-wrap><institution-id institution-id-type="profile_id">60030480</institution-id></institution-wrap></aff>
	<role>Author</role>
   </contrib>
   <contrib contrib-type="author" id="artseq-00002">
       <contrib-id contrib-id-type="person_id" authenticated="false">P2183140</contrib-id><contrib-id contrib-id-type="profile_id" authenticated="false">81346488947</contrib-id>
       <name name-style="western">
           <surname>Lewthwaite</surname>
           <given-names>Sarah</given-names>
       </name>
	<aff>University of Nottingham, Nottingham, UK</aff><aff><institution-wrap><institution-id institution-id-type="profile_id">60015138</institution-id></institution-wrap></aff>
	<role>Author</role>
   </contrib>
   <contrib contrib-type="author" id="artseq-00003">
       <contrib-id contrib-id-type="person_id" authenticated="false">P2183141</contrib-id><contrib-id contrib-id-type="profile_id" authenticated="false">81100524724</contrib-id>
       <name name-style="western">
           <surname>Sloan</surname>
           <given-names>David</given-names>
       </name>
	<aff>University of Dundee, Dundee, UK</aff><aff><institution-wrap><institution-id institution-id-type="profile_id">60008877</institution-id></institution-wrap></aff>
	<role>Author</role>
   </contrib>
</contrib-group>
   <pub-date date-type="publication">
   <day>26</day>
   <month>04</month>
   <year>2010</year>
   </pub-date>
				<fpage>1</fpage>
				<lpage>4</lpage>
		<permissions>
			<copyright-year>2010</copyright-year>
			<copyright-holder>ACM</copyright-holder>
			<license license-type="acmcopyright">
			<license-p>Permission to make digital or hard copies of all or part of this work for personal or classroom use is granted without fee provided that copies are not made or distributed for profit or commercial advantage and that copies bear this notice and the full citation on the first page. Copyrights for components of this work owned by others than ACM must be honored. Abstracting with credit is permitted. To copy otherwise, or republish, to post on servers or to redistribute to lists, requires prior specific permission and/or a fee. Request permissions from Permissions@acm.org</license-p>
			</license>
		</permissions>
		<self-uri content-type="pdf" xlink:href="1805986.1805992.pdf" />
	<abstract>
		<p>The need for developing countries to consider appropriate strategies for enhancing access to networked resources by disabled people provides an opportunity to assess the merits and limitations of the approaches which have been taken in western countries. This paper reviews the limitations of dependence on a constrained technical definition of accessibility, and builds on previous work which developed a holistic approach to Web accessibility and a generic model to assist policy makers in understanding the complexities of addressing Web accessibility. We explore how such approaches can be deployed by practitioners and developers with responsibilities for the deployment of Web services within the context of limited resources, flawed technologies, conflicting priorities and debates within disability studies on the nature of disability.</p> <p>A pragmatic framework is presented which supports promotion of digital accessibility within a wider social inclusion context. It learns from past difficulties and aims to assist policy makers and practitioners across the world in decision-making when seeking to deploy accessible Web-based services within the context of limited resources, conflicting priorities and the limitations of technical accessibility guidelines.</p>
	</abstract>
<kwd-group>
<kwd>disability studies</kwd>
<kwd>disabled people</kwd>
<kwd>guidelines</kwd>
<kwd>policy</kwd>
<kwd>social inclusion</kwd>
<kwd>web accessibility</kwd>
</kwd-group>
		</book-part-meta>
		
	<back>
<ref-list specific-use="unparsed">
				<ref id="ref-00001">
				<mixed-citation>Kelly B., Sloan D., Phipps L., Petrie H. and Hamilton F. (2005) Forcing standardization or accommodating diversity? A framework for applying the WCAG in the real world. Proceedings of the 2005 International Cross-Disciplinary Workshop on Web Accessibility (W4A) (Chiba, Japan, 10 May 2005). New York: ACM Press, 46--54. Retrieved March 19<sup>th</sup> 2010: http://portal.acm.org/citation.cfm?id=1061811.1061820 <pub-id pub-id-type="doi" xlink:href="10.1145/1061811.1061820" assigning-authority="crossref">10.1145/1061811.1061820</pub-id> <pub-id pub-id-type="doi" xlink:href="10.1145/1061811.1061820" /></mixed-citation>
				</ref>
				<ref id="ref-00002">
				<mixed-citation>France joins Germany warning against Internet Explorer, BBC News, 18 January 2010. Retrieved March 19<sup>th</sup> 2010: http://news.bbc.co.uk/1/hi/8465038.stm</mixed-citation>
				</ref>
				<ref id="ref-00003">
				<mixed-citation>BERR &amp;amp; DCMS (2009) Digital Britain: The Interim Report. London, TSO.</mixed-citation>
				</ref>
				<ref id="ref-00004">
				<mixed-citation>Disability Now (2008) Commission's birthday blues. Retrieved March 19<sup>th</sup> 2010: http://www.disabilitynow.org.uk/living/features/commissions-birthday-blues</mixed-citation>
				</ref>
				<ref id="ref-00005">
				<mixed-citation>Wendell, S. (1996) The Rejected Body: Feminist Philosophical Reflections on Disability, New York, Routledge.</mixed-citation>
				</ref>
				<ref id="ref-00006">
				<mixed-citation>Deal, M. (2007) 'Aversive disablism: subtle prejudice toward disabled people'. Disability &amp;amp; Society, 22, 14.</mixed-citation>
				</ref>
				<ref id="ref-00007">
				<mixed-citation>Gaertner, S. L. &amp;amp; Dovidio, J. F. (2000) Reducing intergroup bias: the common in-group identity model. Hove, UK, Psychology Press.</mixed-citation>
				</ref>
				<ref id="ref-00008">
				<mixed-citation>Young, I. M. (1990) Justice and the politics of difference Princeton, NJ, Princeton University Press.</mixed-citation>
				</ref>
				<ref id="ref-00009">
				<mixed-citation>Deal, M. (2003) 'Disabled people's attitudes toward other impairment groups: a hierarchy of impairments'. Disability &amp;amp; Society, 18, 13.</mixed-citation>
				</ref>
				<ref id="ref-00010">
				<mixed-citation>Kelly, B., Sloan, D., Brown, S., Seale, J., Petrie, H., Lauke, P. &amp;amp; Ball, S. (2007) Accessibility 2.0: people, policies and processes. W4A 2007: International Cross-Disciplinary Conference on Web Accessibility. Banff, Canada, 7--8 May 2007, W4A. Retrieved March 19<sup>th</sup> 2010: http://www.w4a.info/2007/prog/15-kelly.pdf <pub-id pub-id-type="doi" xlink:href="10.1145/1243441.1243471" assigning-authority="crossref">10.1145/1243441.1243471</pub-id> <pub-id pub-id-type="doi" xlink:href="10.1145/1243441.1243471" /></mixed-citation>
				</ref>
				<ref id="ref-00011">
				<mixed-citation>Clark J. (2006) To Hell with WCAG 2. A List Apart. no. 217. Retrieved March 19<sup>th</sup> 2007: http://alistapart.com/articles/tohellwithwcag2</mixed-citation>
				</ref>
				<ref id="ref-00012">
				<mixed-citation>Seeman, L. (2007) Formal objection explained. W3C WCAG 2.0 Public Comments list. Retrieved March 19<sup>th</sup> 2010: http://lists.w3.org/Archives/Public/public-comments-wcag20/2006Jun/0119</mixed-citation>
				</ref>
				<ref id="ref-00013">
				<mixed-citation>Accessibility of videos on HE Websites, website-info-mgt JISCMail list, 12 January 2010. Retrieved March 19<sup>th</sup> 2010: https://www.jiscmail.ac.uk/cgi-bin/webadmin?A2= WEBSITE-INFO-MGT;Dxl1Og;20100112105931-0000</mixed-citation>
				</ref>
				<ref id="ref-00014">
				<mixed-citation>Boag, P. Re: Accessibility of videos on HE Websites, website-info-mgt JISCMail list, 16 January 2010. Retrieved March 19<sup>th</sup> 2010: https://www.jiscmail.ac.uk/cgi-bin/webadmin?A2=WEBSITE-INFO-MGT;cn05Rw;20100116120035%2B0000</mixed-citation>
				</ref>
			</ref-list>
</back>
</book-part>
</book-part-wrapper>
