<?xml version="1.0" encoding="UTF-8"?>
<!DOCTYPE book-part-wrapper PUBLIC "-//NLM//DTD BITS Book Interchange DTD with OASIS and XHTML Tables v2.0 20151225//EN" "BITS-book-oasis2.dtd">
<book-part-wrapper xmlns:xlink="http://www.w3.org/1999/xlink" xmlns:mml="http://www.w3.org/1998/Math/MathML" xmlns:oasis="http://www.niso.org/standards/z39-96/ns/oasis-exchange/table" xmlns:xi="http://www.w3.org/2001/XInclude" xmlns:xsi="http://www.w3.org/2001/XMLSchema-instance" dtd-version="2.0" xml:lang="en" content-type="research-article">
<collection-meta collection-type="book-series">
    <collection-id collection-id-type="doi">10.1145/acmotherconferences</collection-id>
    <title-group>
        <title>ACM Other Conferences</title>
    </title-group>
</collection-meta>
	<book-meta>
		<book-id book-id-type="acm-id">1805986</book-id>
		<book-id book-id-type="doi">10.1145/1805986</book-id>
		<book-title-group>
			<book-title>Proceedings of the 2010 International Cross Disciplinary Conference on Web Accessibility (W4A)</book-title>
			<alt-title alt-title-type="acronym">W4A '10</alt-title>
		</book-title-group>
	</book-meta>
	<book-part xmlns:ali="http://www.niso.org/schemas/ali/1.0/" book-part-type="chapter" xml:lang="en">
		<book-part-meta>
			<book-part-id book-part-id-type="acm-id">1806021</book-part-id>
			<book-part-id book-part-id-type="doi">10.1145/1805986.1806021</book-part-id>
			<book-part-id book-part-id-type="article-no">25</book-part-id>
	<subj-group subj-group-type="ccs2012">
		<compound-subject>
			<compound-subject-part content-type="code">10003456</compound-subject-part>
			<compound-subject-part content-type="text">Social and professional topics</compound-subject-part>
			<compound-subject-part content-type="weight">500</compound-subject-part>
		</compound-subject>
		<compound-subject>
			<compound-subject-part content-type="code">10003120.10003121</compound-subject-part>
			<compound-subject-part content-type="text">Human-centered computing~Human computer interaction (HCI)</compound-subject-part>
			<compound-subject-part content-type="weight">100</compound-subject-part>
		</compound-subject>
	</subj-group>
			<title-group>
				<title>3D HapticWebBrowser</title>
				<subtitle>towards universal web navigation for the visually impaired</subtitle>
			</title-group>
<contrib-group>
   <contrib contrib-type="author" id="artseq-00001">
       <contrib-id contrib-id-type="person_id" authenticated="false">P2183216</contrib-id><contrib-id contrib-id-type="profile_id" authenticated="false">81361608581</contrib-id>
       <name name-style="western">
           <surname>Kaklanis</surname>
           <given-names>Nikolaos</given-names>
       </name>
	<aff>University of Surrey Guildford, United Kingdom and Informatics and Telematics Institute, Thermi-Thessaloniki, Greece</aff><aff><institution-wrap><institution-id institution-id-type="profile_id">60023629</institution-id></institution-wrap></aff>
	<role>Author</role>
   </contrib>
   <contrib contrib-type="author" id="artseq-00002">
       <contrib-id contrib-id-type="person_id" authenticated="false">P2183217</contrib-id><contrib-id contrib-id-type="profile_id" authenticated="false">81350582150</contrib-id>
       <name name-style="western">
           <surname>Votis</surname>
           <given-names>Konstantinos</given-names>
       </name>
	<aff>Informatics and Telematics Institute, Thermi-Thessaloniki, Greece</aff><aff><institution-wrap><institution-id institution-id-type="profile_id">60023629</institution-id></institution-wrap></aff>
	<role>Author</role>
   </contrib>
   <contrib contrib-type="author" id="artseq-00003">
       <contrib-id contrib-id-type="person_id" authenticated="false">P2183218</contrib-id><contrib-id contrib-id-type="profile_id" authenticated="false">81100585453</contrib-id>
       <name name-style="western">
           <surname>Moustakas</surname>
           <given-names>Konstantinos</given-names>
       </name>
	<aff>Informatics and Telematics Institute, Thermi-Thessaloniki, Greece</aff><aff><institution-wrap><institution-id institution-id-type="profile_id">60023629</institution-id></institution-wrap></aff>
	<role>Author</role>
   </contrib>
   <contrib contrib-type="author" id="artseq-00004">
       <contrib-id contrib-id-type="person_id" authenticated="false">P2183219</contrib-id><contrib-id contrib-id-type="profile_id" authenticated="false">81100435517</contrib-id>
       <name name-style="western">
           <surname>Tzovaras</surname>
           <given-names>Dimitrios</given-names>
       </name>
	<aff>Informatics and Telematics Institute, Thermi-Thessaloniki, Greece</aff><aff><institution-wrap><institution-id institution-id-type="profile_id">60023629</institution-id></institution-wrap></aff>
	<role>Author</role>
   </contrib>
</contrib-group>
   <pub-date date-type="publication">
   <day>26</day>
   <month>04</month>
   <year>2010</year>
   </pub-date>
				<fpage>1</fpage>
				<lpage>2</lpage>
		<permissions>
			<copyright-year>2010</copyright-year>
			<copyright-holder>ACM</copyright-holder>
			<license license-type="acmcopyright">
			<license-p>Permission to make digital or hard copies of all or part of this work for personal or classroom use is granted without fee provided that copies are not made or distributed for profit or commercial advantage and that copies bear this notice and the full citation on the first page. Copyrights for components of this work owned by others than ACM must be honored. Abstracting with credit is permitted. To copy otherwise, or republish, to post on servers or to redistribute to lists, requires prior specific permission and/or a fee. Request permissions from Permissions@acm.org</license-p>
			</license>
		</permissions>
		<self-uri content-type="pdf" xlink:href="1805986.1806021.pdf" />
	<abstract>
		<p>When viewed at a macroscopic scale, an interesting emergent property of the Web is that it constantly evolves towards being the most important entry point for information production and consumption by everyone. This purpose is defeated right if a single user with a disability cannot access a given piece of information on the Web. However, information on the Web is graphically-orientated and in most cases visually impaired users have very restricted access and find it difficult to recognize this kind of visual representation. For visually impaired people and especially for blind users alternative information presentation ways must be found, which would replace visual information. <italic toggle="yes">3D HapticWebBrowser</italic>, is a free open source web browser to address the problems of visually impaired in accessing the Web. Issues of multimodal interaction and haptic technologies enable universal navigation of web pages and efficient map exploration of preferable 2D maps.</p>
	</abstract>
<kwd-group>
<kwd>blind users</kwd>
<kwd>haptic interaction</kwd>
<kwd>haptic navigation</kwd>
<kwd>multimodal maps</kwd>
<kwd>virtual environment</kwd>
<kwd>visually impaired users</kwd>
</kwd-group>
<funding-group specific-use="FundRef">
	<award-group id="award1">
		<funding-source id="GS1">
			<institution-wrap>
			<institution>Seventh Framework Programme</institution>
			<institution-id institution-id-type="FundRef">http://dx.doi.org/10.13039/501100004963</institution-id>
			</institution-wrap>
		</funding-source>
		<award-id rid="GS1">224348</award-id>
	</award-group>
</funding-group>
		</book-part-meta>
		
	<back>
<ref-list specific-use="unparsed">
				<ref id="ref-00001">
				<mixed-citation>Magnusson, C., Rassmus-Gröhn, K., Sjöström, C., Danielsson, H.: Navigation and recognition in complex haptic virtual environments -- reports from an extensive study with blind users. In: Eurohaptics 2002, Edinburgh, UK, July 8--10 (2002)</mixed-citation>
				</ref>
				<ref id="ref-00002">
				<mixed-citation>Kaklanis, N., Gonzalez Calleros, J. M., Vanderdonckt, J., Tzovaras, D.: Hapgets, Towards Haptically-enhanced Widgets based on a User Interface Description Language, Proc. of Multimodal interaction through haptic feedback (MITH) Workshop (Naples, May 28--30, 2008)</mixed-citation>
				</ref>
				<ref id="ref-00003">
				<mixed-citation>R. Ramloll, W. Yu, S. Brewster, B. Riedel, M. Burton, and G. Dimigen, "Constructing sonified haptic line graphs for the blind student: First steps.", in <italic toggle="yes">ACM conference on Assistive technologies</italic>, (Arlington, USA), 2000 <pub-id pub-id-type="doi" xlink:href="10.1145/354324.354330" assigning-authority="crossref">10.1145/354324.354330</pub-id> <pub-id pub-id-type="doi" xlink:href="10.1145/354324.354330" /></mixed-citation>
				</ref>
				<ref id="ref-00004">
				<mixed-citation>G. C. Burdea, Force and Touch Feedback for Virtual Reality, Wiley-Interscience, 1996 <pub-id pub-id-type="doi" xlink:href="10.5555/232471" /></mixed-citation>
				</ref>
			</ref-list>
</back>
</book-part>
</book-part-wrapper>
