<?xml version="1.0" encoding="UTF-8"?>
<!DOCTYPE book-part-wrapper PUBLIC "-//NLM//DTD BITS Book Interchange DTD with OASIS and XHTML Tables v2.0 20151225//EN" "BITS-book-oasis2.dtd">
<book-part-wrapper xmlns:xlink="http://www.w3.org/1999/xlink" xmlns:mml="http://www.w3.org/1998/Math/MathML" xmlns:oasis="http://www.niso.org/standards/z39-96/ns/oasis-exchange/table" xmlns:xi="http://www.w3.org/2001/XInclude" xmlns:xsi="http://www.w3.org/2001/XMLSchema-instance" dtd-version="2.0" xml:lang="en" content-type="research-article">
<collection-meta collection-type="book-series">
    <collection-id collection-id-type="doi">10.1145/acmotherconferences</collection-id>
    <title-group>
        <title>ACM Other Conferences</title>
    </title-group>
</collection-meta>
	<book-meta>
		<book-id book-id-type="acm-id">1805986</book-id>
		<book-id book-id-type="doi">10.1145/1805986</book-id>
		<book-title-group>
			<book-title>Proceedings of the 2010 International Cross Disciplinary Conference on Web Accessibility (W4A)</book-title>
			<alt-title alt-title-type="acronym">W4A '10</alt-title>
		</book-title-group>
	</book-meta>
	<book-part xmlns:ali="http://www.niso.org/schemas/ali/1.0/" book-part-type="chapter" xml:lang="en">
		<book-part-meta>
			<book-part-id book-part-id-type="acm-id">1806029</book-part-id>
			<book-part-id book-part-id-type="doi">10.1145/1805986.1806029</book-part-id>
			<book-part-id book-part-id-type="article-no">32</book-part-id>
	<subj-group subj-group-type="ccs2012">
		<compound-subject>
			<compound-subject-part content-type="code">10003120.10003121.10003122</compound-subject-part>
			<compound-subject-part content-type="text">Human-centered computing~Human computer interaction (HCI)~HCI design and evaluation methods</compound-subject-part>
			<compound-subject-part content-type="weight">500</compound-subject-part>
		</compound-subject>
		<compound-subject>
			<compound-subject-part content-type="code">10003456.10003457.10003580.10003587</compound-subject-part>
			<compound-subject-part content-type="text">Social and professional topics~Professional topics~Computing profession~Assistive technologies</compound-subject-part>
			<compound-subject-part content-type="weight">100</compound-subject-part>
		</compound-subject>
		<compound-subject>
			<compound-subject-part content-type="code">10003456.10010927.10003616</compound-subject-part>
			<compound-subject-part content-type="text">Social and professional topics~User characteristics~People with disabilities</compound-subject-part>
			<compound-subject-part content-type="weight">100</compound-subject-part>
		</compound-subject>
	</subj-group>
			<title-group>
				<title>Accessibility challenges and tool features</title>
				<subtitle>an IBM Web developer perspective</subtitle>
			</title-group>
<contrib-group>
   <contrib contrib-type="author" id="artseq-00001">
       <contrib-id contrib-id-type="person_id" authenticated="false">P2183239</contrib-id><contrib-id contrib-id-type="profile_id" authenticated="false">81100659496</contrib-id>
       <name name-style="western">
           <surname>Trewin</surname>
           <given-names>Shari</given-names>
       </name>
	<aff>IBM T. J. Watson Research Center, Yorktown Heights, NY</aff><aff><institution-wrap><institution-id institution-id-type="profile_id">60017366</institution-id></institution-wrap></aff>
	<role>Author</role>
   </contrib>
   <contrib contrib-type="author" id="artseq-00002">
       <contrib-id contrib-id-type="person_id" authenticated="false">P2183240</contrib-id><contrib-id contrib-id-type="profile_id" authenticated="false">81377592658</contrib-id>
       <name name-style="western">
           <surname>Cragun</surname>
           <given-names>Brian</given-names>
       </name>
	<aff>IBM Human Ability and Accessibility Center, Rochester, MN</aff><aff><institution-wrap><institution-id institution-id-type="profile_id">60021293</institution-id></institution-wrap></aff>
	<role>Author</role>
   </contrib>
   <contrib contrib-type="author" id="artseq-00003">
       <contrib-id contrib-id-type="person_id" authenticated="false">P2183241</contrib-id><contrib-id contrib-id-type="profile_id" authenticated="false">81100027041</contrib-id>
       <name name-style="western">
           <surname>Swart</surname>
           <given-names>Cal</given-names>
       </name>
	<aff>IBM T. J. Watson Research Center, Yorktown Heights, NY</aff><aff><institution-wrap><institution-id institution-id-type="profile_id">60017366</institution-id></institution-wrap></aff>
	<role>Author</role>
   </contrib>
   <contrib contrib-type="author" id="artseq-00004">
       <contrib-id contrib-id-type="person_id" authenticated="false">P2183242</contrib-id><contrib-id contrib-id-type="profile_id" authenticated="false">81328487799</contrib-id>
       <name name-style="western">
           <surname>Brezin</surname>
           <given-names>Jonathan</given-names>
       </name>
	<aff>IBM T. J. Watson Research Center, Yorktown Heights, NY</aff><aff><institution-wrap><institution-id institution-id-type="profile_id">60017366</institution-id></institution-wrap></aff>
	<role>Author</role>
   </contrib>
   <contrib contrib-type="author" id="artseq-00005">
       <contrib-id contrib-id-type="person_id" authenticated="false">P2183243</contrib-id><contrib-id contrib-id-type="profile_id" authenticated="false">81100451878</contrib-id>
       <name name-style="western">
           <surname>Richards</surname>
           <given-names>John</given-names>
       </name>
	<aff>IBM T. J. Watson Research Center, Yorktown Heights, NY</aff><aff><institution-wrap><institution-id institution-id-type="profile_id">60017366</institution-id></institution-wrap></aff>
	<role>Author</role>
   </contrib>
</contrib-group>
   <pub-date date-type="publication">
   <day>26</day>
   <month>04</month>
   <year>2010</year>
   </pub-date>
				<fpage>1</fpage>
				<lpage>10</lpage>
		<permissions>
			<copyright-year>2010</copyright-year>
			<copyright-holder>ACM</copyright-holder>
			<license license-type="acmcopyright">
			<license-p>Permission to make digital or hard copies of all or part of this work for personal or classroom use is granted without fee provided that copies are not made or distributed for profit or commercial advantage and that copies bear this notice and the full citation on the first page. Copyrights for components of this work owned by others than ACM must be honored. Abstracting with credit is permitted. To copy otherwise, or republish, to post on servers or to redistribute to lists, requires prior specific permission and/or a fee. Request permissions from Permissions@acm.org</license-p>
			</license>
		</permissions>
		<self-uri content-type="pdf" xlink:href="1805986.1806029.pdf" />
	<abstract>
		<p>Using evidence from a survey of 49 IBM Web developers we explore two concerns: barriers to the developers' designing accessible Web-based products, and what value they felt specific features in an "accessibility" tool might have. They found designing for accessibility difficult, but more surprisingly, they found using the test tools and finding technology work-arounds equally hard. Testing and finding work-arounds were also the most time consuming aspects of accessibility, while design was not. When asked about tool features, all agreed that a checklist of automatically detected problems and an explanation of each problem were the most important. There were fifteen features in all, and the more experienced the developer, the more they valued the other features, particularly being able to experience a site as someone with a particular disability would, and being able to pinpoint a problem on the rendered view of a page. The survey results suggest existing tools are often unclear, cumbersome, and incomplete with respect to the standards that must be met.</p>
	</abstract>
<kwd-group>
<kwd>accessibility</kwd>
<kwd>assistive technology</kwd>
<kwd>automated evaluation</kwd>
<kwd>conformance testing</kwd>
<kwd>developers' perception</kwd>
<kwd>quality assurance</kwd>
<kwd>screen reader</kwd>
<kwd>survey</kwd>
<kwd>tools</kwd>
<kwd>validation</kwd>
<kwd>web</kwd>
<kwd>web accessibility</kwd>
</kwd-group>
		</book-part-meta>
		
	<back>
<ref-list specific-use="unparsed">
				<ref id="ref-00001">
				<mixed-citation>Baguma, R., Stone, G., Lubega, J., van der Weide, T. Integrating accessibility and functional requirements. <italic toggle="yes">Lecture Notes in Computer Science</italic>, Springer Berlin / Heidelberg, Vol. 5616. 2009, 635--644. <pub-id pub-id-type="doi" xlink:href="10.1007/978-3-642-02713-0_67" assigning-authority="crossref">10.1007/978-3-642-02713-0_67</pub-id> <pub-id pub-id-type="doi" xlink:href="10.1007/978-3-642-02713-0_67" /></mixed-citation>
				</ref>
				<ref id="ref-00002">
				<mixed-citation>Brajnik, G. Validity and reliability of web accessibility guidelines. <italic toggle="yes">Proceedings of the 11<sup>th</sup> International ACM SIGACCESS Conference on Computers and Accessibility. (ASSETS 2009)</italic> (Pittsburgh, PA, USA, October 2009). ACM Press, New York, NY, 2009, 131--138. <pub-id pub-id-type="doi" xlink:href="10.1145/1639642.1639666" assigning-authority="crossref">10.1145/1639642.1639666</pub-id> <pub-id pub-id-type="doi" xlink:href="10.1145/1639642.1639666" /></mixed-citation>
				</ref>
				<ref id="ref-00003">
				<mixed-citation>King, M., Thatcher, J., Bronstad, P. and Easton, R. Managing usability for people with disabilities in a large Web presence. <italic toggle="yes">IBM Systems Journal., 44</italic>, 3 (2005), 519--535. <pub-id pub-id-type="doi" xlink:href="10.1147/sj.443.0519" assigning-authority="crossref">10.1147/sj.443.0519</pub-id> <pub-id pub-id-type="doi" xlink:href="10.1147/sj.443.0519" /></mixed-citation>
				</ref>
				<ref id="ref-00004">
				<mixed-citation>Lazar, J., Dudley-Sponaugle, A. and Greenidge, K. Improving Web accessibility: A study of webmaster perceptions. <italic toggle="yes">Computers in Human Behavior</italic> 20 (2004), 269--288.</mixed-citation>
				</ref>
				<ref id="ref-00005">
				<mixed-citation>Mankoff, J., Fait, H. and Tran, T. Is your Web page accessible? A comparative study of methods for assessing Web page accessibility for the blind. In <italic toggle="yes">Proceedings of the SIGCHI Conference on Human Factors in Computing Systems (CHI 2005)</italic>, ACM Press, New York, 2005, 41--50. <pub-id pub-id-type="doi" xlink:href="10.1145/1054972.1054979" assigning-authority="crossref">10.1145/1054972.1054979</pub-id> <pub-id pub-id-type="doi" xlink:href="10.1145/1054972.1054979" /></mixed-citation>
				</ref>
				<ref id="ref-00006">
				<mixed-citation>Petrie, H., King, N., Velasco, C., Gappa, H. and Nordbrock, G. The usability of accessibility evaluation tools. In C. Stephanidis (Ed.) <italic toggle="yes">Universal Access in HCI, Part III, HCII 2007</italic>, LNCS 4556, Springer-Verlag Berlin Heidelberg, 2007, 124--132. <pub-id pub-id-type="doi" xlink:href="10.5555/1757148.1757164" /></mixed-citation>
				</ref>
				<ref id="ref-00007">
				<mixed-citation>Power, C. and Petrie, H. Accessibility in non-professional web authoring tools: a missed web 2.0 opportunity? In <italic toggle="yes">Proceedings of the 2007 International Cross-Disciplinary Conference on Web Accessibility (W4A)</italic>, 2007, 116--119. <pub-id pub-id-type="doi" xlink:href="10.1145/1243441.1243468" assigning-authority="crossref">10.1145/1243441.1243468</pub-id> <pub-id pub-id-type="doi" xlink:href="10.1145/1243441.1243468" /></mixed-citation>
				</ref>
				<ref id="ref-00008">
				<mixed-citation>Rosson, M., Ballin, J., Rode, J. and Toward, B. "Designing for the Web". Revisited. A survey of informal and experienced Web developers. In D. Lowe and M. Gaedke (Eds) <italic toggle="yes">ICWE 2005. LNCS 3579</italic>. Springer-Verlag Berlin Heidelberg, 2005, 522--532. <pub-id pub-id-type="doi" xlink:href="10.1007/11531371_66" assigning-authority="crossref">10.1007/11531371_66</pub-id> <pub-id pub-id-type="doi" xlink:href="10.1007/11531371_66" /></mixed-citation>
				</ref>
				<ref id="ref-00009">
				<mixed-citation>Takagi, H., Asakawa, C., Fukuda, K. and Maeda, J. Accessibility designer: visualizing usability for the blind. In <italic toggle="yes">Proceedings of the 6<sup>th</sup> International ACM SIGACCESS Conference on Computers and Accessibility</italic>. ASSETS '04. ACM Press, NY. 2004, 177--184. <pub-id pub-id-type="doi" xlink:href="10.1145/1028630.1028662" assigning-authority="crossref">10.1145/1028630.1028662</pub-id> <pub-id pub-id-type="doi" xlink:href="10.1145/1028630.1028662" /></mixed-citation>
				</ref>
				<ref id="ref-00010">
				<mixed-citation>W3C List of Web accessibility evaluation tools. http://www.w3.org/WAI/ER/tools/complete.html.</mixed-citation>
				</ref>
				<ref id="ref-00011">
				<mixed-citation>Xiong, J., Farenc, C. and Winckler, M. Analyzing tool support for inspecting accessibility guidelines during the development process of web sites. <italic toggle="yes">Lecture Notes in Computer Science</italic>, Volume 4832, 2007, 470--480. <pub-id pub-id-type="doi" xlink:href="10.5555/1781503.1781555" /></mixed-citation>
				</ref>
				<ref id="ref-00012">
				<mixed-citation>Yesilada, Y., Brajnik, G., and Harper, S. How much does expertise matter? A barrier walkthrough study with experts and non-experts. In <italic toggle="yes">Proceedings of the 11<sup>th</sup> International ACM SIGACCESS Conference on Computers and Accessibility. (ASSETS 2009)</italic> (Pittsburgh, PA, USA, October 2009). ACM Press, New York, NY, 2009, 203--210. <pub-id pub-id-type="doi" xlink:href="10.1145/1639642.1639678" assigning-authority="crossref">10.1145/1639642.1639678</pub-id> <pub-id pub-id-type="doi" xlink:href="10.1145/1639642.1639678" /></mixed-citation>
				</ref>
			</ref-list>
</back>
</book-part>
</book-part-wrapper>
