<?xml version="1.0" encoding="UTF-8"?>
<!DOCTYPE book-part-wrapper PUBLIC "-//NLM//DTD BITS Book Interchange DTD with OASIS and XHTML Tables v2.0 20151225//EN" "BITS-book-oasis2.dtd">
<book-part-wrapper xmlns:xlink="http://www.w3.org/1999/xlink" xmlns:mml="http://www.w3.org/1998/Math/MathML" xmlns:oasis="http://www.niso.org/standards/z39-96/ns/oasis-exchange/table" xmlns:xi="http://www.w3.org/2001/XInclude" xmlns:xsi="http://www.w3.org/2001/XMLSchema-instance" dtd-version="2.0" xml:lang="en" content-type="research-article">
<collection-meta collection-type="book-series">
    <collection-id collection-id-type="doi">10.1145/acmotherconferences</collection-id>
    <title-group>
        <title>ACM Other Conferences</title>
    </title-group>
</collection-meta>
	<book-meta>
		<book-id book-id-type="acm-id">1805986</book-id>
		<book-id book-id-type="doi">10.1145/1805986</book-id>
		<book-title-group>
			<book-title>Proceedings of the 2010 International Cross Disciplinary Conference on Web Accessibility (W4A)</book-title>
			<alt-title alt-title-type="acronym">W4A '10</alt-title>
		</book-title-group>
	</book-meta>
	<book-part xmlns:ali="http://www.niso.org/schemas/ali/1.0/" book-part-type="chapter" xml:lang="en">
		<book-part-meta>
			<book-part-id book-part-id-type="acm-id">1805990</book-part-id>
			<book-part-id book-part-id-type="doi">10.1145/1805986.1805990</book-part-id>
			<book-part-id book-part-id-type="article-no">2</book-part-id>
			<title-group>
				<title>The spoken web application framework</title>
				<subtitle>user generated content and service creation through low-end mobiles</subtitle>
			</title-group>
<contrib-group>
   <contrib contrib-type="author" id="artseq-00001">
       <contrib-id contrib-id-type="person_id" authenticated="false">P2183136</contrib-id><contrib-id contrib-id-type="profile_id" authenticated="false">81350570051</contrib-id>
       <name name-style="western">
           <surname>Kumar</surname>
           <given-names>Arun</given-names>
       </name>
	<aff>IBM Research - India, Vasant Kunj, New Delhi, India</aff><aff><institution-wrap><institution-id institution-id-type="profile_id">60107856</institution-id></institution-wrap></aff>
	<role>Author</role>
   </contrib>
   <contrib contrib-type="author" id="artseq-00002">
       <contrib-id contrib-id-type="person_id" authenticated="false">P2183137</contrib-id><contrib-id contrib-id-type="profile_id" authenticated="false">81336487429</contrib-id>
       <name name-style="western">
           <surname>Agarwal</surname>
           <given-names>Sheetal K.</given-names>
       </name>
	<aff>Embassy Golf Links, Bangalore, India</aff>
	<role>Author</role>
   </contrib>
   <contrib contrib-type="author" id="artseq-00003">
       <contrib-id contrib-id-type="person_id" authenticated="false">P2183138</contrib-id><contrib-id contrib-id-type="profile_id" authenticated="false">81460658197</contrib-id>
       <name name-style="western">
           <surname>Manwani</surname>
           <given-names>Priyanka</given-names>
       </name>
	<aff>IBM Research - India, Vasant Kunj, New Delhi, India</aff><aff><institution-wrap><institution-id institution-id-type="profile_id">60107856</institution-id></institution-wrap></aff>
	<role>Author</role>
   </contrib>
</contrib-group>
   <pub-date date-type="publication">
   <day>26</day>
   <month>04</month>
   <year>2010</year>
   </pub-date>
				<fpage>1</fpage>
				<lpage>10</lpage>
		<permissions>
			<copyright-year>2010</copyright-year>
			<copyright-holder>ACM</copyright-holder>
			<license license-type="acmcopyright">
			<license-p>Permission to make digital or hard copies of all or part of this work for personal or classroom use is granted without fee provided that copies are not made or distributed for profit or commercial advantage and that copies bear this notice and the full citation on the first page. Copyrights for components of this work owned by others than ACM must be honored. Abstracting with credit is permitted. To copy otherwise, or republish, to post on servers or to redistribute to lists, requires prior specific permission and/or a fee. Request permissions from Permissions@acm.org</license-p>
			</license>
		</permissions>
		<self-uri content-type="pdf" xlink:href="1805986.1805990.pdf" />
	<abstract>
		<p>While the word 'accessibility' seems to require a new definition in the context of making Web available in developing regions, we propose to expand the definition of 'Web' itself in the same context. The prevalent definition of Web as a system of interlinked textual documents available on the Internet and accessed through a web browser, needs to be modified to include new types of hyperlinked content and new access mechanisms.</p> <p>Spoken Web is emerging as an alternate web for the underprivileged by breaking barriers of illiteracy, affordability and local languages. It is envisioned as being complementary to the existing Web and navigable entirely through a voice based interface using an ordinary telephone. In this paper, we present Spoken Web Application Framework (SWAF) -- a framework for enabling creation of sites in Spoken Web through a simple voice interaction over an ordinary phone call. This unique novelty of SWAF provides an extremely simplified service creation ability using voice interaction rather than through programming by IT experts thus enabling a new software development paradigm. It is meant to be a platform for making the power of Web technologies become accessible to the next billion IT users of the world.</p> <p>We present the architecture, design and implementation of the SWAF framework.</p>
	</abstract>
<kwd-group>
<kwd>VoiceSites</kwd>
<kwd>Vxml</kwd>
<kwd>developing regions</kwd>
<kwd>voice applications</kwd>
<kwd>web application frameworks</kwd>
<kwd>world wide telecom web</kwd>
</kwd-group>
		</book-part-meta>
		
	<back>
<ref-list specific-use="unparsed">
				<ref id="ref-00001">
				<mixed-citation>S. Agarwal, D. Chakraborty, A. Kumar, A. A. Nanavati, and N. Rajput. HSTP: Hyperspeech Transfer Protocol. In <italic toggle="yes">ACM Hypertext 2007</italic>, UK, September 2007.</mixed-citation>
				</ref>
				<ref id="ref-00002">
				<mixed-citation>S. K. Agarwal, A. Kumar, A. A. Nanavati, and N. Rajput. The World Wide Telecom Web Browser. In <italic toggle="yes">Poster Proceedings of the 17th WWW Conference</italic>, Beijing, 2008. <pub-id pub-id-type="doi" xlink:href="10.1145/1367497.1367686" assigning-authority="crossref">10.1145/1367497.1367686</pub-id> <pub-id pub-id-type="doi" xlink:href="10.1145/1367497.1367686" /></mixed-citation>
				</ref>
				<ref id="ref-00003">
				<mixed-citation>S. K. Agarwal, A. Kumar, A. A. Nanavati, and N. Rajput. VoiKiosk: Increasing Reachability of Kiosks in Developing Regions. In <italic toggle="yes">WWW '08: Poster Proceedings of the 17th International World Wide Web Conference</italic>, Beijing, China, 2008. <pub-id pub-id-type="doi" xlink:href="10.1145/1367497.1367687" assigning-authority="crossref">10.1145/1367497.1367687</pub-id> <pub-id pub-id-type="doi" xlink:href="10.1145/1367497.1367687" /></mixed-citation>
				</ref>
				<ref id="ref-00004">
				<mixed-citation>S. K. Agarwal, A. Kumar, A. A. Nanavati, and N. Rajput. Content Creation and Dissemination by-and-for Users in Rural Areas. In <italic toggle="yes">IEEE/ACM International Conference on Information and Communication Technologies and Development (ICTD)</italic>, Doha, Qatar, Apr 2009. <pub-id pub-id-type="doi" xlink:href="10.5555/1812530.1812537" /></mixed-citation>
				</ref>
				<ref id="ref-00005">
				<mixed-citation>R. P. Akolkar, T. Faruquie, J. Huerta, P. Kankar, N. Rajput, T. Raman, R. U. Udupa, and A. Verma. Reusable Dialog Component Framework for Rapid Voice Application Development. In <italic toggle="yes">SIGSOFT Component Based Software Engineering</italic>, Missouri, USA, May 2005. <pub-id pub-id-type="doi" xlink:href="10.1007/11424529_21" assigning-authority="crossref">10.1007/11424529_21</pub-id> <pub-id pub-id-type="doi" xlink:href="10.1007/11424529_21" /></mixed-citation>
				</ref>
				<ref id="ref-00006">
				<mixed-citation>Y. Borodin, G. Dausch, and I. V. Ramakrishnan. TeleWeb: Accessible Service for Web Browsing via Phone. In <italic toggle="yes">W4A Conference</italic>, 2009. <pub-id pub-id-type="doi" xlink:href="10.1145/1535654.1535678" assigning-authority="crossref">10.1145/1535654.1535678</pub-id> <pub-id pub-id-type="doi" xlink:href="10.1145/1535654.1535678" /></mixed-citation>
				</ref>
				<ref id="ref-00007">
				<mixed-citation>E. Brewer, M. Demmer, M. Ho, R. Honicky, J. Pal, M. Plauch, and S. Surana. The Challenges of Technology Research for Developing Regions. <italic toggle="yes">IEEE Pervasive Computing</italic>, 5(2):15--23, 2006. <pub-id pub-id-type="doi" xlink:href="10.1109/MPRV.2006.40" assigning-authority="crossref">10.1109/MPRV.2006.40</pub-id> <pub-id pub-id-type="doi" xlink:href="10.1109/MPRV.2006.40" /></mixed-citation>
				</ref>
				<ref id="ref-00008">
				<mixed-citation>J. Chamberlain, G. Elliott, M. Klehr, and J. Baude. Speech user interface guide. 2006.</mixed-citation>
				</ref>
				<ref id="ref-00009">
				<mixed-citation>T. Economist. The Web of Sound: Talk About That. http://www.economist.com/sciencetechnology/displaystory.cfm?story_id=13855374&amp;fsrc=rss, June 2009.</mixed-citation>
				</ref>
				<ref id="ref-00010">
				<mixed-citation>S. B. et. al. Mobile Web for Social Development Roadmap W3C IG Note. http://www.w3.org/TR/mw4d-roadmap/, Nov 2009.</mixed-citation>
				</ref>
				<ref id="ref-00011">
				<mixed-citation>B. Evjen, S. Hanselman, and D. Rader. Professional asp.net 3.5: In c# and vb. 2008. <pub-id pub-id-type="doi" xlink:href="10.5555/1529943" /></mixed-citation>
				</ref>
				<ref id="ref-00012">
				<mixed-citation>J. Holmes. Struts: The complete reference, 2nd edition. 2006. <pub-id pub-id-type="doi" xlink:href="10.5555/1201948" /></mixed-citation>
				</ref>
				<ref id="ref-00013">
				<mixed-citation>P. Kotkar, W. Thies, and S. Amarasinghe. An Audio Wiki for Publishing User-Generated Content in the Developing World. In <italic toggle="yes">HCI for Community and International Development (Workshop at CHI 2008)</italic>, Florence, Italy, April 2008.</mixed-citation>
				</ref>
				<ref id="ref-00014">
				<mixed-citation>A. Kumar, S. K. Agarwal, and P. Manwani. The Telecom Web Application Framework. <italic toggle="yes">IBM Research Report No. RI 08017. Available from http://domino.research.ibm.com/library/cyberdig.nsf/index.html</italic>, November 2008.</mixed-citation>
				</ref>
				<ref id="ref-00015">
				<mixed-citation>A. Kumar, D. Chakraborty, H. Chauhan, S. K. Agarwal, and N. Rajput. Content Creation and Dissemination by-and-for Users in Rural Areas. In <italic toggle="yes">IEEE/ACM International Conference on Information and Communication Technologies and Development (ICTD)</italic>, Doha, Qatar, Apr 2009. <pub-id pub-id-type="doi" xlink:href="10.5555/1812530.1812537" /></mixed-citation>
				</ref>
				<ref id="ref-00016">
				<mixed-citation>A. Kumar, N. Rajput, S. K. Agarwal, D. Chakraborty, and A. A. Nanavati. Organizing the Unorganized - Employing IT to Empower the Under-privileged. In <italic toggle="yes">WWW '08: Proceedings of the 17th International World Wide Web Conference</italic>, Beijing, China, 2008. <pub-id pub-id-type="doi" xlink:href="10.1145/1367497.1367623" assigning-authority="crossref">10.1145/1367497.1367623</pub-id> <pub-id pub-id-type="doi" xlink:href="10.1145/1367497.1367623" /></mixed-citation>
				</ref>
				<ref id="ref-00017">
				<mixed-citation>A. Kumar, N. Rajput, D. Chakraborty, S. Agarwal, and A. A. Nanavati. Voiserv: Creation and delivery of converged services through voice for emerging economies. In <italic toggle="yes">WoWMoM'07 Proceedings of the 2007 International Symposium on a World of Wireless, Mobile and Multimedia Networks</italic>, Finland, June 2007.</mixed-citation>
				</ref>
				<ref id="ref-00018">
				<mixed-citation>A. Kumar, N. Rajput, D. Chakraborty, S. Agarwal, and A. A. Nanavati. WWTW: A World Wide Telecom Web for Developing Regions. In <italic toggle="yes">ACM SIGCOMM Workshop on Networked Systems For Developing Regions</italic>, Aug 2007. <pub-id pub-id-type="doi" xlink:href="10.1145/1326571.1326582" assigning-authority="crossref">10.1145/1326571.1326582</pub-id> <pub-id pub-id-type="doi" xlink:href="10.1145/1326571.1326582" /></mixed-citation>
				</ref>
				<ref id="ref-00019">
				<mixed-citation>H. Mili, M. Fayad, D. Brugali, D. Hamu, and D. Dori. Enterprise frameworks: issues and research directions. <italic toggle="yes">Softw. Pract. Exper.</italic>, 32(8):801--831, 2002. <pub-id pub-id-type="doi" xlink:href="10.1002/spe.460" assigning-authority="crossref">10.1002/spe.460</pub-id> <pub-id pub-id-type="doi" xlink:href="10.1002/spe.460" /></mixed-citation>
				</ref>
				<ref id="ref-00020">
				<mixed-citation>R. Pawlitzek. Introducing Hamlets. http://www-128.ibm.com/developerworks/web/library/wahamlets/, Mar 2005.</mixed-citation>
				</ref>
				<ref id="ref-00021">
				<mixed-citation>N. Rajput, S. K. Agarwal, A. Kumar, and A. Nanavati. An Alternative Information Web for Visually Impaired Users in Developing Countries. In <italic toggle="yes">Poster proceedings of Tenth International ACM SIGACCESS Conference on Computers and Accessibility</italic>, Halifax, Canada, 2008. <pub-id pub-id-type="doi" xlink:href="10.1145/1414471.1414542" assigning-authority="crossref">10.1145/1414471.1414542</pub-id> <pub-id pub-id-type="doi" xlink:href="10.1145/1414471.1414542" /></mixed-citation>
				</ref>
				<ref id="ref-00022">
				<mixed-citation>I. V. Ramakrishnan, A. Stent, and G. Yang. Hearsay: enabling audio browsing on hypertext content. In <italic toggle="yes">WWW '04: Proceedings of the 13th international conference on World Wide Web</italic>, USA, 2004. <pub-id pub-id-type="doi" xlink:href="10.1145/988672.988684" assigning-authority="crossref">10.1145/988672.988684</pub-id> <pub-id pub-id-type="doi" xlink:href="10.1145/988672.988684" /></mixed-citation>
				</ref>
				<ref id="ref-00023">
				<mixed-citation>A. Rawsthorn. Design for the Unwealthiest 90 Percent. http://www.iht.com/articles/2007/04/27/arts/design30.php. Last accessed Nov. 2008.</mixed-citation>
				</ref>
				<ref id="ref-00024">
				<mixed-citation>D. Schwabe, L. Esmeraldo, G. Rossi, and F. Lyardet. Engineering web applications for reuse. <italic toggle="yes">IEEE MultiMedia</italic>, 8(1):20--31, 2001. <pub-id pub-id-type="doi" xlink:href="10.1109/93.923950" assigning-authority="crossref">10.1109/93.923950</pub-id> <pub-id pub-id-type="doi" xlink:href="10.1109/93.923950" /></mixed-citation>
				</ref>
				<ref id="ref-00025">
				<mixed-citation>J. Sherwani, D. Yu, T. Paek, M. Czerwinski, Y. C. Ju, and A. Acero. Voicepedia: Towards speech-based access to unstructured information. In <italic toggle="yes">Interspeech</italic>, 2007.</mixed-citation>
				</ref>
				<ref id="ref-00026">
				<mixed-citation>C. E. Smith. Design for the Other 90%. In <italic toggle="yes">Editions Assouline</italic>, Sept 2007.</mixed-citation>
				</ref>
				<ref id="ref-00027">
				<mixed-citation>I. W. Stats. World Internet Users and Population Stats. http://www.internetworldstats.com/stats.htm, June 2008.</mixed-citation>
				</ref>
				<ref id="ref-00028">
				<mixed-citation>J. Yu, B. Benatallah, R. Saint-Paul, F. Casati, F. Daniel, and M. Matera. A Framework for Rapid Integration of Presentation Components. In <italic toggle="yes">WWW '07: Proceedings of the 16th International World Wide Web Conference</italic>, Banff, Canada, 2007. <pub-id pub-id-type="doi" xlink:href="10.1145/1242572.1242697" assigning-authority="crossref">10.1145/1242572.1242697</pub-id> <pub-id pub-id-type="doi" xlink:href="10.1145/1242572.1242697" /></mixed-citation>
				</ref>
			</ref-list>
</back>
</book-part>
</book-part-wrapper>
