<?xml version="1.0" encoding="UTF-8"?>
<!DOCTYPE book-part-wrapper PUBLIC "-//NLM//DTD BITS Book Interchange DTD with OASIS and XHTML Tables v2.0 20151225//EN" "BITS-book-oasis2.dtd">
<book-part-wrapper xmlns:xlink="http://www.w3.org/1999/xlink" xmlns:mml="http://www.w3.org/1998/Math/MathML" xmlns:oasis="http://www.niso.org/standards/z39-96/ns/oasis-exchange/table" xmlns:xi="http://www.w3.org/2001/XInclude" xmlns:xsi="http://www.w3.org/2001/XMLSchema-instance" dtd-version="2.0" xml:lang="en" content-type="research-article">
<collection-meta collection-type="book-series">
    <collection-id collection-id-type="doi">10.1145/acmotherconferences</collection-id>
    <title-group>
        <title>ACM Other Conferences</title>
    </title-group>
</collection-meta>
	<book-meta>
		<book-id book-id-type="acm-id">1805986</book-id>
		<book-id book-id-type="doi">10.1145/1805986</book-id>
		<book-title-group>
			<book-title>Proceedings of the 2010 International Cross Disciplinary Conference on Web Accessibility (W4A)</book-title>
			<alt-title alt-title-type="acronym">W4A '10</alt-title>
		</book-title-group>
	</book-meta>
	<book-part xmlns:ali="http://www.niso.org/schemas/ali/1.0/" book-part-type="chapter" xml:lang="en">
		<book-part-meta>
			<book-part-id book-part-id-type="acm-id">1806025</book-part-id>
			<book-part-id book-part-id-type="doi">10.1145/1805986.1806025</book-part-id>
			<book-part-id book-part-id-type="article-no">29</book-part-id>
	<subj-group subj-group-type="ccs2012">
		<compound-subject>
			<compound-subject-part content-type="code">10003456</compound-subject-part>
			<compound-subject-part content-type="text">Social and professional topics</compound-subject-part>
			<compound-subject-part content-type="weight">500</compound-subject-part>
		</compound-subject>
		<compound-subject>
			<compound-subject-part content-type="code">10003456</compound-subject-part>
			<compound-subject-part content-type="text">Social and professional topics</compound-subject-part>
			<compound-subject-part content-type="weight">100</compound-subject-part>
		</compound-subject>
	</subj-group>
			<title-group>
				<title>Describing online videos with text-to-speech narration</title>
			</title-group>
<contrib-group>
   <contrib contrib-type="author" id="artseq-00001">
       <contrib-id contrib-id-type="person_id" authenticated="false">P2183228</contrib-id><contrib-id contrib-id-type="profile_id" authenticated="false">81338489739</contrib-id>
       <name name-style="western">
           <surname>Kobayashi</surname>
           <given-names>Masatomo</given-names>
       </name>
	<aff>IBM Research -- Tokyo, Shimo-tsuruma, Yamato, Kanagawa, Japan</aff><aff><institution-wrap><institution-id institution-id-type="profile_id">60107858</institution-id></institution-wrap></aff>
	<role>Author</role>
   </contrib>
   <contrib contrib-type="author" id="artseq-00002">
       <contrib-id contrib-id-type="person_id" authenticated="false">P2183229</contrib-id><contrib-id contrib-id-type="profile_id" authenticated="false">99659373667</contrib-id>
       <name name-style="western">
           <surname>Nagano</surname>
           <given-names>Tohru</given-names>
       </name>
	<aff>IBM Research -- Tokyo, Shimo-tsuruma, Yamato, Kanagawa, Japan</aff><aff><institution-wrap><institution-id institution-id-type="profile_id">60107858</institution-id></institution-wrap></aff>
	<role>Author</role>
   </contrib>
   <contrib contrib-type="author" id="artseq-00003">
       <contrib-id contrib-id-type="person_id" authenticated="false">P2183230</contrib-id><contrib-id contrib-id-type="profile_id" authenticated="false">81100443658</contrib-id>
       <name name-style="western">
           <surname>Fukuda</surname>
           <given-names>Kentarou</given-names>
       </name>
	<aff>IBM Research -- Tokyo, Shimo-tsuruma, Yamato, Kanagawa, Japan</aff><aff><institution-wrap><institution-id institution-id-type="profile_id">60107858</institution-id></institution-wrap></aff>
	<role>Author</role>
   </contrib>
   <contrib contrib-type="author" id="artseq-00004">
       <contrib-id contrib-id-type="person_id" authenticated="false">P2183231</contrib-id><contrib-id contrib-id-type="profile_id" authenticated="false">81408594028</contrib-id>
       <name name-style="western">
           <surname>Takagi</surname>
           <given-names>Hironobu</given-names>
       </name>
	<aff>IBM Research -- Tokyo, Shimo-tsuruma, Yamato, Kanagawa, Japan</aff><aff><institution-wrap><institution-id institution-id-type="profile_id">60107858</institution-id></institution-wrap></aff>
	<role>Author</role>
   </contrib>
</contrib-group>
   <pub-date date-type="publication">
   <day>26</day>
   <month>04</month>
   <year>2010</year>
   </pub-date>
				<fpage>1</fpage>
				<lpage>2</lpage>
		<permissions>
			<copyright-year>2010</copyright-year>
			<copyright-holder>ACM</copyright-holder>
			<license license-type="acmcopyright">
			<license-p>Permission to make digital or hard copies of all or part of this work for personal or classroom use is granted without fee provided that copies are not made or distributed for profit or commercial advantage and that copies bear this notice and the full citation on the first page. Copyrights for components of this work owned by others than ACM must be honored. Abstracting with credit is permitted. To copy otherwise, or republish, to post on servers or to redistribute to lists, requires prior specific permission and/or a fee. Request permissions from Permissions@acm.org</license-p>
			</license>
		</permissions>
		<self-uri content-type="pdf" xlink:href="1805986.1806025.pdf" />
	<abstract>
		<p>Most online videos are inaccessible for blind and visually impaired people. Those who are illiterate or barely literate also face difficulties with many videos. An audio description (AD) can help, but is rarely provided for actual online videos because of the time and trouble required. The technology platform we are developing uses a speech synthesis technology to add ADs to online videos at minimal cost. We are developing an authoring tool for AD scripts, a Web browser for playing the described videos, and a text-based format to handle the AD scripts.</p>
	</abstract>
<kwd-group>
<kwd>audio description</kwd>
<kwd>external metadata</kwd>
<kwd>online videos</kwd>
<kwd>speech synthesis</kwd>
<kwd>text-to-speech (TTS)</kwd>
<kwd>web accessibility</kwd>
</kwd-group>
		</book-part-meta>
		
	<back>
<ref-list specific-use="unparsed">
				<ref id="ref-00001">
				<mixed-citation>Chapdelaine, C. and Gagnon, L. Accessible Videodescription On-Demand. In <italic toggle="yes">Proceedings of ASSETS '09</italic>, ACM, 2009, pp. 221--222. <pub-id pub-id-type="doi" xlink:href="10.1145/1639642.1639685" assigning-authority="crossref">10.1145/1639642.1639685</pub-id> <pub-id pub-id-type="doi" xlink:href="10.1145/1639642.1639685" /></mixed-citation>
				</ref>
				<ref id="ref-00002">
				<mixed-citation>Miyashita, H., Sato, D., Takagi, H., and Asakawa, C. aiBrowser for Multimedia: Introducing Multimedia Content Accessibility for Visually Impaired Users, In <italic toggle="yes">Proceedings of ASSETS '07</italic>, ACM, 2007, pp. 91--98. <pub-id pub-id-type="doi" xlink:href="10.1145/1296843.1296860" assigning-authority="crossref">10.1145/1296843.1296860</pub-id> <pub-id pub-id-type="doi" xlink:href="10.1145/1296843.1296860" /></mixed-citation>
				</ref>
				<ref id="ref-00003">
				<mixed-citation>Takagi, H., Kawanaka, S., Kobayashi, M., Itoh, T., and Asakawa, C. Social Accessibility: Achieving Accessibility through Collaborative Metadata Authoring. In <italic toggle="yes">Proceedings of ASSETS '08</italic>, ACM, 2008, pp. 193--200. <pub-id pub-id-type="doi" xlink:href="10.1145/1414471.1414507" assigning-authority="crossref">10.1145/1414471.1414507</pub-id> <pub-id pub-id-type="doi" xlink:href="10.1145/1414471.1414507" /></mixed-citation>
				</ref>
				<ref id="ref-00004">
				<mixed-citation>CapScribe, http://capscribe.ca/</mixed-citation>
				</ref>
				<ref id="ref-00005">
				<mixed-citation>eSpeak, http://espeak.sourceforge.net/</mixed-citation>
				</ref>
				<ref id="ref-00006">
				<mixed-citation>LiveDescribe, http://www.livedescribe.com/</mixed-citation>
				</ref>
				<ref id="ref-00007">
				<mixed-citation>MAGpie, http://ncam.wgbh.org/webaccess/magpie/</mixed-citation>
				</ref>
				<ref id="ref-00008">
				<mixed-citation>Speech Synthesis Markup Language (SSML) Version 1.0, http://www.w3.org/TR/speech-synthesis/</mixed-citation>
				</ref>
				<ref id="ref-00009">
				<mixed-citation>Synchronized Multimedia Integration Language (SMIL 3.0), http://www.w3.org/TR/SMIL/</mixed-citation>
				</ref>
				<ref id="ref-00010">
				<mixed-citation>Timed Text (TT) Authoring Format 1.0 --- Distribution Format Exchange Profile (DFXP), http://www.w3.org/TR/ttafl-dfxp/</mixed-citation>
				</ref>
				<ref id="ref-00011">
				<mixed-citation>Web Content Accessibility Guidelines (WCAG) 2.0, http://www.w3.org/TR/WCAG20/</mixed-citation>
				</ref>
			</ref-list>
</back>
</book-part>
</book-part-wrapper>
