<?xml version="1.0" encoding="UTF-8"?>
<!DOCTYPE book-part-wrapper PUBLIC "-//NLM//DTD BITS Book Interchange DTD with OASIS and XHTML Tables v2.0 20151225//EN" "BITS-book-oasis2.dtd">
<book-part-wrapper xmlns:xlink="http://www.w3.org/1999/xlink" xmlns:mml="http://www.w3.org/1998/Math/MathML" xmlns:oasis="http://www.niso.org/standards/z39-96/ns/oasis-exchange/table" xmlns:xi="http://www.w3.org/2001/XInclude" xmlns:xsi="http://www.w3.org/2001/XMLSchema-instance" dtd-version="2.0" xml:lang="en" content-type="research-article">
<collection-meta collection-type="book-series">
    <collection-id collection-id-type="doi">10.1145/acmotherconferences</collection-id>
    <title-group>
        <title>ACM Other Conferences</title>
    </title-group>
</collection-meta>
	<book-meta>
		<book-id book-id-type="acm-id">1805986</book-id>
		<book-id book-id-type="doi">10.1145/1805986</book-id>
		<book-title-group>
			<book-title>Proceedings of the 2010 International Cross Disciplinary Conference on Web Accessibility (W4A)</book-title>
			<alt-title alt-title-type="acronym">W4A '10</alt-title>
		</book-title-group>
	</book-meta>
	<book-part xmlns:ali="http://www.niso.org/schemas/ali/1.0/" book-part-type="chapter" xml:lang="en">
		<book-part-meta>
			<book-part-id book-part-id-type="acm-id">1805997</book-part-id>
			<book-part-id book-part-id-type="doi">10.1145/1805986.1805997</book-part-id>
			<book-part-id book-part-id-type="article-no">7</book-part-id>
	<subj-group subj-group-type="ccs2012">
		<compound-subject>
			<compound-subject-part content-type="code">10003120.10003121</compound-subject-part>
			<compound-subject-part content-type="text">Human-centered computing~Human computer interaction (HCI)</compound-subject-part>
			<compound-subject-part content-type="weight">500</compound-subject-part>
		</compound-subject>
		<compound-subject>
			<compound-subject-part content-type="code">10003456</compound-subject-part>
			<compound-subject-part content-type="text">Social and professional topics</compound-subject-part>
			<compound-subject-part content-type="weight">100</compound-subject-part>
		</compound-subject>
	</subj-group>
			<title-group>
				<title>Facilita</title>
				<subtitle>reading assistance to the functionally illiterate</subtitle>
			</title-group>
<contrib-group>
   <contrib contrib-type="author" id="artseq-00001">
       <contrib-id contrib-id-type="person_id" authenticated="false">P2183152</contrib-id><contrib-id contrib-id-type="profile_id" authenticated="false">81443592998</contrib-id>
       <name name-style="western">
           <surname>Watanabe</surname>
           <given-names>Willian Massami</given-names>
       </name>
	<aff>University of São Paulo, São Paulo, Brazil</aff><aff><institution-wrap><institution-id institution-id-type="profile_id">60008088</institution-id></institution-wrap></aff>
	<role>Author</role>
   </contrib>
</contrib-group>
   <pub-date date-type="publication">
   <day>26</day>
   <month>04</month>
   <year>2010</year>
   </pub-date>
				<fpage>1</fpage>
				<lpage>2</lpage>
		<permissions>
			<copyright-year>2010</copyright-year>
			<copyright-holder>ACM</copyright-holder>
			<license license-type="acmcopyright">
			<license-p>Permission to make digital or hard copies of all or part of this work for personal or classroom use is granted without fee provided that copies are not made or distributed for profit or commercial advantage and that copies bear this notice and the full citation on the first page. Copyrights for components of this work owned by others than ACM must be honored. Abstracting with credit is permitted. To copy otherwise, or republish, to post on servers or to redistribute to lists, requires prior specific permission and/or a fee. Request permissions from Permissions@acm.org</license-p>
			</license>
		</permissions>
		<self-uri content-type="pdf" xlink:href="1805986.1805997.pdf" />
	<abstract>
		<p>In Brazil, 21.7% of the population is classified as functional illiterate (defined by UNESCO as the percentage of the population aged 15 or over with less than 4 years of study) [7]. These individuals present difficulties to understand texts depending on their size and complexity and, by doing so, have restricted access to the technologies that use texts as the primary means of communication.</p> <p>The pre-eminent reference when considering Web accessibility [4][9], WCAG (Web Content Accessibility Guidelines) already has presented recommendations that address the difficulties faced by those users (functional illiterate), who have difficulty in reading. However, the WCAG model of accessibility requires a manual implementation of technological and design solutions by Web developers and content authors [12][1]. Therefore, there is no guarantee that the guidelines will be followed.</p> <p>Freire et al., for example, conducted a survey about accessibility awareness of people involved in Web development in Brazil [5] and an accessibility evaluation of Brazilian Municipalities websites [3]. Their conclusions were that web accessibility is far from being actually considered in Brazil and that much work remains to be done.</p> <p>It is worth noticing that WCAG documents address not only structure and technological aspects. Guideline 14 in WCAG 1.0 (to ensure that documents are clear and simple) and Guideline 3.1 (to make text content readable and understandable) in WCAG 2.0, for example, provide recommendations about how the content should be made available to users. However, Web developers are not always responsible for content preparation and authoring in a Website. Moreover, in the "Web 2.0" context, in which users, without any prior knowledge about the guidelines, directly participate on the content authoring process of Web applications, it becomes extremely difficult to develop completely WCAG conformant Websites.</p> <p>In this context, I am developing the Facilita application.</p> <p>The Facilita is a Web applications that aims at facilitating reading of Portuguese textual content of Web sites and applications. Facilita acts as an assistive technology assisting users to read textual content available on the Web, applying NLP (Natural Language processing) operations (Syntactic Simplification [6][8], Automatic Summarization [10][11], Lexical Elaboration and Named entities recognition [2]) on the text. The NLP operations are used as a form of automatically adapting Web sites possibly inaccessible textual content, available on Web applications, in accessible textual content.</p> <p>Facilita is part of a bigger project - PorSimples [1] - on Text Simplification for Brazilian Portuguese language, which aims at producing tools for aiding web text authors to produce simpler texts and for assisting (poor) readers to have access to relevant written material.</p> <p>Facilita have already being deployed in two different versions:</p> <p>&#x2022; Facilita: implements the Syntactic Simplification and Automatic Summarization operations. Available at: http://vinho.intermi-dia.icmc.usp.br:3001.</p> <p>&#x2022; Educational Facilita: implements the Lexical Elaboration and Named Entities Recognition operations. Available at: http://vinho.intermidia.icmc.usp.br-/watinha/Educational-Facilita.</p>
	</abstract>
<kwd-group>
<kwd>assistive technology</kwd>
<kwd>illiteracy</kwd>
<kwd>readability</kwd>
<kwd>web accessibility</kwd>
</kwd-group>
		</book-part-meta>
		
	<back>
<ref-list specific-use="unparsed">
				<ref id="ref-00001">
				<mixed-citation>Aluisio, S. M., Specia, L., Pardo, T. A., Maziero, E. G., and Fortes, R. P. 2008. Towards Brazilian Portuguese automatic text simplication systems. In DocEng '08: Proceeding of the eighth ACM symposium on Document engineering. ACM, New York, NY, USA, 240--248. <pub-id pub-id-type="doi" xlink:href="10.1145/1410140.1410191" assigning-authority="crossref">10.1145/1410140.1410191</pub-id> <pub-id pub-id-type="doi" xlink:href="10.1145/1410140.1410191" /></mixed-citation>
				</ref>
				<ref id="ref-00002">
				<mixed-citation>Cardoso, N. 2008. Rembrandt - reconhecimento de ntidades mencionadas baseado em relaçõese an alise detalhada do texto. In Encontro do Segundo HAREM, PROPOR 2008. Aveiro, Portugal.</mixed-citation>
				</ref>
				<ref id="ref-00003">
				<mixed-citation>Freire, A. P., Fortes, R. P. M., Turine, M. A. S., and Paiva, D. M. B. 2008. An evaluation of web accessibility metrics based on their attributes. In SIGDOC '08: Proceedings of the 26<sup>th</sup> annual ACM international conference on Design of communication. ACM, New York, NY, USA, 73--80. <pub-id pub-id-type="doi" xlink:href="10.1145/1456536.1456551" assigning-authority="crossref">10.1145/1456536.1456551</pub-id> <pub-id pub-id-type="doi" xlink:href="10.1145/1456536.1456551" /></mixed-citation>
				</ref>
				<ref id="ref-00004">
				<mixed-citation>Freire, A. P., Goularte, R., and de Mattos Fortes, R. P. 2007. Techniques for developing more accessible web applications: a survey towards a process classification. In SIGDOC '07: Proceedings of the 25th annual ACM international conference on Design of communication. ACM, New York, NY, USA, 162--169. <pub-id pub-id-type="doi" xlink:href="10.1145/1297144.1297177" assigning-authority="crossref">10.1145/1297144.1297177</pub-id> <pub-id pub-id-type="doi" xlink:href="10.1145/1297144.1297177" /></mixed-citation>
				</ref>
				<ref id="ref-00005">
				<mixed-citation>Freire, A. P., Russo, C. M., and Fortes, R. P. M. 2008. A survey on the accessibility awareness of people involved in web development projects in Brazil. In W4A '08: Proceedings of the 2008 international cross-disciplinary conference on Web accessibility (W4A). ACM, New York, NY, USA, 87--96. <pub-id pub-id-type="doi" xlink:href="10.1145/1368044.1368064" assigning-authority="crossref">10.1145/1368044.1368064</pub-id> <pub-id pub-id-type="doi" xlink:href="10.1145/1368044.1368064" /></mixed-citation>
				</ref>
				<ref id="ref-00006">
				<mixed-citation>Gasperin, C., Maziero, E., Specia, L., Pardo, T. A. S., and Aluísio, S. M. 2009. Natural language processing for social inclusion: a text simplification architecture for different literacy levels. In SEMISH - XXXVI Seminário Integrado de Software e Hardware, 2009. CSBC -XXIX Congresso da Sociedade Brasileira da Computa&amp;ccirc;ão, 310--315.</mixed-citation>
				</ref>
				<ref id="ref-00007">
				<mixed-citation>IBGE. 2008. Síntese dos indicadores sociais - uma an alise das condições de vida da população brasileira.</mixed-citation>
				</ref>
				<ref id="ref-00008">
				<mixed-citation>Jr., A. C., Maziero, E., Gasperin, C., Pardo, T. A. S., Specia, L., and Aluisio, S. M. 2009. Supporting the adaptation of texts for poor literacy readers: a text simplification editor for Brazilian Portuguese. In Artigo Aceito no Workshop Innovative Use of NLP for Building Educational Applications. North American Association for Computational Linguistics -- Human Language Technologies 2009 conference. <pub-id pub-id-type="doi" xlink:href="10.5555/1609843.1609848" /></mixed-citation>
				</ref>
				<ref id="ref-00009">
				<mixed-citation>Kelly, B., Sloan, D., Phipps, L., Petrie, H., and Hamilton, F. 2005. Forcing standardization or accommodating diversity?: a framework for applying the WCAG in the real world. In W4A '05: Proceedings of the 2005 International Cross-Disciplinary Workshop on Web Accessibility (W4A). ACM, New York, NY, USA, 46--54. <pub-id pub-id-type="doi" xlink:href="10.1145/1061811.1061820" assigning-authority="crossref">10.1145/1061811.1061820</pub-id> <pub-id pub-id-type="doi" xlink:href="10.1145/1061811.1061820" /></mixed-citation>
				</ref>
				<ref id="ref-00010">
				<mixed-citation>Margarido, P., Pardo, T., Antonio, G., Fuentes, V., Aluísio, S., and Fortes, R. 2008. Automatic summarization for text simplication: Evaluating text understanding by poor readers. In Anais do VI Workshop em Tecnologia da Informação e da Linguagem Humana. In: VI Workshop em Tecnologia da Informação e da Linguagem Humana, 2008, Vila Velha., 310--315.</mixed-citation>
				</ref>
				<ref id="ref-00011">
				<mixed-citation>Margarido, P. R. A., Pardo, T. A. S., and Aluísio, S. M. 2008. Sumarização automática para simplicação de textos: Experimentos e liç~oes aprendidas. In Anais do Workshop de Usabilidade, Acessibilidade e Inteligibilidade aplicadas em interfaces para analfabetos, idosos e pessoas com deficiência, 2008. In: Workshop de Usabilidade, Acessibilidade e Inteligibilidade aplicadas em interfaces para analfabetos, idosos e pessoas com deciência, 2008, Porto Alegre, 1--6.</mixed-citation>
				</ref>
				<ref id="ref-00012">
				<mixed-citation>Watanabe, W. M., Candido Junior, A., Uzêda, V. R., Fortes, R. P. M., Pardo, T. A. S., and Aluísio, S. M. 2009. Facilita: reading assistance for low-literacy readers. In SIGDOC '09: Proceedings of the 27th ACM international conference on Design of communication. ACM, New York, NY, USA, 29--36. <pub-id pub-id-type="doi" xlink:href="10.1145/1621995.1622002" assigning-authority="crossref">10.1145/1621995.1622002</pub-id> <pub-id pub-id-type="doi" xlink:href="10.1145/1621995.1622002" /></mixed-citation>
				</ref>
				<ref id="ref-00013">
				<mixed-citation>Watanabe, W. M., Fortes, R. P. M., Salgueiro, T. A. S., and Aluisio, S. M. 2009. Facilita: Auxílio a leitura de textos disponíveis na web. In Webmedia 2009 - Simpósio Brasileiro de Sistemas Multimedia e Web. Vol. 2. Fortaleza, CE, Brazil, 27--30.</mixed-citation>
				</ref>
			</ref-list>
</back>
</book-part>
</book-part-wrapper>
