<?xml version="1.0" encoding="UTF-8"?>
<!DOCTYPE book-part-wrapper PUBLIC "-//NLM//DTD BITS Book Interchange DTD with OASIS and XHTML Tables v2.0 20151225//EN" "BITS-book-oasis2.dtd">
<book-part-wrapper xmlns:xlink="http://www.w3.org/1999/xlink" xmlns:mml="http://www.w3.org/1998/Math/MathML" xmlns:oasis="http://www.niso.org/standards/z39-96/ns/oasis-exchange/table" xmlns:xi="http://www.w3.org/2001/XInclude" xmlns:xsi="http://www.w3.org/2001/XMLSchema-instance" dtd-version="2.0" xml:lang="en" content-type="research-article">
<collection-meta collection-type="book-series">
    <collection-id collection-id-type="doi">10.1145/acmotherconferences</collection-id>
    <title-group>
        <title>ACM Other Conferences</title>
    </title-group>
</collection-meta>
	<book-meta>
		<book-id book-id-type="acm-id">1805986</book-id>
		<book-id book-id-type="doi">10.1145/1805986</book-id>
		<book-title-group>
			<book-title>Proceedings of the 2010 International Cross Disciplinary Conference on Web Accessibility (W4A)</book-title>
			<alt-title alt-title-type="acronym">W4A '10</alt-title>
		</book-title-group>
	</book-meta>
	<book-part xmlns:ali="http://www.niso.org/schemas/ali/1.0/" book-part-type="chapter" xml:lang="en">
		<book-part-meta>
			<book-part-id book-part-id-type="acm-id">1805988</book-part-id>
			<book-part-id book-part-id-type="doi">10.1145/1805986.1805988</book-part-id>
			<book-part-id book-part-id-type="article-no">1</book-part-id>
			<title-group>
				<title>Breaking barriers to a read/write web that empowers all</title>
			</title-group>
<contrib-group>
   <contrib contrib-type="author" id="artseq-00001">
       <contrib-id contrib-id-type="person_id" authenticated="false">P2183135</contrib-id><contrib-id contrib-id-type="profile_id" authenticated="false">81461656698</contrib-id>
       <name name-style="western">
           <surname>Bratt</surname>
           <given-names>Steve</given-names>
       </name>
	<aff>World Wide Web Foundation</aff>
	<role>Author</role>
   </contrib>
</contrib-group>
   <pub-date date-type="publication">
   <day>26</day>
   <month>04</month>
   <year>2010</year>
   </pub-date>
				<fpage>1</fpage>
				<lpage>1</lpage>
		<permissions>
			<copyright-year>2010</copyright-year>
			<copyright-holder>ACM</copyright-holder>
			<license license-type="acmcopyright">
			<license-p>Permission to make digital or hard copies of all or part of this work for personal or classroom use is granted without fee provided that copies are not made or distributed for profit or commercial advantage and that copies bear this notice and the full citation on the first page. Copyrights for components of this work owned by others than ACM must be honored. Abstracting with credit is permitted. To copy otherwise, or republish, to post on servers or to redistribute to lists, requires prior specific permission and/or a fee. Request permissions from Permissions@acm.org</license-p>
			</license>
		</permissions>
		<self-uri content-type="pdf" xlink:href="1805986.1805988.pdf" />
	<abstract>
		<p>Since conceived by Sir Tim Berners-Lee in 1989, the Web has grown from 1 user to more than 1.7 billion. The Web offers its users the potential to create and consume information, communicate and collaborate across the globe, and develop (and dramatically alter) businesses and business models. Despite the Web's capabilities and growth, 75% of the world's people are not using the Internet and the Web. Some argue that connecting those who are currently unconnected to the Internet could help alleviate the world's greatest tragedies, such as poverty, hunger, disease, violence, corruption, lack of education, etc. Perhaps so, but a number of challenges -- beyond simple connections to the Internet -- must be addressed to realize the true value that the Web can provide for people in need.</p> <p>More than 4.7 billion people now have, through their mobile phones, entry-level, electronic access to some information and services. To date, most stories of the use of mobile phones for development center around voice and text messaging services. For example, in the Indian fishing sector of Kerala, an in-depth economic study [1] has shown that voice access to market information (demand, prices, locations) allows fishermen to optimize how and where they sell fish, has increased the income of fishermen by 9% (accounting for the cost of mobile phones and subscriptions), while reducing the overall price of fish by 4% for consumers (due to the elimination of unsold and therefore wasted catches). Similar results have been demonstrated for other products and regions (see e.g. grain market in Niger [2]).</p> <p>At the global level, the number of services like these and people benefiting from them are very low. Major contributors to this deficiency include barriers that inhibit people from developing and deploying locally-relevant content, information and services, as well as barriers that inhibit people from accessing and using services once they are deployed. This keynote will examine barriers to content development and access affecting people from underprivileged communities, with focus on people with low-reading skills, speaking lesser-known languages, without computer experience, and with disabilities. We will also introduce the different programs of the Web Foundation, a new international non-profit launched by Tim Berners-Lee in November 2009 [3]. The Foundation's programs aim to pool the talents of the Web community to break down these barriers such that more people can more effectively leverage the power of the Web to improve lives and communities.</p>
	</abstract>
		</book-part-meta>
		
	<back>
<ref-list specific-use="unparsed">
				<ref id="ref-00001">
				<mixed-citation>R. Jensen, "The Digital Provide: Information (technology), Market, Performance, and Welfare in the south Indian Fisheries Sector", The Quarterly Journal of Economics, Vol. CXXII August 2007 Issue 3, http://www.mitpressjournals.org/doi/pdf/10.1162/qjec.122.3.879</mixed-citation>
				</ref>
				<ref id="ref-00002">
				<mixed-citation>J. C Aker, "Does Digital Divide or Provide? The Impact of Mobile Phones on Grain Markets in Niger", University of California, Berkeley, January 2008, http://www.cgdev.org/doc/events/2.12.08/Aker_Job_Market_Paper_15jan08_2.pdf</mixed-citation>
				</ref>
				<ref id="ref-00003">
				<mixed-citation>World Wide Web Foundation, http://www.webfoundation.org</mixed-citation>
				</ref>
			</ref-list>
</back>
</book-part>
</book-part-wrapper>
