<?xml version="1.0" encoding="UTF-8"?>
<!DOCTYPE book-part-wrapper PUBLIC "-//NLM//DTD BITS Book Interchange DTD with OASIS and XHTML Tables v2.0 20151225//EN" "BITS-book-oasis2.dtd">
<book-part-wrapper xmlns:xlink="http://www.w3.org/1999/xlink" xmlns:mml="http://www.w3.org/1998/Math/MathML" xmlns:oasis="http://www.niso.org/standards/z39-96/ns/oasis-exchange/table" xmlns:xi="http://www.w3.org/2001/XInclude" xmlns:xsi="http://www.w3.org/2001/XMLSchema-instance" dtd-version="2.0" xml:lang="en" content-type="research-article">
<collection-meta collection-type="book-series">
    <collection-id collection-id-type="doi">10.1145/acmotherconferences</collection-id>
    <title-group>
        <title>ACM Other Conferences</title>
    </title-group>
</collection-meta>
	<book-meta>
		<book-id book-id-type="acm-id">1805986</book-id>
		<book-id book-id-type="doi">10.1145/1805986</book-id>
		<book-title-group>
			<book-title>Proceedings of the 2010 International Cross Disciplinary Conference on Web Accessibility (W4A)</book-title>
			<alt-title alt-title-type="acronym">W4A '10</alt-title>
		</book-title-group>
	</book-meta>
	<book-part xmlns:ali="http://www.niso.org/schemas/ali/1.0/" book-part-type="chapter" xml:lang="en">
		<book-part-meta>
			<book-part-id book-part-id-type="acm-id">1806007</book-part-id>
			<book-part-id book-part-id-type="doi">10.1145/1805986.1806007</book-part-id>
			<book-part-id book-part-id-type="article-no">15</book-part-id>
	<subj-group subj-group-type="ccs2012">
		<compound-subject>
			<compound-subject-part content-type="code">10003120.10003121</compound-subject-part>
			<compound-subject-part content-type="text">Human-centered computing~Human computer interaction (HCI)</compound-subject-part>
			<compound-subject-part content-type="weight">500</compound-subject-part>
		</compound-subject>
		<compound-subject>
			<compound-subject-part content-type="code">10010405.10010497.10010510.10010515</compound-subject-part>
			<compound-subject-part content-type="text">Applied computing~Document management and text processing~Document preparation~Multi / mixed media creation</compound-subject-part>
			<compound-subject-part content-type="weight">100</compound-subject-part>
		</compound-subject>
		<compound-subject>
			<compound-subject-part content-type="code">10003120.10003121.10003124.10003254</compound-subject-part>
			<compound-subject-part content-type="text">Human-centered computing~Human computer interaction (HCI)~Interaction paradigms~Hypertext / hypermedia</compound-subject-part>
			<compound-subject-part content-type="weight">100</compound-subject-part>
		</compound-subject>
		<compound-subject>
			<compound-subject-part content-type="code">10003120.10003121.10003124.10003254</compound-subject-part>
			<compound-subject-part content-type="text">Human-centered computing~Human computer interaction (HCI)~Interaction paradigms~Hypertext / hypermedia</compound-subject-part>
			<compound-subject-part content-type="weight">100</compound-subject-part>
		</compound-subject>
		<compound-subject>
			<compound-subject-part content-type="code">10010405.10010497.10010510.10010515</compound-subject-part>
			<compound-subject-part content-type="text">Applied computing~Document management and text processing~Document preparation~Multi / mixed media creation</compound-subject-part>
			<compound-subject-part content-type="weight">100</compound-subject-part>
		</compound-subject>
	</subj-group>
			<title-group>
				<title>WebAnywhere</title>
				<subtitle>experiences with a new delivery model for access technology</subtitle>
			</title-group>
<contrib-group>
   <contrib contrib-type="author" id="artseq-00001">
       <contrib-id contrib-id-type="person_id" authenticated="false">P2183181</contrib-id><contrib-id contrib-id-type="profile_id" authenticated="false">81338487593</contrib-id>
       <name name-style="western">
           <surname>Bigham</surname>
           <given-names>Jeffrey P.</given-names>
       </name>
	<aff>University of Rochester, Rochester, NY</aff><aff><institution-wrap><institution-id institution-id-type="profile_id">60027165</institution-id></institution-wrap></aff>
	<role>Author</role>
   </contrib>
   <contrib contrib-type="author" id="artseq-00002">
       <contrib-id contrib-id-type="person_id" authenticated="false">P2183182</contrib-id><contrib-id contrib-id-type="profile_id" authenticated="false">81100214501</contrib-id>
       <name name-style="western">
           <surname>Chisholm</surname>
           <given-names>Wendy</given-names>
       </name>
	<aff>University of Washington, Seattle, WA</aff><aff><institution-wrap><institution-id institution-id-type="profile_id">60015481</institution-id></institution-wrap></aff>
	<role>Author</role>
   </contrib>
   <contrib contrib-type="author" id="artseq-00003">
       <contrib-id contrib-id-type="person_id" authenticated="false">P2183183</contrib-id><contrib-id contrib-id-type="profile_id" authenticated="false">81100297556</contrib-id>
       <name name-style="western">
           <surname>Ladner</surname>
           <given-names>Richard E.</given-names>
       </name>
	<aff>University of Washington, Seattle, WA</aff><aff><institution-wrap><institution-id institution-id-type="profile_id">60015481</institution-id></institution-wrap></aff>
	<role>Author</role>
   </contrib>
</contrib-group>
   <pub-date date-type="publication">
   <day>26</day>
   <month>04</month>
   <year>2010</year>
   </pub-date>
				<fpage>1</fpage>
				<lpage>4</lpage>
		<permissions>
			<copyright-year>2010</copyright-year>
			<copyright-holder>ACM</copyright-holder>
			<license license-type="acmcopyright">
			<license-p>Permission to make digital or hard copies of all or part of this work for personal or classroom use is granted without fee provided that copies are not made or distributed for profit or commercial advantage and that copies bear this notice and the full citation on the first page. Copyrights for components of this work owned by others than ACM must be honored. Abstracting with credit is permitted. To copy otherwise, or republish, to post on servers or to redistribute to lists, requires prior specific permission and/or a fee. Request permissions from Permissions@acm.org</license-p>
			</license>
		</permissions>
		<self-uri content-type="pdf" xlink:href="1805986.1806007.pdf" />
	<abstract>
		<p>In this paper we describe recent developments and our experiences in releasing WebAnywhere. WebAnywhere was originally designed as a web-based alternative to a traditional screen reader. It can be run on any computer without installing new software, making it ideal for use on-the-go or in libraries and schools where the appropriate access technology is unlikely to already be installed and where users do not have permission to install it. Since its initial release nearly two years ago, WebAnywhere has expanded from its original goal of supporting blind web users to become a platform for an array of technologies supporting access for people with disabilities.</p>
	</abstract>
<kwd-group>
<kwd>accessibility</kwd>
<kwd>assistive technology</kwd>
<kwd>blind</kwd>
<kwd>low-vision</kwd>
<kwd>speech recognition</kwd>
<kwd>text to speech</kwd>
<kwd>usability</kwd>
</kwd-group>
<funding-group specific-use="FundRef">
	<award-group id="award1">
		<funding-source id="GS1">
			<institution-wrap>
			<institution>Division of Information and Intelligent Systems</institution>
			<institution-id institution-id-type="FundRef">http://dx.doi.org/10.13039/100000145</institution-id>
			</institution-wrap>
		</funding-source>
		<award-id rid="GS1">IIS-0415273</award-id>
	</award-group>
</funding-group>
		</book-part-meta>
		
	<back>
<ref-list specific-use="unparsed">
				<ref id="ref-00001">
				<mixed-citation>Bigham, J. P., Prince, C. M., and Ladner, R. E. Webanywhere: A screen reader on-the-go. In <italic toggle="yes">Proc. of the Intl Cross-Disciplinary Conf. on Web Accessibility (W4A 2008)</italic>, pp. 73--82, Beijing, China, 2008. <pub-id pub-id-type="doi" xlink:href="10.1145/1368044.1368060" assigning-authority="crossref">10.1145/1368044.1368060</pub-id> <pub-id pub-id-type="doi" xlink:href="10.1145/1368044.1368060" /></mixed-citation>
				</ref>
				<ref id="ref-00002">
				<mixed-citation>Bigham, J. P., Prince, C. M., and Ladner, R. E. Addressing Performance and Security in a Screen Reading Web Application That Enables Accessibility Anywhere. In <italic toggle="yes">Proc. of the Eighth International Conference on Web Engineering (ICWE 2008)</italic>, pages 273--284, 2008. <pub-id pub-id-type="doi" xlink:href="10.1109/ICWE.2008.47" assigning-authority="crossref">10.1109/ICWE.2008.47</pub-id> <pub-id pub-id-type="doi" xlink:href="10.1109/ICWE.2008.47" /></mixed-citation>
				</ref>
				<ref id="ref-00003">
				<mixed-citation>Bigham, J. P., Cavender, A. C., Brudvik, J. T., Wobbrock, J. O., and Ladner, R. E. WebinSitu: A Comparative Analysis of Blind and Sighted Browsing Behavior. In <italic toggle="yes">Proceedings of the 9th International ACM SIGACCESS Conference on Computers and Accessibility (ASSETS 2007)</italic>, pages 51--58, Tempe, Arizona, 2007. <pub-id pub-id-type="doi" xlink:href="10.1145/1296843.1296854" assigning-authority="crossref">10.1145/1296843.1296854</pub-id> <pub-id pub-id-type="doi" xlink:href="10.1145/1296843.1296854" /></mixed-citation>
				</ref>
				<ref id="ref-00004">
				<mixed-citation>Chen, C. and Raman, T. V. AxsJAX: a talking translation bot using google IM: bringing web-2.0 applications to life. In Proceedings of the 2008 international cross-disciplinary conference on Web accessibility (W4A 2008), pages 54--56, Beijing, China, 2008. <pub-id pub-id-type="doi" xlink:href="10.1145/1368044.1368056" assigning-authority="crossref">10.1145/1368044.1368056</pub-id> <pub-id pub-id-type="doi" xlink:href="10.1145/1368044.1368056" /></mixed-citation>
				</ref>
				<ref id="ref-00005">
				<mixed-citation>eSpeak. http://espeak.sourceforge.net/. Accessed January 2010.</mixed-citation>
				</ref>
				<ref id="ref-00006">
				<mixed-citation>Gruenstein, A., McGraw, I., and Badr, I. The WAMI Toolkit for Developing, Deploying, and Evaluating Web-Accessible Multimodal Interfaces. In <italic toggle="yes">Proc. of the 10th Intl. Conf. on Multimodal Interfaces (ICMI 2008)</italic>, pages 141--148, Chania, Crete, Greece, 2008. <pub-id pub-id-type="doi" xlink:href="10.1145/1452392.1452420" assigning-authority="crossref">10.1145/1452392.1452420</pub-id> <pub-id pub-id-type="doi" xlink:href="10.1145/1452392.1452420" /></mixed-citation>
				</ref>
				<ref id="ref-00007">
				<mixed-citation>Ivona. http://www.ivona.com/. Accessed January 2010.</mixed-citation>
				</ref>
				<ref id="ref-00008">
				<mixed-citation>Mankoff, J., Fait, H., and Tran, T. Is your web page accessible?: a comparative study of methods for assessing web page accessibility for the blind. In <italic toggle="yes">Proc. of the SIGCHI Conf. on Human factors in computing systems (CHI '05)</italic>, pp. 41--50, 2005. <pub-id pub-id-type="doi" xlink:href="10.1145/1054972.1054979" assigning-authority="crossref">10.1145/1054972.1054979</pub-id> <pub-id pub-id-type="doi" xlink:href="10.1145/1054972.1054979" /></mixed-citation>
				</ref>
				<ref id="ref-00009">
				<mixed-citation>WebAnywhere. http://webanywhere.cs.washington.edu/beta/Accessed January 2010.</mixed-citation>
				</ref>
				<ref id="ref-00010">
				<mixed-citation>WebAnywhere Open Source Site at Google Code. http://webanywhere.googlecode.com Accessed January 2010.</mixed-citation>
				</ref>
			</ref-list>
</back>
</book-part>
</book-part-wrapper>
