<?xml version="1.0" encoding="UTF-8"?>
<!DOCTYPE book-part-wrapper PUBLIC "-//NLM//DTD BITS Book Interchange DTD with OASIS and XHTML Tables v2.0 20151225//EN" "BITS-book-oasis2.dtd">
<book-part-wrapper xmlns:xlink="http://www.w3.org/1999/xlink" xmlns:mml="http://www.w3.org/1998/Math/MathML" xmlns:oasis="http://www.niso.org/standards/z39-96/ns/oasis-exchange/table" xmlns:xi="http://www.w3.org/2001/XInclude" xmlns:xsi="http://www.w3.org/2001/XMLSchema-instance" dtd-version="2.0" xml:lang="en" content-type="research-article">
<collection-meta collection-type="book-series">
    <collection-id collection-id-type="doi">10.1145/acmotherconferences</collection-id>
    <title-group>
        <title>ACM Other Conferences</title>
    </title-group>
</collection-meta>
	<book-meta>
		<book-id book-id-type="acm-id">1805986</book-id>
		<book-id book-id-type="doi">10.1145/1805986</book-id>
		<book-title-group>
			<book-title>Proceedings of the 2010 International Cross Disciplinary Conference on Web Accessibility (W4A)</book-title>
			<alt-title alt-title-type="acronym">W4A '10</alt-title>
		</book-title-group>
	</book-meta>
	<book-part xmlns:ali="http://www.niso.org/schemas/ali/1.0/" book-part-type="chapter" xml:lang="en">
		<book-part-meta>
			<book-part-id book-part-id-type="acm-id">1806010</book-part-id>
			<book-part-id book-part-id-type="doi">10.1145/1805986.1806010</book-part-id>
			<book-part-id book-part-id-type="article-no">17</book-part-id>
	<subj-group subj-group-type="ccs2012">
		<compound-subject>
			<compound-subject-part content-type="code">10002951.10003227.10003251</compound-subject-part>
			<compound-subject-part content-type="text">Information systems~Information systems applications~Multimedia information systems</compound-subject-part>
			<compound-subject-part content-type="weight">500</compound-subject-part>
		</compound-subject>
		<compound-subject>
			<compound-subject-part content-type="code">10003456</compound-subject-part>
			<compound-subject-part content-type="text">Social and professional topics</compound-subject-part>
			<compound-subject-part content-type="weight">100</compound-subject-part>
		</compound-subject>
	</subj-group>
			<title-group>
				<title>Towards collaborative annotation for video accessibility</title>
			</title-group>
<contrib-group>
   <contrib contrib-type="author" id="artseq-00001">
       <contrib-id contrib-id-type="person_id" authenticated="false">P2183190</contrib-id><contrib-id contrib-id-type="profile_id" authenticated="false">81317492230</contrib-id>
       <name name-style="western">
           <surname>Champin</surname>
           <given-names>Pierre-Antoine</given-names>
       </name>
	<aff>Université Lyon, France</aff><aff><institution-wrap><institution-id institution-id-type="profile_id">60102126</institution-id></institution-wrap></aff>
	<role>Author</role>
   </contrib>
   <contrib contrib-type="author" id="artseq-00002">
       <contrib-id contrib-id-type="person_id" authenticated="false">P2183191</contrib-id><contrib-id contrib-id-type="profile_id" authenticated="false">81329488827</contrib-id>
       <name name-style="western">
           <surname>Encelle</surname>
           <given-names>Benoît</given-names>
       </name>
	<aff>Université Lyon, France</aff><aff><institution-wrap><institution-id institution-id-type="profile_id">60102126</institution-id></institution-wrap></aff>
	<role>Author</role>
   </contrib>
   <contrib contrib-type="author" id="artseq-00003">
       <contrib-id contrib-id-type="person_id" authenticated="false">P2183192</contrib-id><contrib-id contrib-id-type="profile_id" authenticated="false">81337489042</contrib-id>
       <name name-style="western">
           <surname>Evans</surname>
           <given-names>Nicholas W. D.</given-names>
       </name>
	<aff>EURECOM Sophia Antipolis, France</aff><aff><institution-wrap><institution-id institution-id-type="profile_id">60029859</institution-id></institution-wrap></aff>
	<role>Author</role>
   </contrib>
   <contrib contrib-type="author" id="artseq-00004">
       <contrib-id contrib-id-type="person_id" authenticated="false">P2183193</contrib-id><contrib-id contrib-id-type="profile_id" authenticated="false">81461657644</contrib-id>
       <name name-style="western">
           <surname>O.-Beldame</surname>
           <given-names>Magali</given-names>
       </name>
	<aff>Université Lyon, France</aff><aff><institution-wrap><institution-id institution-id-type="profile_id">60102126</institution-id></institution-wrap></aff>
	<role>Author</role>
   </contrib>
   <contrib contrib-type="author" id="artseq-00005">
       <contrib-id contrib-id-type="person_id" authenticated="false">P2183194</contrib-id><contrib-id contrib-id-type="profile_id" authenticated="false">81100226525</contrib-id>
       <name name-style="western">
           <surname>Prié</surname>
           <given-names>Yannick</given-names>
       </name>
	<aff>Université Lyon, France</aff><aff><institution-wrap><institution-id institution-id-type="profile_id">60102126</institution-id></institution-wrap></aff>
	<role>Author</role>
   </contrib>
   <contrib contrib-type="author" id="artseq-00006">
       <contrib-id contrib-id-type="person_id" authenticated="false">P2183195</contrib-id><contrib-id contrib-id-type="profile_id" authenticated="false">81100211183</contrib-id>
       <name name-style="western">
           <surname>Troncy</surname>
           <given-names>Raphaël</given-names>
       </name>
	<aff>EURECOM Sophia Antipolis, France</aff><aff><institution-wrap><institution-id institution-id-type="profile_id">60029859</institution-id></institution-wrap></aff>
	<role>Author</role>
   </contrib>
</contrib-group>
   <pub-date date-type="publication">
   <day>26</day>
   <month>04</month>
   <year>2010</year>
   </pub-date>
				<fpage>1</fpage>
				<lpage>4</lpage>
		<permissions>
			<copyright-year>2010</copyright-year>
			<copyright-holder>ACM</copyright-holder>
			<license license-type="acmcopyright">
			<license-p>Permission to make digital or hard copies of all or part of this work for personal or classroom use is granted without fee provided that copies are not made or distributed for profit or commercial advantage and that copies bear this notice and the full citation on the first page. Copyrights for components of this work owned by others than ACM must be honored. Abstracting with credit is permitted. To copy otherwise, or republish, to post on servers or to redistribute to lists, requires prior specific permission and/or a fee. Request permissions from Permissions@acm.org</license-p>
			</license>
		</permissions>
		<self-uri content-type="pdf" xlink:href="1805986.1806010.pdf" />
	<abstract>
		<p>The ACAV project aims to explore how the accessibility of web videos can be improved by providing rich descriptions of video content in order to personalize the rendering of the content according to user sensory deficiencies. We present a motivating scenario, the results of a preliminary study as well as the different technologies that will be developed.</p>
	</abstract>
<kwd-group>
<kwd>media annotations</kwd>
<kwd>media fragments</kwd>
<kwd>video accessibility</kwd>
</kwd-group>
<funding-group specific-use="FundRef">
	<award-group id="award1">
		<funding-source id="GS1">
			<institution-wrap>
			<institution>French Ministry of Industry (Innovative Web call), Collaborative Annotation for Video Accessibility (ACAV)</institution>
			</institution-wrap>
		</funding-source>
		<award-id rid="GS1">09.2.93.0966</award-id>
	</award-group>
</funding-group>
		</book-part-meta>
		
	<back>
<ref-list specific-use="unparsed">
				<ref id="ref-00001">
				<mixed-citation>O. Aubert, P.-A. Champin, Y. Prié, and B. Richard. Canonical Processes in Active Reading and Hypervideo Production. <italic toggle="yes">Multimedia Systems</italic>, 14(6):427--433, December 2008.</mixed-citation>
				</ref>
				<ref id="ref-00002">
				<mixed-citation>C. Chapdelaine and L. Gagnon. Accessible videodescription On-Demand. In <italic toggle="yes">ASSETS'09</italic>, pages 221--222, 2009. <pub-id pub-id-type="doi" xlink:href="10.1145/1639642.1639685" assigning-authority="crossref">10.1145/1639642.1639685</pub-id> <pub-id pub-id-type="doi" xlink:href="10.1145/1639642.1639685" /></mixed-citation>
				</ref>
				<ref id="ref-00003">
				<mixed-citation>S. Ferretti, S. Mirri, M. Roccetti, and P. Salomoni. Notes for a Collaboration: On the Design of a Wiki-type Educational Video Lecture Annotation System. In <italic toggle="yes">Int. Conf. on Semantic Computing (ICSC'07)</italic>, pages 651--656, Irvine, USA, 2007. <pub-id pub-id-type="doi" xlink:href="10.1109/ICSC.2007.64" assigning-authority="crossref">10.1109/ICSC.2007.64</pub-id> <pub-id pub-id-type="doi" xlink:href="10.1109/ICSC.2007.64" /></mixed-citation>
				</ref>
				<ref id="ref-00004">
				<mixed-citation>L. Gagnon and <italic toggle="yes">al.</italic> Towards computer-vision software tools to increase production and accessibility of video description for people with vision loss. <italic toggle="yes">Universal Access in the Information Society</italic>, 8(3):199--218, 2009. <pub-id pub-id-type="doi" xlink:href="10.1007/s10209-008-0141-0" assigning-authority="crossref">10.1007/s10209-008-0141-0</pub-id> <pub-id pub-id-type="doi" xlink:href="10.1007/s10209-008-0141-0" /></mixed-citation>
				</ref>
				<ref id="ref-00005">
				<mixed-citation>M. Hausenblas, R. Troncy, Y. Raimond, and T. Bürger. Interlinking Multimedia: How to Apply Linked Data Principles to Multimedia Fragments. In <italic toggle="yes">2<sup>nd</sup> Workshop on Linked Data on the Web (LDOW'09)</italic>, Madrid, Spain, 2009.</mixed-citation>
				</ref>
				<ref id="ref-00006">
				<mixed-citation>H. Miyashita, D. Sato, H. Takagi, and C. Asakawa. aiBrowser for Multimedia: Introducing Multimedia Content Accessibility for Visually Impaired Users. In <italic toggle="yes">ASSETS'07</italic>, pages 91--98, 2007. <pub-id pub-id-type="doi" xlink:href="10.1145/1296843.1296860" assigning-authority="crossref">10.1145/1296843.1296860</pub-id> <pub-id pub-id-type="doi" xlink:href="10.1145/1296843.1296860" /></mixed-citation>
				</ref>
				<ref id="ref-00007">
				<mixed-citation>NIST. The NIST Rich Transcription Evaluation, 2009.</mixed-citation>
				</ref>
				<ref id="ref-00008">
				<mixed-citation>S. Pfeiffer and C. Parker. Accessibility for the HTML5 &amp;lt;video&amp;gt; element. In <italic toggle="yes">6<sup>th</sup> Int. cross-disciplinary conference on Web accessibility (W4A'09)</italic>, pages 98--100, Madrid, Spain, 2009. <pub-id pub-id-type="doi" xlink:href="10.1145/1535654.1535679" assigning-authority="crossref">10.1145/1535654.1535679</pub-id> <pub-id pub-id-type="doi" xlink:href="10.1145/1535654.1535679" /></mixed-citation>
				</ref>
				<ref id="ref-00009">
				<mixed-citation>L. Rabiner and B.-H. Juang. <italic toggle="yes">Fundamentals of speech recognition</italic>. Prentice Hall, 1993.</mixed-citation>
				</ref>
				<ref id="ref-00010">
				<mixed-citation>H. Takagi, S. Kawanaka, M. Kobayashi, D. Sato, and C. Asakawa. Collaborative Web Accessibility Improvement: Challenges and Possibilities. In <italic toggle="yes">ASSETS'09</italic>, pages 195--202, 2009. <pub-id pub-id-type="doi" xlink:href="10.1145/1639642.1639677" assigning-authority="crossref">10.1145/1639642.1639677</pub-id> <pub-id pub-id-type="doi" xlink:href="10.1145/1639642.1639677" /></mixed-citation>
				</ref>
				<ref id="ref-00011">
				<mixed-citation>J. Turner and E. Colinet. Using audio description for indexing moving images. <italic toggle="yes">Knowledge organization</italic>, 31(4):222--230, 2004.</mixed-citation>
				</ref>
			</ref-list>
</back>
</book-part>
</book-part-wrapper>
