<?xml version="1.0" encoding="UTF-8"?>
<!DOCTYPE book-part-wrapper PUBLIC "-//NLM//DTD BITS Book Interchange DTD with OASIS and XHTML Tables v2.0 20151225//EN" "BITS-book-oasis2.dtd">
<book-part-wrapper xmlns:xlink="http://www.w3.org/1999/xlink" xmlns:mml="http://www.w3.org/1998/Math/MathML" xmlns:oasis="http://www.niso.org/standards/z39-96/ns/oasis-exchange/table" xmlns:xi="http://www.w3.org/2001/XInclude" xmlns:xsi="http://www.w3.org/2001/XMLSchema-instance" dtd-version="2.0" xml:lang="en" content-type="research-article">
<collection-meta collection-type="book-series">
    <collection-id collection-id-type="doi">10.1145/acmotherconferences</collection-id>
    <title-group>
        <title>ACM Other Conferences</title>
    </title-group>
</collection-meta>
	<book-meta>
		<book-id book-id-type="acm-id">1805986</book-id>
		<book-id book-id-type="doi">10.1145/1805986</book-id>
		<book-title-group>
			<book-title>Proceedings of the 2010 International Cross Disciplinary Conference on Web Accessibility (W4A)</book-title>
			<alt-title alt-title-type="acronym">W4A '10</alt-title>
		</book-title-group>
	</book-meta>
	<book-part xmlns:ali="http://www.niso.org/schemas/ali/1.0/" book-part-type="chapter" xml:lang="en">
		<book-part-meta>
			<book-part-id book-part-id-type="acm-id">1806019</book-part-id>
			<book-part-id book-part-id-type="doi">10.1145/1805986.1806019</book-part-id>
			<book-part-id book-part-id-type="article-no">23</book-part-id>
	<subj-group subj-group-type="ccs2012">
		<compound-subject>
			<compound-subject-part content-type="code">10002951.10003260.10003304</compound-subject-part>
			<compound-subject-part content-type="text">Information systems~World Wide Web~Web services</compound-subject-part>
			<compound-subject-part content-type="weight">500</compound-subject-part>
		</compound-subject>
		<compound-subject>
			<compound-subject-part content-type="code">10002951.10003260.10003282</compound-subject-part>
			<compound-subject-part content-type="text">Information systems~World Wide Web~Web applications</compound-subject-part>
			<compound-subject-part content-type="weight">500</compound-subject-part>
		</compound-subject>
		<compound-subject>
			<compound-subject-part content-type="code">10003456.10010927.10003616</compound-subject-part>
			<compound-subject-part content-type="text">Social and professional topics~User characteristics~People with disabilities</compound-subject-part>
			<compound-subject-part content-type="weight">100</compound-subject-part>
		</compound-subject>
		<compound-subject>
			<compound-subject-part content-type="code">10003456.10003457.10003580.10003587</compound-subject-part>
			<compound-subject-part content-type="text">Social and professional topics~Professional topics~Computing profession~Assistive technologies</compound-subject-part>
			<compound-subject-part content-type="weight">100</compound-subject-part>
		</compound-subject>
		<compound-subject>
			<compound-subject-part content-type="code">10003120.10003121.10003122</compound-subject-part>
			<compound-subject-part content-type="text">Human-centered computing~Human computer interaction (HCI)~HCI design and evaluation methods</compound-subject-part>
			<compound-subject-part content-type="weight">100</compound-subject-part>
		</compound-subject>
		<compound-subject>
			<compound-subject-part content-type="code">10002951.10003227</compound-subject-part>
			<compound-subject-part content-type="text">Information systems~Information systems applications</compound-subject-part>
			<compound-subject-part content-type="weight">100</compound-subject-part>
		</compound-subject>
		<compound-subject>
			<compound-subject-part content-type="code">10010405.10010476.10011187</compound-subject-part>
			<compound-subject-part content-type="text">Applied computing~Computers in other domains~Personal computers and PC applications</compound-subject-part>
			<compound-subject-part content-type="weight">100</compound-subject-part>
		</compound-subject>
	</subj-group>
			<title-group>
				<title>AChecker</title>
				<subtitle>open, interactive, customizable, web accessibility checking</subtitle>
			</title-group>
<contrib-group>
   <contrib contrib-type="author" id="artseq-00001">
       <contrib-id contrib-id-type="person_id" authenticated="false">P2183204</contrib-id><contrib-id contrib-id-type="profile_id" authenticated="false">99659052719</contrib-id>
       <name name-style="western">
           <surname>Gay</surname>
           <given-names>Greg</given-names>
       </name>
	<aff>University of Toronto, St. George, St. Toronto</aff><aff><institution-wrap><institution-id institution-id-type="profile_id">60016849</institution-id></institution-wrap></aff>
	<role>Author</role>
   </contrib>
   <contrib contrib-type="author" id="artseq-00002">
       <contrib-id contrib-id-type="person_id" authenticated="false">P2183205</contrib-id><contrib-id contrib-id-type="profile_id" authenticated="false">81461654877</contrib-id>
       <name name-style="western">
           <surname>Li</surname>
           <given-names>Cindy Qi</given-names>
       </name>
	<aff>University of Toronto, St. George, St. Toronto</aff><aff><institution-wrap><institution-id institution-id-type="profile_id">60016849</institution-id></institution-wrap></aff>
	<role>Author</role>
   </contrib>
</contrib-group>
   <pub-date date-type="publication">
   <day>26</day>
   <month>04</month>
   <year>2010</year>
   </pub-date>
				<fpage>1</fpage>
				<lpage>2</lpage>
		<permissions>
			<copyright-year>2010</copyright-year>
			<copyright-holder>ACM</copyright-holder>
			<license license-type="acmcopyright">
			<license-p>Permission to make digital or hard copies of all or part of this work for personal or classroom use is granted without fee provided that copies are not made or distributed for profit or commercial advantage and that copies bear this notice and the full citation on the first page. Copyrights for components of this work owned by others than ACM must be honored. Abstracting with credit is permitted. To copy otherwise, or republish, to post on servers or to redistribute to lists, requires prior specific permission and/or a fee. Request permissions from Permissions@acm.org</license-p>
			</license>
		</permissions>
		<self-uri content-type="pdf" xlink:href="1805986.1806019.pdf" />
	<abstract>
		<p>Given Web accessibility checkers often produce different results when analysing the same Web content, it is difficult to know for sure whether they are correctly applying accessibility guidelines. The AChecker, Open Source, Web Accessibility Checker was developed to make accessibility analysis transparent so that users can understand exactly how accessibility is being assessed.</p>
	</abstract>
<kwd-group>
<kwd>open source</kwd>
<kwd>web accessibility evaluation</kwd>
</kwd-group>
		</book-part-meta>
		
	<back>
<ref-list specific-use="unparsed">
				<ref id="ref-00001">
				<mixed-citation>Caldwell, B., Cooper, M., Guarino Reid, L., and Vanderheiden, G. (2008). Web Content Accessibility Guidelines (WCAG) 2.0, http://www.w3.org/TR/WCAG20/ accessed February 1, 2010.</mixed-citation>
				</ref>
				<ref id="ref-00002">
				<mixed-citation>Chisholm, W., Vanderheiden, G., and Jacobs, I. (1999). Web Content Accessibility Guidelines 1.0, http://www.w3.org/TR/WCAG10, accessed February 1, 2010.</mixed-citation>
				</ref>
				<ref id="ref-00003">
				<mixed-citation>Section 508 of the Rehabilitation Act (29 U.S.C. 794d), as amended by the Workforce Investment Act of 1998 (P.L. 105--220), August 7, 1998 http://www.section508.gov/index.cfm?FuseAction=Content&amp;ID=12 accessed February 1, 2010</mixed-citation>
				</ref>
				<ref id="ref-00004">
				<mixed-citation>Berlusconi, S., and Stanca, L. (2004). Provisions to support the access to information technologies for the disabled. http://www.pubbliaccesso.it/normative/law_20040109_n4.htm accessed February 1 2010.</mixed-citation>
				</ref>
				<ref id="ref-00005">
				<mixed-citation>Barrierefreie Informationstechnik-Verordnung -- BITV (2002). http://www.einfach-fuer-alle.de/artikel/bitv_english/ accessed Februray 1, 2010</mixed-citation>
				</ref>
				<ref id="ref-00006">
				<mixed-citation>Gay, G. (2004). TinyMCE Accessibility. http://wiki.moxiecode.com/index.php/TinyMCE:Accessibility accessed February 1, 2010</mixed-citation>
				</ref>
				<ref id="ref-00007">
				<mixed-citation>Gay, G (2005). A Tutor Accessibility. http://www.atutor.ca/atutor/files/atutor_accessibility.doc accessed February 1, 2010.</mixed-citation>
				</ref>
			</ref-list>
</back>
</book-part>
</book-part-wrapper>
