<?xml version="1.0" encoding="UTF-8"?>
<!DOCTYPE book-part-wrapper PUBLIC "-//NLM//DTD BITS Book Interchange DTD with OASIS and XHTML Tables v2.0 20151225//EN" "BITS-book-oasis2.dtd">
<book-part-wrapper xmlns:xlink="http://www.w3.org/1999/xlink" xmlns:mml="http://www.w3.org/1998/Math/MathML" xmlns:oasis="http://www.niso.org/standards/z39-96/ns/oasis-exchange/table" xmlns:xi="http://www.w3.org/2001/XInclude" xmlns:xsi="http://www.w3.org/2001/XMLSchema-instance" dtd-version="2.0" xml:lang="en" content-type="research-article">
<collection-meta collection-type="book-series">
    <collection-id collection-id-type="doi">10.1145/acmotherconferences</collection-id>
    <title-group>
        <title>ACM Other Conferences</title>
    </title-group>
</collection-meta>
	<book-meta>
		<book-id book-id-type="acm-id">1805986</book-id>
		<book-id book-id-type="doi">10.1145/1805986</book-id>
		<book-title-group>
			<book-title>Proceedings of the 2010 International Cross Disciplinary Conference on Web Accessibility (W4A)</book-title>
			<alt-title alt-title-type="acronym">W4A '10</alt-title>
		</book-title-group>
	</book-meta>
	<book-part xmlns:ali="http://www.niso.org/schemas/ali/1.0/" book-part-type="chapter" xml:lang="en">
		<book-part-meta>
			<book-part-id book-part-id-type="acm-id">1806014</book-part-id>
			<book-part-id book-part-id-type="doi">10.1145/1805986.1806014</book-part-id>
			<book-part-id book-part-id-type="article-no">19</book-part-id><subj-group subj-group-type="ccs2012"><compound-subject><compound-subject-part content-type="code">10003456.10010927.10003616</compound-subject-part><compound-subject-part content-type="text">Social and professional topics / User characteristics / People with disabilities</compound-subject-part></compound-subject><compound-subject><compound-subject-part content-type="code">10003456.10003457.10003580.10003587</compound-subject-part><compound-subject-part content-type="text">Social and professional topics / Professional topics / Computing profession / Assistive technologies</compound-subject-part></compound-subject><compound-subject><compound-subject-part content-type="code">10003456</compound-subject-part><compound-subject-part content-type="text">Social and professional topics</compound-subject-part></compound-subject><compound-subject><compound-subject-part content-type="code">10003456.10003457</compound-subject-part><compound-subject-part content-type="text">Social and professional topics / Professional topics</compound-subject-part></compound-subject><compound-subject><compound-subject-part content-type="code">10003456.10010927</compound-subject-part><compound-subject-part content-type="text">Social and professional topics / User characteristics</compound-subject-part></compound-subject><compound-subject><compound-subject-part content-type="code">10003456.10003457.10003580</compound-subject-part><compound-subject-part content-type="text">Social and professional topics / Professional topics / Computing profession</compound-subject-part></compound-subject></subj-group>
			<title-group>
				<title>Building national public infrastructures on our way to a global inclusive infrastructure</title>
			</title-group>
<contrib-group>
   <contrib contrib-type="author" id="artseq-00001">
       <contrib-id contrib-id-type="person_id" authenticated="false">P2183197</contrib-id><contrib-id contrib-id-type="profile_id" authenticated="false">81100641036</contrib-id>
       <name name-style="western">
           <surname>Vanderheiden</surname>
           <given-names>Gregg</given-names>
       </name>
	<aff>Trace R&amp;D Center at the University of Wisconsin-Madison</aff><aff><institution-wrap><institution-id institution-id-type="profile_id">60032179</institution-id></institution-wrap></aff>
	<role>Author</role>
   </contrib>
</contrib-group>
   <pub-date date-type="publication">
   <day>26</day>
   <month>04</month>
   <year>2010</year>
   </pub-date>
				<fpage>1</fpage>
				<lpage>1</lpage>
		<permissions>
			<copyright-year>2010</copyright-year>
			<copyright-holder>ACM</copyright-holder>
			<license license-type="acmcopyright">
			<license-p>Permission to make digital or hard copies of all or part of this work for personal or classroom use is granted without fee provided that copies are not made or distributed for profit or commercial advantage and that copies bear this notice and the full citation on the first page. Copyrights for components of this work owned by others than ACM must be honored. Abstracting with credit is permitted. To copy otherwise, or republish, to post on servers or to redistribute to lists, requires prior specific permission and/or a fee. Request permissions from Permissions@acm.org</license-p>
			</license>
		</permissions>
	<abstract>
		<p>Broadband technologies are rapidly becoming integral to education, commerce, employment, community participation, health and safety Yet there remain multiple barriers to effective and affordable access by people with disabilities, elder, or those with low literacy creating an increasing digital divide. There are assistive technologies that can provide access for some. However it is not available for all disabilities, not affordable by many, and lags mainstream developments and deployments. Even when the latest AT is close to the latest IT, few people have the latest version. The cost of keeping up with mainstream technologies reduces resources available for innovation in assistive technologies and new directions in broadband technologies will require an already strapped AT industry to retool and re-architect their products. We are moving to an ICT environment with a profusion of hardware models (desktop, laptop, netbook, smartphone, tablet, set top box, game systems, players), multiple operating systems (Windows, Mac, Linux, Chrome OS, iPhone, Android, Windows Mobile, Symbian, Maemo (Nokia), Bada (Samsung), WebOS, etc.), hundreds of software applications that embed another universe of widgets, plug-ins, and players, and a networked information environment that adheres to no standard and mutates far beyond the initial conception of the Web. Our current access technologies and infrastructure cannot handle this; the assistive technologies that now exist do not address all disabilities well, particularly cognitive, language, and learning disabilities, deaf-blindness and the mixed problems faced by elders; current assistive technologies often add, rather than reduce, complexity; finally, but importantly, people are not aware of what is possible, see it as complicated, and do not have any easy way to determine that there is something that can help them</p> <p>A coalition of academic, industry and non-governmental organizations and individuals are coming together to promote the creation of a National Public Inclusive Infrastructure (NPII) to address these problems. The purpose is to ensure that everyone who faces accessibility barriers due to disability, literacy or aging, regardless of economic status, can access and use the Internet and all its information, communities, and services for education, employment, daily living, civic participation, health and safety.</p> <p>An NPII would provide key software enhancements to the physical infrastructure to allow lower cost accessibility that could be invoked on any computer, anywhere. Its key components would be a cloud based delivery system that would allow anywhere, any computer access, a personal preference system to allow systems to automatically configure themselves to users, a system of wizards to make creation of a preference profile simple even when a professional is not available, a metadata server to allow users to find accessible media or captions or descriptions for inaccessible media, a trusted source for malware free solutions, a rich development environment with common building blocks, and an awareness program to make more people aware of what is possible for them. All of the NPII components are being designed to support both commercial assistive technologies and free, built-in access features (universal design). The NPII will include a delivery system, personalization profiles and a rich development system and common modules. In addition to lowering development costs and increasing the number of solutions for different disabilities, the NPII can also enable new types of assistive technologies and services, including assistance-on-demand services that allow consumers to invoke computer or human assistance whenever and wherever they need it. The goal is a richer set of access options that it is less expensive to create and distribute and that can address the needs of a wider range of disabilities than is possible today. And a model infrastructure that can be replicated internationally and bring this wide variety of access options and the lower cost delivery system for both commercial and free access features to countries world-wide.</p>
	</abstract>
		</book-part-meta>
	</book-part>
</book-part-wrapper>
