<?xml version="1.0" encoding="UTF-8"?>
<!DOCTYPE book-part-wrapper PUBLIC "-//NLM//DTD BITS Book Interchange DTD with OASIS and XHTML Tables v2.0 20151225//EN" "BITS-book-oasis2.dtd">
<book-part-wrapper xmlns:xlink="http://www.w3.org/1999/xlink" xmlns:mml="http://www.w3.org/1998/Math/MathML" xmlns:oasis="http://www.niso.org/standards/z39-96/ns/oasis-exchange/table" xmlns:xi="http://www.w3.org/2001/XInclude" xmlns:xsi="http://www.w3.org/2001/XMLSchema-instance" dtd-version="2.0" xml:lang="en" content-type="research-article">
<collection-meta collection-type="book-series">
    <collection-id collection-id-type="doi">10.1145/acmotherconferences</collection-id>
    <title-group>
        <title>ACM Other Conferences</title>
    </title-group>
</collection-meta>
	<book-meta>
		<book-id book-id-type="acm-id">1805986</book-id>
		<book-id book-id-type="doi">10.1145/1805986</book-id>
		<book-title-group>
			<book-title>Proceedings of the 2010 International Cross Disciplinary Conference on Web Accessibility (W4A)</book-title>
			<alt-title alt-title-type="acronym">W4A '10</alt-title>
		</book-title-group>
	</book-meta>
	<book-part xmlns:ali="http://www.niso.org/schemas/ali/1.0/" book-part-type="chapter" xml:lang="en">
		<book-part-meta>
			<book-part-id book-part-id-type="acm-id">1805993</book-part-id>
			<book-part-id book-part-id-type="doi">10.1145/1805986.1805993</book-part-id>
			<book-part-id book-part-id-type="article-no">4</book-part-id>
	<subj-group subj-group-type="ccs2012">
		<compound-subject>
			<compound-subject-part content-type="code">10003120.10003121.10003122</compound-subject-part>
			<compound-subject-part content-type="text">Human-centered computing~Human computer interaction (HCI)~HCI design and evaluation methods</compound-subject-part>
			<compound-subject-part content-type="weight">500</compound-subject-part>
		</compound-subject>
		<compound-subject>
			<compound-subject-part content-type="code">10003120.10003121.10003125.10010597</compound-subject-part>
			<compound-subject-part content-type="text">Human-centered computing~Human computer interaction (HCI)~Interaction devices~Sound-based input / output</compound-subject-part>
			<compound-subject-part content-type="weight">100</compound-subject-part>
		</compound-subject>
		<compound-subject>
			<compound-subject-part content-type="code">10010583.10010588.10010597</compound-subject-part>
			<compound-subject-part content-type="text">Hardware~Communication hardware, interfaces and storage~Sound-based input / output</compound-subject-part>
			<compound-subject-part content-type="weight">100</compound-subject-part>
		</compound-subject>
		<compound-subject>
			<compound-subject-part content-type="code">10003456.10010927.10003616</compound-subject-part>
			<compound-subject-part content-type="text">Social and professional topics~User characteristics~People with disabilities</compound-subject-part>
			<compound-subject-part content-type="weight">100</compound-subject-part>
		</compound-subject>
		<compound-subject>
			<compound-subject-part content-type="code">10003456.10003457.10003580.10003587</compound-subject-part>
			<compound-subject-part content-type="text">Social and professional topics~Professional topics~Computing profession~Assistive technologies</compound-subject-part>
			<compound-subject-part content-type="weight">100</compound-subject-part>
		</compound-subject>
	</subj-group>
			<title-group>
				<title>Designing for auditory web access</title>
				<subtitle>accessibility and cellphone users</subtitle>
			</title-group>
<contrib-group>
   <contrib contrib-type="author" id="artseq-00001">
       <contrib-id contrib-id-type="person_id" authenticated="false">P2183142</contrib-id><contrib-id contrib-id-type="profile_id" authenticated="false">81100659496</contrib-id>
       <name name-style="western">
           <surname>Trewin</surname>
           <given-names>Shari</given-names>
       </name>
	<aff>IBM T. J. Watson Research Center, Yorktown Heights, NY</aff><aff><institution-wrap><institution-id institution-id-type="profile_id">60017366</institution-id></institution-wrap></aff>
	<role>Author</role>
   </contrib>
   <contrib contrib-type="author" id="artseq-00002">
       <contrib-id contrib-id-type="person_id" authenticated="false">P2183143</contrib-id><contrib-id contrib-id-type="profile_id" authenticated="false">81100257325</contrib-id>
       <name name-style="western">
           <surname>Bellamy</surname>
           <given-names>Rachel</given-names>
       </name>
	<aff>IBM T. J. Watson Research Center, Yorktown Heights, NY</aff><aff><institution-wrap><institution-id institution-id-type="profile_id">60017366</institution-id></institution-wrap></aff>
	<role>Author</role>
   </contrib>
   <contrib contrib-type="author" id="artseq-00003">
       <contrib-id contrib-id-type="person_id" authenticated="false">P2183144</contrib-id><contrib-id contrib-id-type="profile_id" authenticated="false">81328490538</contrib-id>
       <name name-style="western">
           <surname>Thomas</surname>
           <given-names>John</given-names>
       </name>
	<aff>IBM T. J. Watson Research Center, Yorktown Heights, NY</aff><aff><institution-wrap><institution-id institution-id-type="profile_id">60017366</institution-id></institution-wrap></aff>
	<role>Author</role>
   </contrib>
   <contrib contrib-type="author" id="artseq-00004">
       <contrib-id contrib-id-type="person_id" authenticated="false">P2183145</contrib-id><contrib-id contrib-id-type="profile_id" authenticated="false">81328487799</contrib-id>
       <name name-style="western">
           <surname>Brezin</surname>
           <given-names>Jonathan</given-names>
       </name>
	<aff>IBM T. J. Watson Research Center, Yorktown Heights, NY</aff><aff><institution-wrap><institution-id institution-id-type="profile_id">60017366</institution-id></institution-wrap></aff>
	<role>Author</role>
   </contrib>
   <contrib contrib-type="author" id="artseq-00005">
       <contrib-id contrib-id-type="person_id" authenticated="false">P2183146</contrib-id><contrib-id contrib-id-type="profile_id" authenticated="false">81100451878</contrib-id>
       <name name-style="western">
           <surname>Richards</surname>
           <given-names>John</given-names>
       </name>
	<aff>IBM T. J. Watson Research Center, Yorktown Heights, NY</aff><aff><institution-wrap><institution-id institution-id-type="profile_id">60017366</institution-id></institution-wrap></aff>
	<role>Author</role>
   </contrib>
   <contrib contrib-type="author" id="artseq-00006">
       <contrib-id contrib-id-type="person_id" authenticated="false">P2183147</contrib-id><contrib-id contrib-id-type="profile_id" authenticated="false">81100027041</contrib-id>
       <name name-style="western">
           <surname>Swart</surname>
           <given-names>Cal</given-names>
       </name>
	<aff>IBM T. J. Watson Research Center, Yorktown Heights, NY</aff><aff><institution-wrap><institution-id institution-id-type="profile_id">60017366</institution-id></institution-wrap></aff>
	<role>Author</role>
   </contrib>
   <contrib contrib-type="author" id="artseq-00007">
       <contrib-id contrib-id-type="person_id" authenticated="false">P2183148</contrib-id><contrib-id contrib-id-type="profile_id" authenticated="false">81100482886</contrib-id>
       <name name-style="western">
           <surname>John</surname>
           <given-names>Bonnie E.</given-names>
       </name>
	<aff>Carnegie-Mellon University, Pittsburgh, PA</aff><aff><institution-wrap><institution-id institution-id-type="profile_id">60027950</institution-id></institution-wrap></aff>
	<role>Author</role>
   </contrib>
</contrib-group>
   <pub-date date-type="publication">
   <day>26</day>
   <month>04</month>
   <year>2010</year>
   </pub-date>
				<fpage>1</fpage>
				<lpage>4</lpage>
		<permissions>
			<copyright-year>2010</copyright-year>
			<copyright-holder>ACM</copyright-holder>
			<license license-type="acmcopyright">
			<license-p>Permission to make digital or hard copies of all or part of this work for personal or classroom use is granted without fee provided that copies are not made or distributed for profit or commercial advantage and that copies bear this notice and the full citation on the first page. Copyrights for components of this work owned by others than ACM must be honored. Abstracting with credit is permitted. To copy otherwise, or republish, to post on servers or to redistribute to lists, requires prior specific permission and/or a fee. Request permissions from Permissions@acm.org</license-p>
			</license>
		</permissions>
		<self-uri content-type="pdf" xlink:href="1805986.1805993.pdf" />
	<abstract>
		<p>Low-end mobile phones are becoming generally available throughout the world and the main window onto the Web. A large constituency for Web access is being created whose experience Web designers are not familiar with, particularly because of the central role of auditory, rather than visual access. This is analogous to problems faced by visually impaired users, where again Web designers have an audience whose experience they rarely share. One might think that proven design practices of working directly with users or intermediaries would be effective, but we argue that in these situations they are difficult to apply, not least because of the distance geographically and culturally from the users. We therefore present alternative ways for developers to gain insight into the experience of auditory access. We also discuss the potential of tools and resources such as simulations of an auditory interaction with the Web and illustrate how these can help --- particularly with early stage design. Successful simulations can reduce the cost and effort needed to design a usable auditory Web experience, and as a bonus, the insights gained often improve a site for many other users as well.</p>
	</abstract>
<kwd-group>
<kwd>accessibility</kwd>
<kwd>auditory interaction</kwd>
<kwd>developing regions</kwd>
<kwd>screen reader</kwd>
<kwd>web</kwd>
</kwd-group>
		</book-part-meta>
		
	<back>
<ref-list specific-use="unparsed">
				<ref id="ref-00001">
				<mixed-citation>Allen, M., Leung, R., McGrenere, J., and Purves, B. Involving domain experts in assistive technology research. <italic toggle="yes">User Access in the Information Society</italic>, 7, 3 (2008), 145--154. <pub-id pub-id-type="doi" xlink:href="10.1007/s10209-008-0112-5" assigning-authority="crossref">10.1007/s10209-008-0112-5</pub-id> <pub-id pub-id-type="doi" xlink:href="10.1007/s10209-008-0112-5" /></mixed-citation>
				</ref>
				<ref id="ref-00002">
				<mixed-citation>Astell, A., Alm, N., Gowans, G., Ellis, M., Dye, R. and Vaughan, P. Involving older people with dementia and their carers in designing computer based support systems: some methodological considerations. <italic toggle="yes">Universal Access in the Information Society</italic> 8 1, April 2009, 49--58. <pub-id pub-id-type="doi" xlink:href="10.1007/s10209-008-0129-9" assigning-authority="crossref">10.1007/s10209-008-0129-9</pub-id> <pub-id pub-id-type="doi" xlink:href="10.1007/s10209-008-0129-9" /></mixed-citation>
				</ref>
				<ref id="ref-00003">
				<mixed-citation>Bhavnani, S, &amp;amp; John, B. E. (2000) Efficient use of complex computer systems. <italic toggle="yes">Human-Computer Interaction, 15</italic>(2), 107--137. <pub-id pub-id-type="doi" xlink:href="10.1207/S15327051HCI1523_3" assigning-authority="crossref">10.1207/S15327051HCI1523_3</pub-id> <pub-id pub-id-type="doi" xlink:href="10.1207/S15327051HCI1523_3" /></mixed-citation>
				</ref>
				<ref id="ref-00004">
				<mixed-citation>Bigham, J. P., Prince, C. M. and Ladner, R. E. WebAnywhere: A Screen Reader On-the-Go. In <italic toggle="yes">Proceedings of the 5th International Cross-Disciplinary Conference on Web Accessibility (W4A 2008)</italic>, Beijing, China, 2008, 73--82. <pub-id pub-id-type="doi" xlink:href="10.1145/1368044.1368060" assigning-authority="crossref">10.1145/1368044.1368060</pub-id> <pub-id pub-id-type="doi" xlink:href="10.1145/1368044.1368060" /></mixed-citation>
				</ref>
				<ref id="ref-00005">
				<mixed-citation>Borchers, J. <italic toggle="yes">A pattern language approach to interaction design</italic>. New York: Wiley. 2001. <pub-id pub-id-type="doi" xlink:href="10.5555/558433" /></mixed-citation>
				</ref>
				<ref id="ref-00006">
				<mixed-citation>Boyera, S. and Hoschka, P. Using Web technologies and mobile phones for social development: W3C approach. <italic toggle="yes">Proc. 1<sup>st</sup> Int. Conf. on M4D Mobile Communication Technology for Development</italic>. (M4D 2008), December 2008, Sweden.</mixed-citation>
				</ref>
				<ref id="ref-00007">
				<mixed-citation>Brewer, E, Demmer, M, Du, B, Ho, M, Kam, M, Nedevschi, S, Pal, J, Patra, R, Surana, S. &amp;amp; Fall, K. The case for technology in developing regions. <italic toggle="yes">IEEE Computer</italic>, June 2005, 25--38. <pub-id pub-id-type="doi" xlink:href="10.1109/MC.2005.204" assigning-authority="crossref">10.1109/MC.2005.204</pub-id> <pub-id pub-id-type="doi" xlink:href="10.1109/MC.2005.204" /></mixed-citation>
				</ref>
				<ref id="ref-00008">
				<mixed-citation>Card, S. K., Moran, T. P. and Newell, A. <italic toggle="yes">The Psychology of Human-Computer Interaction</italic>. Lawrence Erlbaum Associates, Hillsdale, NJ, USA, 1983.</mixed-citation>
				</ref>
				<ref id="ref-00009">
				<mixed-citation>Douglas, I. Collaborative international usability testing: moving from document-based reporting to information object sharing. <italic toggle="yes">Proc. IEEE Int. Conf. on Global Software Engineering (IGCSE '06)</italic>, IEEE, 2006, 114--118. <pub-id pub-id-type="doi" xlink:href="10.5555/1170744.1171368" /></mixed-citation>
				</ref>
				<ref id="ref-00010">
				<mixed-citation>Fu, W.-T., &amp;amp; Pirolli, P. SNIF-ACT: A cognitive model of user navigation on the World Wide Web. <italic toggle="yes">Human-Computer Interaction, 22</italic>, 2007, 355--412. <pub-id pub-id-type="doi" xlink:href="10.5555/1466607.1466608" /></mixed-citation>
				</ref>
				<ref id="ref-00011">
				<mixed-citation>John, B. E., Prevas, K., Salvucci, D. D., &amp;amp; Koedinger, K. (2004). Predictive human performance modeling made easy. In <italic toggle="yes">Proceedings of the SIGCHI Conference on Human Factors in Computing Systems. (CHI '04)</italic>. ACM, New York, NY, 455--462. <pub-id pub-id-type="doi" xlink:href="10.1145/985692.985750" assigning-authority="crossref">10.1145/985692.985750</pub-id> <pub-id pub-id-type="doi" xlink:href="10.1145/985692.985750" /></mixed-citation>
				</ref>
				<ref id="ref-00012">
				<mixed-citation>Kam, M. Mathur, A., Kumar, A. and Canny, J. Designing Digital Games for Rural Children: A Study of Traditional Village Games in India In <italic toggle="yes">Proc. SIGCHI Conf. on Human Factors in Computing Systems (CHI '09)</italic>, 2009. <pub-id pub-id-type="doi" xlink:href="10.1145/1518701.1518707" assigning-authority="crossref">10.1145/1518701.1518707</pub-id> <pub-id pub-id-type="doi" xlink:href="10.1145/1518701.1518707" /></mixed-citation>
				</ref>
				<ref id="ref-00013">
				<mixed-citation>Luo, L. and John, B. E. Predicting task execution time on handheld devices using the Keystroke-Level Model. In <italic toggle="yes">Proc. SIGCHI Conference on Human Factors in Computing Systems (CHI '05)</italic> (Portland, Oregon, April 2--7, 2005) ACM, NY. <pub-id pub-id-type="doi" xlink:href="10.1145/1056808.1056977" assigning-authority="crossref">10.1145/1056808.1056977</pub-id> <pub-id pub-id-type="doi" xlink:href="10.1145/1056808.1056977" /></mixed-citation>
				</ref>
				<ref id="ref-00014">
				<mixed-citation>Mankoff, J., Fait, H., &amp;amp; Tran, T. Is your Web page accessible? A comparative study of methods for assessing Web page accessibility for the blind. In <italic toggle="yes">Proc. SIGCHI Conference on Human Factors in Computing Systems (CHI '05)</italic>, ACM Press, New York, 2005, 41--50. <pub-id pub-id-type="doi" xlink:href="10.1145/1054972.1054979" assigning-authority="crossref">10.1145/1054972.1054979</pub-id> <pub-id pub-id-type="doi" xlink:href="10.1145/1054972.1054979" /></mixed-citation>
				</ref>
				<ref id="ref-00015">
				<mixed-citation>Nathan, M. J., Koedinger, K. R., &amp;amp; Alibali, M. W. Expert blind spot: When content knowledge eclipses pedagogical content knowledge. In L. Chen et al. (Eds.), <italic toggle="yes">Proc. 3rd International Conf. on Cognitive Science</italic>. USTC Press, 2001, 644--648.</mixed-citation>
				</ref>
				<ref id="ref-00016">
				<mixed-citation>Patel, N., Agarwal, S., Rajput, N., Nanavati, A., Dave, P. &amp;amp; Parikh, T. A comparative study of speech and dialed input voice interfaces in rural India. In <italic toggle="yes">Proc. SIGCHI Conference on Human Factors in Computing Systems (CHI '09)</italic>, ACM Press, NY, 2009. <pub-id pub-id-type="doi" xlink:href="10.1145/1518701.1518709" assigning-authority="crossref">10.1145/1518701.1518709</pub-id> <pub-id pub-id-type="doi" xlink:href="10.1145/1518701.1518709" /></mixed-citation>
				</ref>
				<ref id="ref-00017">
				<mixed-citation>Rajput, N., Agarwal, S., Kumar, A. and Nanavati, A. An alternative information web for visually impaired users in developing countries. In <italic toggle="yes">Proc. 10<sup>th</sup> International ACM SIGACCESS Conference on Computers and Accessibility (ASSETS '09)</italic> (Halifax, Nova Scotia, Canada) 2008, 289--290. <pub-id pub-id-type="doi" xlink:href="10.1145/1414471.1414542" assigning-authority="crossref">10.1145/1414471.1414542</pub-id> <pub-id pub-id-type="doi" xlink:href="10.1145/1414471.1414542" /></mixed-citation>
				</ref>
				<ref id="ref-00018">
				<mixed-citation>Schummer, T. and Lukosch, S. <italic toggle="yes">Patterns for computer-mediated interaction</italic>. West Sussex, England: Wiley, 2007. <pub-id pub-id-type="doi" xlink:href="10.5555/1207439" /></mixed-citation>
				</ref>
				<ref id="ref-00019">
				<mixed-citation>Takagi, H., Asakawa, C., Fukuda, K., and Maeda, J. Accessibility designer: visualizing usability for the blind. In <italic toggle="yes">Proc. 6<sup>th</sup> International ACM SIGACCESS Conference on Computers and Accessibility (ASSETS '04)</italic>. ACM Press, NY. 2004, 177--184. <pub-id pub-id-type="doi" xlink:href="10.1145/1028630.1028662" assigning-authority="crossref">10.1145/1028630.1028662</pub-id> <pub-id pub-id-type="doi" xlink:href="10.1145/1028630.1028662" /></mixed-citation>
				</ref>
				<ref id="ref-00020">
				<mixed-citation>Teo L., &amp;amp; John B. E. Towards a Tool for Predicting Goal-directed Exploratory Behavior. In <italic toggle="yes">Proceedings of Human Factors &amp;amp; Ergonomics Society 52<sup>nd</sup> Annual Meeting</italic>, 2008, 950--954.</mixed-citation>
				</ref>
				<ref id="ref-00021">
				<mixed-citation>Trewin, S., Richards, J., Bellamy, R., John, B. E., Thomas, J., Swart, C., and Brezin, J. Towards modeling auditory information seeking strategies on the Web. In <italic toggle="yes">Extended Abstracts of SIGCHI Conference on Human Factors in Computing Systems (CHI '10)</italic>, ACM Press, NY, 2010, to appear. <pub-id pub-id-type="doi" xlink:href="10.1145/1753846.1754088" assigning-authority="crossref">10.1145/1753846.1754088</pub-id> <pub-id pub-id-type="doi" xlink:href="10.1145/1753846.1754088" /></mixed-citation>
				</ref>
				<ref id="ref-00022">
				<mixed-citation>United Nations International Telecommunication Union. <italic toggle="yes">The World in 2009: ICT Facts and Figures</italic>. www.itu.int/ict.</mixed-citation>
				</ref>
				<ref id="ref-00023">
				<mixed-citation>Yesilada, Y., Brajnik, G., and Harper, S. How much does expertise matter? A barrier walkthrough study with experts and non-experts. In <italic toggle="yes">Proc. 10<sup>th</sup> International ACM SIGACCESS Conf. on Computers and Accessibility (ASSETS '09)</italic>, 203--210. <pub-id pub-id-type="doi" xlink:href="10.1145/1639642.1639678" assigning-authority="crossref">10.1145/1639642.1639678</pub-id> <pub-id pub-id-type="doi" xlink:href="10.1145/1639642.1639678" /></mixed-citation>
				</ref>
			</ref-list>
</back>
</book-part>
</book-part-wrapper>
