<?xml version="1.0" encoding="UTF-8"?>
<!DOCTYPE book-part-wrapper PUBLIC "-//NLM//DTD BITS Book Interchange DTD with OASIS and XHTML Tables v2.0 20151225//EN" "BITS-book-oasis2.dtd">
<book-part-wrapper xmlns:xlink="http://www.w3.org/1999/xlink" xmlns:mml="http://www.w3.org/1998/Math/MathML" xmlns:oasis="http://www.niso.org/standards/z39-96/ns/oasis-exchange/table" xmlns:xi="http://www.w3.org/2001/XInclude" xmlns:xsi="http://www.w3.org/2001/XMLSchema-instance" dtd-version="2.0" xml:lang="en" content-type="research-article">
<collection-meta collection-type="book-series">
    <collection-id collection-id-type="doi">10.1145/acmotherconferences</collection-id>
    <title-group>
        <title>ACM Other Conferences</title>
    </title-group>
</collection-meta>
	<book-meta>
		<book-id book-id-type="acm-id">1969289</book-id>
		<book-id book-id-type="doi">10.1145/1969289</book-id>
		<book-title-group>
			<book-title>Proceedings of the International Cross-Disciplinary Conference on Web Accessibility</book-title>
			<alt-title alt-title-type="acronym">W4A '11</alt-title>
		</book-title-group>
	</book-meta>
	<book-part xmlns:ali="http://www.niso.org/schemas/ali/1.0/" book-part-type="chapter" xml:lang="en">
		<book-part-meta>
			<book-part-id book-part-id-type="acm-id">1969297</book-part-id>
			<book-part-id book-part-id-type="doi">10.1145/1969289.1969297</book-part-id>
			<book-part-id book-part-id-type="article-no">5</book-part-id>
	<subj-group subj-group-type="ccs2012">
		<compound-subject>
			<compound-subject-part content-type="code">10010405.10010497.10010510.10010515</compound-subject-part>
			<compound-subject-part content-type="text">Applied computing~Document management and text processing~Document preparation~Multi / mixed media creation</compound-subject-part>
			<compound-subject-part content-type="weight">500</compound-subject-part>
		</compound-subject>
		<compound-subject>
			<compound-subject-part content-type="code">10003120.10003121.10003124.10003254</compound-subject-part>
			<compound-subject-part content-type="text">Human-centered computing~Human computer interaction (HCI)~Interaction paradigms~Hypertext / hypermedia</compound-subject-part>
			<compound-subject-part content-type="weight">500</compound-subject-part>
		</compound-subject>
		<compound-subject>
			<compound-subject-part content-type="code">10003456.10003457.10003580.10003587</compound-subject-part>
			<compound-subject-part content-type="text">Social and professional topics~Professional topics~Computing profession~Assistive technologies</compound-subject-part>
			<compound-subject-part content-type="weight">100</compound-subject-part>
		</compound-subject>
		<compound-subject>
			<compound-subject-part content-type="code">10003120.10003123.10010860.10010859</compound-subject-part>
			<compound-subject-part content-type="text">Human-centered computing~Interaction design~Interaction design process and methods~User centered design</compound-subject-part>
			<compound-subject-part content-type="weight">100</compound-subject-part>
		</compound-subject>
		<compound-subject>
			<compound-subject-part content-type="code">10003456.10010927.10003616</compound-subject-part>
			<compound-subject-part content-type="text">Social and professional topics~User characteristics~People with disabilities</compound-subject-part>
			<compound-subject-part content-type="weight">100</compound-subject-part>
		</compound-subject>
	</subj-group>
			<title-group>
				<title>Augment browsing and standard profiling for enhancing web accessibility</title>
			</title-group>
<contrib-group>
   <contrib contrib-type="author" id="artseq-00001">
       <contrib-id contrib-id-type="person_id" authenticated="false">P2626589</contrib-id><contrib-id contrib-id-type="profile_id" authenticated="false">81314484120</contrib-id>
       <name name-style="western">
           <surname>Mirri</surname>
           <given-names>Silvia</given-names>
       </name>
	<aff>University of Bologna, Bologna (BO), Italy</aff><aff><institution-wrap><institution-id institution-id-type="profile_id">60028218</institution-id></institution-wrap></aff>
	<email>silvia.mirri@unibo.it</email>
	<role>Author</role>
   </contrib>
   <contrib contrib-type="author" id="artseq-00002">
       <contrib-id contrib-id-type="person_id" authenticated="false">P2626590</contrib-id><contrib-id contrib-id-type="profile_id" authenticated="false">81100163109</contrib-id>
       <name name-style="western">
           <surname>Salomoni</surname>
           <given-names>Paola</given-names>
       </name>
	<aff>University of Bologna, Bologna (BO), Italy</aff><aff><institution-wrap><institution-id institution-id-type="profile_id">60028218</institution-id></institution-wrap></aff>
	<email>paola.salomini@unibo.it</email>
	<role>Author</role>
   </contrib>
   <contrib contrib-type="author" id="artseq-00003">
       <contrib-id contrib-id-type="person_id" authenticated="false">P2626591</contrib-id><contrib-id contrib-id-type="profile_id" authenticated="false">81484656930</contrib-id>
       <name name-style="western">
           <surname>Prandi</surname>
           <given-names>Catia</given-names>
       </name>
	<aff>University of Bologna, Bologna (BO), Italy</aff><aff><institution-wrap><institution-id institution-id-type="profile_id">60028218</institution-id></institution-wrap></aff>
	<email>catia.prandi@studio.unibo.it</email>
	<role>Author</role>
   </contrib>
</contrib-group>
   <pub-date date-type="publication">
   <day>28</day>
   <month>03</month>
   <year>2011</year>
   </pub-date>
				<fpage>1</fpage>
				<lpage>10</lpage>
		<permissions>
			<copyright-year>2011</copyright-year>
			<copyright-holder>ACM</copyright-holder>
			<license license-type="acmcopyright">
			<license-p>Permission to make digital or hard copies of all or part of this work for personal or classroom use is granted without fee provided that copies are not made or distributed for profit or commercial advantage and that copies bear this notice and the full citation on the first page. Copyrights for components of this work owned by others than ACM must be honored. Abstracting with credit is permitted. To copy otherwise, or republish, to post on servers or to redistribute to lists, requires prior specific permission and/or a fee. Request permissions from Permissions@acm.org</license-p>
			</license>
		</permissions>
		<self-uri content-type="pdf" xlink:href="1969289.1969297.pdf" />
	<abstract>
		<p>The opportunity of effectively tailoring Web resources presentation - depending on each single user needs and preferences - represents a challenge and a necessity for accessibility and inclusion. On the Web, customizing means transcoding content according to some user and/or device (contextual) settings. Such a profiling refers to devices constraints, user habits, skills, different needs (or tastes) about interaction, in order to drive all the necessary procedures for content (re)shaping. The usual set up that users provide for assistive tools such as screen readers or speech-to-text applications, is a common practice (and a typical example) for a subjective, better enjoyment of resources.</p> <p>This work describes an augment browsing system, which allows users to set up their needs and preferences about Web pages presentation from the browser interface and is capable to automatically modify (transcode) content, according to such settings at client-side. The system is based on a widespread Web browser extension (GreaseMonkey) and well-known standards have been utilized to represent user's settings. Finally a case-study of the system has been assessed on a widespread social network, also taking into account some evaluations about accessibility by a group of blind persons.</p>
	</abstract>
<kwd-group>
<kwd>augment browsing</kwd>
<kwd>users profiling</kwd>
<kwd>web 2.0</kwd>
<kwd>web accessibility</kwd>
<kwd>web browser extensions</kwd>
</kwd-group>
		</book-part-meta>
		
	<back>
<ref-list specific-use="unparsed">
				<ref id="ref-00001">
				<mixed-citation>AbilityNet Web Accessibility Team. State of the eNation web accessibility reports: Social Networking Websites. Available from: http://www.abilitynet.org.uk/docs/enation/2008SocialNetworkingSites.pdf, 2008.</mixed-citation>
				</ref>
				<ref id="ref-00002">
				<mixed-citation>Bigham, J. P., and Ladner, R. E. AccessMonkey: A Collaborative Scripting Framework for Web Users and Developers. In <italic toggle="yes">Proceedings of the 2007 international cross-disciplinary conference on Web accessibility (W4A2007)</italic> (Banff, Alberta, Canada, May 2007). ACM Press, New York, NY, 2007, 25--34. <pub-id pub-id-type="doi" xlink:href="10.1145/1243441.1243452" assigning-authority="crossref">10.1145/1243441.1243452</pub-id> <pub-id pub-id-type="doi" xlink:href="10.1145/1243441.1243452" /></mixed-citation>
				</ref>
				<ref id="ref-00003">
				<mixed-citation>Bigham, J. P. AccessMonkey: enabling and sharing end user accessibility improvements. <italic toggle="yes">ACM SIGACCESS Accessibility and Computing - ASSETS 2007</italic>, No. 89 (Sep. 2007), 3--6. <pub-id pub-id-type="doi" xlink:href="10.1145/1328567.1328568" assigning-authority="crossref">10.1145/1328567.1328568</pub-id> <pub-id pub-id-type="doi" xlink:href="10.1145/1328567.1328568" /></mixed-citation>
				</ref>
				<ref id="ref-00004">
				<mixed-citation>Bohman. P. Introduction to Web Accessibility. Available from: http://www.webaim.org/intro/, 2003.</mixed-citation>
				</ref>
				<ref id="ref-00005">
				<mixed-citation>Codeidol. Thinking about GreaseMonkey -- Accessibility. Available from: http://codeidol.com/internet/Greasemonkey/Accessibility, 2011.</mixed-citation>
				</ref>
				<ref id="ref-00006">
				<mixed-citation>Colajanni, M. and Lancellotti, R. System Architectures for Web Content Adaptation Services. In <italic toggle="yes">IEEE Distributed Systems online</italic>, Vol. 5, No. 5, IEEE Communications Society, May 2004.</mixed-citation>
				</ref>
				<ref id="ref-00007">
				<mixed-citation>DELI: A Delivery Context Library For CC/PP and UAProf. Available from: http://delicon.sourceforge.net/, 2007.</mixed-citation>
				</ref>
				<ref id="ref-00008">
				<mixed-citation>Facebook. Available from: http://www.facebook.com/, 2011.</mixed-citation>
				</ref>
				<ref id="ref-00009">
				<mixed-citation>Garrett, J. J. AJAX: A new approach to Web applications. Available from: http://www.adaptivepath.com/ideas/essays/archives/000385.php,2005.</mixed-citation>
				</ref>
				<ref id="ref-00010">
				<mixed-citation>Greaspot. GreaseMonkey Firefox Extension. Available from: http://greasemonkey.mozdev.org/, 2011.</mixed-citation>
				</ref>
				<ref id="ref-00011">
				<mixed-citation>Hailpern, J., Guarino-Reid, L., Boardman, R., Annam, S. Web 2.0: blind to an accessible new world. In <italic toggle="yes">Proceedings of the 18<sup>th</sup> International Conference on World Wide Web (WWW '09)</italic> (Madrid, Spain, April 2009). ACM Press, New York, NY, 2009, 821--830. <pub-id pub-id-type="doi" xlink:href="10.1145/1526709.1526820" assigning-authority="crossref">10.1145/1526709.1526820</pub-id> <pub-id pub-id-type="doi" xlink:href="10.1145/1526709.1526820" /></mixed-citation>
				</ref>
				<ref id="ref-00012">
				<mixed-citation>Harrison, L., and Treviranus, J. Accessible E-Learning - Demystifying IMS Specifications. In <italic toggle="yes">Proceedings of World Conference on E-Learning in Corporate, Government, Healthcare, and Higher Education (ELEARN 2003)</italic> (Phoenix, Arizona, USA, 2003). In A. Rossett (Ed.), 2000--2003.</mixed-citation>
				</ref>
				<ref id="ref-00013">
				<mixed-citation>IMS Global Learning Consortium. IMS Learner Information Package Accessibility for LIP. Available from: http://www.imsglobal.org/specificationdownload.cfm, 2002.</mixed-citation>
				</ref>
				<ref id="ref-00014">
				<mixed-citation>IMS Global Learning Consortium. IMS Learner Information Profile (LIP). Available from: http://www.imsglobal.org/specificationdownload.cfm, 2002.</mixed-citation>
				</ref>
				<ref id="ref-00015">
				<mixed-citation>Isaías, P., Miranda, P., Pífano, S. Critical Success Factors for Web 2.0 --- A Reference Framework. In <italic toggle="yes">Proceedings of the 3rd International Conference on Online Communities and Social Computing: Held as Part of HCI International 2009 (OCSC '09)</italic> (San Diego, California, USA, Jul. 2009). Lecture Notes in Computer Science, Springer, Berlin, Germany, 354--363. <pub-id pub-id-type="doi" xlink:href="10.1007/978-3-642-02774-1_39" assigning-authority="crossref">10.1007/978-3-642-02774-1_39</pub-id> <pub-id pub-id-type="doi" xlink:href="10.1007/978-3-642-02774-1_39" /></mixed-citation>
				</ref>
				<ref id="ref-00016">
				<mixed-citation>Freedom Scientific. JAWS for windows. Available from: http://www.freedomscientific.com, 2011.</mixed-citation>
				</ref>
				<ref id="ref-00017">
				<mixed-citation>Laakko, T., and Hiltunen, T. Adapting Web Content to Mobile User Agents. <italic toggle="yes">IEEE Internet Computing</italic>, Vol. 9, No. 2, IEEE Communications Society, March-April 2005, 46--53. <pub-id pub-id-type="doi" xlink:href="10.1109/MIC.2005.29" assigning-authority="crossref">10.1109/MIC.2005.29</pub-id> <pub-id pub-id-type="doi" xlink:href="10.1109/MIC.2005.29" /></mixed-citation>
				</ref>
				<ref id="ref-00018">
				<mixed-citation>Lembree, D. Accessible Twitter: Articles and Feedback. Available from: http://www.accessibletwitter.com/articles.php, 2011.</mixed-citation>
				</ref>
				<ref id="ref-00019">
				<mixed-citation>Mirri, S., Salomoni, P., Roccetti, M., Gay, G. R. Beyond Standards: Unleashing Accessibility on a Learning Content Management System. Transactions on Edutainment V, LNCS 6530, Springer, Berlin, Germany, Feb. 2011. <pub-id pub-id-type="doi" xlink:href="10.5555/1985739.1985742" /></mixed-citation>
				</ref>
				<ref id="ref-00020">
				<mixed-citation>Nevile, L., Cooper, M, Health, A., Rothberg M., and Treviranus, J. Learner-centred Accessibility for Interoperable Web-based Educational Systems. In <italic toggle="yes">Proceedings of the 14<sup>th</sup> International World Wide Web Conference (WWW '05)</italic> (Japan, May 2005). ACM Press, New York, NY, 2005.</mixed-citation>
				</ref>
				<ref id="ref-00021">
				<mixed-citation>Open Mobile Alliance (OMA). User Agent Profile v. 1.1 Approved Enabler. Available from: http://www.penmobilealliance.org/release_program/uap_v11.htm l, 2002.</mixed-citation>
				</ref>
				<ref id="ref-00022">
				<mixed-citation>Pilgrim, M. GreaseMonkey Hacks: Tips &amp; Tools for Remixing the Web with Firefox. O' Reilly Media, 2005. <pub-id pub-id-type="doi" xlink:href="10.5555/1197850" /></mixed-citation>
				</ref>
				<ref id="ref-00023">
				<mixed-citation>Salomoni, P., Mirri, S., Ferretti, S., Roccetti, M. A multimedia broker to support accessible and mobile learning through learning objects adaptation. ACM Transactions on Internet Technology (TOIT), Vo. 8 No. 2, ACM Press, Feb. 2008, 9--23. <pub-id pub-id-type="doi" xlink:href="10.1145/1323651.1323655" assigning-authority="crossref">10.1145/1323651.1323655</pub-id> <pub-id pub-id-type="doi" xlink:href="10.1145/1323651.1323655" /></mixed-citation>
				</ref>
				<ref id="ref-00024">
				<mixed-citation>Santos, O. C., and Boticario, J. G. Improving learners' satisfaction in specification-based scenarios with dynamic inclusive support. In <italic toggle="yes">Proceedings of the 8<sup>th</sup> IEEE International Conference on Advanced Learning Technologies (ICALT '08)</italic> (Santander, Spain, Jul. 2008). IEEE Press, New York, NY, 2008, 491--495. <pub-id pub-id-type="doi" xlink:href="10.1109/ICALT.2008.101" assigning-authority="crossref">10.1109/ICALT.2008.101</pub-id> <pub-id pub-id-type="doi" xlink:href="10.1109/ICALT.2008.101" /></mixed-citation>
				</ref>
				<ref id="ref-00025">
				<mixed-citation>Sun Microsystem Inc. JSR 188: CC/PP Processing. Available from: http://www.jcp.org/en/jsr/detail?id=188, 2007.</mixed-citation>
				</ref>
				<ref id="ref-00026">
				<mixed-citation>Userscripts.org. Power-ups for your browser: scripts tagged accessibility. Available from: http://userscripts.org/tags/accessibility, 2011.</mixed-citation>
				</ref>
				<ref id="ref-00027">
				<mixed-citation>World Wide Web Consortium. Composite Capability/Preference Profiles (CC/PP): Structure and Vocabularies 1.0. Available from: http://www.w3.org/TR/2004/REC-CCPP-struct-vocab-20040115, 2004.</mixed-citation>
				</ref>
				<ref id="ref-00028">
				<mixed-citation>Mozilla Developer Network. XML User Interface Language (XUL). Available from: https://developer.mozilla.org/En/XUL, 2011.</mixed-citation>
				</ref>
				<ref id="ref-00029">
				<mixed-citation>Zajicek, M. Web 2.0: hype or happiness? In <italic toggle="yes">Proceedings of the 2007 International Cross-Disciplinary Conference on Web Accessibility (W4A2007)</italic> (Banff, Alberta, Canada, May 2007). ACM Press, New York, NY, 35--39. <pub-id pub-id-type="doi" xlink:href="10.1145/1243441.1243453" assigning-authority="crossref">10.1145/1243441.1243453</pub-id> <pub-id pub-id-type="doi" xlink:href="10.1145/1243441.1243453" /></mixed-citation>
				</ref>
				<ref id="ref-00030">
				<mixed-citation>Lunn, D., Harper, S. and Bechhofer, S. Combining SADIe and AxsJAX to Improve the Accessibility of Web Content. In <italic toggle="yes">Proceedings of the 2009 International cross-disciplinary conference on Web accessibility (W4A2009)</italic> (Madrid, Spain, April 2009). ACM Press, New York, NY, 2009, 75--38. <pub-id pub-id-type="doi" xlink:href="10.1145/1535654.1535672" assigning-authority="crossref">10.1145/1535654.1535672</pub-id> <pub-id pub-id-type="doi" xlink:href="10.1145/1535654.1535672" /></mixed-citation>
				</ref>
				<ref id="ref-00031">
				<mixed-citation>Thiessen, P., and Hockema, S. WAI-ARIA Live Regions: eBuddy IM as a Case Example. In <italic toggle="yes">Proceedings of the 2009 International cross-disciplinary conference on Web accessibility (W4A2010)</italic> (Railegh, North Carolina, USA, April 2010). ACM Press, New York, NY, 2010. <pub-id pub-id-type="doi" xlink:href="10.1145/1805986.1806030" assigning-authority="crossref">10.1145/1805986.1806030</pub-id> <pub-id pub-id-type="doi" xlink:href="10.1145/1805986.1806030" /></mixed-citation>
				</ref>
			</ref-list>
</back>
</book-part>
</book-part-wrapper>
