<?xml version="1.0" encoding="UTF-8"?>
<!DOCTYPE book-part-wrapper PUBLIC "-//NLM//DTD BITS Book Interchange DTD with OASIS and XHTML Tables v2.0 20151225//EN" "BITS-book-oasis2.dtd">
<book-part-wrapper xmlns:xlink="http://www.w3.org/1999/xlink" xmlns:mml="http://www.w3.org/1998/Math/MathML" xmlns:oasis="http://www.niso.org/standards/z39-96/ns/oasis-exchange/table" xmlns:xi="http://www.w3.org/2001/XInclude" xmlns:xsi="http://www.w3.org/2001/XMLSchema-instance" dtd-version="2.0" xml:lang="en" content-type="research-article">
<collection-meta collection-type="book-series">
    <collection-id collection-id-type="doi">10.1145/acmotherconferences</collection-id>
    <title-group>
        <title>ACM Other Conferences</title>
    </title-group>
</collection-meta>
	<book-meta>
		<book-id book-id-type="acm-id">1969289</book-id>
		<book-id book-id-type="doi">10.1145/1969289</book-id>
		<book-title-group>
			<book-title>Proceedings of the International Cross-Disciplinary Conference on Web Accessibility</book-title>
			<alt-title alt-title-type="acronym">W4A '11</alt-title>
		</book-title-group>
	</book-meta>
	<book-part xmlns:ali="http://www.niso.org/schemas/ali/1.0/" book-part-type="chapter" xml:lang="en">
		<book-part-meta>
			<book-part-id book-part-id-type="acm-id">1969307</book-part-id>
			<book-part-id book-part-id-type="doi">10.1145/1969289.1969307</book-part-id>
			<book-part-id book-part-id-type="article-no">13</book-part-id><subj-group subj-group-type="ccs2012"><compound-subject><compound-subject-part content-type="code">10011007.10010940.10010971.10011120</compound-subject-part><compound-subject-part content-type="text">Software and its engineering / Software organization and properties / Software system structures / Distributed systems organizing principles</compound-subject-part></compound-subject><compound-subject><compound-subject-part content-type="code">10011007</compound-subject-part><compound-subject-part content-type="text">Software and its engineering</compound-subject-part></compound-subject><compound-subject><compound-subject-part content-type="code">10011007.10010940</compound-subject-part><compound-subject-part content-type="text">Software and its engineering / Software organization and properties</compound-subject-part></compound-subject><compound-subject><compound-subject-part content-type="code">10011007.10010940.10010971</compound-subject-part><compound-subject-part content-type="text">Software and its engineering / Software organization and properties / Software system structures</compound-subject-part></compound-subject></subj-group>
			<title-group>
				<title>Accessibility challenges of the next decade</title>
				<subtitle>cloud and mobile computing and beyond</subtitle>
			</title-group>
<contrib-group>
   <contrib contrib-type="author" id="artseq-00001">
       <contrib-id contrib-id-type="person_id" authenticated="false">P2626609</contrib-id><contrib-id contrib-id-type="profile_id" authenticated="false">81100617028</contrib-id>
       <name name-style="western">
           <surname>White</surname>
           <given-names>Bebo</given-names>
       </name>
	<aff>SLAC National Accelerator Laboratory, Menlo Park, CA</aff><aff><institution-wrap><institution-id institution-id-type="profile_id">60025590</institution-id></institution-wrap></aff>
	<email>bebo@slac.stanford.edu</email>
	<role>Author</role>
   </contrib>
</contrib-group>
   <pub-date date-type="publication">
   <day>28</day>
   <month>03</month>
   <year>2011</year>
   </pub-date>
				<fpage>1</fpage>
				<lpage>1</lpage>
		<permissions>
			<copyright-year>2011</copyright-year>
			<copyright-holder>Author</copyright-holder>
		</permissions>
	<abstract>
		<p>A valuable body of research and best practices has been developed to address Web Accessibility to insure that all users of the technology have equal access to information and functionality. Significant effort has led to the development of rigorous guidelines addressing this goal. However substantial challenges lay ahead as the Web moves beyond the desktop and computing models evolve. Cloud computing promises that unlimited access to computing resources (processing power, storage, etc.) will be ubiquitous, economical and available to all. Mobile computers in the form of smart phones and tablets already surpass in sheer numbers all other computing systems. What will the challenges be to insure that cloud and mobile computing systems are genuinely accessible? What lessons can be learned from the Web accessibility efforts?</p>
	</abstract>
<kwd-group>
<kwd>cloud computing</kwd>
<kwd>mobile computing</kwd>
<kwd>web accessibility</kwd>
</kwd-group>
		</book-part-meta>
	</book-part>
</book-part-wrapper>
