<?xml version="1.0" encoding="UTF-8"?>
<!DOCTYPE book-part-wrapper PUBLIC "-//NLM//DTD BITS Book Interchange DTD with OASIS and XHTML Tables v2.0 20151225//EN" "BITS-book-oasis2.dtd">
<book-part-wrapper xmlns:xlink="http://www.w3.org/1999/xlink" xmlns:mml="http://www.w3.org/1998/Math/MathML" xmlns:oasis="http://www.niso.org/standards/z39-96/ns/oasis-exchange/table" xmlns:xi="http://www.w3.org/2001/XInclude" xmlns:xsi="http://www.w3.org/2001/XMLSchema-instance" dtd-version="2.0" xml:lang="en" content-type="research-article">
<collection-meta collection-type="book-series">
    <collection-id collection-id-type="doi">10.1145/acmotherconferences</collection-id>
    <title-group>
        <title>ACM Other Conferences</title>
    </title-group>
</collection-meta>
	<book-meta>
		<book-id book-id-type="acm-id">1969289</book-id>
		<book-id book-id-type="doi">10.1145/1969289</book-id>
		<book-title-group>
			<book-title>Proceedings of the International Cross-Disciplinary Conference on Web Accessibility</book-title>
			<alt-title alt-title-type="acronym">W4A '11</alt-title>
		</book-title-group>
	</book-meta>
	<book-part xmlns:ali="http://www.niso.org/schemas/ali/1.0/" book-part-type="chapter" xml:lang="en">
		<book-part-meta>
			<book-part-id book-part-id-type="acm-id">1969324</book-part-id>
			<book-part-id book-part-id-type="doi">10.1145/1969289.1969324</book-part-id>
			<book-part-id book-part-id-type="article-no">27</book-part-id>
	<subj-group subj-group-type="ccs2012">
		<compound-subject>
			<compound-subject-part content-type="code">10003120.10003121</compound-subject-part>
			<compound-subject-part content-type="text">Human-centered computing~Human computer interaction (HCI)</compound-subject-part>
			<compound-subject-part content-type="weight">500</compound-subject-part>
		</compound-subject>
		<compound-subject>
			<compound-subject-part content-type="code">10003120.10003121</compound-subject-part>
			<compound-subject-part content-type="text">Human-centered computing~Human computer interaction (HCI)</compound-subject-part>
			<compound-subject-part content-type="weight">100</compound-subject-part>
		</compound-subject>
		<compound-subject>
			<compound-subject-part content-type="code">10010147.10010178.10010216.10010217</compound-subject-part>
			<compound-subject-part content-type="text">Computing methodologies~Artificial intelligence~Philosophical/theoretical foundations of artificial intelligence~Cognitive science</compound-subject-part>
			<compound-subject-part content-type="weight">100</compound-subject-part>
		</compound-subject>
		<compound-subject>
			<compound-subject-part content-type="code">10003456.10010927.10003616</compound-subject-part>
			<compound-subject-part content-type="text">Social and professional topics~User characteristics~People with disabilities</compound-subject-part>
			<compound-subject-part content-type="weight">100</compound-subject-part>
		</compound-subject>
		<compound-subject>
			<compound-subject-part content-type="code">10003456.10003457.10003580.10003587</compound-subject-part>
			<compound-subject-part content-type="text">Social and professional topics~Professional topics~Computing profession~Assistive technologies</compound-subject-part>
			<compound-subject-part content-type="weight">100</compound-subject-part>
		</compound-subject>
	</subj-group>
			<title-group>
				<title>WAI-ARIA live regions and HTML5</title>
			</title-group>
<contrib-group>
   <contrib contrib-type="author" id="artseq-00001">
       <contrib-id contrib-id-type="person_id" authenticated="false">P2626648</contrib-id><contrib-id contrib-id-type="profile_id" authenticated="false">81329492539</contrib-id>
       <name name-style="western">
           <surname>Thiessen</surname>
           <given-names>Peter</given-names>
       </name>
	<aff>eBuddy B.V., Amsterdam, The Netherlands</aff>
	<email>thiessenp@acm.org</email>
	<role>Author</role>
   </contrib>
</contrib-group>
   <pub-date date-type="publication">
   <day>28</day>
   <month>03</month>
   <year>2011</year>
   </pub-date>
				<fpage>1</fpage>
				<lpage>4</lpage>
		<permissions>
			<copyright-year>2011</copyright-year>
			<copyright-holder>ACM</copyright-holder>
			<license license-type="acmcopyright">
			<license-p>Permission to make digital or hard copies of all or part of this work for personal or classroom use is granted without fee provided that copies are not made or distributed for profit or commercial advantage and that copies bear this notice and the full citation on the first page. Copyrights for components of this work owned by others than ACM must be honored. Abstracting with credit is permitted. To copy otherwise, or republish, to post on servers or to redistribute to lists, requires prior specific permission and/or a fee. Request permissions from Permissions@acm.org</license-p>
			</license>
		</permissions>
		<self-uri content-type="pdf" xlink:href="1969289.1969324.pdf" />
	<abstract>
		<p>The W3C Web Accessibility Initiative - Accessible Rich Internet Applications (WAI-ARIA) and HTML5 are exciting and relatively new specifications with many new semantics that together help describe the complex desktop like behavior found in many Web applications. One aspect of ARIA, Live Regions, define markup that an Assistive Technology can use to understand how to treat a Document Object Model (DOM) update. Past work has been done showing live regions effectively expose DOM updates. However, little testing has been done on the combination of HTML5 elements with live region attributes. Test cases as well as the results of the test cases and vendor support are discussed in this paper.</p>
	</abstract>
<kwd-group>
<kwd>AJAX</kwd>
<kwd>ARIA</kwd>
<kwd>accessibility</kwd>
<kwd>blind users</kwd>
<kwd>dynamic content</kwd>
<kwd>screen readers</kwd>
<kwd>usability</kwd>
<kwd>user agents</kwd>
<kwd>web 2.0</kwd>
</kwd-group>
		</book-part-meta>
		
	<back>
<ref-list specific-use="unparsed">
				<ref id="ref-00001">
				<mixed-citation>Dojo Toolkit. "Rich UI Widgets". 18 February 2011. &amp;lt;http://dojotoolkit.org/widgets&amp;gt;</mixed-citation>
				</ref>
				<ref id="ref-00002">
				<mixed-citation>JQuery User Interface. 18 February 2011. &amp;lt;http://jqueryui.com&amp;gt;</mixed-citation>
				</ref>
				<ref id="ref-00003">
				<mixed-citation>Paciel Group. "HTML5 Accessibility Support Work Arounds". 18 February 2011. &amp;lt;http://www.html5accessibility.com/index-aria.html&amp;gt;</mixed-citation>
				</ref>
				<ref id="ref-00004">
				<mixed-citation>Thiessen, Peter, Chen, Charles. "Ajax Live Regions: Chat as a Case Example". Proceedings of the 2007 international cross-disciplinary workshop on Web accessibility (W4A), 2007. <pub-id pub-id-type="doi" xlink:href="10.1145/1243441.1243450" assigning-authority="crossref">10.1145/1243441.1243450</pub-id> <pub-id pub-id-type="doi" xlink:href="10.1145/1243441.1243450" /></mixed-citation>
				</ref>
				<ref id="ref-00005">
				<mixed-citation>WHATWG Public Mailing List. "public-webapps@w3.org from April to June 2009 by date". 4 January 2011 &amp;lt;http://lists.w3.org/Archives/Public/public-webapps/2009AprJun&amp;gt;</mixed-citation>
				</ref>
				<ref id="ref-00006">
				<mixed-citation>World Wide Web Consortium (W3C). "Accessible Rich Internet Applications (WAI-ARIA) 1.0: W3C Candidate Recommendation 18 January 2011". 4 January 2011 &amp;lt;http://www.w3.org/TR/wai-aria/&gt;</mixed-citation>
				</ref>
				<ref id="ref-00007">
				<mixed-citation>World Wide Web Consortium (W3C). "HTML to Platform Accessibility APIs Implementation Guide". W3C Editor's Draft, 17 February 2011. 18 February 2011. &amp;lt;http://dev.w3.org/html5/html-api-map/overview.html&amp;gt;</mixed-citation>
				</ref>
				<ref id="ref-00008">
				<mixed-citation>World Wide Web Consortium (W3C) "HTML5: Editor's Draft 18 January 2011: 3.2.7 Annotations for assistive technology products (ARIA)". 4 January 2011 &amp;lt;http://dev.w3.org/html5/spec/Overview.html#annotations-for-assistive-technology-products-aria&amp;gt;</mixed-citation>
				</ref>
				<ref id="ref-00009">
				<mixed-citation>World Wide Web Consortium (W3C). "HTML5: Editor's Draft 18 January 2011". 4 January 2011 &amp;lt;http://dev.w3.org/html5/spec&amp;gt;</mixed-citation>
				</ref>
				<ref id="ref-00010">
				<mixed-citation>Zeh, Marco. "New accessibility support for HTML5 elements and attributes". 18 February 2011. &amp;lt;http://www.marcozehe.de/2010/11/09/new-accessibility-support-for-html5-elements-and-attributes&amp;gt;</mixed-citation>
				</ref>
			</ref-list>
</back>
</book-part>
</book-part-wrapper>
