<?xml version="1.0" encoding="UTF-8"?>
<!DOCTYPE book-part-wrapper PUBLIC "-//NLM//DTD BITS Book Interchange DTD with OASIS and XHTML Tables v2.0 20151225//EN" "BITS-book-oasis2.dtd">
<book-part-wrapper xmlns:xlink="http://www.w3.org/1999/xlink" xmlns:mml="http://www.w3.org/1998/Math/MathML" xmlns:oasis="http://www.niso.org/standards/z39-96/ns/oasis-exchange/table" xmlns:xi="http://www.w3.org/2001/XInclude" xmlns:xsi="http://www.w3.org/2001/XMLSchema-instance" dtd-version="2.0" xml:lang="en" content-type="research-article">
<collection-meta collection-type="book-series">
    <collection-id collection-id-type="doi">10.1145/acmotherconferences</collection-id>
    <title-group>
        <title>ACM Other Conferences</title>
    </title-group>
</collection-meta>
	<book-meta>
		<book-id book-id-type="acm-id">1969289</book-id>
		<book-id book-id-type="doi">10.1145/1969289</book-id>
		<book-title-group>
			<book-title>Proceedings of the International Cross-Disciplinary Conference on Web Accessibility</book-title>
			<alt-title alt-title-type="acronym">W4A '11</alt-title>
		</book-title-group>
	</book-meta>
	<book-part xmlns:ali="http://www.niso.org/schemas/ali/1.0/" book-part-type="chapter" xml:lang="en">
		<book-part-meta>
			<book-part-id book-part-id-type="acm-id">1969293</book-part-id>
			<book-part-id book-part-id-type="doi">10.1145/1969289.1969293</book-part-id>
			<book-part-id book-part-id-type="article-no">2</book-part-id>
	<subj-group subj-group-type="ccs2012">
		<compound-subject>
			<compound-subject-part content-type="code">10003120.10003121.10003122</compound-subject-part>
			<compound-subject-part content-type="text">Human-centered computing~Human computer interaction (HCI)~HCI design and evaluation methods</compound-subject-part>
			<compound-subject-part content-type="weight">500</compound-subject-part>
		</compound-subject>
		<compound-subject>
			<compound-subject-part content-type="code">10003456.10003457.10003580.10003587</compound-subject-part>
			<compound-subject-part content-type="text">Social and professional topics~Professional topics~Computing profession~Assistive technologies</compound-subject-part>
			<compound-subject-part content-type="weight">100</compound-subject-part>
		</compound-subject>
		<compound-subject>
			<compound-subject-part content-type="code">10003456.10003457.10003527.10003530</compound-subject-part>
			<compound-subject-part content-type="text">Social and professional topics~Professional topics~Computing education~Model curricula</compound-subject-part>
			<compound-subject-part content-type="weight">100</compound-subject-part>
		</compound-subject>
		<compound-subject>
			<compound-subject-part content-type="code">10003456.10010927.10003616</compound-subject-part>
			<compound-subject-part content-type="text">Social and professional topics~User characteristics~People with disabilities</compound-subject-part>
			<compound-subject-part content-type="weight">100</compound-subject-part>
		</compound-subject>
	</subj-group>
			<title-group>
				<title>Development and trial of an educational tool to support the accessibility evaluation process</title>
			</title-group>
<contrib-group>
   <contrib contrib-type="author" id="artseq-00001">
       <contrib-id contrib-id-type="person_id" authenticated="false">P2626581</contrib-id><contrib-id contrib-id-type="profile_id" authenticated="false">81100615902</contrib-id>
       <name name-style="western">
           <surname>Bailey</surname>
           <given-names>Christopher</given-names>
       </name>
	<aff>Teesside University, Middlesbrough, UK</aff><aff><institution-wrap><institution-id institution-id-type="profile_id">60025655</institution-id></institution-wrap></aff>
	<email>c.p.bailey@tees.ac.uk</email>
	<role>Author</role>
   </contrib>
   <contrib contrib-type="author" id="artseq-00002">
       <contrib-id contrib-id-type="person_id" authenticated="false">P2626582</contrib-id><contrib-id contrib-id-type="profile_id" authenticated="false">81317498863</contrib-id>
       <name name-style="western">
           <surname>Pearson</surname>
           <given-names>Elaine</given-names>
       </name>
	<aff>Teesside University, Middlesbrough, UK</aff><aff><institution-wrap><institution-id institution-id-type="profile_id">60025655</institution-id></institution-wrap></aff>
	<email>e.pearson@tees.ac.uk</email>
	<role>Author</role>
   </contrib>
</contrib-group>
   <pub-date date-type="publication">
   <day>28</day>
   <month>03</month>
   <year>2011</year>
   </pub-date>
				<fpage>1</fpage>
				<lpage>10</lpage>
		<permissions>
			<copyright-year>2011</copyright-year>
			<copyright-holder>ACM</copyright-holder>
			<license license-type="acmcopyright">
			<license-p>Permission to make digital or hard copies of all or part of this work for personal or classroom use is granted without fee provided that copies are not made or distributed for profit or commercial advantage and that copies bear this notice and the full citation on the first page. Copyrights for components of this work owned by others than ACM must be honored. Abstracting with credit is permitted. To copy otherwise, or republish, to post on servers or to redistribute to lists, requires prior specific permission and/or a fee. Request permissions from Permissions@acm.org</license-p>
			</license>
		</permissions>
		<self-uri content-type="pdf" xlink:href="1969289.1969293.pdf" />
	<abstract>
		<p>This paper describes the design and development of a web accessibility knowledge management tool, known as the Accessibility Evaluation Assistant (AEA) designed to assist novice auditors in the process of an accessibility evaluation. The software incorporates a structured walkthrough approach to guide the auditor through a series of checks for established accessibility principles with the goal of conducting a comprehensive accessibility evaluation. The tool also offers the functionality to tailor the evaluation and prioritise checks based on the needs of two different user groups, or the specific content features of the website. The tool has recently been trialled with a group of 38 undergraduate computing students studying an Accessibility and Adaptive Technologies module with the aim of assessing its reliability and accuracy to validate the method. Some initial conclusions about the reliability and validity of the method and the pedagogical implications of the tool are presented. The results will help highlight the checks that can easily be verified by novices, and those that require a more detailed understanding of accessibility; require informed judgement; or are open to individual interpretation.</p>
	</abstract>
<kwd-group>
<kwd>accessibility education</kwd>
<kwd>web accessibility evaluation</kwd>
<kwd>web accessibility guidelines</kwd>
</kwd-group>
		</book-part-meta>
		
	<back>
<ref-list specific-use="unparsed">
				<ref id="ref-00001">
				<mixed-citation>Abascal, J., Arrue, M., Fajardo, I., Garay, N., and Tomas, J. 2004. The use of guidelines to automatically verify Web accessibility. Univers. Access Inf. Soc. 3, 1 (Mar. 2004), 71--79. <pub-id pub-id-type="doi" xlink:href="10.1007/s10209-003-0069-3" assigning-authority="crossref">10.1007/s10209-003-0069-3</pub-id> <pub-id pub-id-type="doi" xlink:href="10.1007/s10209-003-0069-3" /></mixed-citation>
				</ref>
				<ref id="ref-00002">
				<mixed-citation>Arrue, M., Vigo, M., Aizpurua, A. and Abascal, J. 2007. Accessibility Guidelines Management Framework. <italic toggle="yes">In C. Stephanidis (Ed.). Universal Access in HCI, Part III, HCl International 2007</italic> (Beijing, China, July 22--27, 2007). LNCS 4556, 3--10, Springer, 2007. <pub-id pub-id-type="doi" xlink:href="10.5555/1757148.1757150" /></mixed-citation>
				</ref>
				<ref id="ref-00003">
				<mixed-citation>Accessibility Evaluation Assistant. <italic toggle="yes">Accessibility Research Centre</italic>. http://arc.tees.ac.uk/aea/. Accessed: 27/11/10.</mixed-citation>
				</ref>
				<ref id="ref-00004">
				<mixed-citation>Alonso, F., Fuertes, J. L., Gonzalez, L. A. and Martinez, L. 2010. On the testability of WCAG 2.0 for beginners. In <italic toggle="yes">Proceedings of the 2010 International Cross Disciplinary Conference on Web Accessibility (W4A)</italic> (W4A '10). ACM, New York, NY, USA. DOI=10.1145/1805986.1806000 http://doi.acm.org/10.1145/1805986.1806000 <pub-id pub-id-type="doi" xlink:href="10.1145/1805986.1806000" assigning-authority="crossref">10.1145/1805986.1806000</pub-id> <pub-id pub-id-type="doi" xlink:href="10.1145/1805986.1806000" /></mixed-citation>
				</ref>
				<ref id="ref-00005">
				<mixed-citation>Bailey, C., and Pearson, E. 2010. An educational tool to support the accessibility evaluation process. In <italic toggle="yes">Proceedings of the 2010 International Cross Disciplinary Conference on Web Accessibility (W4A)</italic> (W4A '10). ACM, New York, NY, USA. DOI=10.1145/1805986.1806003 http://doi.acm.org/10.1145/1805986.1806003 <pub-id pub-id-type="doi" xlink:href="10.1145/1805986.1806003" assigning-authority="crossref">10.1145/1805986.1806003</pub-id> <pub-id pub-id-type="doi" xlink:href="10.1145/1805986.1806003" /></mixed-citation>
				</ref>
				<ref id="ref-00006">
				<mixed-citation>Baguma, R., Stone, R. G., Lugega, J. T., and van der Weide, T. P. 2009. A framework for filtering web accessibility guidelines. In <italic toggle="yes">Proceedings of the 2009 international Cross-Disciplinary Conference on Web Accessibililty (W4a)</italic> (Madrid, Spain, April 20--21, 2009). W4A '09. ACM, New York, NY, 46--49. DOI= http://doi.acm.org/10.1145/1535654.1535663 <pub-id pub-id-type="doi" xlink:href="10.1145/1535654.1535663" assigning-authority="crossref">10.1145/1535654.1535663</pub-id> <pub-id pub-id-type="doi" xlink:href="10.1145/1535654.1535663" /></mixed-citation>
				</ref>
				<ref id="ref-00007">
				<mixed-citation>Brajnik, G. 2008. A comparative test of web accessibility evaluation methods. In <italic toggle="yes">Proceedings of the 10th international ACM SIGACCESS Conference on Computers and Accessibility</italic> (Halifax, Nova Scotia, Canada, October 13--15, 2008). Assets '08. ACM, New York, NY, 113--120. DOI= http://doi.acm.org/10.1145/1414471.1414494 <pub-id pub-id-type="doi" xlink:href="10.1145/1414471.1414494" assigning-authority="crossref">10.1145/1414471.1414494</pub-id> <pub-id pub-id-type="doi" xlink:href="10.1145/1414471.1414494" /></mixed-citation>
				</ref>
				<ref id="ref-00008">
				<mixed-citation>Brajnik, G. 2009. Validity and reliability of web accessibility guidelines. In <italic toggle="yes">Proceedings of the 11th international ACM SIGACCESS conference on Computers and accessibility</italic> (Assets '09). ACM, New York, NY, USA, 131--138. DOI=10.1145/1639642.1639666 http://doi.acm.org/10.1145/1639642.1639666 <pub-id pub-id-type="doi" xlink:href="10.1145/1639642.1639666" assigning-authority="crossref">10.1145/1639642.1639666</pub-id> <pub-id pub-id-type="doi" xlink:href="10.1145/1639642.1639666" /></mixed-citation>
				</ref>
				<ref id="ref-00009">
				<mixed-citation>Brajnik, G., Yesilada, Y. and Harper, S. 2010. Testability and validity of WCAG 2.0: the expertise effect. In <italic toggle="yes">Proceedings of the 12th international ACM SIGACCESS conference on Computers and accessibility</italic> (ASSETS '10). ACM, New York, NY, USA, 43--50. DOI=10.1145/1878803.1878813 http://doi.acm.org/10.1145/1878803.1878813 <pub-id pub-id-type="doi" xlink:href="10.1145/1878803.1878813" assigning-authority="crossref">10.1145/1878803.1878813</pub-id> <pub-id pub-id-type="doi" xlink:href="10.1145/1878803.1878813" /></mixed-citation>
				</ref>
				<ref id="ref-00010">
				<mixed-citation>Kelly B., Sloan D., Phipps L. Petrie H. and Hamilton F. 2005. Forcing Standardization or Accommodating Diversity? A Framework for Applying the WCAG in the Real World. <italic toggle="yes">Proceedings of W4A at WWW2005: International Cross-Disciplinary Workshop on Web Accessibility</italic>. New York: ACM Press. <pub-id pub-id-type="doi" xlink:href="10.1145/1061811.1061820" assigning-authority="crossref">10.1145/1061811.1061820</pub-id> <pub-id pub-id-type="doi" xlink:href="10.1145/1061811.1061820" /></mixed-citation>
				</ref>
				<ref id="ref-00011">
				<mixed-citation>Kelly, B., Sloan, D., Brown, S., Seale, J., Petrie, H., Lauke, P and Ball, S. 2007. Accessibility 2.0: people, policies and processes. In <italic toggle="yes">Proceedings of the 2007 international cross-disciplinary conference on Web accessibility (W4A)</italic> (W4A '07). ACM, New York, NY, USA, 138--147. DOI=10.1145/1243441.1243471 http://doi.acm.org/10.1145/1243441.1243471 <pub-id pub-id-type="doi" xlink:href="10.1145/1243441.1243471" assigning-authority="crossref">10.1145/1243441.1243471</pub-id> <pub-id pub-id-type="doi" xlink:href="10.1145/1243441.1243471" /></mixed-citation>
				</ref>
				<ref id="ref-00012">
				<mixed-citation>Kelly, B., Nevile, L., Draffan, E., and Fanou, S. 2008. One world, one web... but great diversity. In <italic toggle="yes">Proceedings of the 2008 international Cross-Disciplinary Conference on Web Accessibility (W4a)</italic> (Beijing, China, April 21--22, 2008). W4A '08, vol. 317. ACM, New York, NY, 141--147. <pub-id pub-id-type="doi" xlink:href="10.1145/1368044.1368078" assigning-authority="crossref">10.1145/1368044.1368078</pub-id> <pub-id pub-id-type="doi" xlink:href="10.1145/1368044.1368078" /></mixed-citation>
				</ref>
				<ref id="ref-00013">
				<mixed-citation>Law, C., Jacko, J., and Edwards, P. 2005. Programmer-focused website accessibility evaluations. In <italic toggle="yes">Proceedings of the 7th international ACM SIGACCESS Conference on Computers and Accessibility</italic> (Baltimore, MD, USA, October 09--12, 2005). Assets '05. ACM, New York, NY, 20--27. DOI= http://doi.acm.org/10.1145/1090785.1090792 <pub-id pub-id-type="doi" xlink:href="10.1145/1090785.1090792" assigning-authority="crossref">10.1145/1090785.1090792</pub-id> <pub-id pub-id-type="doi" xlink:href="10.1145/1090785.1090792" /></mixed-citation>
				</ref>
				<ref id="ref-00014">
				<mixed-citation>Leporini, B., Paternò, F., Scorcia, A. 2006. Flexible tool support for accessibility evaluation, <italic toggle="yes">Interacting with Computers</italic>, v. 18 n. 5, p. 869--890, September, 2006 DOI=10.1016/j.intcom.2006.03.001 <pub-id pub-id-type="doi" xlink:href="10.1016/j.intcom.2006.03.001" assigning-authority="crossref">10.1016/j.intcom.2006.03.001</pub-id> <pub-id pub-id-type="doi" xlink:href="10.1016/j.intcom.2006.03.001" /></mixed-citation>
				</ref>
				<ref id="ref-00015">
				<mixed-citation>Lopes, R., Konstantinos, V., Carrico, L., Tzovaras, D. and Spiridon, L. 2010. The semantics of personalised web accessibility assessment. In <italic toggle="yes">Proceedings of the 2010 ACM Symposium on Applied Computing</italic> (SAC '10). ACM, New York, NY, USA, 1440--1441. DOI=10.1145/1774088.1774394 http://doi.acm.org/10.1145/1774088.1774394 <pub-id pub-id-type="doi" xlink:href="10.1145/1774088.1774394" assigning-authority="crossref">10.1145/1774088.1774394</pub-id> <pub-id pub-id-type="doi" xlink:href="10.1145/1774088.1774394" /></mixed-citation>
				</ref>
				<ref id="ref-00016">
				<mixed-citation>Naftali, M. 2010. Analysis and integration of web accessibility metrics. In <italic toggle="yes">Proceedings of the 2010 International Cross Disciplinary Conference on Web Accessibility (W4A)</italic> (W4A '10). ACM, New York, NY, USA. DOI=10.1145/1805986.1805996 http://doi.acm.org/10.1145/1805986.1805996 <pub-id pub-id-type="doi" xlink:href="10.1145/1805986.1805996" assigning-authority="crossref">10.1145/1805986.1805996</pub-id> <pub-id pub-id-type="doi" xlink:href="10.1145/1805986.1805996" /></mixed-citation>
				</ref>
				<ref id="ref-00017">
				<mixed-citation>Sloan, D., Gregor, P., Rowan, M,. and Booth, P. 2000. Accessible accessibility. In <italic toggle="yes">Proceedings on the 2000 conference on Universal Usability</italic> (CUU '00). ACM, New York, NY, USA, 96--101. DOI=10.1145/355460.355480 http://doi.acm.org/10.1145/355460.355480 <pub-id pub-id-type="doi" xlink:href="10.1145/355460.355480" assigning-authority="crossref">10.1145/355460.355480</pub-id> <pub-id pub-id-type="doi" xlink:href="10.1145/355460.355480" /></mixed-citation>
				</ref>
				<ref id="ref-00018">
				<mixed-citation>Sloan, D. 2002. Auditing accessibility of UK Higher Education web sites. <italic toggle="yes">Interacting with computers 14 (2002)</italic>. 313--325.</mixed-citation>
				</ref>
				<ref id="ref-00019">
				<mixed-citation>Sloan, D., Heath, A., Hamilton, F., Kelly, B., Petrie, H., and Phipps, L. 2006. Contextual web accessibility - maximizing the benefit of accessibility guidelines. In <italic toggle="yes">Proceedings of the 2006 international Cross-Disciplinary Workshop on Web Accessibility (W4a): Building the Mobile Web: Rediscovering Accessibility?</italic> (Edinburgh, U.K., May 22--22, 2006). W4A '06, vol. 134. ACM, New York, NY, 121--131. <pub-id pub-id-type="doi" xlink:href="10.1145/1133219.1133242" assigning-authority="crossref">10.1145/1133219.1133242</pub-id> <pub-id pub-id-type="doi" xlink:href="10.1145/1133219.1133242" /></mixed-citation>
				</ref>
				<ref id="ref-00020">
				<mixed-citation>Sloan, D. 2006. The Effectiveness of the Web Accessibility Audit as a Motivational and Educational Tool in Inclusive Web Design. Ph.D. Thesis, University of Dundee, Scotland. June, 2006.</mixed-citation>
				</ref>
				<ref id="ref-00021">
				<mixed-citation>Sullivan, T., and Mason, R. 2000. Barriers to use: usability and content accessibility on the Web's most popular sites. In <italic toggle="yes">Proceedings on the 2000 conference on Universal Usability</italic> (CUU '00). ACM, New York, NY, USA, 139--144. DOI=10.1145/355460.355549 http://doi.acm.org/10.1145/355460.355549 <pub-id pub-id-type="doi" xlink:href="10.1145/355460.355549" assigning-authority="crossref">10.1145/355460.355549</pub-id> <pub-id pub-id-type="doi" xlink:href="10.1145/355460.355549" /></mixed-citation>
				</ref>
				<ref id="ref-00022">
				<mixed-citation>Trewin, S., Cragun, B., Swart, C., Brezin, J and Richards, J. 2010. Accessibility challenges and tool features: an IBM Web developer perspective. In <italic toggle="yes">Proceedings of the 2010 International Cross Disciplinary Conference on Web Accessibility (W4A)</italic> (W4A '10). ACM, New York, NY, USA. DOI=10.1145/1805986.1806029 http://doi.acm.org/10.1145/1805986.1806029 <pub-id pub-id-type="doi" xlink:href="10.1145/1805986.1806029" assigning-authority="crossref">10.1145/1805986.1806029</pub-id> <pub-id pub-id-type="doi" xlink:href="10.1145/1805986.1806029" /></mixed-citation>
				</ref>
				<ref id="ref-00023">
				<mixed-citation>Velleman, E., Meerveld, C., Strobbe, C., Koch, J., Velasco, C. A., Snaprud, M. and Nietzio, A. 2007. <italic toggle="yes">D-WAB4 Unified Web Evaluation Methodology</italic>. Web Accessibility Benchmarking Cluster. Retrieved 14<sup>th</sup> February 2010: http://www.wabcluster.org/uwem1_2/UWEM_1_2_CORE.pdf</mixed-citation>
				</ref>
				<ref id="ref-00024">
				<mixed-citation>Vigo, M., Kobsa, A., Arrue, M., and Abascal, J. 2007. User-tailored web accessibility evaluations. In <italic toggle="yes">Proceedings of the Eighteenth Conference on Hypertext and Hypermedia</italic> (Manchester, UK, September 10--12, 2007). HT '07. ACM, New York, NY, 95--104. DOI= http://doi.acm.org/10.1145/1286240.1286267 <pub-id pub-id-type="doi" xlink:href="10.1145/1286240.1286267" assigning-authority="crossref">10.1145/1286240.1286267</pub-id> <pub-id pub-id-type="doi" xlink:href="10.1145/1286240.1286267" /></mixed-citation>
				</ref>
				<ref id="ref-00025">
				<mixed-citation>Waller, A., Hanson, V., and Sloan, D. 2009. Including accessibility within and beyond undergraduate computing courses. In <italic toggle="yes">Proceedings of the 11<sup>th</sup> international ACM SIGACCESS conference on Computers and accessibility</italic> (ASSETS '09). ACM, New York, NY, USA, 155--162. DOI=10.1145/1639642.1639670. http://doi.acm.org/10.1145/1639642.1639670 <pub-id pub-id-type="doi" xlink:href="10.1145/1639642.1639670" assigning-authority="crossref">10.1145/1639642.1639670</pub-id> <pub-id pub-id-type="doi" xlink:href="10.1145/1639642.1639670" /></mixed-citation>
				</ref>
				<ref id="ref-00026">
				<mixed-citation>WCAG 2.0 Assessment Tool. ACCESSIBLE Applications Design and Development Project. Accessed 14<sup>th</sup> February 2011: http://www.iti.gr/accessible/WCAG2.0_WebAssessmentTool_v2.0.zip</mixed-citation>
				</ref>
				<ref id="ref-00027">
				<mixed-citation>Web Accessibility Toolbar 2.0. <italic toggle="yes">The Paciello Group</italic>. http://www.paciellogroup.com/resources/wat-ie-about.html. Accessed: 27/11/10.</mixed-citation>
				</ref>
				<ref id="ref-00028">
				<mixed-citation>W3C. 1999. Web Content Accessibility Guidelines Version 1.0. Retrieved January 20<sup>th</sup> 2010: http://www.w3.org/TR/WCAG10/</mixed-citation>
				</ref>
				<ref id="ref-00029">
				<mixed-citation>W3C. 2008. Web Content Accessibility Guidelines Version 2.0. Retrieved January 20<sup>th</sup> 2010: http://www.w3.org/TR/WCAG20/</mixed-citation>
				</ref>
				<ref id="ref-00030">
				<mixed-citation>Yesilada, Y. Brajnik, G. and Harper, S. 2009. How much does expertise matter?: a barrier walkthrough study with experts and non-experts. In <italic toggle="yes">Proceedings of the 11th international ACM SIGACCESS conference on Computers and accessibility</italic> (Assets '09). ACM, New York, NY, USA, 203--210. DOI=10.1145/1639642.1639678 http://doi.acm.org/10.1145/1639642.1639678 <pub-id pub-id-type="doi" xlink:href="10.1145/1639642.1639678" assigning-authority="crossref">10.1145/1639642.1639678</pub-id> <pub-id pub-id-type="doi" xlink:href="10.1145/1639642.1639678" /></mixed-citation>
				</ref>
			</ref-list>
</back>
</book-part>
</book-part-wrapper>
