<?xml version="1.0" encoding="UTF-8"?>
<!DOCTYPE book-part-wrapper PUBLIC "-//NLM//DTD BITS Book Interchange DTD with OASIS and XHTML Tables v2.0 20151225//EN" "BITS-book-oasis2.dtd">
<book-part-wrapper xmlns:xlink="http://www.w3.org/1999/xlink" xmlns:mml="http://www.w3.org/1998/Math/MathML" xmlns:oasis="http://www.niso.org/standards/z39-96/ns/oasis-exchange/table" xmlns:xi="http://www.w3.org/2001/XInclude" xmlns:xsi="http://www.w3.org/2001/XMLSchema-instance" dtd-version="2.0" xml:lang="en" content-type="research-article">
<collection-meta collection-type="book-series">
    <collection-id collection-id-type="doi">10.1145/acmotherconferences</collection-id>
    <title-group>
        <title>ACM Other Conferences</title>
    </title-group>
</collection-meta>
	<book-meta>
		<book-id book-id-type="acm-id">1969289</book-id>
		<book-id book-id-type="doi">10.1145/1969289</book-id>
		<book-title-group>
			<book-title>Proceedings of the International Cross-Disciplinary Conference on Web Accessibility</book-title>
			<alt-title alt-title-type="acronym">W4A '11</alt-title>
		</book-title-group>
	</book-meta>
	<book-part xmlns:ali="http://www.niso.org/schemas/ali/1.0/" book-part-type="chapter" xml:lang="en">
		<book-part-meta>
			<book-part-id book-part-id-type="acm-id">1969316</book-part-id>
			<book-part-id book-part-id-type="doi">10.1145/1969289.1969316</book-part-id>
			<book-part-id book-part-id-type="article-no">20</book-part-id>
	<subj-group subj-group-type="ccs2012">
		<compound-subject>
			<compound-subject-part content-type="code">10003456.10010927.10003616</compound-subject-part>
			<compound-subject-part content-type="text">Social and professional topics~User characteristics~People with disabilities</compound-subject-part>
			<compound-subject-part content-type="weight">500</compound-subject-part>
		</compound-subject>
		<compound-subject>
			<compound-subject-part content-type="code">10003456.10003457.10003580.10003587</compound-subject-part>
			<compound-subject-part content-type="text">Social and professional topics~Professional topics~Computing profession~Assistive technologies</compound-subject-part>
			<compound-subject-part content-type="weight">500</compound-subject-part>
		</compound-subject>
		<compound-subject>
			<compound-subject-part content-type="code">10003120.10003121</compound-subject-part>
			<compound-subject-part content-type="text">Human-centered computing~Human computer interaction (HCI)</compound-subject-part>
			<compound-subject-part content-type="weight">100</compound-subject-part>
		</compound-subject>
	</subj-group>
			<title-group>
				<title>HapticRiaMaps</title>
				<subtitle>towards interactive exploration of web world maps for the visually impaired</subtitle>
			</title-group>
<contrib-group>
   <contrib contrib-type="author" id="artseq-00001">
       <contrib-id contrib-id-type="person_id" authenticated="false">P2626629</contrib-id><contrib-id contrib-id-type="profile_id" authenticated="false">81361608581</contrib-id>
       <name name-style="western">
           <surname>Kaklanis</surname>
           <given-names>Nikolaos</given-names>
       </name>
	<aff>Informatics and Telematics Institute Centre for Research and Technology Hellas, Thermi-Thessaloniki, Greece</aff><aff><institution-wrap><institution-id institution-id-type="profile_id">60026208</institution-id></institution-wrap></aff>
	<email>nkak@iti.gr</email>
	<role>Author</role>
   </contrib>
   <contrib contrib-type="author" id="artseq-00002">
       <contrib-id contrib-id-type="person_id" authenticated="false">P2626630</contrib-id><contrib-id contrib-id-type="profile_id" authenticated="false">81350582150</contrib-id>
       <name name-style="western">
           <surname>Votis</surname>
           <given-names>Konstantinos</given-names>
       </name>
	<aff>Informatics and Telematics Institute Centre for Research and Technology Hellas, Thermi-Thessaloniki, Greece</aff><aff><institution-wrap><institution-id institution-id-type="profile_id">60026208</institution-id></institution-wrap></aff>
	<email>kvotis@iti.gr</email>
	<role>Author</role>
   </contrib>
   <contrib contrib-type="author" id="artseq-00003">
       <contrib-id contrib-id-type="person_id" authenticated="false">P2626631</contrib-id><contrib-id contrib-id-type="profile_id" authenticated="false">81484643993</contrib-id>
       <name name-style="western">
           <surname>Moschonas</surname>
           <given-names>Panagiotis</given-names>
       </name>
	<aff>Informatics and Telematics Institute Centre for Research and Technology Hellas, Thermi-Thessaloniki, Greece</aff><aff><institution-wrap><institution-id institution-id-type="profile_id">60026208</institution-id></institution-wrap></aff>
	<email>moschona@iti.gr</email>
	<role>Author</role>
   </contrib>
   <contrib contrib-type="author" id="artseq-00004">
       <contrib-id contrib-id-type="person_id" authenticated="false">P2626632</contrib-id><contrib-id contrib-id-type="profile_id" authenticated="false">81100435517</contrib-id>
       <name name-style="western">
           <surname>Tzovaras</surname>
           <given-names>Dimitrios</given-names>
       </name>
	<aff>Informatics and Telematics Institute Centre for Research and Technology Hellas, Thermi-Thessaloniki, Greece</aff><aff><institution-wrap><institution-id institution-id-type="profile_id">60026208</institution-id></institution-wrap></aff>
	<email>Dimitrios.Tzovaras@iti.gr</email>
	<role>Author</role>
   </contrib>
</contrib-group>
   <pub-date date-type="publication">
   <day>28</day>
   <month>03</month>
   <year>2011</year>
   </pub-date>
				<fpage>1</fpage>
				<lpage>2</lpage>
		<permissions>
			<copyright-year>2011</copyright-year>
			<copyright-holder>Authors</copyright-holder>
		</permissions>
		<self-uri content-type="pdf" xlink:href="1969289.1969316.pdf" />
	<abstract>
		<p>Existing information on the Web and especially maps are graphically-orientated and in most cases visually impaired users have very restricted access and find it difficult to recognize this kind of visual representation. For visually impaired people and especially for blind users alternative information presentation ways must be found, which would replace visual information. We investigate the potential role of haptics in augmenting the visualization of maps exist on the Web. <italic toggle="yes">HapticRiaMaps</italic> is a free open source web application enforces the accessibility of maps for the visually impaired users. Issues of multimodal interaction, relevant sonifications, and haptic technologies enable efficient map exploration of preferable and well known 2D maps (retrieves maps from OpenStreetMap web application).</p>
	</abstract>
<kwd-group>
<kwd>blind users</kwd>
<kwd>haptic interaction</kwd>
<kwd>haptic navigation</kwd>
<kwd>visually impaired users</kwd>
<kwd>web maps</kwd>
</kwd-group>
<funding-group specific-use="FundRef">
	<award-group id="award1">
		<funding-source id="GS1">
			<institution-wrap>
			<institution>Seventh Framework Programme</institution>
			<institution-id institution-id-type="FundRef">http://dx.doi.org/10.13039/501100004963</institution-id>
			</institution-wrap>
		</funding-source>
		<award-id rid="GS1">224348</award-id>
	</award-group>
</funding-group>
		</book-part-meta>
		
	<back>
<ref-list specific-use="unparsed">
				<ref id="ref-00001">
				<mixed-citation>Magnusson, C., Rassmus-Gröhn, K., Sjöström, C., Danielsson, H.: Navigation and recognition in complex haptic virtual environments -- reports from an extensive study with blind users. In: Eurohaptics 2002, Edinburgh, UK, July 8--10 (2002)</mixed-citation>
				</ref>
				<ref id="ref-00002">
				<mixed-citation>G. Jansson and P. Pedersen. Obtaining geographical information from a virtual map with a haptic mouse. In Proceedings of XXII International Cartographic Conference (ICC2005), 9--16 July, A Coruna, 2005, Spain.</mixed-citation>
				</ref>
				<ref id="ref-00003">
				<mixed-citation>Kitchin R. Jacobson R. D. and Golledge R. Multimodal virtual reality for presenting geographic information. Virtual reality in geography, pages 382--400, 2002.</mixed-citation>
				</ref>
				<ref id="ref-00004">
				<mixed-citation>R. G. Golledge, M. Rice, and R. D. Jacobson. A Commentary on the Use of Touch for Accessing On-Screen Spatial Representations: The Process of Experiencing Haptic Maps and Graphics. The Professional Geographer, 57(3):339--349, 2005.</mixed-citation>
				</ref>
				<ref id="ref-00005">
				<mixed-citation>Nikolaos Kaklanis, Konstantinos Votis Konstantinos Moustakas and Dimitrios Tzovaras, "3D HapticWebBrowser: Towards Universal Web Navigationfor the Visually Impaired", W4A2010, April 26--27, 2010, Raleigh, USA. Co-Located with the 19th International World Wide Web Conference. <pub-id pub-id-type="doi" xlink:href="10.1145/1805986.1806021" assigning-authority="crossref">10.1145/1805986.1806021</pub-id> <pub-id pub-id-type="doi" xlink:href="10.1145/1805986.1806021" /></mixed-citation>
				</ref>
				<ref id="ref-00006">
				<mixed-citation>R. Ramloll, W. Yu, S. Brewster, B. Riedel, M. Burton, and G. Dimigen, "Constructing sonified haptic line graphs for the blind student: First steps.", in ACM conference on Assistive technologies, (Arlington, USA), 2000. <pub-id pub-id-type="doi" xlink:href="10.1145/354324.354330" assigning-authority="crossref">10.1145/354324.354330</pub-id> <pub-id pub-id-type="doi" xlink:href="10.1145/354324.354330" /></mixed-citation>
				</ref>
			</ref-list>
</back>
</book-part>
</book-part-wrapper>
