<?xml version="1.0" encoding="UTF-8"?>
<!DOCTYPE book-part-wrapper PUBLIC "-//NLM//DTD BITS Book Interchange DTD with OASIS and XHTML Tables v2.0 20151225//EN" "BITS-book-oasis2.dtd">
<book-part-wrapper xmlns:xlink="http://www.w3.org/1999/xlink" xmlns:mml="http://www.w3.org/1998/Math/MathML" xmlns:oasis="http://www.niso.org/standards/z39-96/ns/oasis-exchange/table" xmlns:xi="http://www.w3.org/2001/XInclude" xmlns:xsi="http://www.w3.org/2001/XMLSchema-instance" dtd-version="2.0" xml:lang="en" content-type="research-article">
<collection-meta collection-type="book-series">
    <collection-id collection-id-type="doi">10.1145/acmotherconferences</collection-id>
    <title-group>
        <title>ACM Other Conferences</title>
    </title-group>
</collection-meta>
	<book-meta>
		<book-id book-id-type="acm-id">1969289</book-id>
		<book-id book-id-type="doi">10.1145/1969289</book-id>
		<book-title-group>
			<book-title>Proceedings of the International Cross-Disciplinary Conference on Web Accessibility</book-title>
			<alt-title alt-title-type="acronym">W4A '11</alt-title>
		</book-title-group>
	</book-meta>
	<book-part xmlns:ali="http://www.niso.org/schemas/ali/1.0/" book-part-type="chapter" xml:lang="en">
		<book-part-meta>
			<book-part-id book-part-id-type="acm-id">1969329</book-part-id>
			<book-part-id book-part-id-type="doi">10.1145/1969289.1969329</book-part-id>
			<book-part-id book-part-id-type="article-no">31</book-part-id>
	<subj-group subj-group-type="ccs2012">
		<compound-subject>
			<compound-subject-part content-type="code">10003120.10003121.10003122</compound-subject-part>
			<compound-subject-part content-type="text">Human-centered computing~Human computer interaction (HCI)~HCI design and evaluation methods</compound-subject-part>
			<compound-subject-part content-type="weight">500</compound-subject-part>
		</compound-subject>
		<compound-subject>
			<compound-subject-part content-type="code">10003456.10003457.10003580.10003587</compound-subject-part>
			<compound-subject-part content-type="text">Social and professional topics~Professional topics~Computing profession~Assistive technologies</compound-subject-part>
			<compound-subject-part content-type="weight">100</compound-subject-part>
		</compound-subject>
		<compound-subject>
			<compound-subject-part content-type="code">10003456.10010927.10003616</compound-subject-part>
			<compound-subject-part content-type="text">Social and professional topics~User characteristics~People with disabilities</compound-subject-part>
			<compound-subject-part content-type="weight">100</compound-subject-part>
		</compound-subject>
	</subj-group>
			<title-group>
				<title>Prediction of web page accessibility based on structural and textual features</title>
			</title-group>
<contrib-group>
   <contrib contrib-type="author" id="artseq-00001">
       <contrib-id contrib-id-type="person_id" authenticated="false">P2626655</contrib-id><contrib-id contrib-id-type="profile_id" authenticated="false">81332488893</contrib-id>
       <name name-style="western">
           <surname>Bahram</surname>
           <given-names>Sina</given-names>
       </name>
	<aff>North Carolina State University, Raleigh, NC</aff><aff><institution-wrap><institution-id institution-id-type="profile_id">60004923</institution-id></institution-wrap></aff>
	<email>sbahram@ncsu.edu</email>
	<role>Author</role>
   </contrib>
   <contrib contrib-type="author" id="artseq-00002">
       <contrib-id contrib-id-type="person_id" authenticated="false">P2626656</contrib-id><contrib-id contrib-id-type="profile_id" authenticated="false">81484654023</contrib-id>
       <name name-style="western">
           <surname>Sen</surname>
           <given-names>Debadeep</given-names>
       </name>
	<aff>North Carolina State University, Raleigh, NC</aff><aff><institution-wrap><institution-id institution-id-type="profile_id">60004923</institution-id></institution-wrap></aff>
	<email>dsen@ncsu.edu</email>
	<role>Author</role>
   </contrib>
   <contrib contrib-type="author" id="artseq-00003">
       <contrib-id contrib-id-type="person_id" authenticated="false">P2626657</contrib-id><contrib-id contrib-id-type="profile_id" authenticated="false">81452610940</contrib-id>
       <name name-style="western">
           <surname>Amant</surname>
           <given-names>Robert St.</given-names>
       </name>
	<aff>North Carolina State University, Raleigh, NC</aff><aff><institution-wrap><institution-id institution-id-type="profile_id">60004923</institution-id></institution-wrap></aff>
	<email>stamant@ncsu.edu</email>
	<role>Author</role>
   </contrib>
</contrib-group>
   <pub-date date-type="publication">
   <day>28</day>
   <month>03</month>
   <year>2011</year>
   </pub-date>
				<fpage>1</fpage>
				<lpage>4</lpage>
		<permissions>
			<copyright-year>2011</copyright-year>
			<copyright-holder>ACM</copyright-holder>
			<license license-type="acmcopyright">
			<license-p>Permission to make digital or hard copies of all or part of this work for personal or classroom use is granted without fee provided that copies are not made or distributed for profit or commercial advantage and that copies bear this notice and the full citation on the first page. Copyrights for components of this work owned by others than ACM must be honored. Abstracting with credit is permitted. To copy otherwise, or republish, to post on servers or to redistribute to lists, requires prior specific permission and/or a fee. Request permissions from Permissions@acm.org</license-p>
			</license>
		</permissions>
		<self-uri content-type="pdf" xlink:href="1969289.1969329.pdf" />
	<abstract>
		<p>In this paper we present an approach to assessing the accessibility of Web pages, based on machine learning techniques. We are interested in the question of whether there are structural and textual features of Web pages, independent of explicit accessibility concerns, that nevertheless influence their usability for people with vision impairment. We describe three datasets, each containing a set of features corresponding to Web pages that are "Accessible" or "Inaccessible". Three classifiers are used to predict the category of these Web pages. Preliminary results are promising; they suggest the possibility of automated classification of Web pages with respect to accessibility.</p>
	</abstract>
<kwd-group>
<kwd>accessibility</kwd>
<kwd>machine learning</kwd>
<kwd>vision impairment</kwd>
<kwd>web pages</kwd>
</kwd-group>
		</book-part-meta>
		
	<back>
<ref-list specific-use="unparsed">
				<ref id="ref-00001">
				<mixed-citation>C. Asakawa and H. Takagi. Transcoding. <italic toggle="yes">Web Accessibility</italic>, pages 231--260, 2008.</mixed-citation>
				</ref>
				<ref id="ref-00002">
				<mixed-citation>J. Bigham, R. Kaminsky, R. Ladner, O. Danielsson, and G. Hempton. WebInSight:: making web images accessible. In <italic toggle="yes">Proceedings of the 8th International ACM SIGACCESS Conference on Computers and Accessibility</italic>, pages 181--188. ACM, 2006. <pub-id pub-id-type="doi" xlink:href="10.1145/1168987.1169018" assigning-authority="crossref">10.1145/1168987.1169018</pub-id> <pub-id pub-id-type="doi" xlink:href="10.1145/1168987.1169018" /></mixed-citation>
				</ref>
				<ref id="ref-00003">
				<mixed-citation>J. Bigham, T. Lau, and J. Nichols. Trailblazer: enabling blind users to blaze trails through the web. In <italic toggle="yes">Proceedings of the 13th International conference on Intelligent user interfaces</italic>, pages 177--186. ACM, 2009. <pub-id pub-id-type="doi" xlink:href="10.1145/1502650.1502677" assigning-authority="crossref">10.1145/1502650.1502677</pub-id> <pub-id pub-id-type="doi" xlink:href="10.1145/1502650.1502677" /></mixed-citation>
				</ref>
				<ref id="ref-00004">
				<mixed-citation>J. Brudvik, J. Bigham, A. Cavender, and R. Ladner. Hunting for headings: sighted labeling vs. automatic classification of headings. In <italic toggle="yes">Proceedings of the 10th International ACM conference on Computers and Accessibility</italic>, pages 201--208. ACM, 2008. <pub-id pub-id-type="doi" xlink:href="10.1145/1414471.1414508" assigning-authority="crossref">10.1145/1414471.1414508</pub-id> <pub-id pub-id-type="doi" xlink:href="10.1145/1414471.1414508" /></mixed-citation>
				</ref>
				<ref id="ref-00005">
				<mixed-citation>C. Bühler, H. Heck, O. Perlick, A. Nietzio, and N. Ulltveit-Moe. Interpreting results from large scale automatic evaluation of web accessibility. <italic toggle="yes">Computers Helping People with Special Needs</italic>, pages 184--191, 2006. <pub-id pub-id-type="doi" xlink:href="10.1007/11788713_28" assigning-authority="crossref">10.1007/11788713_28</pub-id> <pub-id pub-id-type="doi" xlink:href="10.1007/11788713_28" /></mixed-citation>
				</ref>
				<ref id="ref-00006">
				<mixed-citation>H. Davalcu, S. Vadrevu, S. Nagarajan, and I. Ramakrishnan. Ontominer: Bootstrapping and populating ontologies from domain-specific web sites. <italic toggle="yes">Intelligent Systems, IEEE</italic>, 18(5):24--33, 2005. <pub-id pub-id-type="doi" xlink:href="10.1109/MIS.2003.1234766" assigning-authority="crossref">10.1109/MIS.2003.1234766</pub-id> <pub-id pub-id-type="doi" xlink:href="10.1109/MIS.2003.1234766" /></mixed-citation>
				</ref>
				<ref id="ref-00007">
				<mixed-citation>A. P. Freire, R. P. M. Fortes, M. A. S. Turine, and D. M. B. Paiva. An evaluation of web accessibility metrics based on their attributes. In <italic toggle="yes">Proceedings of the 26th annual ACM international conference on Design of communication</italic>, SIGDOC '08, pages 73--80, New York, NY, USA, 2008. ACM. <pub-id pub-id-type="doi" xlink:href="10.1145/1456536.1456551" assigning-authority="crossref">10.1145/1456536.1456551</pub-id> <pub-id pub-id-type="doi" xlink:href="10.1145/1456536.1456551" /></mixed-citation>
				</ref>
				<ref id="ref-00008">
				<mixed-citation>K. Kottapally, C. Ngo, R. Reddy, E. Pontelli, T. Son, and D. Gillan. Towards the creation of accessibility agents for non-visual navigation of the web. In <italic toggle="yes">Proceedings of the 2003 Conference on Universal usability</italic>, pages 134--141. ACM, 2003. <pub-id pub-id-type="doi" xlink:href="10.1145/957205.957229" assigning-authority="crossref">10.1145/957205.957229</pub-id> <pub-id pub-id-type="doi" xlink:href="10.1145/957205.957229" /></mixed-citation>
				</ref>
				<ref id="ref-00009">
				<mixed-citation>G. Leshed, E. Haber, T. Matthews, and T. Lau. CoScripter: automating &amp; sharing how-to knowledge in the enterprise. In <italic toggle="yes">Proceeding of the twenty-sixth annual ACM Conference on Human Factors in Computing Systems</italic>, pages 1719--1728. ACM, 2008. <pub-id pub-id-type="doi" xlink:href="10.1145/1357054.1357323" assigning-authority="crossref">10.1145/1357054.1357323</pub-id> <pub-id pub-id-type="doi" xlink:href="10.1145/1357054.1357323" /></mixed-citation>
				</ref>
				<ref id="ref-00010">
				<mixed-citation>J. Mahmud, Y. Borodin, D. Das, and I. Ramakrishnan. Combating information overload in non-visual web access using context. In <italic toggle="yes">Proceedings of the 12th International conference on Intelligent user interfaces</italic>, pages 341--344. ACM, 2007. <pub-id pub-id-type="doi" xlink:href="10.1145/1216295.1216362" assigning-authority="crossref">10.1145/1216295.1216362</pub-id> <pub-id pub-id-type="doi" xlink:href="10.1145/1216295.1216362" /></mixed-citation>
				</ref>
				<ref id="ref-00011">
				<mixed-citation>I. Ramakrishnan, J. Mahmud, Y. Borodin, M. Islam, and F. Ahmed. Bridging the Web Accessibility Divide. <italic toggle="yes">Electronic Notes in Theoretical Computer Science</italic>, 235:107--124, 2009. <pub-id pub-id-type="doi" xlink:href="10.1016/j.entcs.2009.03.007" assigning-authority="crossref">10.1016/j.entcs.2009.03.007</pub-id> <pub-id pub-id-type="doi" xlink:href="10.1016/j.entcs.2009.03.007" /></mixed-citation>
				</ref>
				<ref id="ref-00012">
				<mixed-citation>H. Takagi, C. Asakawa, K. Fukuda, and J. Maeda. Accessibility designer: visualizing usability for the blind. In <italic toggle="yes">Proceedings of the 6th International ACM SIGACCESS conference on Computers and accessibility</italic>, pages 177--184. ACM, 2004. <pub-id pub-id-type="doi" xlink:href="10.1145/1028630.1028662" assigning-authority="crossref">10.1145/1028630.1028662</pub-id> <pub-id pub-id-type="doi" xlink:href="10.1145/1028630.1028662" /></mixed-citation>
				</ref>
				<ref id="ref-00013">
				<mixed-citation>H. Takagi, S. Saito, K. Fukuda, and C. Asakawa. Analysis of navigability of web applications for improving blind usability. <italic toggle="yes">ACM Transactions on Computer-Human Interaction</italic>, 14(3):13, 2007. <pub-id pub-id-type="doi" xlink:href="10.1145/1279700.1279703" assigning-authority="crossref">10.1145/1279700.1279703</pub-id> <pub-id pub-id-type="doi" xlink:href="10.1145/1279700.1279703" /></mixed-citation>
				</ref>
				<ref id="ref-00014">
				<mixed-citation>L. Yi, B. Liu, and X. Li. Eliminating noisy information in web pages for data mining. In <italic toggle="yes">Proceedings ofthe ninth ACM SIGKDD international conference on Knowledge discovery and data mining</italic>, pages 296--305. ACM, 2003. <pub-id pub-id-type="doi" xlink:href="10.1145/956750.956785" assigning-authority="crossref">10.1145/956750.956785</pub-id> <pub-id pub-id-type="doi" xlink:href="10.1145/956750.956785" /></mixed-citation>
				</ref>
				<ref id="ref-00015">
				<mixed-citation>M. Yoshioka. IR interface for contrasting multiple news sites. <italic toggle="yes">Information Retrieval Technology</italic>, pages 508--513, 2008. <pub-id pub-id-type="doi" xlink:href="10.5555/1786374.1786445" /></mixed-citation>
				</ref>
			</ref-list>
</back>
</book-part>
</book-part-wrapper>
