<?xml version="1.0" encoding="UTF-8"?>
<!DOCTYPE book-part-wrapper PUBLIC "-//NLM//DTD BITS Book Interchange DTD with OASIS and XHTML Tables v2.0 20151225//EN" "BITS-book-oasis2.dtd">
<book-part-wrapper xmlns:xlink="http://www.w3.org/1999/xlink" xmlns:mml="http://www.w3.org/1998/Math/MathML" xmlns:oasis="http://www.niso.org/standards/z39-96/ns/oasis-exchange/table" xmlns:xi="http://www.w3.org/2001/XInclude" xmlns:xsi="http://www.w3.org/2001/XMLSchema-instance" dtd-version="2.0" xml:lang="en" content-type="research-article">
<collection-meta collection-type="book-series">
    <collection-id collection-id-type="doi">10.1145/acmotherconferences</collection-id>
    <title-group>
        <title>ACM Other Conferences</title>
    </title-group>
</collection-meta>
	<book-meta>
		<book-id book-id-type="acm-id">1969289</book-id>
		<book-id book-id-type="doi">10.1145/1969289</book-id>
		<book-title-group>
			<book-title>Proceedings of the International Cross-Disciplinary Conference on Web Accessibility</book-title>
			<alt-title alt-title-type="acronym">W4A '11</alt-title>
		</book-title-group>
	</book-meta>
	<book-part xmlns:ali="http://www.niso.org/schemas/ali/1.0/" book-part-type="chapter" xml:lang="en">
		<book-part-meta>
			<book-part-id book-part-id-type="acm-id">1969323</book-part-id>
			<book-part-id book-part-id-type="doi">10.1145/1969289.1969323</book-part-id>
			<book-part-id book-part-id-type="article-no">26</book-part-id>
	<subj-group subj-group-type="ccs2012">
		<compound-subject>
			<compound-subject-part content-type="code">10003120.10003121</compound-subject-part>
			<compound-subject-part content-type="text">Human-centered computing~Human computer interaction (HCI)</compound-subject-part>
			<compound-subject-part content-type="weight">500</compound-subject-part>
		</compound-subject>
		<compound-subject>
			<compound-subject-part content-type="code">10003456.10003457.10003580.10003587</compound-subject-part>
			<compound-subject-part content-type="text">Social and professional topics~Professional topics~Computing profession~Assistive technologies</compound-subject-part>
			<compound-subject-part content-type="weight">100</compound-subject-part>
		</compound-subject>
		<compound-subject>
			<compound-subject-part content-type="code">10010405.10010489.10010490</compound-subject-part>
			<compound-subject-part content-type="text">Applied computing~Education~Computer-assisted instruction</compound-subject-part>
			<compound-subject-part content-type="weight">100</compound-subject-part>
		</compound-subject>
		<compound-subject>
			<compound-subject-part content-type="code">10003456.10010927.10003616</compound-subject-part>
			<compound-subject-part content-type="text">Social and professional topics~User characteristics~People with disabilities</compound-subject-part>
			<compound-subject-part content-type="weight">100</compound-subject-part>
		</compound-subject>
	</subj-group>
			<title-group>
				<title>Accessible QTI presentation for web-based e-learning</title>
			</title-group>
<contrib-group>
   <contrib contrib-type="author" id="artseq-00001">
       <contrib-id contrib-id-type="person_id" authenticated="false">P2626645</contrib-id><contrib-id contrib-id-type="profile_id" authenticated="false">81484657463</contrib-id>
       <name name-style="western">
           <surname>Luephattanasuk</surname>
           <given-names>Nathapong</given-names>
       </name>
	<aff>Chulalongkorn University, Bangkok, Thailand</aff><aff><institution-wrap><institution-id institution-id-type="profile_id">60028190</institution-id></institution-wrap></aff>
	<email>nathapong.l@student.chula.ac.th</email>
	<role>Author</role>
   </contrib>
   <contrib contrib-type="author" id="artseq-00002">
       <contrib-id contrib-id-type="person_id" authenticated="false">P2626646</contrib-id><contrib-id contrib-id-type="profile_id" authenticated="false">81100289004</contrib-id>
       <name name-style="western">
           <surname>Suchato</surname>
           <given-names>Atiwong</given-names>
       </name>
	<aff>Chulalongkorn University, Bangkok, Thailand</aff><aff><institution-wrap><institution-id institution-id-type="profile_id">60028190</institution-id></institution-wrap></aff>
	<email>atiwong.s@chula.ac.th</email>
	<role>Author</role>
   </contrib>
   <contrib contrib-type="author" id="artseq-00003">
       <contrib-id contrib-id-type="person_id" authenticated="false">P2626647</contrib-id><contrib-id contrib-id-type="profile_id" authenticated="false">81341495356</contrib-id>
       <name name-style="western">
           <surname>Punyabukkana</surname>
           <given-names>Proadpran</given-names>
       </name>
	<aff>Chulalongkorn University, Bangkok, Thailand</aff><aff><institution-wrap><institution-id institution-id-type="profile_id">60028190</institution-id></institution-wrap></aff>
	<email>proadpran.p@chula.ac.th</email>
	<role>Author</role>
   </contrib>
</contrib-group>
   <pub-date date-type="publication">
   <day>28</day>
   <month>03</month>
   <year>2011</year>
   </pub-date>
				<fpage>1</fpage>
				<lpage>4</lpage>
		<permissions>
			<copyright-year>2011</copyright-year>
			<copyright-holder>ACM</copyright-holder>
			<license license-type="acmcopyright">
			<license-p>Permission to make digital or hard copies of all or part of this work for personal or classroom use is granted without fee provided that copies are not made or distributed for profit or commercial advantage and that copies bear this notice and the full citation on the first page. Copyrights for components of this work owned by others than ACM must be honored. Abstracting with credit is permitted. To copy otherwise, or republish, to post on servers or to redistribute to lists, requires prior specific permission and/or a fee. Request permissions from Permissions@acm.org</license-p>
			</license>
		</permissions>
		<self-uri content-type="pdf" xlink:href="1969289.1969323.pdf" />
	<abstract>
		<p>Various guidelines for web accessibility have been issued to direct web developers to create web pages that deliver content to all. Although these guidelines cover most websites, there are some specific types of web pages that call for an extension of such guidelines. This research is dedicated to the improvement of accessibility of e-learning webs, particularly the examination portion. We chose IMS' Question and Test Interoperability specification (QTI) as a baseline framework, and extended it using Web Content Accessibility Guidelines (WCAG) to ensure that we could generate questions for exams that are accessible by all. Specifically, we proposed a method to interpret question structure from QTI specification using WCAG to help in presenting the interpreted questions in an accessible format. Finally, we developed a prototype interpreting tool to check whether the accessibility of the interpreted question is compatible with NVDA screen reader software. The performance of the tool at this stage is promising.</p>
	</abstract>
<kwd-group>
<kwd>LMS</kwd>
<kwd>NVDA</kwd>
<kwd>QTI</kwd>
<kwd>WCAG</kwd>
<kwd>accessibility</kwd>
<kwd>e-learning</kwd>
<kwd>screen reader</kwd>
<kwd>visually impaired person</kwd>
</kwd-group>
		</book-part-meta>
		
	<back>
<ref-list specific-use="unparsed">
				<ref id="ref-00001">
				<mixed-citation>Chang, H., Liu, P., Shih, T. K., and Chen, Y. 2008. Developing QTI compliant assessment platform on digital TV. In <italic toggle="yes">Proceedings of the 2008 IEEE International Symposium on IT in Medicine and Education (ITME 2008)</italic> (Xiamen, China, December 12--14, 2008).</mixed-citation>
				</ref>
				<ref id="ref-00002">
				<mixed-citation>Han, S., Kim, J., Lee, Y., Cha, J., and Choi, B. 2010. disnEditor: A browser extension for QTI-compliant assessment item authoring. In <italic toggle="yes">Proceedings of the 10th IEEE International Conference on Advanced Learning Technologies (ICALT 2010)</italic> (Sousse, Tunisia, July 5--7, 2010). <pub-id pub-id-type="doi" xlink:href="10.1109/ICALT.2010.71" assigning-authority="crossref">10.1109/ICALT.2010.71</pub-id> <pub-id pub-id-type="doi" xlink:href="10.1109/ICALT.2010.71" /></mixed-citation>
				</ref>
				<ref id="ref-00003">
				<mixed-citation>IDI Web Accessibility Checker. Available at: http://http://achecker.ca/checker/index.php/. Visited: December 2010.</mixed-citation>
				</ref>
				<ref id="ref-00004">
				<mixed-citation>IMS Global Learning Consortium: IMS question &amp; test interoperability specification, Available at: http://www.imsglobal.org/question/. Visited: August 2010.</mixed-citation>
				</ref>
				<ref id="ref-00005">
				<mixed-citation>Martínez-Ortiz, I., Moreno-Ger, P., and Sierra, J. L. 2006. &amp;lt;e-QTI&amp;gt;: a reusable assessment engine. In <italic toggle="yes">Proceedings of the 5th International Conference on Web-Based Learning</italic> (Penang, Malaysia, July 19--21, 2006). <pub-id pub-id-type="doi" xlink:href="10.1007/11925293_13" assigning-authority="crossref">10.1007/11925293_13</pub-id> <pub-id pub-id-type="doi" xlink:href="10.1007/11925293_13" /></mixed-citation>
				</ref>
				<ref id="ref-00006">
				<mixed-citation>Web Content Accessibility Guidelines (WCAG) 2.0. Available at: http://www.w3.org/TR/WCAG20/. Visited: September 2010.</mixed-citation>
				</ref>
				<ref id="ref-00007">
				<mixed-citation>Zhang, P., Wills, G. B., and Gilbert, L. 2010. IMS QTIEngine on Android to support mobile learning and assessment. In <italic toggle="yes">Proceedings of the 2010 International Computer Assisted Assessment (CAA) Conference</italic> (Southampton, UK, July 20--21, 2010).</mixed-citation>
				</ref>
				<ref id="ref-00008">
				<mixed-citation>Zualkernan, I. A., Ghanam, Y. A., Shoshaa, M. F., and Kalbasi, A. S. 2007. An architecture for dynamic generation of QTI 2.1 assessments for mobile devices using Flash Lite. In <italic toggle="yes">Proceedings of the Seventh IEEE International Conference on Advanced Learning Technologies (ICALT 2007)</italic> (Niigata, Japan, July 18--20, 2007).</mixed-citation>
				</ref>
			</ref-list>
</back>
</book-part>
</book-part-wrapper>
