<?xml version="1.0" encoding="UTF-8"?>
<!DOCTYPE book-part-wrapper PUBLIC "-//NLM//DTD BITS Book Interchange DTD with OASIS and XHTML Tables v2.0 20151225//EN" "BITS-book-oasis2.dtd">
<book-part-wrapper xmlns:xlink="http://www.w3.org/1999/xlink" xmlns:mml="http://www.w3.org/1998/Math/MathML" xmlns:oasis="http://www.niso.org/standards/z39-96/ns/oasis-exchange/table" xmlns:xi="http://www.w3.org/2001/XInclude" xmlns:xsi="http://www.w3.org/2001/XMLSchema-instance" dtd-version="2.0" xml:lang="en" content-type="research-article">
<collection-meta collection-type="book-series">
    <collection-id collection-id-type="doi">10.1145/acmotherconferences</collection-id>
    <title-group>
        <title>ACM Other Conferences</title>
    </title-group>
</collection-meta>
	<book-meta>
		<book-id book-id-type="acm-id">1969289</book-id>
		<book-id book-id-type="doi">10.1145/1969289</book-id>
		<book-title-group>
			<book-title>Proceedings of the International Cross-Disciplinary Conference on Web Accessibility</book-title>
			<alt-title alt-title-type="acronym">W4A '11</alt-title>
		</book-title-group>
	</book-meta>
	<book-part xmlns:ali="http://www.niso.org/schemas/ali/1.0/" book-part-type="chapter" xml:lang="en">
		<book-part-meta>
			<book-part-id book-part-id-type="acm-id">1969315</book-part-id>
			<book-part-id book-part-id-type="doi">10.1145/1969289.1969315</book-part-id>
			<book-part-id book-part-id-type="article-no">19</book-part-id>
	<subj-group subj-group-type="ccs2012">
		<compound-subject>
			<compound-subject-part content-type="code">10003120.10003121</compound-subject-part>
			<compound-subject-part content-type="text">Human-centered computing~Human computer interaction (HCI)</compound-subject-part>
			<compound-subject-part content-type="weight">500</compound-subject-part>
		</compound-subject>
		<compound-subject>
			<compound-subject-part content-type="code">10003120.10003121</compound-subject-part>
			<compound-subject-part content-type="text">Human-centered computing~Human computer interaction (HCI)</compound-subject-part>
			<compound-subject-part content-type="weight">100</compound-subject-part>
		</compound-subject>
	</subj-group>
			<title-group>
				<title>WaaT</title>
				<subtitle>personalised web accessibility evaluation tool</subtitle>
			</title-group>
<contrib-group>
   <contrib contrib-type="author" id="artseq-00001">
       <contrib-id contrib-id-type="person_id" authenticated="false">P2626623</contrib-id><contrib-id contrib-id-type="profile_id" authenticated="false">81442613269</contrib-id>
       <name name-style="western">
           <surname>Oikonomou</surname>
           <given-names>Theofanis</given-names>
       </name>
	<aff>Informatics and Telematics Institute Centre for Research and Technology Hellas, Thessaloniki, Greece</aff><aff><institution-wrap><institution-id institution-id-type="profile_id">60026208</institution-id></institution-wrap></aff><aff><institution-wrap><institution-id institution-id-type="profile_id">60035865</institution-id></institution-wrap></aff>
	<email>thoikon@iti.gr</email>
	<role>Author</role>
   </contrib>
   <contrib contrib-type="author" id="artseq-00002">
       <contrib-id contrib-id-type="person_id" authenticated="false">P2626624</contrib-id><contrib-id contrib-id-type="profile_id" authenticated="false">81361608581</contrib-id>
       <name name-style="western">
           <surname>Kaklanis</surname>
           <given-names>Nikolaos</given-names>
       </name>
	<aff>Informatics and Telematics Institute Centre for Research and Technology Hellas, Thessaloniki, Greece</aff><aff><institution-wrap><institution-id institution-id-type="profile_id">60026208</institution-id></institution-wrap></aff><aff><institution-wrap><institution-id institution-id-type="profile_id">60035865</institution-id></institution-wrap></aff>
	<email>nkak@iti.gr</email>
	<role>Author</role>
   </contrib>
   <contrib contrib-type="author" id="artseq-00003">
       <contrib-id contrib-id-type="person_id" authenticated="false">P2626625</contrib-id><contrib-id contrib-id-type="profile_id" authenticated="false">81350582150</contrib-id>
       <name name-style="western">
           <surname>Votis</surname>
           <given-names>Konstantinos</given-names>
       </name>
	<aff>Informatics and Telematics Institute Centre for Research and Technology Hellas, Thessaloniki, Greece</aff><aff><institution-wrap><institution-id institution-id-type="profile_id">60026208</institution-id></institution-wrap></aff><aff><institution-wrap><institution-id institution-id-type="profile_id">60035865</institution-id></institution-wrap></aff>
	<email>kvotis@iti.gr</email>
	<role>Author</role>
   </contrib>
   <contrib contrib-type="author" id="artseq-00004">
       <contrib-id contrib-id-type="person_id" authenticated="false">P2626626</contrib-id><contrib-id contrib-id-type="profile_id" authenticated="false">81442616747</contrib-id>
       <name name-style="western">
           <surname>Kastori</surname>
           <given-names>Grammati-Eirini</given-names>
       </name>
	<aff>Informatics and Telematics Institute Centre for Research and Technology Hellas, Thessaloniki, Greece</aff><aff><institution-wrap><institution-id institution-id-type="profile_id">60026208</institution-id></institution-wrap></aff><aff><institution-wrap><institution-id institution-id-type="profile_id">60035865</institution-id></institution-wrap></aff>
	<email>gkastori@iti.gr</email>
	<role>Author</role>
   </contrib>
   <contrib contrib-type="author" id="artseq-00005">
       <contrib-id contrib-id-type="person_id" authenticated="false">P2626627</contrib-id><contrib-id contrib-id-type="profile_id" authenticated="false">81384598236</contrib-id>
       <name name-style="western">
           <surname>Partarakis</surname>
           <given-names>Nikolaos</given-names>
       </name>
	<aff>Institute of Computer Science, Heraklion, Greece</aff><aff><institution-wrap><institution-id institution-id-type="profile_id">60035865</institution-id></institution-wrap></aff>
	<email>partarak@ics.forth.gr</email>
	<role>Author</role>
   </contrib>
   <contrib contrib-type="author" id="artseq-00006">
       <contrib-id contrib-id-type="person_id" authenticated="false">P2626628</contrib-id><contrib-id contrib-id-type="profile_id" authenticated="false">81100435517</contrib-id>
       <name name-style="western">
           <surname>Tzovaras</surname>
           <given-names>Dimitrios</given-names>
       </name>
	<aff>Informatics and Telematics Institute Centre for Research and Technology Hellas, Thessaloniki, Greece</aff><aff><institution-wrap><institution-id institution-id-type="profile_id">60026208</institution-id></institution-wrap></aff><aff><institution-wrap><institution-id institution-id-type="profile_id">60035865</institution-id></institution-wrap></aff>
	<email>Dimitrios.Tzovaras@iti.gr</email>
	<role>Author</role>
   </contrib>
</contrib-group>
   <pub-date date-type="publication">
   <day>28</day>
   <month>03</month>
   <year>2011</year>
   </pub-date>
				<fpage>1</fpage>
				<lpage>2</lpage>
		<permissions>
			<copyright-year>2011</copyright-year>
			<copyright-holder>Authors</copyright-holder>
		</permissions>
		<self-uri content-type="pdf" xlink:href="1969289.1969315.pdf" />
	<abstract>
		<p>Our approach introduces an advanced and new personalized Web accessibility evaluation methodology, allowing for Web content accessibility evaluation regarding different selectable disability profiles (impairments, personas) as well as Assistive technologies and devices. We define an evaluation approach based on the Web Content Accessibility Guidelines 2.0 and the Barrier Walkthrough, with the goal of providing support to Web developers and designers to conduct rapid, yet specialized, accessibility assessments focused on different disability types and user preferences for Web applications.</p>
	</abstract>
<kwd-group>
<kwd>personalised accessibility assessment</kwd>
<kwd>personas</kwd>
<kwd>web accessibility</kwd>
<kwd>web content accessibility guidelines</kwd>
</kwd-group>
<funding-group specific-use="FundRef">
	<award-group id="award1">
		<funding-source id="GS1">
			<institution-wrap>
			<institution>Seventh Framework Programme</institution>
			<institution-id institution-id-type="FundRef">http://dx.doi.org/10.13039/501100004963</institution-id>
			</institution-wrap>
		</funding-source>
		<award-id rid="GS1">224145</award-id>
	</award-group>
</funding-group>
		</book-part-meta>
		
	<back>
<ref-list specific-use="unparsed">
				<ref id="ref-00001">
				<mixed-citation>Vigo, M., Kobsa, A., Arrue, M., and Abascal, J. 2007 - Usertailored web accessibility evaluations. In <italic toggle="yes">Proceedings of the Eighteenth Conference on Hypertext and Hypermedia</italic> (Manchester, UK, September 10--12, 2007). HT '07. ACM, New York, NY, 95--104. <pub-id pub-id-type="doi" xlink:href="10.1145/1286240.1286267" assigning-authority="crossref">10.1145/1286240.1286267</pub-id> <pub-id pub-id-type="doi" xlink:href="10.1145/1286240.1286267" /></mixed-citation>
				</ref>
				<ref id="ref-00002">
				<mixed-citation>Leporini, B., Paternò, F., Scorcia, A. 2006. Flexible tool support for accessibility evaluation, Interacting with Computers, v. 18 n. 5, p. 869--890, September, 2006. <pub-id pub-id-type="doi" xlink:href="10.1016/j.intcom.2006.03.001" assigning-authority="crossref">10.1016/j.intcom.2006.03.001</pub-id> <pub-id pub-id-type="doi" xlink:href="10.1016/j.intcom.2006.03.001" /></mixed-citation>
				</ref>
				<ref id="ref-00003">
				<mixed-citation>Arrue, M., Vigo, M., Aizpurua, A. and Abascal, J. 2007. Accessibility Guidelines Management Framework. In C. Stephanidis (Ed.). Universal Access in HCI, Part III, HCI International 2007 (Beijing, China, July 22--27, 2007). LNCS 4556, 3--10, Springer, 2007. <pub-id pub-id-type="doi" xlink:href="10.5555/1757148.1757150" /></mixed-citation>
				</ref>
			</ref-list>
</back>
</book-part>
</book-part-wrapper>
