<?xml version="1.0" encoding="UTF-8"?>
<!DOCTYPE book-part-wrapper PUBLIC "-//NLM//DTD BITS Book Interchange DTD with OASIS and XHTML Tables v2.0 20151225//EN" "BITS-book-oasis2.dtd">
<book-part-wrapper xmlns:xlink="http://www.w3.org/1999/xlink" xmlns:mml="http://www.w3.org/1998/Math/MathML" xmlns:oasis="http://www.niso.org/standards/z39-96/ns/oasis-exchange/table" xmlns:xi="http://www.w3.org/2001/XInclude" xmlns:xsi="http://www.w3.org/2001/XMLSchema-instance" dtd-version="2.0" xml:lang="en" content-type="research-article">
<collection-meta collection-type="book-series">
    <collection-id collection-id-type="doi">10.1145/acmotherconferences</collection-id>
    <title-group>
        <title>ACM Other Conferences</title>
    </title-group>
</collection-meta>
	<book-meta>
		<book-id book-id-type="acm-id">1969289</book-id>
		<book-id book-id-type="doi">10.1145/1969289</book-id>
		<book-title-group>
			<book-title>Proceedings of the International Cross-Disciplinary Conference on Web Accessibility</book-title>
			<alt-title alt-title-type="acronym">W4A '11</alt-title>
		</book-title-group>
	</book-meta>
	<book-part xmlns:ali="http://www.niso.org/schemas/ali/1.0/" book-part-type="chapter" xml:lang="en">
		<book-part-meta>
			<book-part-id book-part-id-type="acm-id">1969317</book-part-id>
			<book-part-id book-part-id-type="doi">10.1145/1969289.1969317</book-part-id>
			<book-part-id book-part-id-type="article-no">21</book-part-id>
	<subj-group subj-group-type="ccs2012">
		<compound-subject>
			<compound-subject-part content-type="code">10003456.10010927.10003616</compound-subject-part>
			<compound-subject-part content-type="text">Social and professional topics~User characteristics~People with disabilities</compound-subject-part>
			<compound-subject-part content-type="weight">500</compound-subject-part>
		</compound-subject>
		<compound-subject>
			<compound-subject-part content-type="code">10003456.10003457.10003580.10003587</compound-subject-part>
			<compound-subject-part content-type="text">Social and professional topics~Professional topics~Computing profession~Assistive technologies</compound-subject-part>
			<compound-subject-part content-type="weight">500</compound-subject-part>
		</compound-subject>
		<compound-subject>
			<compound-subject-part content-type="code">10003120.10003121</compound-subject-part>
			<compound-subject-part content-type="text">Human-centered computing~Human computer interaction (HCI)</compound-subject-part>
			<compound-subject-part content-type="weight">100</compound-subject-part>
		</compound-subject>
	</subj-group>
			<title-group>
				<title>Farfalla project</title>
				<subtitle>browser-based accessibility solutions</subtitle>
			</title-group>
<contrib-group>
   <contrib contrib-type="author" id="artseq-00001">
       <contrib-id contrib-id-type="person_id" authenticated="false">P2626633</contrib-id><contrib-id contrib-id-type="profile_id" authenticated="false">81484654986</contrib-id>
       <name name-style="western">
           <surname>Mangiatordi</surname>
           <given-names>Andrea</given-names>
       </name>
	<aff>University of Milano Bicocca, Milano, Italy</aff><aff><institution-wrap><institution-id institution-id-type="profile_id">60012306</institution-id></institution-wrap></aff>
	<email>andrea.mangiatordi@unimib.it</email>
	<role>Author</role>
   </contrib>
   <contrib contrib-type="author" id="artseq-00002">
       <contrib-id contrib-id-type="person_id" authenticated="false">P2626634</contrib-id><contrib-id contrib-id-type="profile_id" authenticated="false">81484659327</contrib-id>
       <name name-style="western">
           <surname>Sareen</surname>
           <given-names>Harpreet Singh</given-names>
       </name>
	<aff>Punjabi University, Patiala, Punjab, India</aff><aff><institution-wrap><institution-id institution-id-type="profile_id">60000690</institution-id></institution-wrap></aff>
	<email>harpreet.sarin@live.com</email>
	<role>Author</role>
   </contrib>
</contrib-group>
   <pub-date date-type="publication">
   <day>28</day>
   <month>03</month>
   <year>2011</year>
   </pub-date>
				<fpage>1</fpage>
				<lpage>2</lpage>
		<permissions>
			<copyright-year>2011</copyright-year>
			<copyright-holder>Authors</copyright-holder>
		</permissions>
		<self-uri content-type="pdf" xlink:href="1969289.1969317.pdf" />
	<abstract>
		<p>Traditionally, Assistive Technology is deeply linked to the particular system on which a single solution runs. Cloud computing seems to be a promising approach, since solutions and services are no longer tied to a particular system. The Farfalla project is a step towards cloud-based Assistive Technology, for the creation of an <italic toggle="yes">inclusive web</italic> where accessibility solutions can be deployed together with contents.</p>
	</abstract>
<kwd-group>
<kwd>accessibility</kwd>
<kwd>assistive technology</kwd>
<kwd>cloud computing</kwd>
</kwd-group>
		</book-part-meta>
		
	<back>
<ref-list specific-use="unparsed">
				<ref id="ref-00001">
				<mixed-citation>G. Brajnik. A comparative test of web accessibility evaluation methods. <italic toggle="yes">Proceedings of the 10th international ACM SIGACCESS conference on Computers and accessibility Assets 08</italic>, October:113, 2008. <pub-id pub-id-type="doi" xlink:href="10.1145/1414471.1414494" assigning-authority="crossref">10.1145/1414471.1414494</pub-id> <pub-id pub-id-type="doi" xlink:href="10.1145/1414471.1414494" /></mixed-citation>
				</ref>
				<ref id="ref-00002">
				<mixed-citation>S. Hackett, B. Parmanto, and X. Zeng. Accessibility of Internet websites through time. <italic toggle="yes">ACM SIGACCESS Accessibility and Computing</italic>, (77--78):32, Sept. 2003. <pub-id pub-id-type="doi" xlink:href="10.1145/1029014.1028638" assigning-authority="crossref">10.1145/1029014.1028638</pub-id> <pub-id pub-id-type="doi" xlink:href="10.1145/1029014.1028638" /></mixed-citation>
				</ref>
				<ref id="ref-00003">
				<mixed-citation>L. R. Kasday. A tool to evaluate universal Web accessibility. In <italic toggle="yes">Proceedings of the 2000 conference on Universal Usability - CUU '00</italic>, pages 161--162, New York, New York, USA, 2000. ACM Press. <pub-id pub-id-type="doi" xlink:href="10.1145/355460.355559" assigning-authority="crossref">10.1145/355460.355559</pub-id> <pub-id pub-id-type="doi" xlink:href="10.1145/355460.355559" /></mixed-citation>
				</ref>
				<ref id="ref-00004">
				<mixed-citation>T. Lang. Comparing website accessibility evaluation methods and learnings from usability evaluation methods. <italic toggle="yes">Peak Usability</italic>, (December), 2003.</mixed-citation>
				</ref>
				<ref id="ref-00005">
				<mixed-citation>A. Mangiatordi and R. Dondi. Farfalla: a step toward an inclusive web. In <italic toggle="yes">Proceedings of the 3rd International Conference on Software Development for Enhancing Accessibility and Fighting Infoexclusion (DSAI'2010)</italic>, pages 87--93, 2010.</mixed-citation>
				</ref>
				<ref id="ref-00006">
				<mixed-citation>J. Richards and V. Hanson. Web accessibility: a broader view. In <italic toggle="yes">Proceedings of the 13th international conference on World Wide Web</italic>, pages 72--79. ACM, 2004. <pub-id pub-id-type="doi" xlink:href="10.1145/988672.988683" assigning-authority="crossref">10.1145/988672.988683</pub-id> <pub-id pub-id-type="doi" xlink:href="10.1145/988672.988683" /></mixed-citation>
				</ref>
			</ref-list>
</back>
</book-part>
</book-part-wrapper>
