<?xml version="1.0" encoding="UTF-8"?>
<!DOCTYPE book-part-wrapper PUBLIC "-//NLM//DTD BITS Book Interchange DTD with OASIS and XHTML Tables v2.0 20151225//EN" "BITS-book-oasis2.dtd">
<book-part-wrapper xmlns:xlink="http://www.w3.org/1999/xlink" xmlns:mml="http://www.w3.org/1998/Math/MathML" xmlns:oasis="http://www.niso.org/standards/z39-96/ns/oasis-exchange/table" xmlns:xi="http://www.w3.org/2001/XInclude" xmlns:xsi="http://www.w3.org/2001/XMLSchema-instance" dtd-version="2.0" xml:lang="en" content-type="research-article">
<collection-meta collection-type="book-series">
    <collection-id collection-id-type="doi">10.1145/acmotherconferences</collection-id>
    <title-group>
        <title>ACM Other Conferences</title>
    </title-group>
</collection-meta>
	<book-meta>
		<book-id book-id-type="acm-id">1969289</book-id>
		<book-id book-id-type="doi">10.1145/1969289</book-id>
		<book-title-group>
			<book-title>Proceedings of the International Cross-Disciplinary Conference on Web Accessibility</book-title>
			<alt-title alt-title-type="acronym">W4A '11</alt-title>
		</book-title-group>
	</book-meta>
	<book-part xmlns:ali="http://www.niso.org/schemas/ali/1.0/" book-part-type="chapter" xml:lang="en">
		<book-part-meta>
			<book-part-id book-part-id-type="acm-id">1969322</book-part-id>
			<book-part-id book-part-id-type="doi">10.1145/1969289.1969322</book-part-id>
			<book-part-id book-part-id-type="article-no">25</book-part-id>
	<subj-group subj-group-type="ccs2012">
		<compound-subject>
			<compound-subject-part content-type="code">10003120.10003121.10003124.10010870</compound-subject-part>
			<compound-subject-part content-type="text">Human-centered computing~Human computer interaction (HCI)~Interaction paradigms~Natural language interfaces</compound-subject-part>
			<compound-subject-part content-type="weight">500</compound-subject-part>
		</compound-subject>
		<compound-subject>
			<compound-subject-part content-type="code">10010147.10010178.10010179</compound-subject-part>
			<compound-subject-part content-type="text">Computing methodologies~Artificial intelligence~Natural language processing</compound-subject-part>
			<compound-subject-part content-type="weight">100</compound-subject-part>
		</compound-subject>
		<compound-subject>
			<compound-subject-part content-type="code">10003120.10003121.10003124.10010870</compound-subject-part>
			<compound-subject-part content-type="text">Human-centered computing~Human computer interaction (HCI)~Interaction paradigms~Natural language interfaces</compound-subject-part>
			<compound-subject-part content-type="weight">100</compound-subject-part>
		</compound-subject>
	</subj-group>
			<title-group>
				<title>Improving accessibility to mathematical formulas</title>
				<subtitle>the Wikipedia math accessor</subtitle>
			</title-group>
<contrib-group>
   <contrib contrib-type="author" id="artseq-00001">
       <contrib-id contrib-id-type="person_id" authenticated="false">P2626643</contrib-id><contrib-id contrib-id-type="profile_id" authenticated="false">81100281424</contrib-id>
       <name name-style="western">
           <surname>Ferres</surname>
           <given-names>Leo</given-names>
       </name>
	<aff>University of Concepción, Concepción, Chile</aff><aff><institution-wrap><institution-id institution-id-type="profile_id">60001282</institution-id></institution-wrap></aff>
	<email>leo@inf.udec.cl</email>
	<role>Author</role>
   </contrib>
   <contrib contrib-type="author" id="artseq-00002">
       <contrib-id contrib-id-type="person_id" authenticated="false">P2626644</contrib-id><contrib-id contrib-id-type="profile_id" authenticated="false">81484641363</contrib-id>
       <name name-style="western">
           <surname>Sepúlveda</surname>
           <given-names>Jose Fuentes</given-names>
       </name>
	<aff>University of Concepción, Concepción, Chile</aff><aff><institution-wrap><institution-id institution-id-type="profile_id">60001282</institution-id></institution-wrap></aff>
	<email>jfuentess@udec.cl</email>
	<role>Author</role>
   </contrib>
</contrib-group>
   <pub-date date-type="publication">
   <day>28</day>
   <month>03</month>
   <year>2011</year>
   </pub-date>
				<fpage>1</fpage>
				<lpage>9</lpage>
		<permissions>
			<copyright-year>2011</copyright-year>
			<copyright-holder>ACM</copyright-holder>
			<license license-type="acmcopyright">
			<license-p>Permission to make digital or hard copies of all or part of this work for personal or classroom use is granted without fee provided that copies are not made or distributed for profit or commercial advantage and that copies bear this notice and the full citation on the first page. Copyrights for components of this work owned by others than ACM must be honored. Abstracting with credit is permitted. To copy otherwise, or republish, to post on servers or to redistribute to lists, requires prior specific permission and/or a fee. Request permissions from Permissions@acm.org</license-p>
			</license>
		</permissions>
		<self-uri content-type="pdf" xlink:href="1969289.1969322.pdf" />
	<abstract>
		<p>Mathematics accessibility is an important topic for inclusive education. We tackle the problem of accessing a large repository of mathematical formulas, by providing a natural language description of the more than 350,000 Wikipedia formulas using a well-researched sub-language targetting Spanish speakers, for whom assistive technologies, particularly domain-specific technologies like the one described here, are scarce.</p>
	</abstract>
<kwd-group>
<kwd>accessibility</kwd>
<kwd>blind</kwd>
<kwd>visually impaired</kwd>
<kwd>mathematical formulas</kwd>
<kwd>natural language interaction</kwd>
</kwd-group>
		</book-part-meta>
		
	<back>
<ref-list specific-use="unparsed">
				<ref id="ref-00001">
				<mixed-citation>I. Abu Doush and E. Pontelli. Building a programmable architecture for non-visual navigation of mathematics: Using rules for guiding presentation and switching between modalities. In <italic toggle="yes">UAHCI '09: Proceedings of the 5th International Conference on Universal Access in Human-Computer Interaction. Part III</italic>, pages 3--13, Berlin, Heidelberg, 2009. Springer-Verlag. <pub-id pub-id-type="doi" xlink:href="10.1007/978-3-642-02713-0_1" assigning-authority="crossref">10.1007/978-3-642-02713-0_1</pub-id> <pub-id pub-id-type="doi" xlink:href="10.1007/978-3-642-02713-0_1" /></mixed-citation>
				</ref>
				<ref id="ref-00002">
				<mixed-citation>W. Bernareggi, C. Jessel, N. Encelle, B. Schweikhardt, and M. Gut. LAMBDA: A European system to access mathematics with Braille and audio synthesis. In K. Miesenberger, J. Klaus, W. Zagler, and A. Karshmer, editors, <italic toggle="yes">Computers Helping People with Special Needs</italic>, volume 4061 of <italic toggle="yes">Lecture Notes in Computer Science</italic>, pages 1223--1230. Springer Berlin/Heidelberg, 2006. <pub-id pub-id-type="doi" xlink:href="10.1007/11788713_176" assigning-authority="crossref">10.1007/11788713_176</pub-id> <pub-id pub-id-type="doi" xlink:href="10.1007/11788713_176" /></mixed-citation>
				</ref>
				<ref id="ref-00003">
				<mixed-citation>K. V. Deemter, E. Krahmer, and M. Theune. Real versus template-based natural language generation: A false opposition? <italic toggle="yes">Comput. Linguist</italic>., 31(1):15--24, 2005. <pub-id pub-id-type="doi" xlink:href="10.1162/0891201053630291" assigning-authority="crossref">10.1162/0891201053630291</pub-id> <pub-id pub-id-type="doi" xlink:href="10.1162/0891201053630291" /></mixed-citation>
				</ref>
				<ref id="ref-00004">
				<mixed-citation>L. Ferres, G. Lindgaard, and L. Sumegi. Evaluating a tool for improving accessibility to charts and graphs. In <italic toggle="yes">Proceedings of the 12th international ACM SIGACCESS conference on Computers and accessibility</italic>, ASSETS '10, pages 83--90, New York, NY, USA, 2010. ACM. <pub-id pub-id-type="doi" xlink:href="10.1145/1878803.1878820" assigning-authority="crossref">10.1145/1878803.1878820</pub-id> <pub-id pub-id-type="doi" xlink:href="10.1145/1878803.1878820" /></mixed-citation>
				</ref>
				<ref id="ref-00005">
				<mixed-citation>L. Ferres, A. Parush, S. Roberts, and G. Lindgaard. Helping people with visual impairments gain access to graphical information through natural language: The igraph system. In <italic toggle="yes">Proceedings of the 10thICCHP</italic>, Lecture Notes in Computer Science. Springer-Verlag, 2006. <pub-id pub-id-type="doi" xlink:href="10.1007/11788713_163" assigning-authority="crossref">10.1007/11788713_163</pub-id> <pub-id pub-id-type="doi" xlink:href="10.1007/11788713_163" /></mixed-citation>
				</ref>
				<ref id="ref-00006">
				<mixed-citation>L. Ferres, P. Verkhogliad, G. Lindgaard, L. Boucher, A. Chretien, and M. Lachance. Improving accessibility to statistical graphs: the igraph-lite system. In <italic toggle="yes">Proceedings of the 9th international ACM SIGACCESS conference on Computers and accessibility</italic>, Assets '07, pages 67--74, New York, NY, USA, 2007. ACM. <pub-id pub-id-type="doi" xlink:href="10.1145/1296843.1296857" assigning-authority="crossref">10.1145/1296843.1296857</pub-id> <pub-id pub-id-type="doi" xlink:href="10.1145/1296843.1296857" /></mixed-citation>
				</ref>
				<ref id="ref-00007">
				<mixed-citation>Ministerio de Planificaci&amp;amp;#243;n. Encuesta CASEN: Discapadidad. http://www.mideplan.cl/casen/publicaciones/2006/Resultados_Discapacidad_Casen_2006.pdf, 2006.</mixed-citation>
				</ref>
				<ref id="ref-00008">
				<mixed-citation>Ministerio de Planificaci&amp;amp;#243;n. Encuesta de caracterizaci&amp;amp;#243;n socioecon&amp;amp;#243;mica nacional (CASEN). http://www.mideplan.cl/casen,2010.</mixed-citation>
				</ref>
				<ref id="ref-00009">
				<mixed-citation>A. Nemeth. <italic toggle="yes">The Nemeth Braille code for mathematics and science notation: 1972 revision</italic>. Producedin Braille for the Library of Congress, National Library Service for the Blind and Physically Handicapped by the American Printing House for the Blind, 1972.</mixed-citation>
				</ref>
				<ref id="ref-00010">
				<mixed-citation>T. V. Raman. <italic toggle="yes">Audio System For Technical Readings</italic>. PhD thesis, Cornell University, 1994. <pub-id pub-id-type="doi" xlink:href="10.5555/221752" /></mixed-citation>
				</ref>
				<ref id="ref-00011">
				<mixed-citation>H. Reddy and G. Gupta. Dynamic aural browsing of mathml documents with voicexml. In <italic toggle="yes">Human-computer interaction</italic>. Lawrence Erlbaumand Associates, 2005.</mixed-citation>
				</ref>
				<ref id="ref-00012">
				<mixed-citation>E. Reiter. NLG vs. templates. In <italic toggle="yes">Proceedings of the 5th European Workshop in Natural Language Generation</italic>, pages 95--105, Leiden, NL, May 1995.</mixed-citation>
				</ref>
				<ref id="ref-00013">
				<mixed-citation>N. Soiffer. Mathplayer: web-based math accessibility. In <italic toggle="yes">In Assets 05: Proceedings of the 7th international ACM SIGACCESS conference on Computers and accessibility</italic>, pages 204--205. ACM Press, 2005. <pub-id pub-id-type="doi" xlink:href="10.1145/1090785.1090831" assigning-authority="crossref">10.1145/1090785.1090831</pub-id> <pub-id pub-id-type="doi" xlink:href="10.1145/1090785.1090831" /></mixed-citation>
				</ref>
				<ref id="ref-00014">
				<mixed-citation>S. Sripada and F. Gao. Summarizing dive computer data: A case study in integrating textual and graphical presentations of numerical data. In <italic toggle="yes">Proceedings of Workshop on Multimodal Output Generation</italic>, volume CTIT Proceedings of the Workshop on Multimodal Output Generation, pages 149--157, 2007.</mixed-citation>
				</ref>
				<ref id="ref-00015">
				<mixed-citation>P. Stanley and A. Karshmer. Translating MathML into Nemeth Braille Code. In <italic toggle="yes">International Conference on Computers Helping People with Special Needs</italic>, pages 1175--1182, 2006. <pub-id pub-id-type="doi" xlink:href="10.1007/11788713_170" assigning-authority="crossref">10.1007/11788713_170</pub-id> <pub-id pub-id-type="doi" xlink:href="10.1007/11788713_170" /></mixed-citation>
				</ref>
				<ref id="ref-00016">
				<mixed-citation>G. Wilcock. Pipelines, templates and transformations: XML for natural language generation. In <italic toggle="yes">Proceedings of the 1st NLP and XML Workshop</italic>, pages 1--8, Tokyo, Japan, 2001.</mixed-citation>
				</ref>
			</ref-list>
</back>
</book-part>
</book-part-wrapper>
