<?xml version="1.0" encoding="UTF-8"?>
<!DOCTYPE book-part-wrapper PUBLIC "-//NLM//DTD BITS Book Interchange DTD with OASIS and XHTML Tables v2.0 20151225//EN" "BITS-book-oasis2.dtd">
<book-part-wrapper xmlns:xlink="http://www.w3.org/1999/xlink" xmlns:mml="http://www.w3.org/1998/Math/MathML" xmlns:oasis="http://www.niso.org/standards/z39-96/ns/oasis-exchange/table" xmlns:xi="http://www.w3.org/2001/XInclude" xmlns:xsi="http://www.w3.org/2001/XMLSchema-instance" dtd-version="2.0" xml:lang="en" content-type="research-article">
<collection-meta collection-type="book-series">
    <collection-id collection-id-type="doi">10.1145/acmotherconferences</collection-id>
    <title-group>
        <title>ACM Other Conferences</title>
    </title-group>
</collection-meta>
	<book-meta>
		<book-id book-id-type="acm-id">2207016</book-id>
		<book-id book-id-type="doi">10.1145/2207016</book-id>
		<book-title-group>
			<book-title>Proceedings of the International Cross-Disciplinary Conference on Web Accessibility</book-title>
			<alt-title alt-title-type="acronym">W4A '12</alt-title>
		</book-title-group>
	</book-meta>
	<book-part xmlns:ali="http://www.niso.org/schemas/ali/1.0/" book-part-type="chapter" xml:lang="en">
		<book-part-meta>
			<book-part-id book-part-id-type="acm-id">2207053</book-part-id>
			<book-part-id book-part-id-type="doi">10.1145/2207016.2207053</book-part-id>
			<book-part-id book-part-id-type="article-no">40</book-part-id>
	<subj-group subj-group-type="ccs2012">
		<compound-subject>
			<compound-subject-part content-type="code">10010405.10010455.10010461</compound-subject-part>
			<compound-subject-part content-type="text">Applied computing~Law, social and behavioral sciences~Sociology</compound-subject-part>
			<compound-subject-part content-type="weight">500</compound-subject-part>
		</compound-subject>
		<compound-subject>
			<compound-subject-part content-type="code">10003456.10003457.10003580.10003587</compound-subject-part>
			<compound-subject-part content-type="text">Social and professional topics~Professional topics~Computing profession~Assistive technologies</compound-subject-part>
			<compound-subject-part content-type="weight">100</compound-subject-part>
		</compound-subject>
		<compound-subject>
			<compound-subject-part content-type="code">10010405.10010497.10010510.10010515</compound-subject-part>
			<compound-subject-part content-type="text">Applied computing~Document management and text processing~Document preparation~Multi / mixed media creation</compound-subject-part>
			<compound-subject-part content-type="weight">100</compound-subject-part>
		</compound-subject>
		<compound-subject>
			<compound-subject-part content-type="code">10003456.10010927.10003616</compound-subject-part>
			<compound-subject-part content-type="text">Social and professional topics~User characteristics~People with disabilities</compound-subject-part>
			<compound-subject-part content-type="weight">100</compound-subject-part>
		</compound-subject>
	</subj-group>
			<title-group>
				<title>Enhancing learning accessibility through fully automatic captioning</title>
			</title-group>
<contrib-group>
   <contrib contrib-type="author" id="artseq-00001">
       <contrib-id contrib-id-type="person_id" authenticated="false">P3282036</contrib-id><contrib-id contrib-id-type="profile_id" authenticated="false">81430661849</contrib-id>
       <name name-style="western">
           <surname>Federico</surname>
           <given-names>Maria</given-names>
       </name>
	<aff>Università di Modena e Reggio Emilia, Modena, Italy</aff><aff><institution-wrap><institution-id institution-id-type="profile_id">60004591</institution-id></institution-wrap></aff>
	<email>maria.federico@unimore.it</email>
	<role>Author</role>
   </contrib>
   <contrib contrib-type="author" id="artseq-00002">
       <contrib-id contrib-id-type="person_id" authenticated="false">P3282037</contrib-id><contrib-id contrib-id-type="profile_id" authenticated="false">81100285539</contrib-id>
       <name name-style="western">
           <surname>Furini</surname>
           <given-names>Marco</given-names>
       </name>
	<aff>Università di Modena e Reggio Emilia, Reggio Emilia, Italy</aff><aff><institution-wrap><institution-id institution-id-type="profile_id">60004591</institution-id></institution-wrap></aff>
	<email>marco.furini@unimore.it</email>
	<role>Author</role>
   </contrib>
</contrib-group>
   <pub-date date-type="publication">
   <day>16</day>
   <month>04</month>
   <year>2012</year>
   </pub-date>
				<fpage>1</fpage>
				<lpage>4</lpage>
		<permissions>
			<copyright-year>2012</copyright-year>
			<copyright-holder>ACM</copyright-holder>
			<license license-type="acmcopyright">
			<license-p>Permission to make digital or hard copies of all or part of this work for personal or classroom use is granted without fee provided that copies are not made or distributed for profit or commercial advantage and that copies bear this notice and the full citation on the first page. Copyrights for components of this work owned by others than ACM must be honored. Abstracting with credit is permitted. To copy otherwise, or republish, to post on servers or to redistribute to lists, requires prior specific permission and/or a fee. Request permissions from Permissions@acm.org</license-p>
			</license>
		</permissions>
		<self-uri content-type="pdf" xlink:href="2207016.2207053.pdf" />
	<abstract>
		<p>The simple act of listening or of taking notes while attending a lesson may represent an insuperable burden for millions of people with some form of disabilities (e.g., hearing impaired, dyslexic and ESL students). In this paper, we propose an architecture that aims at automatically creating captions for video lessons by exploiting advances in speech recognition technologies. Our approach couples the usage of off-the-shelf ASR (Automatic Speech Recognition) software with a novel caption alignment mechanism that smartly introduces unique audio markups into the audio stream before giving it to the ASR and transforms the plain transcript produced by the ASR into a timecoded transcript.</p>
	</abstract>
<kwd-group>
<kwd>accessibility</kwd>
<kwd>automatic captioning</kwd>
<kwd>learning</kwd>
</kwd-group>
		</book-part-meta>
		
	<back>
<ref-list specific-use="unparsed">
				<ref id="ref-00001">
				<mixed-citation>Unesco Report 2005 - The quality imperative. <italic toggle="yes">Global Monitoring Report</italic>, 2005. {on-line} Available at http://www.unesco.org</mixed-citation>
				</ref>
				<ref id="ref-00002">
				<mixed-citation>M. Xu, S. Yan, T-S. Chua, R. Hong, M. Wang. Dynamic captioning: video accessibility enhancement for hearing impairment. In <italic toggle="yes">Proc of the ACM Multimedia Conference</italic>, pp. 421--430, New York, NY, USA, 2010. <pub-id pub-id-type="doi" xlink:href="10.1145/1873951.1874013" assigning-authority="crossref">10.1145/1873951.1874013</pub-id> <pub-id pub-id-type="doi" xlink:href="10.1145/1873951.1874013" /></mixed-citation>
				</ref>
				<ref id="ref-00003">
				<mixed-citation>L. Jelinek, D. Jackson. Television literacy: comprehension of program content using closed captions for the deaf. <italic toggle="yes">Journal of Deaf Stud. Deaf Educ</italic>., Vol. 6, N. 1, pp. 43--53, 2001.</mixed-citation>
				</ref>
				<ref id="ref-00004">
				<mixed-citation>T. Garza. Evaluating the use of captioned video materials in advanced foreign language learning. <italic toggle="yes">Foreign Language Annals</italic>, Vol. 24, N. 3, pp. 239--258, May 1991.</mixed-citation>
				</ref>
				<ref id="ref-00005">
				<mixed-citation>S. Tsuboi, N. Shimogori, T. Ikeda. Automatically generated captions: will they help non-native speakers communicate in english? In <italic toggle="yes">Proc of Intercultural collaboration conference</italic>, ICIC '10, pp. 79--86, New York, NY, USA, 2010. ACM. <pub-id pub-id-type="doi" xlink:href="10.1145/1841853.1841865" assigning-authority="crossref">10.1145/1841853.1841865</pub-id> <pub-id pub-id-type="doi" xlink:href="10.1145/1841853.1841865" /></mixed-citation>
				</ref>
				<ref id="ref-00006">
				<mixed-citation>G. Penn, E. Toms, D. James, C. Munteanu, R. Baecker. The effect of speech recognition accuracy rates on the usefulness and usability of webcast archives. In <italic toggle="yes">Proc of the SIGCHI conference on Human Factors in computing systems</italic>, CHI '06, pp. 493--502, New York, NY, USA, 2006. ACM. <pub-id pub-id-type="doi" xlink:href="10.1145/1124772.1124848" assigning-authority="crossref">10.1145/1124772.1124848</pub-id> <pub-id pub-id-type="doi" xlink:href="10.1145/1124772.1124848" /></mixed-citation>
				</ref>
				<ref id="ref-00007">
				<mixed-citation>M. Wald. Crowdsourcing correction of speech recognition captioning errors. In <italic toggle="yes">Proc of the W4A Conference</italic>, New York, NY, USA, 2011. ACM. <pub-id pub-id-type="doi" xlink:href="10.1145/1969289.1969318" assigning-authority="crossref">10.1145/1969289.1969318</pub-id> <pub-id pub-id-type="doi" xlink:href="10.1145/1969289.1969318" /></mixed-citation>
				</ref>
				<ref id="ref-00008">
				<mixed-citation>A. Knight, K. C. Almeroth. Fast caption alignment for automatic indexing of audio. <italic toggle="yes">International Journal of Multimedia Data Engineering and Management</italic>, Vol. 1, N. 2, pp. 1--17. June 2010. <pub-id pub-id-type="doi" xlink:href="10.4018/jmdem.2010040101" assigning-authority="crossref">10.4018/jmdem.2010040101</pub-id> <pub-id pub-id-type="doi" xlink:href="10.4018/jmdem.2010040101" /></mixed-citation>
				</ref>
			</ref-list>
</back>
</book-part>
</book-part-wrapper>
