<?xml version="1.0" encoding="UTF-8"?>
<!DOCTYPE book-part-wrapper PUBLIC "-//NLM//DTD BITS Book Interchange DTD with OASIS and XHTML Tables v2.0 20151225//EN" "BITS-book-oasis2.dtd">
<book-part-wrapper xmlns:xlink="http://www.w3.org/1999/xlink" xmlns:mml="http://www.w3.org/1998/Math/MathML" xmlns:oasis="http://www.niso.org/standards/z39-96/ns/oasis-exchange/table" xmlns:xi="http://www.w3.org/2001/XInclude" xmlns:xsi="http://www.w3.org/2001/XMLSchema-instance" dtd-version="2.0" xml:lang="en" content-type="research-article">
<collection-meta collection-type="book-series">
    <collection-id collection-id-type="doi">10.1145/acmotherconferences</collection-id>
    <title-group>
        <title>ACM Other Conferences</title>
    </title-group>
</collection-meta>
	<book-meta>
		<book-id book-id-type="acm-id">2207016</book-id>
		<book-id book-id-type="doi">10.1145/2207016</book-id>
		<book-title-group>
			<book-title>Proceedings of the International Cross-Disciplinary Conference on Web Accessibility</book-title>
			<alt-title alt-title-type="acronym">W4A '12</alt-title>
		</book-title-group>
	</book-meta>
	<book-part xmlns:ali="http://www.niso.org/schemas/ali/1.0/" book-part-type="chapter" xml:lang="en">
		<book-part-meta>
			<book-part-id book-part-id-type="acm-id">2207024</book-part-id>
			<book-part-id book-part-id-type="doi">10.1145/2207016.2207024</book-part-id>
			<book-part-id book-part-id-type="article-no">17</book-part-id>
	<subj-group subj-group-type="ccs2012">
		<compound-subject>
			<compound-subject-part content-type="code">10003120.10003121.10003122</compound-subject-part>
			<compound-subject-part content-type="text">Human-centered computing~Human computer interaction (HCI)~HCI design and evaluation methods</compound-subject-part>
			<compound-subject-part content-type="weight">500</compound-subject-part>
		</compound-subject>
		<compound-subject>
			<compound-subject-part content-type="code">10003456.10003457.10003580.10003587</compound-subject-part>
			<compound-subject-part content-type="text">Social and professional topics~Professional topics~Computing profession~Assistive technologies</compound-subject-part>
			<compound-subject-part content-type="weight">100</compound-subject-part>
		</compound-subject>
		<compound-subject>
			<compound-subject-part content-type="code">10003120.10003123.10010860.10010859</compound-subject-part>
			<compound-subject-part content-type="text">Human-centered computing~Interaction design~Interaction design process and methods~User centered design</compound-subject-part>
			<compound-subject-part content-type="weight">100</compound-subject-part>
		</compound-subject>
		<compound-subject>
			<compound-subject-part content-type="code">10003456.10010927.10003616</compound-subject-part>
			<compound-subject-part content-type="text">Social and professional topics~User characteristics~People with disabilities</compound-subject-part>
			<compound-subject-part content-type="weight">100</compound-subject-part>
		</compound-subject>
	</subj-group>
			<title-group>
				<title>Guidelines, icons and marketable skills</title>
				<subtitle>an accessibility evaluation of 100 web development company homepages</subtitle>
			</title-group>
<contrib-group>
   <contrib contrib-type="author" id="artseq-00001">
       <contrib-id contrib-id-type="person_id" authenticated="false">P3281968</contrib-id><contrib-id contrib-id-type="profile_id" authenticated="false">81501656573</contrib-id>
       <name name-style="western">
           <surname>Gilbertson</surname>
           <given-names>Teresa D.</given-names>
       </name>
	<aff>Loughborough University, Leicestershire, UK</aff><aff><institution-wrap><institution-id institution-id-type="profile_id">60000891</institution-id></institution-wrap></aff>
	<email>T.Gilbertson@lboro.ac.uk</email>
	<role>Author</role>
   </contrib>
   <contrib contrib-type="author" id="artseq-00002">
       <contrib-id contrib-id-type="person_id" authenticated="false">P3281969</contrib-id><contrib-id contrib-id-type="profile_id" authenticated="false">81100520129</contrib-id>
       <name name-style="western">
           <surname>Machin</surname>
           <given-names>Colin H. C.</given-names>
       </name>
	<aff>Loughborough University, Leicestershire, UK</aff><aff><institution-wrap><institution-id institution-id-type="profile_id">60000891</institution-id></institution-wrap></aff>
	<email>C.H.C.Machin@lboro.ac.uk</email>
	<role>Author</role>
   </contrib>
</contrib-group>
   <pub-date date-type="publication">
   <day>16</day>
   <month>04</month>
   <year>2012</year>
   </pub-date>
				<fpage>1</fpage>
				<lpage>4</lpage>
		<permissions>
			<copyright-year>2012</copyright-year>
			<copyright-holder>ACM</copyright-holder>
			<license license-type="acmcopyright">
			<license-p>Permission to make digital or hard copies of all or part of this work for personal or classroom use is granted without fee provided that copies are not made or distributed for profit or commercial advantage and that copies bear this notice and the full citation on the first page. Copyrights for components of this work owned by others than ACM must be honored. Abstracting with credit is permitted. To copy otherwise, or republish, to post on servers or to redistribute to lists, requires prior specific permission and/or a fee. Request permissions from Permissions@acm.org</license-p>
			</license>
		</permissions>
		<self-uri content-type="pdf" xlink:href="2207016.2207024.pdf" />
	<abstract>
		<p>Accessible websites are increasingly desired by clients with many web developers listing accessibility as a skill offered by their companies. An accessibility and validation study of 100 UK web development company homepages found that, while the skill set is gaining popularity in terms of visibility, the mention of accessibility on a developer website has no impact in terms of the actual accessibility of the homepage. The presence of validation and conformance icons for XHTML, CSS, WCAG 1.0 and 2.0 also does not necessarily reflect the current state of the site, which may have changed multiple times since the validation occurred. Accessibility errors are still common, with missing alt text and labels and poor keyboard accessibility in terms of keyboard traps as well as omission of "lang" attributes and reused id attribute values listed among the most frequent barriers encountered.</p>
	</abstract>
<kwd-group>
<kwd>WCAG 2.0</kwd>
<kwd>web accessibility</kwd>
<kwd>web developers</kwd>
</kwd-group>
		</book-part-meta>
		
	<back>
<ref-list specific-use="unparsed">
				<ref id="ref-00001">
				<mixed-citation>Disability Rights Commission. 2004. The Web Access and Inclusion for Disabled People A Formal Investigation.</mixed-citation>
				</ref>
				<ref id="ref-00002">
				<mixed-citation>England, R. Flash tabbing and focus solution http://www.discombo.co.uk/new/flashfocus/.</mixed-citation>
				</ref>
				<ref id="ref-00003">
				<mixed-citation>Freire, A. P., Russo, C. M. and Fortes, R. P. M. 2008. A survey on the accessibility awareness of people involved in web development projects in Brazil. In <italic toggle="yes">Proceedings of the 2008 international cross-disciplinary conference on Web accessibility (W4A)</italic>, Beijing, China, ACM, New York, NY, USA, 87--96. <pub-id pub-id-type="doi" xlink:href="10.1145/1368044.1368064" assigning-authority="crossref">10.1145/1368044.1368064</pub-id> <pub-id pub-id-type="doi" xlink:href="10.1145/1368044.1368064" /></mixed-citation>
				</ref>
				<ref id="ref-00004">
				<mixed-citation>Hackett, S., Parmanto, B. and Zeng, X. Number 6/November-December 2005. A retrospective look at website accessibility over time. <italic toggle="yes">Behaviour and Information Technology</italic> 24, 407--417(11).</mixed-citation>
				</ref>
				<ref id="ref-00005">
				<mixed-citation>Lazar, J., Dudley-Sponaugle, A. and Greenidge, K. 2004. Improving web accessibility: a study of webmaster perceptions. <italic toggle="yes">Computers in Human Behavior</italic> 20, 269--288.</mixed-citation>
				</ref>
				<ref id="ref-00006">
				<mixed-citation>Lazar, J. and Greenidge, K. 2006. One year older, but not necessarily wiser: an evaluation of homepage accessibility problems over time. <italic toggle="yes">Univers.Access Inf.Soc</italic>. 4, 285--291. <pub-id pub-id-type="doi" xlink:href="10.1007/s10209-003-0087-1" assigning-authority="crossref">10.1007/s10209-003-0087-1</pub-id> <pub-id pub-id-type="doi" xlink:href="10.1007/s10209-003-0087-1" /></mixed-citation>
				</ref>
				<ref id="ref-00007">
				<mixed-citation>Lopes, R., Van Isacker, K. and Carricco, L. 2010. Redefining assumptions: accessibility and its stakeholders. In <italic toggle="yes">Proceedings of the 12th international conference on Computers helping people with special needs: Part I</italic>, Vienna, Austria, Springer-Verlag, Berlin, Heidelberg, 561--568. <pub-id pub-id-type="doi" xlink:href="10.5555/1886667.1886771" /></mixed-citation>
				</ref>
				<ref id="ref-00008">
				<mixed-citation>Olalere, A. and Lazar, J. 2011. Accessibility of U. S. federal government home pages: Section 508 compliance and site accessibility statements. <italic toggle="yes">Government Information Quarterly</italic> 28, 303--309.</mixed-citation>
				</ref>
				<ref id="ref-00009">
				<mixed-citation>Rosson, M. B., Ballin, J. and Rode, J. 2005. Who, What, and How: A Survey of Informal and Professional Web Developers. In <italic toggle="yes">Proceedings of the 2005 IEEE Symposium on Visual Languages and Human-Centric Computing</italic>, IEEE Computer Society, Washington, DC, USA, 199--206. <pub-id pub-id-type="doi" xlink:href="10.1109/VLHCC.2005.73" assigning-authority="crossref">10.1109/VLHCC.2005.73</pub-id> <pub-id pub-id-type="doi" xlink:href="10.1109/VLHCC.2005.73" /></mixed-citation>
				</ref>
				<ref id="ref-00010">
				<mixed-citation>Thompson, T. 2009. A Longitudinal Study on Higher Education Web Accessibility: Implications for Advocates. In <italic toggle="yes">12th Annual Accessing Higher Ground Accessible Media, Web and Technology Conference</italic>, Boulder, Colorado, November 10--14,.</mixed-citation>
				</ref>
				<ref id="ref-00011">
				<mixed-citation>Trewin, S., Cragun, B., Swart, C., Brezin, J. and Richards, J. 2010. Accessibility challenges and tool features: an IBM Web developer perspective. In <italic toggle="yes">Proceedings of the 2010 International Cross Disciplinary Conference on Web Accessibility (W4A)</italic>, Raleigh, North Carolina, ACM, New York, NY, USA, 32:1--32:10. <pub-id pub-id-type="doi" xlink:href="10.1145/1805986.1806029" assigning-authority="crossref">10.1145/1805986.1806029</pub-id> <pub-id pub-id-type="doi" xlink:href="10.1145/1805986.1806029" /></mixed-citation>
				</ref>
				<ref id="ref-00012">
				<mixed-citation>Giving keyboard focus to an embedded Flash movie http://kb2.adobe.com/cps/155/tn_15586.html.</mixed-citation>
				</ref>
				<ref id="ref-00013">
				<mixed-citation>W3C CSS Validation Service http://jigsaw.w3.org/css-validator/.</mixed-citation>
				</ref>
				<ref id="ref-00014">
				<mixed-citation>W3C Validation Markup Service http://validator.w3.org/.</mixed-citation>
				</ref>
				<ref id="ref-00015">
				<mixed-citation>Web Accessibility Checker http://achecker.ca/checker/index.php.</mixed-citation>
				</ref>
				<ref id="ref-00016">
				<mixed-citation>Web Content Accessibility Guidelines (WCAG) 2.0 W3C Recommedation 11 December 2008 http://www.w3.org/TR/2008/REC-WCAG20-20081211/.</mixed-citation>
				</ref>
			</ref-list>
</back>
</book-part>
</book-part-wrapper>
