<?xml version="1.0" encoding="UTF-8"?>
<!DOCTYPE book-part-wrapper PUBLIC "-//NLM//DTD BITS Book Interchange DTD with OASIS and XHTML Tables v2.0 20151225//EN" "BITS-book-oasis2.dtd">
<book-part-wrapper xmlns:xlink="http://www.w3.org/1999/xlink" xmlns:mml="http://www.w3.org/1998/Math/MathML" xmlns:oasis="http://www.niso.org/standards/z39-96/ns/oasis-exchange/table" xmlns:xi="http://www.w3.org/2001/XInclude" xmlns:xsi="http://www.w3.org/2001/XMLSchema-instance" dtd-version="2.0" xml:lang="en" content-type="research-article">
<collection-meta collection-type="book-series">
    <collection-id collection-id-type="doi">10.1145/acmotherconferences</collection-id>
    <title-group>
        <title>ACM Other Conferences</title>
    </title-group>
</collection-meta>
	<book-meta>
		<book-id book-id-type="acm-id">2207016</book-id>
		<book-id book-id-type="doi">10.1145/2207016</book-id>
		<book-title-group>
			<book-title>Proceedings of the International Cross-Disciplinary Conference on Web Accessibility</book-title>
			<alt-title alt-title-type="acronym">W4A '12</alt-title>
		</book-title-group>
	</book-meta>
	<book-part xmlns:ali="http://www.niso.org/schemas/ali/1.0/" book-part-type="chapter" xml:lang="en">
		<book-part-meta>
			<book-part-id book-part-id-type="acm-id">2207029</book-part-id>
			<book-part-id book-part-id-type="doi">10.1145/2207016.2207029</book-part-id>
			<book-part-id book-part-id-type="article-no">21</book-part-id>
	<subj-group subj-group-type="ccs2012">
		<compound-subject>
			<compound-subject-part content-type="code">10003120.10003121.10003122</compound-subject-part>
			<compound-subject-part content-type="text">Human-centered computing~Human computer interaction (HCI)~HCI design and evaluation methods</compound-subject-part>
			<compound-subject-part content-type="weight">500</compound-subject-part>
		</compound-subject>
		<compound-subject>
			<compound-subject-part content-type="code">10003456.10003457.10003580.10003587</compound-subject-part>
			<compound-subject-part content-type="text">Social and professional topics~Professional topics~Computing profession~Assistive technologies</compound-subject-part>
			<compound-subject-part content-type="weight">100</compound-subject-part>
		</compound-subject>
		<compound-subject>
			<compound-subject-part content-type="code">10003456.10010927.10003616</compound-subject-part>
			<compound-subject-part content-type="text">Social and professional topics~User characteristics~People with disabilities</compound-subject-part>
			<compound-subject-part content-type="weight">100</compound-subject-part>
		</compound-subject>
	</subj-group>
			<title-group>
				<title>Certification or conformance</title>
				<subtitle>making a successful commitment to WCAG 2.0</subtitle>
			</title-group>
<contrib-group>
   <contrib contrib-type="author" id="artseq-00001">
       <contrib-id contrib-id-type="person_id" authenticated="false">P3281980</contrib-id><contrib-id contrib-id-type="profile_id" authenticated="false">81100543124</contrib-id>
       <name name-style="western">
           <surname>Keith</surname>
           <given-names>Suzette</given-names>
       </name>
	<aff>Middlesex University, The Burroughs, London, UK</aff><aff><institution-wrap><institution-id institution-id-type="profile_id">60014105</institution-id></institution-wrap></aff>
	<email>suzette.skeith@gmail.com</email>
	<role>Author</role>
   </contrib>
   <contrib contrib-type="author" id="artseq-00002">
       <contrib-id contrib-id-type="person_id" authenticated="false">P3281981</contrib-id><contrib-id contrib-id-type="profile_id" authenticated="false">81501679971</contrib-id>
       <name name-style="western">
           <surname>Floratos</surname>
           <given-names>Nikolaos</given-names>
       </name>
	<aff>eAccessibility expert, Greece</aff>
	<email>nikolaos.floratos@gmail.com</email>
	<role>Author</role>
   </contrib>
   <contrib contrib-type="author" id="artseq-00003">
       <contrib-id contrib-id-type="person_id" authenticated="false">P3281982</contrib-id><contrib-id contrib-id-type="profile_id" authenticated="false">81319504270</contrib-id>
       <name name-style="western">
           <surname>Whitney</surname>
           <given-names>Gill</given-names>
       </name>
	<aff>Middlesex University, The Burroughs, London, UK</aff><aff><institution-wrap><institution-id institution-id-type="profile_id">60014105</institution-id></institution-wrap></aff>
	<email>g.whitney@mdx.ac.uk</email>
	<role>Author</role>
   </contrib>
</contrib-group>
   <pub-date date-type="publication">
   <day>16</day>
   <month>04</month>
   <year>2012</year>
   </pub-date>
				<fpage>1</fpage>
				<lpage>4</lpage>
		<permissions>
			<copyright-year>2012</copyright-year>
			<copyright-holder>ACM</copyright-holder>
			<license license-type="acmcopyright">
			<license-p>Permission to make digital or hard copies of all or part of this work for personal or classroom use is granted without fee provided that copies are not made or distributed for profit or commercial advantage and that copies bear this notice and the full citation on the first page. Copyrights for components of this work owned by others than ACM must be honored. Abstracting with credit is permitted. To copy otherwise, or republish, to post on servers or to redistribute to lists, requires prior specific permission and/or a fee. Request permissions from Permissions@acm.org</license-p>
			</license>
		</permissions>
		<self-uri content-type="pdf" xlink:href="2207016.2207029.pdf" />
	<abstract>
		<p>The need for accessible websites is well recognized and the accessibility guidelines (WCAG 2.0) provide an important benchmark standard for measuring progress of eGoverment and commercial websites. This study was commissioned by ANEC and aimed to examine the effects of voluntary and third party certification schemes on actual conformance with web accessibility standards.</p> <p>A sample of 100 websites claiming voluntary or certified conformance to accessibility standards were selected from 5 European countries. In a combination of automatic tests and manual inspection it was found that simple measures of numbers of passes to WCAG 2.0 level A were highly disappointing. Closer inspection of the results revealed that a limited number of criteria at level A accounted for more than half the failures. These individual failures at level A tend to mask the commitment made by development teams to meet the needs of disabled users. Clearer processes are needed to identify and resolve these persistent barriers in order to support web development and achieve better and more consistent conformance to accessibility guidelines.</p>
	</abstract>
<kwd-group>
<kwd>WCAG 2.0</kwd>
<kwd>accessibility evaluation</kwd>
</kwd-group>
		</book-part-meta>
		
	<back>
<ref-list specific-use="unparsed">
				<ref id="ref-00001">
				<mixed-citation>Caldwell B., Cooper M., Guarino Reid L., Vanderheiden G. 2008. <italic toggle="yes">Accessibility Guidelines (WCAG) 2.0</italic>. W3C. Http://www.w3.org/TR/WCAG20/</mixed-citation>
				</ref>
				<ref id="ref-00002">
				<mixed-citation>CEN/BT/WG 185 2008. <italic toggle="yes">"eAccessibility" European accessibility requirements for public procurement of products and services in the ICT domain</italic>. European Commission Mandate M 376, Phase 1) 2008-09-24</mixed-citation>
				</ref>
				<ref id="ref-00003">
				<mixed-citation>Cooper, M., Guarino Reid, L., Vanderheiden, G. (eds.) 2012. <italic toggle="yes">Techniques for WCAG 2.0 Techniques and F ailures for Web Content Accessibility Guidelines 2.0</italic>. W3C. Http://www.w3.org/TR/WCAG20-TECHS/</mixed-citation>
				</ref>
				<ref id="ref-00004">
				<mixed-citation>European Commission 2009. <italic toggle="yes">Study: Web accessibility in European countries: level of compliance with latest international accessibility specifications</italic>. Including Appendix 2. European Commission 2009. Http://ec.europa.eu/information_society/activities/einclusion/library/studies/web_access_compliance/index_en.htm</mixed-citation>
				</ref>
				<ref id="ref-00005">
				<mixed-citation>Keith S., Floratos N. 2011. <italic toggle="yes">Declaring conformance on web accessibility</italic>. ANEC. Http://www.anec.eu/attachments/ANEC-R&amp;T-2011-ICT-002finalrev2.pdf</mixed-citation>
				</ref>
				<ref id="ref-00006">
				<mixed-citation>MEAC 2007. <italic toggle="yes">MeAC - Measuring Progress of eAccessibility in Europe. Assessment of the Status of eAccessibility in Europe. 2007</italic>. EC. Http://ec.europa.eu/information_society/activities/einclusion/library/studies/meac_study/index_en.htm</mixed-citation>
				</ref>
				<ref id="ref-00007">
				<mixed-citation>MeAC 2008. <italic toggle="yes">MeAC - Measuring Progress of eAccessibility in Europe. eAccessibility status follow-up 2008</italic>. Http://ec.europa.eu/information_society/activities/einclusion/library/studies/meac_study/index_en.htm</mixed-citation>
				</ref>
				<ref id="ref-00008">
				<mixed-citation>Riga 2006. <italic toggle="yes">Ministerial Declaration on an Inclusive Information Society</italic>, Riga, Latvia, 11 June 2006. http://ec.europa.eu/information_society/events/ict_riga_2006/doc/declaration_riga.pdf</mixed-citation>
				</ref>
				<ref id="ref-00009">
				<mixed-citation>Vanderheiden G., Chisholm W., Jacobs I. 1999. <italic toggle="yes">Web Content Accessibility Guidelines 1.0</italic>, W3.5 May 1999, http://www.w3.org/TR/WAI-WEBCONTENT</mixed-citation>
				</ref>
			</ref-list>
</back>
</book-part>
</book-part-wrapper>
