<?xml version="1.0" encoding="UTF-8"?>
<!DOCTYPE book-part-wrapper PUBLIC "-//NLM//DTD BITS Book Interchange DTD with OASIS and XHTML Tables v2.0 20151225//EN" "BITS-book-oasis2.dtd">
<book-part-wrapper xmlns:xlink="http://www.w3.org/1999/xlink" xmlns:mml="http://www.w3.org/1998/Math/MathML" xmlns:oasis="http://www.niso.org/standards/z39-96/ns/oasis-exchange/table" xmlns:xi="http://www.w3.org/2001/XInclude" xmlns:xsi="http://www.w3.org/2001/XMLSchema-instance" dtd-version="2.0" xml:lang="en" content-type="research-article">
<collection-meta collection-type="book-series">
    <collection-id collection-id-type="doi">10.1145/acmotherconferences</collection-id>
    <title-group>
        <title>ACM Other Conferences</title>
    </title-group>
</collection-meta>
	<book-meta>
		<book-id book-id-type="acm-id">2207016</book-id>
		<book-id book-id-type="doi">10.1145/2207016</book-id>
		<book-title-group>
			<book-title>Proceedings of the International Cross-Disciplinary Conference on Web Accessibility</book-title>
			<alt-title alt-title-type="acronym">W4A '12</alt-title>
		</book-title-group>
	</book-meta>
	<book-part xmlns:ali="http://www.niso.org/schemas/ali/1.0/" book-part-type="chapter" xml:lang="en">
		<book-part-meta>
			<book-part-id book-part-id-type="acm-id">2207043</book-part-id>
			<book-part-id book-part-id-type="doi">10.1145/2207016.2207043</book-part-id>
			<book-part-id book-part-id-type="article-no">32</book-part-id>
	<subj-group subj-group-type="ccs2012">
		<compound-subject>
			<compound-subject-part content-type="code">10003120.10003121</compound-subject-part>
			<compound-subject-part content-type="text">Human-centered computing~Human computer interaction (HCI)</compound-subject-part>
			<compound-subject-part content-type="weight">500</compound-subject-part>
		</compound-subject>
		<compound-subject>
			<compound-subject-part content-type="code">10010147.10010178.10010216.10010217</compound-subject-part>
			<compound-subject-part content-type="text">Computing methodologies~Artificial intelligence~Philosophical/theoretical foundations of artificial intelligence~Cognitive science</compound-subject-part>
			<compound-subject-part content-type="weight">100</compound-subject-part>
		</compound-subject>
		<compound-subject>
			<compound-subject-part content-type="code">10003120.10003121</compound-subject-part>
			<compound-subject-part content-type="text">Human-centered computing~Human computer interaction (HCI)</compound-subject-part>
			<compound-subject-part content-type="weight">100</compound-subject-part>
		</compound-subject>
		<compound-subject>
			<compound-subject-part content-type="code">10003456.10003462</compound-subject-part>
			<compound-subject-part content-type="text">Social and professional topics~Computing / technology policy</compound-subject-part>
			<compound-subject-part content-type="weight">100</compound-subject-part>
		</compound-subject>
	</subj-group>
			<title-group>
				<title>Methodology for identifying and solving accessibility related issues in web content management system environments</title>
			</title-group>
<contrib-group>
   <contrib contrib-type="author" id="artseq-00001">
       <contrib-id contrib-id-type="person_id" authenticated="false">P3282012</contrib-id><contrib-id contrib-id-type="profile_id" authenticated="false">81351597810</contrib-id>
       <name name-style="western">
           <surname>López</surname>
           <given-names>Juan Miguel</given-names>
       </name>
	<aff>University of the Basque Country (Spain)</aff><aff><institution-wrap><institution-id institution-id-type="profile_id">60027856</institution-id></institution-wrap></aff>
	<email>juanmiguel.lopez@ehu.es</email>
	<role>Author</role>
   </contrib>
   <contrib contrib-type="author" id="artseq-00002">
       <contrib-id contrib-id-type="person_id" authenticated="false">P3282013</contrib-id><contrib-id contrib-id-type="profile_id" authenticated="false">81453647977</contrib-id>
       <name name-style="western">
           <surname>Pascual</surname>
           <given-names>Afra</given-names>
       </name>
	<aff>University of Lleida (Spain)</aff><aff><institution-wrap><institution-id institution-id-type="profile_id">60032717</institution-id></institution-wrap></aff>
	<email>apascual@diei.udl.cat</email>
	<role>Author</role>
   </contrib>
   <contrib contrib-type="author" id="artseq-00003">
       <contrib-id contrib-id-type="person_id" authenticated="false">P3282014</contrib-id><contrib-id contrib-id-type="profile_id" authenticated="false">81501682954</contrib-id>
       <name name-style="western">
           <surname>Menduiña</surname>
           <given-names>Cristina</given-names>
       </name>
	<aff>University of Lleida (Spain)</aff><aff><institution-wrap><institution-id institution-id-type="profile_id">60032717</institution-id></institution-wrap></aff>
	<email>cmenduinya@alumnes.udl.cat</email>
	<role>Author</role>
   </contrib>
   <contrib contrib-type="author" id="artseq-00004">
       <contrib-id contrib-id-type="person_id" authenticated="false">P3282015</contrib-id><contrib-id contrib-id-type="profile_id" authenticated="false">81442593715</contrib-id>
       <name name-style="western">
           <surname>Granollers</surname>
           <given-names>Toni</given-names>
       </name>
	<aff>University of Lleida (Spain)</aff><aff><institution-wrap><institution-id institution-id-type="profile_id">60032717</institution-id></institution-wrap></aff>
	<email>tonig@diei.udl.cat</email>
	<role>Author</role>
   </contrib>
</contrib-group>
   <pub-date date-type="publication">
   <day>16</day>
   <month>04</month>
   <year>2012</year>
   </pub-date>
				<fpage>1</fpage>
				<lpage>8</lpage>
		<permissions>
			<copyright-year>2012</copyright-year>
			<copyright-holder>ACM</copyright-holder>
			<license license-type="acmcopyright">
			<license-p>Permission to make digital or hard copies of all or part of this work for personal or classroom use is granted without fee provided that copies are not made or distributed for profit or commercial advantage and that copies bear this notice and the full citation on the first page. Copyrights for components of this work owned by others than ACM must be honored. Abstracting with credit is permitted. To copy otherwise, or republish, to post on servers or to redistribute to lists, requires prior specific permission and/or a fee. Request permissions from Permissions@acm.org</license-p>
			</license>
		</permissions>
		<self-uri content-type="pdf" xlink:href="2207016.2207043.pdf" />
	<abstract>
		<p>This work presents a methodology that allows identifying and solving accessibility related issues in web pages using Web Content Management System (CMS) environments. In this sense, the methodology establishes a series of steps to be performed in order to ensure that the content managed by CMSs is accessible. A study has been performed on two different CMSs to check the validity of the steps defined in the methodology. The paper includes the methodology used, the evaluation performed on both CMS (OpenCMS and Typo3) and the key findings of the analysis. The results of the study have been positive as the objective of providing CMS environments that allow developing accessible web pages has been fulfilled.</p>
	</abstract>
<kwd-group>
<kwd>web accessibility</kwd>
<kwd>web accessibility evaluation</kwd>
<kwd>web engineering</kwd>
<kwd>web science</kwd>
</kwd-group>
		</book-part-meta>
		
	<back>
<ref-list specific-use="unparsed">
				<ref id="ref-00001">
				<mixed-citation>U.S. Government, Section 508. Retrieved in March 2012 from: http://www.section508.gov</mixed-citation>
				</ref>
				<ref id="ref-00002">
				<mixed-citation>Article 26 of the EU Charter of Fundamental Rights. Last accessed in March 2012 from: http://www.europarl.europa.eu/charter/pdf/text_en.pdf</mixed-citation>
				</ref>
				<ref id="ref-00003">
				<mixed-citation>Chisolm, W., Vanderheiden, G., Jacobs, I. Web Content Accessibility Guidelines 1.0, World Wide Web Consortium, 1999. Last accessed in March 2012 from: http://www.w3.org/TR/WCAG10/</mixed-citation>
				</ref>
				<ref id="ref-00004">
				<mixed-citation>Caldwell, B., Cooper, M., Guarino, L., Vanderheiden, G. Web Content Accessibility Guidelines (WCAG) 2.0. Last accessed in March 2012 from: http://www.w3.org/TR/WCAG20/</mixed-citation>
				</ref>
				<ref id="ref-00005">
				<mixed-citation>S. Abou-Zahra. Complete List of Web Accessibility Evaluation Tools. Last accessed in March 2012 from: http://www.w3.org/WAI/ER/tools/complete</mixed-citation>
				</ref>
				<ref id="ref-00006">
				<mixed-citation>Treviranus J., McCathieNevile C., Jacobs I., Richards J. Authoring Tool Accessibility Guidelines 1.0. Last accessed in March 2012 from: http://www.w3.org/TR/WAI-AUTOOLS/</mixed-citation>
				</ref>
				<ref id="ref-00007">
				<mixed-citation>Richards, J., Spellman, J., Treviranus, J. Authoring Tool Accessibility Guidelines 2.0. Last accessed in March 2012 from: http://www.w3.org/TR/ATAG20/</mixed-citation>
				</ref>
				<ref id="ref-00008">
				<mixed-citation>López, J. M., Pascual, A., Masip, L., Granollers, T., Cardet, X. Influence of Web Content management Systems in Web Content Accessibility. Interact 2011. Lecture Notes in Computer Science, 2011, Volume 6949/2011, 548--551 <pub-id pub-id-type="doi" xlink:href="10.5555/2042283.2042373" /></mixed-citation>
				</ref>
				<ref id="ref-00009">
				<mixed-citation>Schulz, M., Pieper, M. Web Compliance Management: Barrier-Free Websites Just by Simply Pressing the Button? Accessibility and the Use of Content-Management-Systems. C. Stephanidis and M. Pieper (Eds.): ERCIM UI4ALL 2006, LNCS 4397, pp. 419--426, 2007 <pub-id pub-id-type="doi" xlink:href="10.5555/1783789.1783820" /></mixed-citation>
				</ref>
				<ref id="ref-00010">
				<mixed-citation>Nedbal, D., Petz, G. Implementation Concept for an Accessible Web CMS. ICCHP 2010. LNCS, Volume 6179/2010, pp. 456--463 <pub-id pub-id-type="doi" xlink:href="10.5555/1886667.1886751" /></mixed-citation>
				</ref>
				<ref id="ref-00011">
				<mixed-citation>Using CMS to implement accessibility and improve ROI Do current CMSs help businesses to deploy accessible sites that also provide ROI? Lofton, J. F</mixed-citation>
				</ref>
				<ref id="ref-00012">
				<mixed-citation>Burzagli, L., Billi, M., Gabbanini, F., Graziani, P., Palchetti, E. The Use of Current Content Management Systems for Accessibility. In: Miesenberger, K., Klaus, J., Zagler, W. L., Karshmer, A. I. (eds.) ICCHP 2004. LNCS, vol. 3318, pp. 331--338</mixed-citation>
				</ref>
				<ref id="ref-00013">
				<mixed-citation>Xiong, J., Farenc, C., Winckler, M. Analyzing Tool Support for Inspecting Accessibility Guidelines during the Development Process of Web Sites. In Proceedings of 1st IWWUA workshop inside WISE 2007. Springer LNCS 4832. Pp. 470--480. <pub-id pub-id-type="doi" xlink:href="10.5555/1781503.1781555" /></mixed-citation>
				</ref>
				<ref id="ref-00014">
				<mixed-citation>Brajnik, G.: Web Accessibility Testing: When the Method is the Culprit. In: Miesenberger, K., Klaus, J., Zagler, W. L., Karshmer, A. I. (eds.) ICCHP 2006. LNCS, vol. 4061, pp. 156--163. Springer, Heidelberg (2006) <pub-id pub-id-type="doi" xlink:href="10.1007/11788713_24" assigning-authority="crossref">10.1007/11788713_24</pub-id> <pub-id pub-id-type="doi" xlink:href="10.1007/11788713_24" /></mixed-citation>
				</ref>
				<ref id="ref-00015">
				<mixed-citation>Abascal, J., Arrue, M, Vigo, M. A Methodoloy for web Accessibility Development and Maintenance. In: Zaphiris, P., Kurniawan, S.: HCI Research in web Design and Evaluation. Idea Group Publishing, 2006. ISBN. 1-59904-248-7.</mixed-citation>
				</ref>
				<ref id="ref-00016">
				<mixed-citation>López, J. M., Pascual, A., Granollers, A. Engineering Accessibility in Web Content Management System Environments. WISE 2009. LNCS Vol. 5802, pp. 597--604 <pub-id pub-id-type="doi" xlink:href="10.1007/978-3-642-04409-0_58" assigning-authority="crossref">10.1007/978-3-642-04409-0_58</pub-id> <pub-id pub-id-type="doi" xlink:href="10.1007/978-3-642-04409-0_58" /></mixed-citation>
				</ref>
				<ref id="ref-00017">
				<mixed-citation>Connor, J. O. Choosing an Accessible CMS. Retrieved in March 2012 from: http://juicystudio.com/article/choosing-an-accessible-cms.php</mixed-citation>
				</ref>
				<ref id="ref-00018">
				<mixed-citation>NCDAE Tips and Tools: Content Management Systems &amp; Accessibility. Retrieved in March 2012 from: http://ncdae.org/resources/factsheets/cms.php</mixed-citation>
				</ref>
				<ref id="ref-00019">
				<mixed-citation>Evaluating Web Sites for Accessibility. Retrieved in March 2012 from: http://www.w3.org/WAI/eval/Overview.html</mixed-citation>
				</ref>
				<ref id="ref-00020">
				<mixed-citation>Hezart, A., Naik, S., Araujo, A., Watters, P. A. "Solving Frame-Based Accessibility Problems in Web Content Management," CIMCA-IAWTIC'05, vol. 1, pp.246--250, 2005 <pub-id pub-id-type="doi" xlink:href="10.5555/1134823.1135128" /></mixed-citation>
				</ref>
				<ref id="ref-00021">
				<mixed-citation>ISO 639: Code for the Representation of Names of Languages. 1st ed. Geneva: International Standardization organization, 1988. 17 p</mixed-citation>
				</ref>
				<ref id="ref-00022">
				<mixed-citation>Royal decree number 1494/2007. Spanish. Official State Bulletin 279, 2007, pp. 47567--47572 (In Spanish). Last accessed in March 2012 from: http://www.boe.es/aeboe/consultas/bases_datos/doc.php?id=BOE-A-2007-19968.</mixed-citation>
				</ref>
				<ref id="ref-00023">
				<mixed-citation>Italian Government. Requisiti tecnici e i diversi livelli per l'accessibilità agli strumenti informatici. July 2005. G. U. n. 183 8/8/2005. Last accessed in March 2012 from: www.pubbliaccesso.it/normative/DM080705.htm.</mixed-citation>
				</ref>
			</ref-list>
</back>
</book-part>
</book-part-wrapper>
