<?xml version="1.0" encoding="UTF-8"?>
<!DOCTYPE book-part-wrapper PUBLIC "-//NLM//DTD BITS Book Interchange DTD with OASIS and XHTML Tables v2.0 20151225//EN" "BITS-book-oasis2.dtd">
<book-part-wrapper xmlns:xlink="http://www.w3.org/1999/xlink" xmlns:mml="http://www.w3.org/1998/Math/MathML" xmlns:oasis="http://www.niso.org/standards/z39-96/ns/oasis-exchange/table" xmlns:xi="http://www.w3.org/2001/XInclude" xmlns:xsi="http://www.w3.org/2001/XMLSchema-instance" dtd-version="2.0" xml:lang="en" content-type="research-article">
<collection-meta collection-type="book-series">
    <collection-id collection-id-type="doi">10.1145/acmotherconferences</collection-id>
    <title-group>
        <title>ACM Other Conferences</title>
    </title-group>
</collection-meta>
	<book-meta>
		<book-id book-id-type="acm-id">2461121</book-id>
		<book-id book-id-type="doi">10.1145/2461121</book-id>
		<book-title-group>
			<book-title>Proceedings of the 10th International Cross-Disciplinary Conference on Web Accessibility</book-title>
			<alt-title alt-title-type="acronym">W4A '13</alt-title>
		</book-title-group>
	</book-meta>
	<book-part xmlns:ali="http://www.niso.org/schemas/ali/1.0/" book-part-type="chapter" xml:lang="en">
		<book-part-meta>
			<book-part-id book-part-id-type="acm-id">2461135</book-part-id>
			<book-part-id book-part-id-type="doi">10.1145/2461121.2461135</book-part-id>
			<book-part-id book-part-id-type="article-no">28</book-part-id>
	<subj-group subj-group-type="ccs2012">
		<compound-subject>
			<compound-subject-part content-type="code">10003120.10003130</compound-subject-part>
			<compound-subject-part content-type="text">Human-centered computing~Collaborative and social computing</compound-subject-part>
			<compound-subject-part content-type="weight">500</compound-subject-part>
		</compound-subject>
		<compound-subject>
			<compound-subject-part content-type="code">10003120.10003130</compound-subject-part>
			<compound-subject-part content-type="text">Human-centered computing~Collaborative and social computing</compound-subject-part>
			<compound-subject-part content-type="weight">100</compound-subject-part>
		</compound-subject>
	</subj-group>
			<title-group>
				<title>Crowdsourcing platform for workplace accessibility</title>
			</title-group>
<contrib-group>
   <contrib contrib-type="author" id="artseq-00001">
       <contrib-id contrib-id-type="person_id" authenticated="false">P4141142</contrib-id><contrib-id contrib-id-type="profile_id" authenticated="false">81408594028</contrib-id>
       <name name-style="western">
           <surname>Takagi</surname>
           <given-names>Hironobu</given-names>
       </name>
	<aff>IBM Research -- Tokyo</aff><aff><institution-wrap><institution-id institution-id-type="profile_id">60107858</institution-id></institution-wrap></aff>
	<email>takagih@jp.ibm.com</email>
	<role>Author</role>
   </contrib>
   <contrib contrib-type="author" id="artseq-00002">
       <contrib-id contrib-id-type="person_id" authenticated="false">P4141143</contrib-id><contrib-id contrib-id-type="profile_id" authenticated="false">81758712557</contrib-id>
       <name name-style="western">
           <surname>Kosugi</surname>
           <given-names>Akihiro</given-names>
       </name>
	<aff>IBM Research -- Tokyo</aff><aff><institution-wrap><institution-id institution-id-type="profile_id">60107858</institution-id></institution-wrap></aff>
	<email>a1kosugi@jp.ibm.com</email>
	<role>Author</role>
   </contrib>
   <contrib contrib-type="author" id="artseq-00003">
       <contrib-id contrib-id-type="person_id" authenticated="false">P4141144</contrib-id><contrib-id contrib-id-type="profile_id" authenticated="false">81100652304</contrib-id>
       <name name-style="western">
           <surname>Saito</surname>
           <given-names>Shin</given-names>
       </name>
	<aff>IBM Research -- Tokyo</aff><aff><institution-wrap><institution-id institution-id-type="profile_id">60107858</institution-id></institution-wrap></aff>
	<email>shinsa@jp.ibm.com</email>
	<role>Author</role>
   </contrib>
   <contrib contrib-type="author" id="artseq-00004">
       <contrib-id contrib-id-type="person_id" authenticated="false">P4141145</contrib-id><contrib-id contrib-id-type="profile_id" authenticated="false">81361600041</contrib-id>
       <name name-style="western">
           <surname>Teraguchi</surname>
           <given-names>Masayoshi</given-names>
       </name>
	<aff>IBM Research -- Tokyo</aff><aff><institution-wrap><institution-id institution-id-type="profile_id">60107858</institution-id></institution-wrap></aff>
	<email>teraguti@jp.ibm.com</email>
	<role>Author</role>
   </contrib>
</contrib-group>
   <pub-date date-type="publication">
   <day>13</day>
   <month>05</month>
   <year>2013</year>
   </pub-date>
				<fpage>1</fpage>
				<lpage>4</lpage>
		<permissions>
			<copyright-year>2013</copyright-year>
			<copyright-holder>ACM</copyright-holder>
			<license license-type="acmcopyright">
			<license-p>Permission to make digital or hard copies of all or part of this work for personal or classroom use is granted without fee provided that copies are not made or distributed for profit or commercial advantage and that copies bear this notice and the full citation on the first page. Copyrights for components of this work owned by others than ACM must be honored. Abstracting with credit is permitted. To copy otherwise, or republish, to post on servers or to redistribute to lists, requires prior specific permission and/or a fee. Request permissions from Permissions@acm.org</license-p>
			</license>
		</permissions>
		<self-uri content-type="pdf" xlink:href="2461121.2461135.pdf" />
	<abstract>
		<p>Our modern workplace is filled with information sources such as the Web, videos, documents and images. Each employee is required to learn from these sources to work effectively and to contribute to the company's business. Crowdsourcing services have a great potential to improve workplace accessibility by providing captions for meeting videos, describing key diagrams, and converting scanned materials into text files. However, it is risky to expose confidential materials in a public crowd. Crowdsourcing to employees who have knowledge and expertise may solve the issue of confidentiality, but it is difficult to reach them to access their "niche" spare time for tasks given their busy work schedules. Therefore, we propose a crowdsourcing platform to securely disseminate tasks to employees by inviting them to do microtasks. The basic strategy is akin to Web advertising. The system automatically suggests tasks to employees as a part of intranet webpages and in e-mail clients by considering work contexts, employee interests and expertise, and the security of the materials. We will first discuss the pros and cons of intraorganizational crowdsourcing and then propose the new crowdsourcing platform.</p>
	</abstract>
<kwd-group>
<kwd>accessibility</kwd>
<kwd>crowdsourcing</kwd>
<kwd>images</kwd>
<kwd>intranet</kwd>
<kwd>workplace</kwd>
</kwd-group>
<funding-group specific-use="FundRef">
	<award-group id="award1">
		<funding-source id="GS1">
			<institution-wrap>
			<institution>Japan Science and Technology Agency</institution>
			<institution-id institution-id-type="FundRef">http://dx.doi.org/10.13039/501100002241</institution-id>
			</institution-wrap>
		</funding-source>
	</award-group>
</funding-group>
		</book-part-meta>
		
	<back>
<ref-list specific-use="unparsed">
				<ref id="ref-00001">
				<mixed-citation>Bigham, J. P., Jayant, C., Ji, H., Little, G., Miller, A., Miller, R. C., Miller, R., Tatarowicz, A., White, B., White, S., and Yeh, T. 2010. VizWiz: nearly real-time answers to visual questions. In Proc. UIST '10. 333--342. <pub-id pub-id-type="doi" xlink:href="10.1145/1866029.1866080" assigning-authority="crossref">10.1145/1866029.1866080</pub-id> <pub-id pub-id-type="doi" xlink:href="10.1145/1866029.1866080" /></mixed-citation>
				</ref>
				<ref id="ref-00002">
				<mixed-citation>Bigham, J. P., Ladner, R. E., and Borodin, Y. 2011. The design of human-powered access technology. In Proc. ASSETS '11. 3--10. <pub-id pub-id-type="doi" xlink:href="10.1145/2049536.2049540" assigning-authority="crossref">10.1145/2049536.2049540</pub-id> <pub-id pub-id-type="doi" xlink:href="10.1145/2049536.2049540" /></mixed-citation>
				</ref>
				<ref id="ref-00003">
				<mixed-citation>Goldberg, D., Nichols D., Oki, B. M., and Terry, D. 1992. Using collaborative filtering to weave an information tapestry. CACM 35, 12, 61--70. <pub-id pub-id-type="doi" xlink:href="10.1145/138859.138867" assigning-authority="crossref">10.1145/138859.138867</pub-id> <pub-id pub-id-type="doi" xlink:href="10.1145/138859.138867" /></mixed-citation>
				</ref>
				<ref id="ref-00004">
				<mixed-citation>IQ Engines. VisionIQ, https://www.iqengines.com/.</mixed-citation>
				</ref>
				<ref id="ref-00005">
				<mixed-citation>Ishihara, T., Takagi, H., Itoh, T., and Asakawa, C. 2006. Analyzing visual layout for a non-visual presentation-document interface. In Proc. ASSETS '06. 165--172. <pub-id pub-id-type="doi" xlink:href="10.1145/1168987.1169016" assigning-authority="crossref">10.1145/1168987.1169016</pub-id> <pub-id pub-id-type="doi" xlink:href="10.1145/1168987.1169016" /></mixed-citation>
				</ref>
				<ref id="ref-00006">
				<mixed-citation>Ishihara, T., Itoko, T., Sato, D., Tzadok, A., and Takagi, H. 2012. Transforming Japanese archives into accessible digital books. In Proc. JCDL '12. 91--100. <pub-id pub-id-type="doi" xlink:href="10.1145/2232817.2232836" assigning-authority="crossref">10.1145/2232817.2232836</pub-id> <pub-id pub-id-type="doi" xlink:href="10.1145/2232817.2232836" /></mixed-citation>
				</ref>
				<ref id="ref-00007">
				<mixed-citation>O-RID. Kyber, http://www.site.o-rid.com/en/.</mixed-citation>
				</ref>
				<ref id="ref-00008">
				<mixed-citation>Pazzani M. J., and Billsus, D. 2007. Content-based recommendation systems. In The adaptive web, Peter Brusilovsky, LNCS 4321, 325--341. <pub-id pub-id-type="doi" xlink:href="10.5555/1768197.1768209" /></mixed-citation>
				</ref>
				<ref id="ref-00009">
				<mixed-citation>Sobhi, A., Nagatsuma, R., and Saitoh, T. 2012. Collaborative Caption Editing System -- Enhancing the Quality of a Captioning and Editing System. CSUN 2012.</mixed-citation>
				</ref>
				<ref id="ref-00010">
				<mixed-citation>Takagi, H., Kawanaka, S., Kobayashi, M., Itoh, T., and Asakawa, C. 2008. Social accessibility: achieving accessibility through collaborative metadata authoring. In Proc. ASSETS '08. 193--200. <pub-id pub-id-type="doi" xlink:href="10.1145/1414471.1414507" assigning-authority="crossref">10.1145/1414471.1414507</pub-id> <pub-id pub-id-type="doi" xlink:href="10.1145/1414471.1414507" /></mixed-citation>
				</ref>
				<ref id="ref-00011">
				<mixed-citation>Takagi, H., Kawanaka, S., Kobayashi, M., Sato, D., and Asakawa, C. 2009. Collaborative web accessibility improvement: challenges and possibilities. In Proc. ASSETS '09. 195--202. <pub-id pub-id-type="doi" xlink:href="10.1145/1639642.1639677" assigning-authority="crossref">10.1145/1639642.1639677</pub-id> <pub-id pub-id-type="doi" xlink:href="10.1145/1639642.1639677" /></mixed-citation>
				</ref>
			</ref-list>
</back>
</book-part>
</book-part-wrapper>
