<?xml version="1.0" encoding="UTF-8"?>
<!DOCTYPE book-part-wrapper PUBLIC "-//NLM//DTD BITS Book Interchange DTD with OASIS and XHTML Tables v2.0 20151225//EN" "BITS-book-oasis2.dtd">
<book-part-wrapper xmlns:xlink="http://www.w3.org/1999/xlink" xmlns:mml="http://www.w3.org/1998/Math/MathML" xmlns:oasis="http://www.niso.org/standards/z39-96/ns/oasis-exchange/table" xmlns:xi="http://www.w3.org/2001/XInclude" xmlns:xsi="http://www.w3.org/2001/XMLSchema-instance" dtd-version="2.0" xml:lang="en" content-type="research-article">
<collection-meta collection-type="book-series">
    <collection-id collection-id-type="doi">10.1145/acmotherconferences</collection-id>
    <title-group>
        <title>ACM Other Conferences</title>
    </title-group>
</collection-meta>
	<book-meta>
		<book-id book-id-type="acm-id">2461121</book-id>
		<book-id book-id-type="doi">10.1145/2461121</book-id>
		<book-title-group>
			<book-title>Proceedings of the 10th International Cross-Disciplinary Conference on Web Accessibility</book-title>
			<alt-title alt-title-type="acronym">W4A '13</alt-title>
		</book-title-group>
	</book-meta>
	<book-part xmlns:ali="http://www.niso.org/schemas/ali/1.0/" book-part-type="chapter" xml:lang="en">
		<book-part-meta>
			<book-part-id book-part-id-type="acm-id">2461149</book-part-id>
			<book-part-id book-part-id-type="doi">10.1145/2461121.2461149</book-part-id>
			<book-part-id book-part-id-type="article-no">21</book-part-id>
	<subj-group subj-group-type="ccs2012">
		<compound-subject>
			<compound-subject-part content-type="code">10003120.10003121.10003124.10010868</compound-subject-part>
			<compound-subject-part content-type="text">Human-centered computing~Human computer interaction (HCI)~Interaction paradigms~Web-based interaction</compound-subject-part>
			<compound-subject-part content-type="weight">500</compound-subject-part>
		</compound-subject>
		<compound-subject>
			<compound-subject-part content-type="code">10002951.10003317</compound-subject-part>
			<compound-subject-part content-type="text">Information systems~Information retrieval</compound-subject-part>
			<compound-subject-part content-type="weight">100</compound-subject-part>
		</compound-subject>
		<compound-subject>
			<compound-subject-part content-type="code">10002951.10003152</compound-subject-part>
			<compound-subject-part content-type="text">Information systems~Information storage systems</compound-subject-part>
			<compound-subject-part content-type="weight">100</compound-subject-part>
		</compound-subject>
	</subj-group>
			<title-group>
				<title>Smarter board</title>
				<subtitle>a community-oriented communication tool</subtitle>
			</title-group>
<contrib-group>
   <contrib contrib-type="author" id="artseq-00001">
       <contrib-id contrib-id-type="person_id" authenticated="false">P4141098</contrib-id><contrib-id contrib-id-type="profile_id" authenticated="false">81758684757</contrib-id>
       <name name-style="western">
           <surname>Molinaro</surname>
           <given-names>Mateus</given-names>
       </name>
	<aff>IBM Research - Brazil, Sao Paulo, Brazil</aff><aff><institution-wrap><institution-id institution-id-type="profile_id">60107960</institution-id></institution-wrap></aff>
	<email>mottam@br.ibm.com</email>
	<role>Author</role>
   </contrib>
   <contrib contrib-type="author" id="artseq-00002">
       <contrib-id contrib-id-type="person_id" authenticated="false">P4141099</contrib-id><contrib-id contrib-id-type="profile_id" authenticated="false">81758631657</contrib-id>
       <name name-style="western">
           <surname>Borger</surname>
           <given-names>Sergio</given-names>
       </name>
	<aff>IBM Research - Brazil, Sao Paulo, Brazil</aff><aff><institution-wrap><institution-id institution-id-type="profile_id">60107960</institution-id></institution-wrap></aff>
	<email>sborger@br.ibm.com</email>
	<role>Author</role>
   </contrib>
   <contrib contrib-type="author" id="artseq-00003">
       <contrib-id contrib-id-type="person_id" authenticated="false">P4141100</contrib-id><contrib-id contrib-id-type="profile_id" authenticated="false">81548981456</contrib-id>
       <name name-style="western">
           <surname>Cardonha</surname>
           <given-names>Carlos</given-names>
       </name>
	<aff>IBM Research - Brazil, Sao Paulo, Brazil</aff><aff><institution-wrap><institution-id institution-id-type="profile_id">60107960</institution-id></institution-wrap></aff>
	<email>chcardo@br.ibm.com</email>
	<role>Author</role>
   </contrib>
   <contrib contrib-type="author" id="artseq-00004">
       <contrib-id contrib-id-type="person_id" authenticated="false">P4141101</contrib-id><contrib-id contrib-id-type="profile_id" authenticated="false">81453614120</contrib-id>
       <name name-style="western">
           <surname>Gallo</surname>
           <given-names>Diego</given-names>
       </name>
	<aff>IBM Research - Brazil, Sao Paulo, Brazil</aff><aff><institution-wrap><institution-id institution-id-type="profile_id">60107960</institution-id></institution-wrap></aff>
	<email>dsgallo@br.ibm.com</email>
	<role>Author</role>
   </contrib>
   <contrib contrib-type="author" id="artseq-00005">
       <contrib-id contrib-id-type="person_id" authenticated="false">P4141102</contrib-id><contrib-id contrib-id-type="profile_id" authenticated="false">81508690126</contrib-id>
       <name name-style="western">
           <surname>Herrmann</surname>
           <given-names>Ricardo</given-names>
       </name>
	<aff>IBM Research - Brazil, Sao Paulo, Brazil</aff><aff><institution-wrap><institution-id institution-id-type="profile_id">60107960</institution-id></institution-wrap></aff>
	<email>rhermann@br.ibm.com</email>
	<role>Author</role>
   </contrib>
   <contrib contrib-type="author" id="artseq-00006">
       <contrib-id contrib-id-type="person_id" authenticated="false">P4141103</contrib-id><contrib-id contrib-id-type="profile_id" authenticated="false">81758949357</contrib-id>
       <name name-style="western">
           <surname>Ferreira</surname>
           <given-names>Ademir</given-names>
       </name>
	<aff>IBM Research - Brazil, Sao Paulo, Brazil</aff><aff><institution-wrap><institution-id institution-id-type="profile_id">60107960</institution-id></institution-wrap></aff>
	<role>Author</role>
   </contrib>
   <contrib contrib-type="author" id="artseq-00007">
       <contrib-id contrib-id-type="person_id" authenticated="false">P4141104</contrib-id><contrib-id contrib-id-type="profile_id" authenticated="false">81100302646</contrib-id>
       <name name-style="western">
           <surname>Koch</surname>
           <given-names>Fernando</given-names>
       </name>
	<aff>IBM Research - Brazil, Sao Paulo, Brazil</aff><aff><institution-wrap><institution-id institution-id-type="profile_id">60107960</institution-id></institution-wrap></aff>
	<email>ferkoch@br.ibm.com</email>
	<role>Author</role>
   </contrib>
   <contrib contrib-type="author" id="artseq-00008">
       <contrib-id contrib-id-type="person_id" authenticated="false">P4141105</contrib-id><contrib-id contrib-id-type="profile_id" authenticated="false">81350603272</contrib-id>
       <name name-style="western">
           <surname>Avegliano</surname>
           <given-names>Priscilla</given-names>
       </name>
	<aff>IBM Research - Brazil, Sao Paulo, Brazil</aff><aff><institution-wrap><institution-id institution-id-type="profile_id">60107960</institution-id></institution-wrap></aff>
	<email>pba@br.ibm.com</email>
	<role>Author</role>
   </contrib>
   <contrib contrib-type="author" id="artseq-00009">
       <contrib-id contrib-id-type="person_id" authenticated="false">P4141106</contrib-id><contrib-id contrib-id-type="profile_id" authenticated="false">81758699757</contrib-id>
       <name name-style="western">
           <surname>Shigeno</surname>
           <given-names>Kelly</given-names>
       </name>
	<aff>IBM Research - Brazil, Sao Paulo, Brazil</aff><aff><institution-wrap><institution-id institution-id-type="profile_id">60107960</institution-id></institution-wrap></aff>
	<email>kshigeno@br.ibm.com</email>
	<role>Author</role>
   </contrib>
</contrib-group>
   <pub-date date-type="publication">
   <day>13</day>
   <month>05</month>
   <year>2013</year>
   </pub-date>
				<fpage>1</fpage>
				<lpage>2</lpage>
		<permissions>
			<copyright-year>2013</copyright-year>
			<copyright-holder>Copyright is held by the owner/author(s)</copyright-holder>
			<license license-type="rightsretained">
			<license-p>Permission to make digital or hard copies of part or all of this work for personal or classroom use is granted without fee provided that copies are not made or distributed for profit or commercial advantage and that copies bear this notice and the full citation on the first page. Copyrights for third-party components of this work must be honored. For all other uses, contact the Owner/Author.</license-p>
			</license>
		</permissions>
		<self-uri content-type="pdf" xlink:href="2461121.2461149.pdf" />
	<abstract>
		<p>In this demo we present the <italic toggle="yes">Smarter Board</italic>, a platform designed to facilitate the creation of a community-focused social network, with a special focus on groups of people with disabilities. The communication is based on text messages, which makes the system easy to use and more accessible to communities where network connections are not well-developed and where the people do not have much experience with more advanced technological tools. The solution also provides a manage interface, through which administrators are able to mediate the messages and the users. We also implemented a matching procedure for the identification of related posts (e.g., it can check if there are compatible car ride offers and car ride requests) in order to make users aware of what is being posted and, even more important, adopt the technology.</p>
	</abstract>
<funding-group specific-use="FundRef">
	<award-group id="award1">
		<funding-source id="GS1">
			<institution-wrap>
			<institution>Ministério da Ciência, Tecnologia e Inovação</institution>
			<institution-id institution-id-type="FundRef">http://dx.doi.org/10.13039/501100003545</institution-id>
			</institution-wrap>
		</funding-source>
	</award-group>
	<award-group id="award2">
		<funding-source id="GS2">
			<institution-wrap>
			<institution>Financiadora de Estudos e Projetos</institution>
			<institution-id institution-id-type="FundRef">http://dx.doi.org/10.13039/501100004809</institution-id>
			</institution-wrap>
		</funding-source>
	</award-group>
</funding-group>
		<custom-meta-group>
		    <custom-meta>
		        <meta-name>rightslink</meta-name>
		        <meta-value>excluded</meta-value>
		    </custom-meta>
		</custom-meta-group>
		</book-part-meta>
		
	<back>
<ref-list specific-use="unparsed">
				<ref id="ref-00001">
				<mixed-citation>H. Brignall and Y. Rogers. Enticing people to interact with large public displays in public spaces. In <italic toggle="yes">Proceedings of INTERACT'03</italic>, pages 17--24, 2003.</mixed-citation>
				</ref>
				<ref id="ref-00002">
				<mixed-citation>C. Le Dantec. Participation and publics: supporting community engagement. In <italic toggle="yes">Proceedings of the 2012 ACM annual conference on Human Factors in Computing Systems</italic>, CHI '12, pages 1351--1360, 2012. <pub-id pub-id-type="doi" xlink:href="10.1145/2207676.2208593" assigning-authority="crossref">10.1145/2207676.2208593</pub-id> <pub-id pub-id-type="doi" xlink:href="10.1145/2207676.2208593" /></mixed-citation>
				</ref>
				<ref id="ref-00003">
				<mixed-citation>A. Lucero, J. Holopainen, and T. Jokela. <italic toggle="yes">MobiComics: collaborative use of mobile phones and large displays for public expression</italic>. ACM Press, 2012.</mixed-citation>
				</ref>
			</ref-list>
</back>
</book-part>
</book-part-wrapper>
