<?xml version="1.0" encoding="UTF-8"?>
<!DOCTYPE book-part-wrapper PUBLIC "-//NLM//DTD BITS Book Interchange DTD with OASIS and XHTML Tables v2.0 20151225//EN" "BITS-book-oasis2.dtd">
<book-part-wrapper xmlns:xlink="http://www.w3.org/1999/xlink" xmlns:mml="http://www.w3.org/1998/Math/MathML" xmlns:oasis="http://www.niso.org/standards/z39-96/ns/oasis-exchange/table" xmlns:xi="http://www.w3.org/2001/XInclude" xmlns:xsi="http://www.w3.org/2001/XMLSchema-instance" dtd-version="2.0" xml:lang="en" content-type="research-article">
<collection-meta collection-type="book-series">
    <collection-id collection-id-type="doi">10.1145/acmotherconferences</collection-id>
    <title-group>
        <title>ACM Other Conferences</title>
    </title-group>
</collection-meta>
	<book-meta>
		<book-id book-id-type="acm-id">2461121</book-id>
		<book-id book-id-type="doi">10.1145/2461121</book-id>
		<book-title-group>
			<book-title>Proceedings of the 10th International Cross-Disciplinary Conference on Web Accessibility</book-title>
			<alt-title alt-title-type="acronym">W4A '13</alt-title>
		</book-title-group>
	</book-meta>
	<book-part xmlns:ali="http://www.niso.org/schemas/ali/1.0/" book-part-type="chapter" xml:lang="en">
		<book-part-meta>
			<book-part-id book-part-id-type="acm-id">2461152</book-part-id>
			<book-part-id book-part-id-type="doi">10.1145/2461121.2461152</book-part-id>
			<book-part-id book-part-id-type="article-no">23</book-part-id>
	<subj-group subj-group-type="ccs2012">
		<compound-subject>
			<compound-subject-part content-type="code">10003456.10010927.10003616</compound-subject-part>
			<compound-subject-part content-type="text">Social and professional topics~User characteristics~People with disabilities</compound-subject-part>
			<compound-subject-part content-type="weight">500</compound-subject-part>
		</compound-subject>
		<compound-subject>
			<compound-subject-part content-type="code">10003456.10003457.10003580.10003587</compound-subject-part>
			<compound-subject-part content-type="text">Social and professional topics~Professional topics~Computing profession~Assistive technologies</compound-subject-part>
			<compound-subject-part content-type="weight">500</compound-subject-part>
		</compound-subject>
		<compound-subject>
			<compound-subject-part content-type="code">10003120.10003121</compound-subject-part>
			<compound-subject-part content-type="text">Human-centered computing~Human computer interaction (HCI)</compound-subject-part>
			<compound-subject-part content-type="weight">100</compound-subject-part>
		</compound-subject>
	</subj-group>
			<title-group>
				<title>A mobile interactive maps application for a visually impaired audience</title>
			</title-group>
<contrib-group>
   <contrib contrib-type="author" id="artseq-00001">
       <contrib-id contrib-id-type="person_id" authenticated="false">P4141111</contrib-id><contrib-id contrib-id-type="profile_id" authenticated="false">81361608581</contrib-id>
       <name name-style="western">
           <surname>Kaklanis</surname>
           <given-names>Nikolaos</given-names>
       </name>
	<aff>Information Technologies Institute/Centre for Research and Technology, Hellas, Thermi-Thessaloniki, Greece</aff><aff><institution-wrap><institution-id institution-id-type="profile_id">60026208</institution-id></institution-wrap></aff>
	<email>nkak@iti.gr</email>
	<role>Author</role>
   </contrib>
   <contrib contrib-type="author" id="artseq-00002">
       <contrib-id contrib-id-type="person_id" authenticated="false">P4141112</contrib-id><contrib-id contrib-id-type="profile_id" authenticated="false">81350582150</contrib-id>
       <name name-style="western">
           <surname>Votis</surname>
           <given-names>Konstantinos</given-names>
       </name>
	<aff>Information Technologies Institute/Centre for Research and Technology, Hellas, Thermi-Thessaloniki, Greece</aff><aff><institution-wrap><institution-id institution-id-type="profile_id">60026208</institution-id></institution-wrap></aff>
	<email>kvotis@iti.gr</email>
	<role>Author</role>
   </contrib>
   <contrib contrib-type="author" id="artseq-00003">
       <contrib-id contrib-id-type="person_id" authenticated="false">P4141113</contrib-id><contrib-id contrib-id-type="profile_id" authenticated="false">81100435517</contrib-id>
       <name name-style="western">
           <surname>Tzovaras</surname>
           <given-names>Dimitrios</given-names>
       </name>
	<aff>Information Technologies Institute/Centre for Research and Technology, Hellas, Thermi-Thessaloniki, Greece</aff><aff><institution-wrap><institution-id institution-id-type="profile_id">60026208</institution-id></institution-wrap></aff>
	<email>Dimitrios.Tzovaras@iti.gr</email>
	<role>Author</role>
   </contrib>
</contrib-group>
   <pub-date date-type="publication">
   <day>13</day>
   <month>05</month>
   <year>2013</year>
   </pub-date>
				<fpage>1</fpage>
				<lpage>2</lpage>
		<permissions>
			<copyright-year>2013</copyright-year>
			<copyright-holder>Copyright is held by the owner/author(s)</copyright-holder>
			<license license-type="rightsretained">
			<license-p>Permission to make digital or hard copies of part or all of this work for personal or classroom use is granted without fee provided that copies are not made or distributed for profit or commercial advantage and that copies bear this notice and the full citation on the first page. Copyrights for third-party components of this work must be honored. For all other uses, contact the Owner/Author.</license-p>
			</license>
		</permissions>
		<self-uri content-type="pdf" xlink:href="2461121.2461152.pdf" />
	<abstract>
		<p>Existing spatial information resources on the Web are graphically-orientated and are usually presented through interactive maps. As a consequence, in most of the cases, visually impaired users and especially blind users have very restricted access while they find it extremely difficult to recognize this kind of visual representation. Multimodal and mobile interactive maps could be a solution for presenting the spatial information resources to visually impaired people. In this paper, we present an interactive multimodal map application by investigating ways of presenting alternative formats that would replace visual information. "Open Touch/Sound Maps" is an Android mobile application, which enforces the accessibility of interactive maps for the visually impaired users. Multimodal interaction including sonification, Text-To-Speech (TTS) and vibration feedback enables access to OpenStreetMap data for the visually impaired and blind users using a common mobile device.</p>
	</abstract>
<kwd-group>
<kwd>OpenStreetMap</kwd>
<kwd>haptic exploration accessibility</kwd>
<kwd>map exploration</kwd>
<kwd>multimodal map</kwd>
<kwd>sonification</kwd>
<kwd>text-to-speech</kwd>
<kwd>touch interaction</kwd>
<kwd>visually impaired</kwd>
</kwd-group>
<funding-group specific-use="FundRef">
	<award-group id="award1">
		<funding-source id="GS1">
			<institution-wrap>
			<institution>EU</institution>
			</institution-wrap>
		</funding-source>
	</award-group>
</funding-group>
		<custom-meta-group>
		    <custom-meta>
		        <meta-name>rightslink</meta-name>
		        <meta-value>excluded</meta-value>
		    </custom-meta>
		</custom-meta-group>
		</book-part-meta>
		
	<back>
<ref-list specific-use="unparsed">
				<ref id="ref-00001">
				<mixed-citation>Poppinga, B., Magnusson, C., Pielot, M., and Rassmus-Gröhn, K. TouchOver map: audio-tactile exploration of interactive maps. In Proc. MobileHCI 2011, 545--550. <pub-id pub-id-type="doi" xlink:href="10.1145/2037373.2037458" assigning-authority="crossref">10.1145/2037373.2037458</pub-id> <pub-id pub-id-type="doi" xlink:href="10.1145/2037373.2037458" /></mixed-citation>
				</ref>
				<ref id="ref-00002">
				<mixed-citation>Pielot, M., Poppinga, B., and Boll, S. PocketNavigator: Vibro-Tactile Waypoint Navigation for Everyday Mobile Devices. In Proc. MobileHCI, ACM (2010), 423--426. <pub-id pub-id-type="doi" xlink:href="10.1145/1851600.1851696" assigning-authority="crossref">10.1145/1851600.1851696</pub-id> <pub-id pub-id-type="doi" xlink:href="10.1145/1851600.1851696" /></mixed-citation>
				</ref>
				<ref id="ref-00003">
				<mixed-citation>Jacob, R., Mooney, P., Winstanley, A. What's up that Street? Exploring Streets Using a Haptic GeoWand, Advances in Location-Based Services, Lecture Notes in Geoinformation and Cartography, Springer (2012), 91--105.</mixed-citation>
				</ref>
				<ref id="ref-00004">
				<mixed-citation>Rice, M., Jacobson, R. D., Golledge, R. G., Jones, D.: Design considerations for haptic and auditory map interfaces. Cartography and Geographic Information Science. 32, 381--391 (2005).</mixed-citation>
				</ref>
				<ref id="ref-00005">
				<mixed-citation>Wagner, A.: Collaboratively Generated Content on the Audio-Tactile Map. In: Miesenber-ger, K., Klaus, J., Zagler, W., and Karshmer, A. (eds.) ICCHP 2010, Part II. LNCS, vol 6179. pp. 78--80. Springer, Heidelberg (2010). <pub-id pub-id-type="doi" xlink:href="10.5555/1886667.1886683" /></mixed-citation>
				</ref>
				<ref id="ref-00006">
				<mixed-citation>Giudice, N. A., Palani, H. P., Brenner, E., Kramer, K. M. Learning non-visual graphical information using a touch-based vibro-audio interface. In Proc. ASSETS 2012, ACM, 103-1 <pub-id pub-id-type="doi" xlink:href="10.1145/2384916.2384935" assigning-authority="crossref">10.1145/2384916.2384935</pub-id> <pub-id pub-id-type="doi" xlink:href="10.1145/2384916.2384935" /></mixed-citation>
				</ref>
				<ref id="ref-00007">
				<mixed-citation>Moschonas, P., Tsakiris., A., Kaklanis, N., Stavropoulos, G., Tzovaras, D. Holistic accessibility evaluation using VR simulation of users with special needs, In Proc. UMAP 2012, (Montreal, Canada, July 16-20, 2012).</mixed-citation>
				</ref>
			</ref-list>
</back>
</book-part>
</book-part-wrapper>
