<?xml version="1.0" encoding="UTF-8"?>
<!DOCTYPE book-part-wrapper PUBLIC "-//NLM//DTD BITS Book Interchange DTD with OASIS and XHTML Tables v2.0 20151225//EN" "BITS-book-oasis2.dtd">
<book-part-wrapper xmlns:xlink="http://www.w3.org/1999/xlink" xmlns:mml="http://www.w3.org/1998/Math/MathML" xmlns:oasis="http://www.niso.org/standards/z39-96/ns/oasis-exchange/table" xmlns:xi="http://www.w3.org/2001/XInclude" xmlns:xsi="http://www.w3.org/2001/XMLSchema-instance" dtd-version="2.0" xml:lang="en" content-type="research-article">
<collection-meta collection-type="book-series">
    <collection-id collection-id-type="doi">10.1145/acmotherconferences</collection-id>
    <title-group>
        <title>ACM Other Conferences</title>
    </title-group>
</collection-meta>
	<book-meta>
		<book-id book-id-type="acm-id">2461121</book-id>
		<book-id book-id-type="doi">10.1145/2461121</book-id>
		<book-title-group>
			<book-title>Proceedings of the 10th International Cross-Disciplinary Conference on Web Accessibility</book-title>
			<alt-title alt-title-type="acronym">W4A '13</alt-title>
		</book-title-group>
	</book-meta>
	<book-part xmlns:ali="http://www.niso.org/schemas/ali/1.0/" book-part-type="chapter" xml:lang="en">
		<book-part-meta>
			<book-part-id book-part-id-type="acm-id">2461128</book-part-id>
			<book-part-id book-part-id-type="doi">10.1145/2461121.2461128</book-part-id>
			<book-part-id book-part-id-type="article-no">29</book-part-id>
	<subj-group subj-group-type="ccs2012">
		<compound-subject>
			<compound-subject-part content-type="code">10003120.10003121.10003124.10003254</compound-subject-part>
			<compound-subject-part content-type="text">Human-centered computing~Human computer interaction (HCI)~Interaction paradigms~Hypertext / hypermedia</compound-subject-part>
			<compound-subject-part content-type="weight">500</compound-subject-part>
		</compound-subject>
		<compound-subject>
			<compound-subject-part content-type="code">10010405.10010497.10010510.10010515</compound-subject-part>
			<compound-subject-part content-type="text">Applied computing~Document management and text processing~Document preparation~Multi / mixed media creation</compound-subject-part>
			<compound-subject-part content-type="weight">500</compound-subject-part>
		</compound-subject>
		<compound-subject>
			<compound-subject-part content-type="code">10003456.10010927.10003616</compound-subject-part>
			<compound-subject-part content-type="text">Social and professional topics~User characteristics~People with disabilities</compound-subject-part>
			<compound-subject-part content-type="weight">100</compound-subject-part>
		</compound-subject>
		<compound-subject>
			<compound-subject-part content-type="code">10003456.10003457.10003580.10003587</compound-subject-part>
			<compound-subject-part content-type="text">Social and professional topics~Professional topics~Computing profession~Assistive technologies</compound-subject-part>
			<compound-subject-part content-type="weight">100</compound-subject-part>
		</compound-subject>
	</subj-group>
			<title-group>
				<title>User individuality management in websites based on WAI-ARIA annotations and ontologies</title>
			</title-group>
<contrib-group>
   <contrib contrib-type="author" id="artseq-00001">
       <contrib-id contrib-id-type="person_id" authenticated="false">P4141146</contrib-id><contrib-id contrib-id-type="profile_id" authenticated="false">81498658585</contrib-id>
       <name name-style="western">
           <surname>Valencia</surname>
           <given-names>Xabier</given-names>
       </name>
	<aff>University of the Basque Country (UPV/EHU), Donostia, Spain</aff><aff><institution-wrap><institution-id institution-id-type="profile_id">60027856</institution-id></institution-wrap></aff>
	<email>xabier.valencia@ehu.es</email>
	<role>Author</role>
   </contrib>
   <contrib contrib-type="author" id="artseq-00002">
       <contrib-id contrib-id-type="person_id" authenticated="false">P4141147</contrib-id><contrib-id contrib-id-type="profile_id" authenticated="false">81100414654</contrib-id>
       <name name-style="western">
           <surname>Arrue</surname>
           <given-names>Myriam</given-names>
       </name>
	<aff>University of the Basque Country (UPV/EHU), Donostia, Spain</aff><aff><institution-wrap><institution-id institution-id-type="profile_id">60027856</institution-id></institution-wrap></aff>
	<email>myriam.arrue@ehu.es</email>
	<role>Author</role>
   </contrib>
   <contrib contrib-type="author" id="artseq-00003">
       <contrib-id contrib-id-type="person_id" authenticated="false">P4141148</contrib-id><contrib-id contrib-id-type="profile_id" authenticated="false">81758735257</contrib-id>
       <name name-style="western">
           <surname>Pérez</surname>
           <given-names>J. Eduardo</given-names>
       </name>
	<aff>University of the Basque Country (UPV/EHU), Donostia, Spain</aff><aff><institution-wrap><institution-id institution-id-type="profile_id">60027856</institution-id></institution-wrap></aff>
	<email>juaneduardo.perez@ehu.es</email>
	<role>Author</role>
   </contrib>
   <contrib contrib-type="author" id="artseq-00004">
       <contrib-id contrib-id-type="person_id" authenticated="false">P4141149</contrib-id><contrib-id contrib-id-type="profile_id" authenticated="false">81100255566</contrib-id>
       <name name-style="western">
           <surname>Abascal</surname>
           <given-names>Julio</given-names>
       </name>
	<aff>University of the Basque Country (UPV/EHU), Donostia, Spain</aff><aff><institution-wrap><institution-id institution-id-type="profile_id">60027856</institution-id></institution-wrap></aff>
	<email>julio.abascal@ehu.es</email>
	<role>Author</role>
   </contrib>
</contrib-group>
   <pub-date date-type="publication">
   <day>13</day>
   <month>05</month>
   <year>2013</year>
   </pub-date>
				<fpage>1</fpage>
				<lpage>10</lpage>
		<permissions>
			<copyright-year>2013</copyright-year>
			<copyright-holder>ACM</copyright-holder>
			<license license-type="acmcopyright">
			<license-p>Permission to make digital or hard copies of all or part of this work for personal or classroom use is granted without fee provided that copies are not made or distributed for profit or commercial advantage and that copies bear this notice and the full citation on the first page. Copyrights for components of this work owned by others than ACM must be honored. Abstracting with credit is permitted. To copy otherwise, or republish, to post on servers or to redistribute to lists, requires prior specific permission and/or a fee. Request permissions from Permissions@acm.org</license-p>
			</license>
		</permissions>
		<self-uri content-type="pdf" xlink:href="2461121.2461128.pdf" />
	<abstract>
		<p>In this paper, we describe a system for adapting websites based on an annotation approach. The system adapts annotated websites according to the user characteristics. The core of the system is composed of a repository containing a comprehensive set of adaptation techniques. 99 techniques have been identified and classified, 48 of them have been fully implemented in the system. This wide range of implemented techniques provides the system with the necessary mechanisms for adapting diverse aspects of website interfaces, such as the content to display, the layout and the structure. The techniques to apply for a given user are inferred according to the information stored in an ontology. This defines the bases for associating user characteristics with the adaptation techniques to apply for specific interaction elements annotated in a website. An annotation language based on the roles and properties of WAI-ARIA has been elaborated. Therefore, any website annotated in this language can be adapted. This adaptation system has been applied to two different websites and adapted interfaces have been obtained for three different user groups.</p>
	</abstract>
<kwd-group>
<kwd>ARIA</kwd>
<kwd>accessibility</kwd>
<kwd>ontologies</kwd>
<kwd>website adaptation techniques</kwd>
</kwd-group>
		</book-part-meta>
		
	<back>
<ref-list specific-use="unparsed">
				<ref id="ref-00001">
				<mixed-citation>Abascal, J., Aizpurua, A., Cearreta, I., Gamecho, B., Garay, N. and Miñón, R. 2011. Automatically generating tailored accessible user interfaces for ubiquitous services. In Proceedings of the 13th international ACM SIGACCESS conference on Computers and accessibility (ASSETS '11). ACM, New York, NY, USA, 187--194. <pub-id pub-id-type="doi" xlink:href="10.1145/2049536.2049570" assigning-authority="crossref">10.1145/2049536.2049570</pub-id> <pub-id pub-id-type="doi" xlink:href="10.1145/2049536.2049570" /></mixed-citation>
				</ref>
				<ref id="ref-00002">
				<mixed-citation>Ackermann, P., Velasco, C. A. and Power, C. 2012. Developing a semantic user and device modeling framework that supports UI adaptability of web 2.0 applications for people with special needs. In Proceedings of the International Cross-Disciplinary Conference on Web Accessibility (W4A '12). ACM, New York, NY, USA, Article 12, 4 pages. <pub-id pub-id-type="doi" xlink:href="10.1145/2207016.2207018" assigning-authority="crossref">10.1145/2207016.2207018</pub-id> <pub-id pub-id-type="doi" xlink:href="10.1145/2207016.2207018" /></mixed-citation>
				</ref>
				<ref id="ref-00003">
				<mixed-citation>Ahmadi, H. and Kong, J. User-centric adaptation of Web information for small screens. Journal of Visual Languages and Computing 23, Pp. 13--28. 2012 <pub-id pub-id-type="doi" xlink:href="10.1016/j.jvlc.2011.09.002" assigning-authority="crossref">10.1016/j.jvlc.2011.09.002</pub-id> <pub-id pub-id-type="doi" xlink:href="10.1016/j.jvlc.2011.09.002" /></mixed-citation>
				</ref>
				<ref id="ref-00004">
				<mixed-citation>Asakawa, C. and Takagi, H. 2000. Annotation-based transcoding for nonvisual web access. In Proceedings of the fourth international ACM conference on Assistive technologies (Assets '00). ACM, New York, NY, USA, 172--179. <pub-id pub-id-type="doi" xlink:href="10.1145/354324.354588" assigning-authority="crossref">10.1145/354324.354588</pub-id> <pub-id pub-id-type="doi" xlink:href="10.1145/354324.354588" /></mixed-citation>
				</ref>
				<ref id="ref-00005">
				<mixed-citation>Asakawa, C. and Takagi, H. Transcoding in Harper, S., Yesilada, Y. ed. Web Accessibillity: A Foundation for Research, Springerlink, London, 2008, 231--260.</mixed-citation>
				</ref>
				<ref id="ref-00006">
				<mixed-citation>Atkinson, M. T., Li, Y., Machin, C. H. C., and Sloan, D. 2010. Towards accessible interactions with pervasive interfaces, based on human capabilities. In <italic toggle="yes">Proceedings of the 12th international conference on Computers helping people with special needs: Part I</italic>(ICCHP'10), Klaus Miesenberger, Joachim Klaus, Wolfgang Zagler, and Arthur Karshmer (Eds.). Springer-Verlag, Berlin, Heidelberg, 162--169. <pub-id pub-id-type="doi" xlink:href="10.5555/1886667.1886697" /></mixed-citation>
				</ref>
				<ref id="ref-00007">
				<mixed-citation>Brajnik, G. 2004. Achieving universal web access through specialized user interfaces In Proceedings of the 8th ERCIM UI4ALL Workshop. Springer Verlag, 28--29.</mixed-citation>
				</ref>
				<ref id="ref-00008">
				<mixed-citation>Brunt, A., Carenini, G., Conati, C. 2007. Adaptive Content Presentation for the Web. In Brusilovsky, Peter; Kobsa, Alfred; Nejdl, Wolfgang (Eds.) The Adaptive Web: Methods And Strategies Of Web Personalization. Springer. <pub-id pub-id-type="doi" xlink:href="10.5555/1768197.1768212" /></mixed-citation>
				</ref>
				<ref id="ref-00009">
				<mixed-citation>Brusilovsky, P. 2001. Adaptive Hypermedia. User Modeling and User-Adapted Interaction 11, 1--2 (March 2001), 87--110. <pub-id pub-id-type="doi" xlink:href="10.1023/A:1011143116306" assigning-authority="crossref">10.1023/A:1011143116306</pub-id> <pub-id pub-id-type="doi" xlink:href="10.1023/A:1011143116306" /></mixed-citation>
				</ref>
				<ref id="ref-00010">
				<mixed-citation>Brusilovsky, P. 2004. Adaptive Navigation Support: From Adaptive Hypermedia to the Adaptive Web and Beyond. PsychNology Journal 2(1), 7--23.</mixed-citation>
				</ref>
				<ref id="ref-00011">
				<mixed-citation>Chen, C. L. and Raman, C. L. 2008. AxsJAX: a talking translation bot using google IM: bringing web-2.0 applications to life. In Proceedings of the 2008 international cross-disciplinary conference on Web accessibility (W4A) (W4A '08). ACM, New York, NY, USA, 54--56. <pub-id pub-id-type="doi" xlink:href="10.1145/1368044.1368056" assigning-authority="crossref">10.1145/1368044.1368056</pub-id> <pub-id pub-id-type="doi" xlink:href="10.1145/1368044.1368056" /></mixed-citation>
				</ref>
				<ref id="ref-00012">
				<mixed-citation>Gajos, K. Z., Weld, D. S. and Wobbrock, J. O. 2010. Automatically Generating Custom User Interfaces for Users with Physical Disabilities. Journal Artificial Intelligence, Vol. 174, N.12-13, 910--950. Elsevier. <pub-id pub-id-type="doi" xlink:href="10.1016/j.artint.2010.05.005" assigning-authority="crossref">10.1016/j.artint.2010.05.005</pub-id> <pub-id pub-id-type="doi" xlink:href="10.1016/j.artint.2010.05.005" /></mixed-citation>
				</ref>
				<ref id="ref-00013">
				<mixed-citation>Harper, S. and Bechhofer, S. 2007. SADIe: Structural semantics for accessibility and device independence. ACM Trans. Comput.-Hum. Interact. 14, 2, Article 10 (August 2007). <pub-id pub-id-type="doi" xlink:href="10.1145/1275511.1275516" assigning-authority="crossref">10.1145/1275511.1275516</pub-id> <pub-id pub-id-type="doi" xlink:href="10.1145/1275511.1275516" /></mixed-citation>
				</ref>
				<ref id="ref-00014">
				<mixed-citation>Harrington, N., Pucsek, D. and Coady, Y. 2011. Approaching web accessibility through the browser: automatically applying aria attributes. In Proceedings of the 1st ACM SIGPLAN international workshop on Programming language and systems technologies for internet clients (PLASTIC '11). ACM, New York, NY, USA, 29--32. <pub-id pub-id-type="doi" xlink:href="10.1145/2093328.2093333" assigning-authority="crossref">10.1145/2093328.2093333</pub-id> <pub-id pub-id-type="doi" xlink:href="10.1145/2093328.2093333" /></mixed-citation>
				</ref>
				<ref id="ref-00015">
				<mixed-citation>ISO/IEC TR 29138-1:2012 Information technology. Accessibility considerations for people with disabilities. Part 1: User needs summary</mixed-citation>
				</ref>
				<ref id="ref-00016">
				<mixed-citation>ISO/IEC TR 29138-3:2012 Information technology. Accessibility considerations for people with disabilities. Part 3: Guidance on user needs mapping</mixed-citation>
				</ref>
				<ref id="ref-00017">
				<mixed-citation>Knutov, E., De Bra, P. and Pechenizkiy, M. AH 12 years later: a comprehensive survey of adaptive hypermedia methods and techniques. New Review of Hypermedia and Multimedia 5 (1), Pp. 5--38. 2009 <pub-id pub-id-type="doi" xlink:href="10.1080/13614560902801608" assigning-authority="crossref">10.1080/13614560902801608</pub-id> <pub-id pub-id-type="doi" xlink:href="10.1080/13614560902801608" /></mixed-citation>
				</ref>
				<ref id="ref-00018">
				<mixed-citation>Kobsa A., and Koenemann, J. and Pohl, W. 2001. Personalised hypermedia presentation techniques for improving online customer relationships. Knowl. Eng. Rev. 16, 2 (March 2001), 111--155. <pub-id pub-id-type="doi" xlink:href="10.1017/S0269888901000108" assigning-authority="crossref">10.1017/S0269888901000108</pub-id> <pub-id pub-id-type="doi" xlink:href="10.1017/S0269888901000108" /></mixed-citation>
				</ref>
				<ref id="ref-00019">
				<mixed-citation>Kobsa, A. 2001. Generic User Modeling Systems. User Modeling and User-Adapted Interaction 11, 1--2 (March 2001), 49--63. <pub-id pub-id-type="doi" xlink:href="10.1023/A:1011187500863" assigning-authority="crossref">10.1023/A:1011187500863</pub-id> <pub-id pub-id-type="doi" xlink:href="10.1023/A:1011187500863" /></mixed-citation>
				</ref>
				<ref id="ref-00020">
				<mixed-citation>Kurniawan, S. H., King, A. D., Evans, G. and Blenkhorn, P. L. 2006. Personalising web page presentation for older people. Interact. Comput. 18, 3 (May 2006), 457--477. <pub-id pub-id-type="doi" xlink:href="10.1016/j.intcom.2005.11.006" assigning-authority="crossref">10.1016/j.intcom.2005.11.006</pub-id> <pub-id pub-id-type="doi" xlink:href="10.1016/j.intcom.2005.11.006" /></mixed-citation>
				</ref>
				<ref id="ref-00021">
				<mixed-citation>Lunn, D., Bechhofer, S., and Harper, S. 2008. The SADIe transcoding platform. In Proceedings of the 2008 international cross-disciplinary conference on Web accessibility (W4A), W4A 2008, 128--129. ACM Press. <pub-id pub-id-type="doi" xlink:href="10.1145/1368044.1368073" assigning-authority="crossref">10.1145/1368044.1368073</pub-id> <pub-id pub-id-type="doi" xlink:href="10.1145/1368044.1368073" /></mixed-citation>
				</ref>
				<ref id="ref-00022">
				<mixed-citation>Lunn, D., Harper, S. and Bechhofer, S. 2009. Combining SADIe and AxsJAX to improve the accessibility of web content. In Proceedings of the 2009 International Cross-Disciplinary Conference on Web Accessibililty (W4A) (W4A '09). ACM, New York, NY, USA, 75--78. <pub-id pub-id-type="doi" xlink:href="10.1145/1535654.1535672" assigning-authority="crossref">10.1145/1535654.1535672</pub-id> <pub-id pub-id-type="doi" xlink:href="10.1145/1535654.1535672" /></mixed-citation>
				</ref>
				<ref id="ref-00023">
				<mixed-citation>National Institute on Aging and National Library of Medicine (2002). Making Your Web Site Senior Friendly: A Checklist., NIH &amp; NLM, September 2002. www.nlm.nih.gov/pubs/checklist.pdf</mixed-citation>
				</ref>
				<ref id="ref-00024">
				<mixed-citation>Richards, } J. T. and Hanson, V. L. 2004. Web Accessibility: A Broader View. In Proceedings of the 13th international conference on World Wide Web, WWW 2004, 72--79. ACM Press <pub-id pub-id-type="doi" xlink:href="10.1145/988672.988683" assigning-authority="crossref">10.1145/988672.988683</pub-id> <pub-id pub-id-type="doi" xlink:href="10.1145/988672.988683" /></mixed-citation>
				</ref>
				<ref id="ref-00025">
				<mixed-citation>Takagi, H., Asakawa, C., Fukuda, k. and Maeda, J. 2002. Site-wide annotation: reconstructing existing pages to be accessible. In Proceedings of the fifth international ACM conference on Assistive technologies (Assets '02). ACM, New York, NY, USA, 81--88. <pub-id pub-id-type="doi" xlink:href="10.1145/638249.638265" assigning-authority="crossref">10.1145/638249.638265</pub-id> <pub-id pub-id-type="doi" xlink:href="10.1145/638249.638265" /></mixed-citation>
				</ref>
				<ref id="ref-00026">
				<mixed-citation>Thiessen, P. and Chen, C. 2007. Ajax live regions: chat as a case example. In Proceedings of the 2007 international cross-disciplinary conference on Web accessibility (W4A) (W4A '07). ACM, New York, NY, USA, 7--14. <pub-id pub-id-type="doi" xlink:href="10.1145/1243441.1243450" assigning-authority="crossref">10.1145/1243441.1243450</pub-id> <pub-id pub-id-type="doi" xlink:href="10.1145/1243441.1243450" /></mixed-citation>
				</ref>
				<ref id="ref-00027">
				<mixed-citation>World Health Organization: International classification of functioning, disability and health (ICF) (2001), http://who.int/classifications/icf</mixed-citation>
				</ref>
				<ref id="ref-00028">
				<mixed-citation>Zajycek, M. 2007. Web 2.0: hype or happiness? In Proceedings of the 2007 international cross-disciplinary conference on Web accessibility (W4A), 35--39. ACM Press. <pub-id pub-id-type="doi" xlink:href="10.1145/1243441.1243453" assigning-authority="crossref">10.1145/1243441.1243453</pub-id> <pub-id pub-id-type="doi" xlink:href="10.1145/1243441.1243453" /></mixed-citation>
				</ref>
			</ref-list>
</back>
</book-part>
</book-part-wrapper>
