<?xml version="1.0" encoding="UTF-8"?>
<!DOCTYPE book-part-wrapper PUBLIC "-//NLM//DTD BITS Book Interchange DTD with OASIS and XHTML Tables v2.0 20151225//EN" "BITS-book-oasis2.dtd">
<book-part-wrapper xmlns:xlink="http://www.w3.org/1999/xlink" xmlns:mml="http://www.w3.org/1998/Math/MathML" xmlns:oasis="http://www.niso.org/standards/z39-96/ns/oasis-exchange/table" xmlns:xi="http://www.w3.org/2001/XInclude" xmlns:xsi="http://www.w3.org/2001/XMLSchema-instance" dtd-version="2.0" xml:lang="en" content-type="research-article">
<collection-meta collection-type="book-series">
    <collection-id collection-id-type="doi">10.1145/acmotherconferences</collection-id>
    <title-group>
        <title>ACM Other Conferences</title>
    </title-group>
</collection-meta>
	<book-meta>
		<book-id book-id-type="acm-id">2461121</book-id>
		<book-id book-id-type="doi">10.1145/2461121</book-id>
		<book-title-group>
			<book-title>Proceedings of the 10th International Cross-Disciplinary Conference on Web Accessibility</book-title>
			<alt-title alt-title-type="acronym">W4A '13</alt-title>
		</book-title-group>
	</book-meta>
	<book-part xmlns:ali="http://www.niso.org/schemas/ali/1.0/" book-part-type="chapter" xml:lang="en">
		<book-part-meta>
			<book-part-id book-part-id-type="acm-id">2461147</book-part-id>
			<book-part-id book-part-id-type="doi">10.1145/2461121.2461147</book-part-id>
			<book-part-id book-part-id-type="article-no">18</book-part-id>
	<subj-group subj-group-type="ccs2012">
		<compound-subject>
			<compound-subject-part content-type="code">10003120.10003121</compound-subject-part>
			<compound-subject-part content-type="text">Human-centered computing~Human computer interaction (HCI)</compound-subject-part>
			<compound-subject-part content-type="weight">500</compound-subject-part>
		</compound-subject>
		<compound-subject>
			<compound-subject-part content-type="code">10002951.10003317</compound-subject-part>
			<compound-subject-part content-type="text">Information systems~Information retrieval</compound-subject-part>
			<compound-subject-part content-type="weight">100</compound-subject-part>
		</compound-subject>
		<compound-subject>
			<compound-subject-part content-type="code">10002951.10003152</compound-subject-part>
			<compound-subject-part content-type="text">Information systems~Information storage systems</compound-subject-part>
			<compound-subject-part content-type="weight">100</compound-subject-part>
		</compound-subject>
	</subj-group>
			<title-group>
				<title>Pushing the Raman principle</title>
			</title-group>
<contrib-group>
   <contrib contrib-type="author" id="artseq-00001">
       <contrib-id contrib-id-type="person_id" authenticated="false">P4141093</contrib-id><contrib-id contrib-id-type="profile_id" authenticated="false">81100349845</contrib-id>
       <name name-style="western">
           <surname>Lewis</surname>
           <given-names>Clayton</given-names>
       </name>
	<aff>University of Colorado</aff><aff><institution-wrap><institution-id institution-id-type="profile_id">60000221</institution-id></institution-wrap></aff>
	<email>clayton.lewis@colorado.edu</email>
	<role>Author</role>
   </contrib>
</contrib-group>
   <pub-date date-type="publication">
   <day>13</day>
   <month>05</month>
   <year>2013</year>
   </pub-date>
				<fpage>1</fpage>
				<lpage>4</lpage>
		<permissions>
			<copyright-year>2013</copyright-year>
			<copyright-holder>Copyright is held by the owner/author(s)</copyright-holder>
			<license license-type="rightsretained">
			<license-p>Permission to make digital or hard copies of part or all of this work for personal or classroom use is granted without fee provided that copies are not made or distributed for profit or commercial advantage and that copies bear this notice and the full citation on the first page. Copyrights for third-party components of this work must be honored. For all other uses, contact the Owner/Author.</license-p>
			</license>
		</permissions>
		<self-uri content-type="pdf" xlink:href="2461121.2461147.pdf" />
	<abstract>
		<p>T V Raman has said, "The way to think about the visual system is as a way to answer queries against a spatial database. If you have an alternate way to ask the queries and get the answers, you don't need the visual system." If we push this Raman Principle, where can it take us? This paper describes one application of the Raman Principle, the Noodle system for non-visual visual programming. It then offers some reflections on the larger implications of the Principle.</p>
	</abstract>
		<custom-meta-group>
		    <custom-meta>
		        <meta-name>rightslink</meta-name>
		        <meta-value>excluded</meta-value>
		    </custom-meta>
		</custom-meta-group>
		</book-part-meta>
		
	<back>
<ref-list specific-use="unparsed">
				<ref id="ref-00001">
				<mixed-citation>T. V. Raman. 1996. Emacspeak---a speech interface. In Proceedings of the SIGCHI Conference on Human Factors in Computing Systems (CHI '96), Michael J. Tauber (Ed.). ACM, New York, NY, USA, 66--71. <pub-id pub-id-type="doi" xlink:href="10.1145/238386.238405" assigning-authority="crossref">10.1145/238386.238405</pub-id> <pub-id pub-id-type="doi" xlink:href="10.1145/238386.238405" /></mixed-citation>
				</ref>
				<ref id="ref-00002">
				<mixed-citation>T. V. Raman, D. Gries, 1997. Documents mean more than just paper!, Mathematical and Computer Modelling, Volume 26, Issue 1, July, Pages 45--53. <pub-id pub-id-type="doi" xlink:href="10.1016/S0895-7177(97)00103-9" assigning-authority="crossref">10.1016/S0895-7177(97)00103-9</pub-id> <pub-id pub-id-type="doi" xlink:href="10.1016/S0895-7177(97)00103-9" /></mixed-citation>
				</ref>
				<ref id="ref-00003">
				<mixed-citation>Raman, T. V. and Chen, C. L. n.d. AxsJAX-Enhanced Jawbreaker User Guide. http://google-axsjax.googlecode.com/svn-history/r540/trunk/docs/jawbreaker_userguide</mixed-citation>
				</ref>
				<ref id="ref-00004">
				<mixed-citation>Charles L. Chen and T. V. Raman. 2008. AxsJAX: a talking translation bot using google IM: bringing web-2.0 applications to life. In Proceedings of the 2008 international cross-disciplinary conference on Web accessibility (W4A) (W4A '08). ACM, New York, NY, USA, 54--56. <pub-id pub-id-type="doi" xlink:href="10.1145/1368044.1368056" assigning-authority="crossref">10.1145/1368044.1368056</pub-id> <pub-id pub-id-type="doi" xlink:href="10.1145/1368044.1368056" /></mixed-citation>
				</ref>
				<ref id="ref-00005">
				<mixed-citation>Visual programming language. (2013, March 10). In Wikipedia, The Free Encyclopedia. Retrieved 00:17, March 15, 2013, from http://en.wikipedia.org/w/index.php?title=Visual_programming_language&amp;oldid=543190015</mixed-citation>
				</ref>
				<ref id="ref-00006">
				<mixed-citation>Victor, B. 2012 Learnable programming: Designing a programming system for understanding programs. http://worrydream.com/LearnableProgramming/</mixed-citation>
				</ref>
				<ref id="ref-00007">
				<mixed-citation>Miller, C. S., Lehman, J. F., and Koedinger, K. R. 1999. Goals and learning in microworlds, <italic toggle="yes">Cognitive Science</italic>, Volume 23, Issue 3, July, Pages 305--336.</mixed-citation>
				</ref>
			</ref-list>
</back>
</book-part>
</book-part-wrapper>
