<?xml version="1.0" encoding="UTF-8"?>
<!DOCTYPE book-part-wrapper PUBLIC "-//NLM//DTD BITS Book Interchange DTD with OASIS and XHTML Tables v2.0 20151225//EN" "BITS-book-oasis2.dtd">
<book-part-wrapper xmlns:xlink="http://www.w3.org/1999/xlink" xmlns:mml="http://www.w3.org/1998/Math/MathML" xmlns:oasis="http://www.niso.org/standards/z39-96/ns/oasis-exchange/table" xmlns:xi="http://www.w3.org/2001/XInclude" xmlns:xsi="http://www.w3.org/2001/XMLSchema-instance" dtd-version="2.0" xml:lang="en" content-type="research-article">
<collection-meta collection-type="book-series">
    <collection-id collection-id-type="doi">10.1145/acmotherconferences</collection-id>
    <title-group>
        <title>ACM Other Conferences</title>
    </title-group>
</collection-meta>
	<book-meta>
		<book-id book-id-type="acm-id">2461121</book-id>
		<book-id book-id-type="doi">10.1145/2461121</book-id>
		<book-title-group>
			<book-title>Proceedings of the 10th International Cross-Disciplinary Conference on Web Accessibility</book-title>
			<alt-title alt-title-type="acronym">W4A '13</alt-title>
		</book-title-group>
	</book-meta>
	<book-part xmlns:ali="http://www.niso.org/schemas/ali/1.0/" book-part-type="chapter" xml:lang="en">
		<book-part-meta>
			<book-part-id book-part-id-type="acm-id">2461127</book-part-id>
			<book-part-id book-part-id-type="doi">10.1145/2461121.2461127</book-part-id>
			<book-part-id book-part-id-type="article-no">4</book-part-id>
	<subj-group subj-group-type="ccs2012">
		<compound-subject>
			<compound-subject-part content-type="code">10003120.10003121.10003124.10010868</compound-subject-part>
			<compound-subject-part content-type="text">Human-centered computing~Human computer interaction (HCI)~Interaction paradigms~Web-based interaction</compound-subject-part>
			<compound-subject-part content-type="weight">500</compound-subject-part>
		</compound-subject>
		<compound-subject>
			<compound-subject-part content-type="code">10003120.10003130.10003134</compound-subject-part>
			<compound-subject-part content-type="text">Human-centered computing~Collaborative and social computing~Collaborative and social computing design and evaluation methods</compound-subject-part>
			<compound-subject-part content-type="weight">100</compound-subject-part>
		</compound-subject>
	</subj-group>
			<title-group>
				<title>Efficient and effective information finding on small screen devices</title>
			</title-group>
<contrib-group>
   <contrib contrib-type="author" id="artseq-00001">
       <contrib-id contrib-id-type="person_id" authenticated="false">P4141053</contrib-id><contrib-id contrib-id-type="profile_id" authenticated="false">81758752957</contrib-id>
       <name name-style="western">
           <surname>Lai</surname>
           <given-names>Pauli P. Y.</given-names>
       </name>
	<aff>The University of Hong Kong, Pokfulam, Hong Kong</aff><aff><institution-wrap><institution-id institution-id-type="profile_id">60006541</institution-id></institution-wrap></aff>
	<email>pauli@graduate.hku.hk</email>
	<role>Author</role>
   </contrib>
</contrib-group>
   <pub-date date-type="publication">
   <day>13</day>
   <month>05</month>
   <year>2013</year>
   </pub-date>
				<fpage>1</fpage>
				<lpage>10</lpage>
		<permissions>
			<copyright-year>2013</copyright-year>
			<copyright-holder>ACM</copyright-holder>
			<license license-type="acmlicensed">
			<license-p>Permission to make digital or hard copies of all or part of this work for personal or classroom use is granted without fee provided that copies are not made or distributed for profit or commercial advantage and that copies bear this notice and the full citation on the first page. Copyrights for components of this work owned by others than the author(s) must be honored. Abstracting with credit is permitted. To copy otherwise, or republish, to post on servers or to redistribute to lists, requires prior specific permission and/or a fee. Request permissions from Permissions@acm.org.</license-p>
			</license>
		</permissions>
		<self-uri content-type="pdf" xlink:href="2461121.2461127.pdf" />
	<abstract>
		<p>The use of handheld devices to access the World Wide Web has been increased significantly in recent years. It is time consuming to seek information when desktop-oriented webpages that contain tons of information are squeezed to be displayed on a handheld device. Therefore, presenting useful information in an efficient and effective way on pocket-sized mobile devices is very significant especially in the coming outbreak of mobile Internet era. We propose a content model to represent the relationships between semantic elements on webpages. From the model we generate different adaptations for people with different needs. Our objective is to discover author's intention of webpages by analyzing the relationships of semantic elements on webpages and to provide various adaptations for efficient and effective Web browsing and information seeking on pocket-sized mobile devices. Experiments show that the adapted versions improve efficiency and effectiveness for information seeking on pocket-sized mobile devices in general.</p>
	</abstract>
<kwd-group>
<kwd>content adaptation</kwd>
<kwd>handheld device</kwd>
<kwd>information seeking</kwd>
<kwd>mobile web</kwd>
<kwd>relationship analysis</kwd>
</kwd-group>
		</book-part-meta>
		
	<back>
<ref-list specific-use="unparsed">
				<ref id="ref-00001">
				<mixed-citation>Mateus, K. Web Usage Prediction: When Mobile and Desktop Collide. 2011 {cited 2013 23/2}; Available from: http://www.mequoda.com/articles/digital-magazine-publishing/web-usage-prediction-when-mobile-and-desktop-collide/.</mixed-citation>
				</ref>
				<ref id="ref-00002">
				<mixed-citation>Stamford, C., Gartner Highlights Key Predictions for IT Organizations and Users in 2010 and Beyond. 2010.</mixed-citation>
				</ref>
				<ref id="ref-00003">
				<mixed-citation>Cui, Y. and V. Roto, How people use the web on mobile devices, in Proceedings of the 17th international conference on World Wide Web. 2008, ACM: Beijing, China. p. 905--914. <pub-id pub-id-type="doi" xlink:href="10.1145/1367497.1367619" assigning-authority="crossref">10.1145/1367497.1367619</pub-id> <pub-id pub-id-type="doi" xlink:href="10.1145/1367497.1367619" /></mixed-citation>
				</ref>
				<ref id="ref-00004">
				<mixed-citation>Ahmadi, H. and J. Kong, Efficient web browsing on small screens, in Proceedings of the working conference on Advanced visual interfaces. 2008, ACM: Napoli, Italy. p. 23--30. <pub-id pub-id-type="doi" xlink:href="10.1145/1385569.1385576" assigning-authority="crossref">10.1145/1385569.1385576</pub-id> <pub-id pub-id-type="doi" xlink:href="10.1145/1385569.1385576" /></mixed-citation>
				</ref>
				<ref id="ref-00005">
				<mixed-citation>Chen, Y., W. Y. Ma, and H. J. Zhang, Detecting web page structure for adaptive viewing on small form factor devices, in Proceedings of the 12th international conference on World Wide Web. 2003, ACM: Budapest, Hungary. <pub-id pub-id-type="doi" xlink:href="10.1145/775152.775184" assigning-authority="crossref">10.1145/775152.775184</pub-id> <pub-id pub-id-type="doi" xlink:href="10.1145/775152.775184" /></mixed-citation>
				</ref>
				<ref id="ref-00006">
				<mixed-citation>Chen, Y., et al., Adapting Web Pages for Small-Screen Devices. IEEE Internet Computing 2005. vol 9(no. 1): p. 50--56. <pub-id pub-id-type="doi" xlink:href="10.1109/MIC.2005.5" assigning-authority="crossref">10.1109/MIC.2005.5</pub-id> <pub-id pub-id-type="doi" xlink:href="10.1109/MIC.2005.5" /></mixed-citation>
				</ref>
				<ref id="ref-00007">
				<mixed-citation>Lin, S. H. and J. M. Ho, Discovering informative content blocks from Web documents, in Proceedings of the eighth ACM SIGKDD international conference on Knowledge discovery and data mining. 2002, ACM: Edmonton, Alberta, Canada. <pub-id pub-id-type="doi" xlink:href="10.1145/775047.775134" assigning-authority="crossref">10.1145/775047.775134</pub-id> <pub-id pub-id-type="doi" xlink:href="10.1145/775047.775134" /></mixed-citation>
				</ref>
				<ref id="ref-00008">
				<mixed-citation>Xiao, Y., Y. Tao, and Q. Li. Web Page Adaptation for Mobile Device. in Wireless Communications, Networking and Mobile Computing, 2008. WiCOM '08. 4th International Conference on. 2008.</mixed-citation>
				</ref>
				<ref id="ref-00009">
				<mixed-citation>Cao, J., B. Mao, and J. Luo, A segmentation method for web page analysis using shrinking and dividing. Int. J. Parallel Emerg. Distrib. Syst. 25(2): p. 93--104. <pub-id pub-id-type="doi" xlink:href="10.1080/17445760802429585" assigning-authority="crossref">10.1080/17445760802429585</pub-id> <pub-id pub-id-type="doi" xlink:href="10.1080/17445760802429585" /></mixed-citation>
				</ref>
				<ref id="ref-00010">
				<mixed-citation>Cai, D., et al., VIPS: A Vision-based Page Segmentation Algorithm. 2003.</mixed-citation>
				</ref>
				<ref id="ref-00011">
				<mixed-citation>Lum, W. Y. and F. C. M. Lau. Relationship-aware content adaptation of structured Web documents for mobile computing. in Parallel and Distributed Systems, 2005. Proceedings. 11th International Conference on. 2005. <pub-id pub-id-type="doi" xlink:href="10.1109/ICPADS.2005.251" assigning-authority="crossref">10.1109/ICPADS.2005.251</pub-id> <pub-id pub-id-type="doi" xlink:href="10.1109/ICPADS.2005.251" /></mixed-citation>
				</ref>
				<ref id="ref-00012">
				<mixed-citation>Anomaly detection. 2013 21/1/2013 {cited 2013 4/2}; Available from: http://en.wikipedia.org/wiki/Anomaly_detection.</mixed-citation>
				</ref>
				<ref id="ref-00013">
				<mixed-citation>Lum, W. Y. and F. C. M. Lau. User-centric adaptation of structured Web documents for small devices. in 19th International Conference on Advanced Information Networking and Applications, 2005. AINA 2005. 2005. <pub-id pub-id-type="doi" xlink:href="10.1109/AINA.2005.335" assigning-authority="crossref">10.1109/AINA.2005.335</pub-id> <pub-id pub-id-type="doi" xlink:href="10.1109/AINA.2005.335" /></mixed-citation>
				</ref>
				<ref id="ref-00014">
				<mixed-citation>Depth-first search. 6 June 2012 {cited 20/6/2012}; Available from: http://en.wikipedia.org/wiki/Depth-first_search.</mixed-citation>
				</ref>
				<ref id="ref-00015">
				<mixed-citation>Song, R., et al., Learning block importance models for web pages, in Proceedings of the 13th international conference on World Wide Web. 2004, ACM: New York, NY, USA. p. 203--211. <pub-id pub-id-type="doi" xlink:href="10.1145/988672.988700" assigning-authority="crossref">10.1145/988672.988700</pub-id> <pub-id pub-id-type="doi" xlink:href="10.1145/988672.988700" /></mixed-citation>
				</ref>
				<ref id="ref-00016">
				<mixed-citation>Site Map. 2007 {cited 2012 2/8/2012}; Available from: http://www.techterms.com/definition/sitemap.</mixed-citation>
				</ref>
				<ref id="ref-00017">
				<mixed-citation>StatCounter Global Stats - Top 9 mobile browsers from Jan 2011 to Feb 2013. 2013 {cited 23/2/2013}; Available from: http://gs.statcounter.com/#mobile_browser-ww-monthly-201101-201302.</mixed-citation>
				</ref>
			</ref-list>
</back>
</book-part>
</book-part-wrapper>
