<?xml version="1.0" encoding="UTF-8"?>
<!DOCTYPE book-part-wrapper PUBLIC "-//NLM//DTD BITS Book Interchange DTD with OASIS and XHTML Tables v2.0 20151225//EN" "BITS-book-oasis2.dtd">
<book-part-wrapper xmlns:xlink="http://www.w3.org/1999/xlink" xmlns:mml="http://www.w3.org/1998/Math/MathML" xmlns:oasis="http://www.niso.org/standards/z39-96/ns/oasis-exchange/table" xmlns:xi="http://www.w3.org/2001/XInclude" xmlns:xsi="http://www.w3.org/2001/XMLSchema-instance" dtd-version="2.0" xml:lang="en" content-type="research-article">
<collection-meta collection-type="book-series">
    <collection-id collection-id-type="doi">10.1145/acmotherconferences</collection-id>
    <title-group>
        <title>ACM Other Conferences</title>
    </title-group>
</collection-meta>
	<book-meta>
		<book-id book-id-type="acm-id">2461121</book-id>
		<book-id book-id-type="doi">10.1145/2461121</book-id>
		<book-title-group>
			<book-title>Proceedings of the 10th International Cross-Disciplinary Conference on Web Accessibility</book-title>
			<alt-title alt-title-type="acronym">W4A '13</alt-title>
		</book-title-group>
	</book-meta>
	<book-part xmlns:ali="http://www.niso.org/schemas/ali/1.0/" book-part-type="chapter" xml:lang="en">
		<book-part-meta>
			<book-part-id book-part-id-type="acm-id">2461139</book-part-id>
			<book-part-id book-part-id-type="doi">10.1145/2461121.2461139</book-part-id>
			<book-part-id book-part-id-type="article-no">6</book-part-id>
	<subj-group subj-group-type="ccs2012">
		<compound-subject>
			<compound-subject-part content-type="code">10011007.10011006.10011066.10011069</compound-subject-part>
			<compound-subject-part content-type="text">Software and its engineering~Software notations and tools~Development frameworks and environments~Integrated and visual development environments</compound-subject-part>
			<compound-subject-part content-type="weight">500</compound-subject-part>
		</compound-subject>
		<compound-subject>
			<compound-subject-part content-type="code">10011007.10011006.10011066.10011069</compound-subject-part>
			<compound-subject-part content-type="text">Software and its engineering~Software notations and tools~Development frameworks and environments~Integrated and visual development environments</compound-subject-part>
			<compound-subject-part content-type="weight">100</compound-subject-part>
		</compound-subject>
	</subj-group>
			<title-group>
				<title>GenURC</title>
				<subtitle>generation platform for personal and context-driven user interfaces</subtitle>
			</title-group>
<contrib-group>
   <contrib contrib-type="author" id="artseq-00001">
       <contrib-id contrib-id-type="person_id" authenticated="false">P4141057</contrib-id><contrib-id contrib-id-type="profile_id" authenticated="false">81100591719</contrib-id>
       <name name-style="western">
           <surname>Zimmermann</surname>
           <given-names>Gottfried</given-names>
       </name>
	<aff>Stuttgart Media University, Stuttgart, Germany</aff><aff><institution-wrap><institution-id institution-id-type="profile_id">60003027</institution-id></institution-wrap></aff>
	<email>gzimmermann@hdm-stuttgart.de</email>
	<role>Author</role>
   </contrib>
   <contrib contrib-type="author" id="artseq-00002">
       <contrib-id contrib-id-type="person_id" authenticated="false">P4141058</contrib-id><contrib-id contrib-id-type="profile_id" authenticated="false">81758982957</contrib-id>
       <name name-style="western">
           <surname>Jordan</surname>
           <given-names>J. Bern</given-names>
       </name>
	<aff>University of Wisconsin-Madison, Madison, WI</aff><aff><institution-wrap><institution-id institution-id-type="profile_id">60032179</institution-id></institution-wrap></aff>
	<email>jordan@trace.wisc.edu</email>
	<role>Author</role>
   </contrib>
   <contrib contrib-type="author" id="artseq-00003">
       <contrib-id contrib-id-type="person_id" authenticated="false">P4141059</contrib-id><contrib-id contrib-id-type="profile_id" authenticated="false">81758666957</contrib-id>
       <name name-style="western">
           <surname>Thakur</surname>
           <given-names>Parikshit</given-names>
       </name>
	<aff>Plenar Technologies, Ahmedabad, India</aff>
	<email>pthakur@plenartech.com</email>
	<role>Author</role>
   </contrib>
   <contrib contrib-type="author" id="artseq-00004">
       <contrib-id contrib-id-type="person_id" authenticated="false">P4141060</contrib-id><contrib-id contrib-id-type="profile_id" authenticated="false">81758883357</contrib-id>
       <name name-style="western">
           <surname>Gohil</surname>
           <given-names>Yuvarajsinh</given-names>
       </name>
	<aff>Plenar Technologies, Ahmedabad, India</aff>
	<email>yuvaraj.gohil@plenartech.com</email>
	<role>Author</role>
   </contrib>
</contrib-group>
   <pub-date date-type="publication">
   <day>13</day>
   <month>05</month>
   <year>2013</year>
   </pub-date>
				<fpage>1</fpage>
				<lpage>4</lpage>
		<permissions>
			<copyright-year>2013</copyright-year>
			<copyright-holder>ACM</copyright-holder>
			<license license-type="acmlicensed">
			<license-p>Permission to make digital or hard copies of all or part of this work for personal or classroom use is granted without fee provided that copies are not made or distributed for profit or commercial advantage and that copies bear this notice and the full citation on the first page. Copyrights for components of this work owned by others than the author(s) must be honored. Abstracting with credit is permitted. To copy otherwise, or republish, to post on servers or to redistribute to lists, requires prior specific permission and/or a fee. Request permissions from Permissions@acm.org.</license-p>
			</license>
		</permissions>
		<self-uri content-type="pdf" xlink:href="2461121.2461139.pdf" />
	<abstract>
		<p>The Universal Remote Console (URC) framework enables pluggable user interfaces. It is suitable for applications where the "one-size-fits-all approach" fails due to a heterogeneous user group with diverse needs and preferences. This paper reports about research and development work aiming at extending the URC's adapt-at-design-time approach by a complementary adapt-at-runtime approach. A new component (GenURC) within the URC environment generates a personal and context-driven user interface in a two-step process. A rich grouping file is used as an intermediate user interface description, containing "flexion points" for runtime adaptations based on the use context. This will allow for the integration of the URC framework with the GPII user preference model.</p>
	</abstract>
<kwd-group>
<kwd>GenURC</kwd>
<kwd>adaptive user interfaces</kwd>
<kwd>global public inclusive infrastructure (GPII)</kwd>
<kwd>pluggable user interfaces</kwd>
<kwd>universal remote console (URC)</kwd>
<kwd>use context</kwd>
<kwd>user preferences</kwd>
</kwd-group>
<funding-group specific-use="FundRef">
	<award-group id="award1">
		<funding-source id="GS1">
			<institution-wrap>
			<institution>National Institute on Disability and Rehabilitation Research</institution>
			<institution-id institution-id-type="FundRef">http://dx.doi.org/10.13039/100006663</institution-id>
			</institution-wrap>
		</funding-source>
		<award-id rid="GS1">H133E080022</award-id>
	</award-group>
	<award-group id="award2">
		<funding-source id="GS2">
			<institution-wrap>
			<institution>Seventh Framework Programme</institution>
			<institution-id institution-id-type="FundRef">http://dx.doi.org/10.13039/501100004963</institution-id>
			</institution-wrap>
		</funding-source>
		<award-id rid="GS2">289016</award-id>
	</award-group>
	<award-group id="award3">
		<funding-source id="GS3">
			<institution-wrap>
			<institution>U.S. Department of Education</institution>
			<institution-id institution-id-type="FundRef">http://dx.doi.org/10.13039/100000138</institution-id>
			</institution-wrap>
		</funding-source>
	</award-group>
</funding-group>
		</book-part-meta>
		
	<back>
<ref-list specific-use="unparsed">
				<ref id="ref-00001">
				<mixed-citation>Vanderheiden, G.; and Zimmermann, G. (2005). Use of User Interface Sockets to Create Naturally Evolving Intelligent Environments. Proceedings of the 11th International Conference on Human-Computer Interaction (HCII 2005), July 22--27, 2005, Las Vegas, Nevada, USA.</mixed-citation>
				</ref>
				<ref id="ref-00002">
				<mixed-citation>Thakur, P. &amp; Zimmermann, G. (2012). Universal Control Hub 1.0. Draft Technical Report 2012-10-22. OpenURC Alliance. http://openurc.org/TR/uch1.0</mixed-citation>
				</ref>
				<ref id="ref-00003">
				<mixed-citation>Thakur, P. &amp; Rosa, B. (2012). URC-HTTP Protocol 2.0. Draft Technical Report 2012-10-22. OpenURC Alliance. http://openurc.org/TR/urc-http-protocol2.0</mixed-citation>
				</ref>
			</ref-list>
</back>
</book-part>
</book-part-wrapper>
