<?xml version="1.0" encoding="UTF-8"?>
<!DOCTYPE book-part-wrapper PUBLIC "-//NLM//DTD BITS Book Interchange DTD with OASIS and XHTML Tables v2.0 20151225//EN" "BITS-book-oasis2.dtd">
<book-part-wrapper xmlns:xlink="http://www.w3.org/1999/xlink" xmlns:mml="http://www.w3.org/1998/Math/MathML" xmlns:oasis="http://www.niso.org/standards/z39-96/ns/oasis-exchange/table" xmlns:xi="http://www.w3.org/2001/XInclude" xmlns:xsi="http://www.w3.org/2001/XMLSchema-instance" dtd-version="2.0" xml:lang="en" content-type="research-article">
<collection-meta collection-type="book-series">
    <collection-id collection-id-type="doi">10.1145/acmotherconferences</collection-id>
    <title-group>
        <title>ACM Other Conferences</title>
    </title-group>
</collection-meta>
	<book-meta>
		<book-id book-id-type="acm-id">2461121</book-id>
		<book-id book-id-type="doi">10.1145/2461121</book-id>
		<book-title-group>
			<book-title>Proceedings of the 10th International Cross-Disciplinary Conference on Web Accessibility</book-title>
			<alt-title alt-title-type="acronym">W4A '13</alt-title>
		</book-title-group>
	</book-meta>
	<book-part xmlns:ali="http://www.niso.org/schemas/ali/1.0/" book-part-type="chapter" xml:lang="en">
		<book-part-meta>
			<book-part-id book-part-id-type="acm-id">2461133</book-part-id>
			<book-part-id book-part-id-type="doi">10.1145/2461121.2461133</book-part-id>
			<book-part-id book-part-id-type="article-no">13</book-part-id>
	<subj-group subj-group-type="ccs2012">
		<compound-subject>
			<compound-subject-part content-type="code">10003120.10003121.10003122</compound-subject-part>
			<compound-subject-part content-type="text">Human-centered computing~Human computer interaction (HCI)~HCI design and evaluation methods</compound-subject-part>
			<compound-subject-part content-type="weight">500</compound-subject-part>
		</compound-subject>
		<compound-subject>
			<compound-subject-part content-type="code">10003120.10003121</compound-subject-part>
			<compound-subject-part content-type="text">Human-centered computing~Human computer interaction (HCI)</compound-subject-part>
			<compound-subject-part content-type="weight">100</compound-subject-part>
		</compound-subject>
		<compound-subject>
			<compound-subject-part content-type="code">10003120.10003121.10011748</compound-subject-part>
			<compound-subject-part content-type="text">Human-centered computing~Human computer interaction (HCI)~Empirical studies in HCI</compound-subject-part>
			<compound-subject-part content-type="weight">100</compound-subject-part>
		</compound-subject>
		<compound-subject>
			<compound-subject-part content-type="code">10003120.10011738</compound-subject-part>
			<compound-subject-part content-type="text">Human-centered computing~Accessibility</compound-subject-part>
			<compound-subject-part content-type="weight">100</compound-subject-part>
		</compound-subject>
		<compound-subject>
			<compound-subject-part content-type="code">10003120.10003121.10003124.10003254</compound-subject-part>
			<compound-subject-part content-type="text">Human-centered computing~Human computer interaction (HCI)~Interaction paradigms~Hypertext / hypermedia</compound-subject-part>
			<compound-subject-part content-type="weight">100</compound-subject-part>
		</compound-subject>
		<compound-subject>
			<compound-subject-part content-type="code">10010405.10010497.10010510.10010515</compound-subject-part>
			<compound-subject-part content-type="text">Applied computing~Document management and text processing~Document preparation~Multi / mixed media creation</compound-subject-part>
			<compound-subject-part content-type="weight">100</compound-subject-part>
		</compound-subject>
	</subj-group>
			<title-group>
				<title>Understanding users in the wild</title>
			</title-group>
<contrib-group>
   <contrib contrib-type="author" id="artseq-00001">
       <contrib-id contrib-id-type="person_id" authenticated="false">P4141076</contrib-id><contrib-id contrib-id-type="profile_id" authenticated="false">81758650557</contrib-id>
       <name name-style="western">
           <surname>Apaolaza</surname>
           <given-names>Aitor</given-names>
       </name>
	<aff>University of Manchester, Manchester, United Kingdom</aff><aff><institution-wrap><institution-id institution-id-type="profile_id">60003771</institution-id></institution-wrap></aff>
	<email>apaolaza@cs.manchester.ac.uk</email>
	<role>Author</role>
   </contrib>
   <contrib contrib-type="author" id="artseq-00002">
       <contrib-id contrib-id-type="person_id" authenticated="false">P4141077</contrib-id><contrib-id contrib-id-type="profile_id" authenticated="false">81100139139</contrib-id>
       <name name-style="western">
           <surname>Harper</surname>
           <given-names>Simon</given-names>
       </name>
	<aff>University of Manchester, Manchester, United Kingdom</aff><aff><institution-wrap><institution-id institution-id-type="profile_id">60003771</institution-id></institution-wrap></aff>
	<email>simon.harper@cs.manchester.ac.uk</email>
	<role>Author</role>
   </contrib>
   <contrib contrib-type="author" id="artseq-00003">
       <contrib-id contrib-id-type="person_id" authenticated="false">P4141078</contrib-id><contrib-id contrib-id-type="profile_id" authenticated="false">81100091861</contrib-id>
       <name name-style="western">
           <surname>Jay</surname>
           <given-names>Caroline</given-names>
       </name>
	<aff>University of Manchester, Manchester, United Kingdom</aff><aff><institution-wrap><institution-id institution-id-type="profile_id">60003771</institution-id></institution-wrap></aff>
	<email>caroline.jay@cs.manchester.ac.uk</email>
	<role>Author</role>
   </contrib>
</contrib-group>
   <pub-date date-type="publication">
   <day>13</day>
   <month>05</month>
   <year>2013</year>
   </pub-date>
				<fpage>1</fpage>
				<lpage>4</lpage>
		<permissions>
			<copyright-year>2013</copyright-year>
			<copyright-holder>ACM</copyright-holder>
			<license license-type="acmlicensed">
			<license-p>Permission to make digital or hard copies of all or part of this work for personal or classroom use is granted without fee provided that copies are not made or distributed for profit or commercial advantage and that copies bear this notice and the full citation on the first page. Copyrights for components of this work owned by others than the author(s) must be honored. Abstracting with credit is permitted. To copy otherwise, or republish, to post on servers or to redistribute to lists, requires prior specific permission and/or a fee. Request permissions from Permissions@acm.org.</license-p>
			</license>
		</permissions>
		<self-uri content-type="pdf" xlink:href="2461121.2461133.pdf" />
	<abstract>
		<p>Laboratory studies are a well established practice that present disadvantages in terms of data collection. One of these disadvantages is that laboratories are controlled environments that do not account for unpredicted factors from the real world. Laboratory studies are also obtrusive and therefore possibly biased. The Human-Computer Interaction (HCI) community has acknowledged these problems and has started exploring in-situ observation techniques. These observation techniques allow for bigger participant pools and their environments can conform to the real world. Such real-world observations are particularly important to the accessibility community who has coined the concept accessibility-in-use to differentiate real world from laboratory studies. Real-world observations provide low-level interaction data therefore making a bottom-up analysis possible. This way behaviours emerge from the obtained data instead of looking for predefined models. Some in-situ techniques employ Web logs in which the data is too coarse to infer meaningful user interaction. In some other cases an exhaustive manual modification is required to capture interaction data from a Web application. We describe a tool which is easily deployable in any Web application and captures longitudinal interaction data unobtrusively. It enables the observation of accessibility-in-use and guides the detection of emerging tasks.</p>
	</abstract>
<kwd-group>
<kwd>accessibility</kwd>
<kwd>ergonomics</kwd>
<kwd>usage mining</kwd>
<kwd>user behaviour analysis</kwd>
<kwd>user issues</kwd>
<kwd>web</kwd>
</kwd-group>
		</book-part-meta>
		
	<back>
<ref-list specific-use="unparsed">
				<ref id="ref-00001">
				<mixed-citation>R. Atterer, M. Wnuk, and A. Schmidt. Knowing the user's every move: user activity tracking for website usability evaluation and implicit interaction. In <italic toggle="yes">Proceedings of the 15th international conference on World Wide Web</italic>, WWW '06, pages 203--212, 2006. <pub-id pub-id-type="doi" xlink:href="10.1145/1135777.1135811" assigning-authority="crossref">10.1145/1135777.1135811</pub-id> <pub-id pub-id-type="doi" xlink:href="10.1145/1135777.1135811" /></mixed-citation>
				</ref>
				<ref id="ref-00002">
				<mixed-citation>J. P. Bigham, A. C. Cavender, J. T. Brudvik, J. O. Wobbrock, and R. E. Lander. WebinSitu: a comparative analysis of blind and sighted browsing behavior. In <italic toggle="yes">Proceedings of the 9th international ACM SIGACCESS conference on Computers and accessibility</italic>, Assets '07, pages 51--58, 2007. <pub-id pub-id-type="doi" xlink:href="10.1145/1296843.1296854" assigning-authority="crossref">10.1145/1296843.1296854</pub-id> <pub-id pub-id-type="doi" xlink:href="10.1145/1296843.1296854" /></mixed-citation>
				</ref>
				<ref id="ref-00003">
				<mixed-citation>S. K. Card, T. P. Moran, and A. Newell. The keystroke-level model for user performance time with interactive systems. <italic toggle="yes">Commun. ACM</italic>, 23(7):396--410, July 1980. <pub-id pub-id-type="doi" xlink:href="10.1145/358886.358895" assigning-authority="crossref">10.1145/358886.358895</pub-id> <pub-id pub-id-type="doi" xlink:href="10.1145/358886.358895" /></mixed-citation>
				</ref>
				<ref id="ref-00004">
				<mixed-citation>T. Carta, F. Paternò, and V. Santana. Support for remote usability evaluation of web mobile applications. In <italic toggle="yes">Proceedings of the 29th ACM international conference on Design of communication</italic>, SIGDOC '11, pages 129--136, 2011. <pub-id pub-id-type="doi" xlink:href="10.1145/2038476.2038502" assigning-authority="crossref">10.1145/2038476.2038502</pub-id> <pub-id pub-id-type="doi" xlink:href="10.1145/2038476.2038502" /></mixed-citation>
				</ref>
				<ref id="ref-00005">
				<mixed-citation>J. Cugini and J. Scholtz. VISVIP: 3D visualization of paths through web sites. In <italic toggle="yes">Database and Expert Systems Applications, 1999. Proceedings. Tenth International Workshop on</italic>, pages 259--263, 1999. <pub-id pub-id-type="doi" xlink:href="10.5555/519627.790354" /></mixed-citation>
				</ref>
				<ref id="ref-00006">
				<mixed-citation>Q. Guo, E. Agichtein, C. L. A. Clarke, and A. Ashkan. In the mood to click? towards inferring receptiveness to search advertising. In <italic toggle="yes">Proceedings of the 2009 IEEE/WIC/ACM International Joint Conference on Web Intelligence and Intelligent Agent Technology - Volume 01</italic>, WI-IAT '09, pages 319--324, 2009. <pub-id pub-id-type="doi" xlink:href="10.1109/WI-IAT.2009.368" assigning-authority="crossref">10.1109/WI-IAT.2009.368</pub-id> <pub-id pub-id-type="doi" xlink:href="10.1109/WI-IAT.2009.368" /></mixed-citation>
				</ref>
				<ref id="ref-00007">
				<mixed-citation>C. Jay, A. Brown, and S. Harper. Predicting whether users view dynamically updating content on the world wide web. <italic toggle="yes">ACM Transactions on Computer-Human Interaction</italic>, To appear, 2013. <pub-id pub-id-type="doi" xlink:href="10.1145/2463579.2463580" assigning-authority="crossref">10.1145/2463579.2463580</pub-id> <pub-id pub-id-type="doi" xlink:href="10.1145/2463579.2463580" /></mixed-citation>
				</ref>
				<ref id="ref-00008">
				<mixed-citation>B. E. John, K. Prevas, D. D. Salvucci, and K. Koedinger. Predictive human performance modeling made easy. In <italic toggle="yes">Proceedings of the SIGCHI conference on Human factors in computing systems</italic>, CHI '04, pages 455--462, 2004. <pub-id pub-id-type="doi" xlink:href="10.1145/985692.985750" assigning-authority="crossref">10.1145/985692.985750</pub-id> <pub-id pub-id-type="doi" xlink:href="10.1145/985692.985750" /></mixed-citation>
				</ref>
				<ref id="ref-00009">
				<mixed-citation>J. H. Kim, D. V. Gunn, E. Schuh, B. Phillips, R. J. Pagulayan, and D. Wixon. Tracking real-time user experience (TRUE): a comprehensive instrumentation solution for complex systems. In <italic toggle="yes">Proceedings of the twenty-sixth annual SIGCHI conference on Human factors in computing systems</italic>, CHI '08, pages 443--452, 2008. <pub-id pub-id-type="doi" xlink:href="10.1145/1357054.1357126" assigning-authority="crossref">10.1145/1357054.1357126</pub-id> <pub-id pub-id-type="doi" xlink:href="10.1145/1357054.1357126" /></mixed-citation>
				</ref>
				<ref id="ref-00010">
				<mixed-citation>K. Radinsky, K. Svore, S. Dumais, J. Teevan, A. Bocharov, and E. Horvitz. Modeling and predicting behavioral dynamics on the web. In <italic toggle="yes">Proceedings of the 21st international conference on World Wide Web</italic>, WWW '12, pages 599--608, 2012. <pub-id pub-id-type="doi" xlink:href="10.1145/2187836.2187918" assigning-authority="crossref">10.1145/2187836.2187918</pub-id> <pub-id pub-id-type="doi" xlink:href="10.1145/2187836.2187918" /></mixed-citation>
				</ref>
				<ref id="ref-00011">
				<mixed-citation>C. Tossell, P. Kortum, A. Rahmati, C. Shepard, and L. Zhong. Characterizing web use on smartphones. In <italic toggle="yes">Proceedings of the 2012 ACM annual conference on Human Factors in Computing Systems</italic>, CHI '12, pages 2769--2778, 2012. <pub-id pub-id-type="doi" xlink:href="10.1145/2207676.2208676" assigning-authority="crossref">10.1145/2207676.2208676</pub-id> <pub-id pub-id-type="doi" xlink:href="10.1145/2207676.2208676" /></mixed-citation>
				</ref>
				<ref id="ref-00012">
				<mixed-citation>A. Vargas, H. Weffers, and H. V. da Rocha. A method for remote and semi-automatic usability evaluation of web-based applications through users behavior analysis. In <italic toggle="yes">Proceedings of the 7th International Conference on Methods and Techniques in Behavioral Research</italic>, MB '10, pages 19:1--19:5, 2010. <pub-id pub-id-type="doi" xlink:href="10.1145/1931344.1931363" assigning-authority="crossref">10.1145/1931344.1931363</pub-id> <pub-id pub-id-type="doi" xlink:href="10.1145/1931344.1931363" /></mixed-citation>
				</ref>
				<ref id="ref-00013">
				<mixed-citation>M. Vigo and G. Brajnik. Automatic web accessibility metrics: Where we are and where we can go. <italic toggle="yes">Interacting with Computers</italic>, 23(2):137--155, 2011. <pub-id pub-id-type="doi" xlink:href="10.1016/j.intcom.2011.01.001" assigning-authority="crossref">10.1016/j.intcom.2011.01.001</pub-id> <pub-id pub-id-type="doi" xlink:href="10.1016/j.intcom.2011.01.001" /></mixed-citation>
				</ref>
				<ref id="ref-00014">
				<mixed-citation>M. Vigo and S. Harper. Evaluating accessibility-in-use. In <italic toggle="yes">Proceedings of the 2013 International Cross Disciplinary Conference on Web Accessibility (W4A)</italic>, W4A '13, 2013. <pub-id pub-id-type="doi" xlink:href="10.1145/2461121.2461136" assigning-authority="crossref">10.1145/2461121.2461136</pub-id> <pub-id pub-id-type="doi" xlink:href="10.1145/2461121.2461136" /></mixed-citation>
				</ref>
			</ref-list>
</back>
</book-part>
</book-part-wrapper>
