<?xml version="1.0" encoding="UTF-8"?>
<!DOCTYPE book-part-wrapper PUBLIC "-//NLM//DTD BITS Book Interchange DTD with OASIS and XHTML Tables v2.0 20151225//EN" "BITS-book-oasis2.dtd">
<book-part-wrapper xmlns:xlink="http://www.w3.org/1999/xlink" xmlns:mml="http://www.w3.org/1998/Math/MathML" xmlns:oasis="http://www.niso.org/standards/z39-96/ns/oasis-exchange/table" xmlns:xi="http://www.w3.org/2001/XInclude" xmlns:xsi="http://www.w3.org/2001/XMLSchema-instance" dtd-version="2.0" xml:lang="en" content-type="research-article">
<collection-meta collection-type="book-series">
    <collection-id collection-id-type="doi">10.1145/acmotherconferences</collection-id>
    <title-group>
        <title>ACM Other Conferences</title>
    </title-group>
</collection-meta>
	<book-meta>
		<book-id book-id-type="acm-id">2461121</book-id>
		<book-id book-id-type="doi">10.1145/2461121</book-id>
		<book-title-group>
			<book-title>Proceedings of the 10th International Cross-Disciplinary Conference on Web Accessibility</book-title>
			<alt-title alt-title-type="acronym">W4A '13</alt-title>
		</book-title-group>
	</book-meta>
	<book-part xmlns:ali="http://www.niso.org/schemas/ali/1.0/" book-part-type="chapter" xml:lang="en">
		<book-part-meta>
			<book-part-id book-part-id-type="acm-id">2461150</book-part-id>
			<book-part-id book-part-id-type="doi">10.1145/2461121.2461150</book-part-id>
			<book-part-id book-part-id-type="article-no">25</book-part-id>
	<subj-group subj-group-type="ccs2012">
		<compound-subject>
			<compound-subject-part content-type="code">10003456.10010927.10003616</compound-subject-part>
			<compound-subject-part content-type="text">Social and professional topics~User characteristics~People with disabilities</compound-subject-part>
			<compound-subject-part content-type="weight">500</compound-subject-part>
		</compound-subject>
		<compound-subject>
			<compound-subject-part content-type="code">10003456.10003457.10003580.10003587</compound-subject-part>
			<compound-subject-part content-type="text">Social and professional topics~Professional topics~Computing profession~Assistive technologies</compound-subject-part>
			<compound-subject-part content-type="weight">500</compound-subject-part>
		</compound-subject>
		<compound-subject>
			<compound-subject-part content-type="code">10003456.10010927.10003616</compound-subject-part>
			<compound-subject-part content-type="text">Social and professional topics~User characteristics~People with disabilities</compound-subject-part>
			<compound-subject-part content-type="weight">100</compound-subject-part>
		</compound-subject>
		<compound-subject>
			<compound-subject-part content-type="code">10003456.10003457.10003580.10003587</compound-subject-part>
			<compound-subject-part content-type="text">Social and professional topics~Professional topics~Computing profession~Assistive technologies</compound-subject-part>
			<compound-subject-part content-type="weight">100</compound-subject-part>
		</compound-subject>
	</subj-group>
			<title-group>
				<title>DysWebxia 2.0!</title>
				<subtitle>more accessible text for people with dyslexia</subtitle>
			</title-group>
<contrib-group>
   <contrib contrib-type="author" id="artseq-00001">
       <contrib-id contrib-id-type="person_id" authenticated="false">P4141122</contrib-id><contrib-id contrib-id-type="profile_id" authenticated="false">81470642423</contrib-id>
       <name name-style="western">
           <surname>Rello</surname>
           <given-names>Luz</given-names>
       </name>
	<aff>Universitat Pompeu Fabra, Barcelona, Spain</aff><aff><institution-wrap><institution-id institution-id-type="profile_id">60032942</institution-id></institution-wrap></aff>
	<email>luzrello@acm.org</email>
	<role>Author</role>
   </contrib>
   <contrib contrib-type="author" id="artseq-00002">
       <contrib-id contrib-id-type="person_id" authenticated="false">P4141124</contrib-id><contrib-id contrib-id-type="profile_id" authenticated="false">81549321356</contrib-id>
       <name name-style="western">
           <surname>Bayarri</surname>
           <given-names>Clara</given-names>
       </name>
	<aff>Cookie Cloud, Barcelona, Spain</aff>
	<email>clarabayarri@gmail.com</email>
	<role>Author</role>
   </contrib>
   <contrib contrib-type="author" id="artseq-00003">
       <contrib-id contrib-id-type="person_id" authenticated="false">P4141125</contrib-id><contrib-id contrib-id-type="profile_id" authenticated="false">81548809856</contrib-id>
       <name name-style="western">
           <surname>Gòrriz</surname>
           <given-names>Azuki</given-names>
       </name>
	<aff>Cookie Cloud, Barcelona, Spain</aff>
	<email>idontcry@gmail.com</email>
	<role>Author</role>
   </contrib>
   <contrib contrib-type="author" id="artseq-00004">
       <contrib-id contrib-id-type="person_id" authenticated="false">P4141126</contrib-id><contrib-id contrib-id-type="profile_id" authenticated="false">81100336335</contrib-id>
       <name name-style="western">
           <surname>Baeza-Yates</surname>
           <given-names>Ricardo</given-names>
       </name>
	<aff>Yahoo! Labs Barcelona &amp; Web Research Group Universitat Pompeu Fabra, Barcelona, Spain</aff><aff><institution-wrap><institution-id institution-id-type="profile_id">60032942</institution-id></institution-wrap></aff>
	<email>rbaeza@acm.org</email>
	<role>Author</role>
   </contrib>
   <contrib contrib-type="author" id="artseq-00005">
       <contrib-id contrib-id-type="person_id" authenticated="false">P4141127</contrib-id><contrib-id contrib-id-type="profile_id" authenticated="false">81484654546</contrib-id>
       <name name-style="western">
           <surname>Gupta</surname>
           <given-names>Saurabh</given-names>
       </name>
	<aff>Accessible Systems, Mumbai, India</aff>
	<email>saurabh.gupta@accessiblesystems.co.in</email>
	<role>Author</role>
   </contrib>
   <contrib contrib-type="author" id="artseq-00006">
       <contrib-id contrib-id-type="person_id" authenticated="false">P4141128</contrib-id><contrib-id contrib-id-type="profile_id" authenticated="false">81484656179</contrib-id>
       <name name-style="western">
           <surname>Kanvinde</surname>
           <given-names>Gaurang</given-names>
       </name>
	<aff>Accessible Systems, Mumbai, India</aff>
	<email>gaurang@accessiblesystems.co.in</email>
	<role>Author</role>
   </contrib>
   <contrib contrib-type="author" id="artseq-00007">
       <contrib-id contrib-id-type="person_id" authenticated="false">P4141129</contrib-id><contrib-id contrib-id-type="profile_id" authenticated="false">81100371947</contrib-id>
       <name name-style="western">
           <surname>Saggion</surname>
           <given-names>Horacio</given-names>
       </name>
	<aff>Universitat Pompeu Fabra, Barcelona, Spain</aff><aff><institution-wrap><institution-id institution-id-type="profile_id">60032942</institution-id></institution-wrap></aff>
	<email>horacio.saggion@upf.edu</email>
	<role>Author</role>
   </contrib>
   <contrib contrib-type="author" id="artseq-00008">
       <contrib-id contrib-id-type="person_id" authenticated="false">P4141130</contrib-id><contrib-id contrib-id-type="profile_id" authenticated="false">81442614469</contrib-id>
       <name name-style="western">
           <surname>Bott</surname>
           <given-names>Stefan</given-names>
       </name>
	<aff>Universitat Pompeu Fabra, Barcelona, Spain</aff><aff><institution-wrap><institution-id institution-id-type="profile_id">60032942</institution-id></institution-wrap></aff>
	<email>stefan.bott@upf.edu</email>
	<role>Author</role>
   </contrib>
   <contrib contrib-type="author" id="artseq-00009">
       <contrib-id contrib-id-type="person_id" authenticated="false">P4141131</contrib-id><contrib-id contrib-id-type="profile_id" authenticated="false">81758802257</contrib-id>
       <name name-style="western">
           <surname>Carlini</surname>
           <given-names>Roberto</given-names>
       </name>
	<aff>Universitat Pompeu Fabra, Barcelona, Spain</aff><aff><institution-wrap><institution-id institution-id-type="profile_id">60032942</institution-id></institution-wrap></aff>
	<email>roberto.carlini@upf.edu</email>
	<role>Author</role>
   </contrib>
   <contrib contrib-type="author" id="artseq-00010">
       <contrib-id contrib-id-type="person_id" authenticated="false">P4141123</contrib-id><contrib-id contrib-id-type="profile_id" authenticated="false">81440618541</contrib-id>
       <name name-style="western">
           <surname>Topac</surname>
           <given-names>Vasile</given-names>
       </name>
	<aff>Polytechnic University of Timisoara, Romania</aff><aff><institution-wrap><institution-id institution-id-type="profile_id">60001317</institution-id></institution-wrap></aff>
	<email>vasile.topac@aut.upt.ro</email>
	<role>Author</role>
   </contrib>
</contrib-group>
   <pub-date date-type="publication">
   <day>13</day>
   <month>05</month>
   <year>2013</year>
   </pub-date>
				<fpage>1</fpage>
				<lpage>2</lpage>
		<permissions>
			<copyright-year>2013</copyright-year>
			<copyright-holder>Copyright is held by the owner/author(s)</copyright-holder>
			<license license-type="rightsretained">
			<license-p>Permission to make digital or hard copies of part or all of this work for personal or classroom use is granted without fee provided that copies are not made or distributed for profit or commercial advantage and that copies bear this notice and the full citation on the first page. Copyrights for third-party components of this work must be honored. For all other uses, contact the Owner/Author.</license-p>
			</license>
		</permissions>
		<self-uri content-type="pdf" xlink:href="2461121.2461150.pdf" />
	<abstract>
		<p>Even if dyslexia is neurological in origin, certain text modifications could make texts more accessible for people with dyslexia. We introduce <italic toggle="yes">DysWebxia 2.0</italic>, a model that integrates our findings from research conducted with this target group. It alters content and presentation of the text to make it more readable. We also present the current integrations of <italic toggle="yes">DysWebxia</italic> in different reading software applications.</p>
	</abstract>
<kwd-group>
<kwd>browser plug-in</kwd>
<kwd>dyslexia</kwd>
<kwd>readability</kwd>
<kwd>smartphone</kwd>
<kwd>tablet</kwd>
<kwd>text explanation</kwd>
<kwd>text presentation</kwd>
<kwd>web service</kwd>
</kwd-group>
		<custom-meta-group>
		    <custom-meta>
		        <meta-name>rightslink</meta-name>
		        <meta-value>excluded</meta-value>
		    </custom-meta>
		</custom-meta-group>
		</book-part-meta>
		
	<back>
<ref-list specific-use="unparsed">
				<ref id="ref-00001">
				<mixed-citation>R. Baeza-Yates and L. Rello. Estimating dyslexia in the Web. In <italic toggle="yes">Proc. W4A '11</italic>, Hyderabad, India, 2011. <pub-id pub-id-type="doi" xlink:href="10.1145/1969289.1969300" assigning-authority="crossref">10.1145/1969289.1969300</pub-id> <pub-id pub-id-type="doi" xlink:href="10.1145/1969289.1969300" /></mixed-citation>
				</ref>
				<ref id="ref-00002">
				<mixed-citation>S. Bott, L. Rello, B. Drndarevic, and H. Saggion. Can Spanish be simpler? LexSiS: Lexical simplification for Spanish. In <italic toggle="yes">Proc. Coling '12</italic>, Mumbay, India, 2012.</mixed-citation>
				</ref>
				<ref id="ref-00003">
				<mixed-citation>G. Kanvinde, L. Rello, and R. Baeza-Yates. IDEAL: a dyslexic-friendly e-book reader (poster). In <italic toggle="yes">Proc. ASSETS '12</italic>, Boulder, USA, 2012. <pub-id pub-id-type="doi" xlink:href="10.1145/2384916.2384955" assigning-authority="crossref">10.1145/2384916.2384955</pub-id> <pub-id pub-id-type="doi" xlink:href="10.1145/2384916.2384955" /></mixed-citation>
				</ref>
				<ref id="ref-00004">
				<mixed-citation>L. Rello, R. Baeza-Yates, S. Bott, and H. Saggion. Simplify or help? Text simplification strategies for people with dyslexia. In <italic toggle="yes">Proc. W4A '13</italic>, Rio de Janeiro, Brazil, 2013. <pub-id pub-id-type="doi" xlink:href="10.1145/2461121.2461126" assigning-authority="crossref">10.1145/2461121.2461126</pub-id> <pub-id pub-id-type="doi" xlink:href="10.1145/2461121.2461126" /></mixed-citation>
				</ref>
				<ref id="ref-00005">
				<mixed-citation>L. Rello, R. Baeza-Yates, L. Dempere, and H. Saggion. Frequent words improve readability and short words improve understandability for people with dyslexia. In <italic toggle="yes">Proc. INTERACT '13</italic>, Cape Town, South Africa, 2013.</mixed-citation>
				</ref>
				<ref id="ref-00006">
				<mixed-citation>L. Rello, S. Bautista, R. Baeza-Yates, P. Gervás, R. Hervás, and H. Saggion. One half or 50%? An eye-tracking study of number representation readability. In <italic toggle="yes">Proc. INTERACT '13</italic>, Cape Town, South Africa, 2013.</mixed-citation>
				</ref>
				<ref id="ref-00007">
				<mixed-citation>L. Rello, G. Kanvinde, and R. Baeza-Yates. Layout guidelines for web text and a web service to improve accessibility for dyslexics. In <italic toggle="yes">Proc. W4A '12</italic>, Lyon, France, 2012. ACM Press. <pub-id pub-id-type="doi" xlink:href="10.1145/2207016.2207048" assigning-authority="crossref">10.1145/2207016.2207048</pub-id> <pub-id pub-id-type="doi" xlink:href="10.1145/2207016.2207048" /></mixed-citation>
				</ref>
				<ref id="ref-00008">
				<mixed-citation>L. Rello, M. Pielot, M. C. Marcos, and R. Carlini. Size matters (spacing not): 18 points for a dyslexic-friendly Wikipedia. In <italic toggle="yes">Proc. W4A '13</italic>, Rio de Janeiro, Brazil, 2013. <pub-id pub-id-type="doi" xlink:href="10.1145/2461121.2461125" assigning-authority="crossref">10.1145/2461121.2461125</pub-id> <pub-id pub-id-type="doi" xlink:href="10.1145/2461121.2461125" /></mixed-citation>
				</ref>
				<ref id="ref-00009">
				<mixed-citation>V. Topac. The development of a text customization tool for existing web sites. In <italic toggle="yes">Text Customization for Readability Symposium</italic>., November 2012.</mixed-citation>
				</ref>
			</ref-list>
</back>
</book-part>
</book-part-wrapper>
