<?xml version="1.0" encoding="UTF-8"?>
<!DOCTYPE book-part-wrapper PUBLIC "-//NLM//DTD BITS Book Interchange DTD with OASIS and XHTML Tables v2.0 20151225//EN" "BITS-book-oasis2.dtd">
<book-part-wrapper xmlns:xlink="http://www.w3.org/1999/xlink" xmlns:mml="http://www.w3.org/1998/Math/MathML" xmlns:oasis="http://www.niso.org/standards/z39-96/ns/oasis-exchange/table" xmlns:xi="http://www.w3.org/2001/XInclude" xmlns:xsi="http://www.w3.org/2001/XMLSchema-instance" dtd-version="2.0" xml:lang="en" content-type="research-article">
<collection-meta collection-type="book-series">
    <collection-id collection-id-type="doi">10.1145/acmotherconferences</collection-id>
    <title-group>
        <title>ACM Other Conferences</title>
    </title-group>
</collection-meta>
	<book-meta>
		<book-id book-id-type="acm-id">2461121</book-id>
		<book-id book-id-type="doi">10.1145/2461121</book-id>
		<book-title-group>
			<book-title>Proceedings of the 10th International Cross-Disciplinary Conference on Web Accessibility</book-title>
			<alt-title alt-title-type="acronym">W4A '13</alt-title>
		</book-title-group>
	</book-meta>
	<book-part xmlns:ali="http://www.niso.org/schemas/ali/1.0/" book-part-type="chapter" xml:lang="en">
		<book-part-meta>
			<book-part-id book-part-id-type="acm-id">2461126</book-part-id>
			<book-part-id book-part-id-type="doi">10.1145/2461121.2461126</book-part-id>
			<book-part-id book-part-id-type="article-no">15</book-part-id>
	<subj-group subj-group-type="ccs2012">
		<compound-subject>
			<compound-subject-part content-type="code">10003120.10003121</compound-subject-part>
			<compound-subject-part content-type="text">Human-centered computing~Human computer interaction (HCI)</compound-subject-part>
			<compound-subject-part content-type="weight">500</compound-subject-part>
		</compound-subject>
		<compound-subject>
			<compound-subject-part content-type="code">10002951.10003317</compound-subject-part>
			<compound-subject-part content-type="text">Information systems~Information retrieval</compound-subject-part>
			<compound-subject-part content-type="weight">100</compound-subject-part>
		</compound-subject>
		<compound-subject>
			<compound-subject-part content-type="code">10002951.10003152</compound-subject-part>
			<compound-subject-part content-type="text">Information systems~Information storage systems</compound-subject-part>
			<compound-subject-part content-type="weight">100</compound-subject-part>
		</compound-subject>
	</subj-group>
			<title-group>
				<title>Simplify or help?</title>
				<subtitle>text simplification strategies for people with dyslexia</subtitle>
			</title-group>
<contrib-group>
   <contrib contrib-type="author" id="artseq-00001">
       <contrib-id contrib-id-type="person_id" authenticated="false">P4141081</contrib-id><contrib-id contrib-id-type="profile_id" authenticated="false">81470642423</contrib-id>
       <name name-style="western">
           <surname>Rello</surname>
           <given-names>Luz</given-names>
       </name>
	<aff>Universitat Pompeu Fabra, Barcelona, Spain</aff><aff><institution-wrap><institution-id institution-id-type="profile_id">60032942</institution-id></institution-wrap></aff>
	<email>luzrello@acm.org</email>
	<role>Author</role>
   </contrib>
   <contrib contrib-type="author" id="artseq-00002">
       <contrib-id contrib-id-type="person_id" authenticated="false">P4141082</contrib-id><contrib-id contrib-id-type="profile_id" authenticated="false">81100336335</contrib-id>
       <name name-style="western">
           <surname>Baeza-Yates</surname>
           <given-names>Ricardo</given-names>
       </name>
	<aff>Universitat Pompeu Fabra, Barcelona, Spain</aff><aff><institution-wrap><institution-id institution-id-type="profile_id">60032942</institution-id></institution-wrap></aff>
	<email>rbaeza@acm.org</email>
	<role>Author</role>
   </contrib>
   <contrib contrib-type="author" id="artseq-00003">
       <contrib-id contrib-id-type="person_id" authenticated="false">P4141083</contrib-id><contrib-id contrib-id-type="profile_id" authenticated="false">81442614469</contrib-id>
       <name name-style="western">
           <surname>Bott</surname>
           <given-names>Stefan</given-names>
       </name>
	<aff>Universitat Pompeu Fabra, Barcelona, Spain</aff><aff><institution-wrap><institution-id institution-id-type="profile_id">60032942</institution-id></institution-wrap></aff>
	<email>stefan.bott@upf.edu</email>
	<role>Author</role>
   </contrib>
   <contrib contrib-type="author" id="artseq-00004">
       <contrib-id contrib-id-type="person_id" authenticated="false">P4141084</contrib-id><contrib-id contrib-id-type="profile_id" authenticated="false">81100371947</contrib-id>
       <name name-style="western">
           <surname>Saggion</surname>
           <given-names>Horacio</given-names>
       </name>
	<aff>Universitat Pompeu Fabra, Barcelona, Spain</aff><aff><institution-wrap><institution-id institution-id-type="profile_id">60032942</institution-id></institution-wrap></aff>
	<email>horacio.saggion@upf.edu</email>
	<role>Author</role>
   </contrib>
</contrib-group>
   <pub-date date-type="publication">
   <day>13</day>
   <month>05</month>
   <year>2013</year>
   </pub-date>
				<fpage>1</fpage>
				<lpage>10</lpage>
		<permissions>
			<copyright-year>2013</copyright-year>
			<copyright-holder>ACM</copyright-holder>
			<license license-type="acmcopyright">
			<license-p>Permission to make digital or hard copies of all or part of this work for personal or classroom use is granted without fee provided that copies are not made or distributed for profit or commercial advantage and that copies bear this notice and the full citation on the first page. Copyrights for components of this work owned by others than ACM must be honored. Abstracting with credit is permitted. To copy otherwise, or republish, to post on servers or to redistribute to lists, requires prior specific permission and/or a fee. Request permissions from Permissions@acm.org</license-p>
			</license>
		</permissions>
		<self-uri content-type="pdf" xlink:href="2461121.2461126.pdf" />
	<abstract>
		<p>We present a user study for two different automatic strategies that simplify text content for people with dyslexia. The strategies considered are the standard one (replacing a complex word with the most simpler synonym) and a new one that presents several synonyms for a complex word if the user requests them. We compare texts transformed by both strategies with the original text and to a gold standard manually built. The study was undertook by 96 participants, 47 with dyslexia plus a control group of 49 people without dyslexia. To show device independence, for the new strategy we used three different reading devices. Overall, participants with dyslexia found texts presented with the new strategy significantly more readable and comprehensible. To the best of our knowledge, this is the largest user study of its kind.</p>
	</abstract>
<kwd-group>
<kwd>dyslexia</kwd>
<kwd>eye-tracking</kwd>
<kwd>laptop</kwd>
<kwd>readability</kwd>
<kwd>smartphone</kwd>
<kwd>tablet</kwd>
<kwd>text simplification</kwd>
<kwd>understandability</kwd>
</kwd-group>
		</book-part-meta>
		
	<back>
<ref-list specific-use="unparsed">
				<ref id="ref-00001">
				<mixed-citation>A. Al-Wabil, P. Zaphiris, and S. Wilson. Web navigation for individuals with dyslexia: an exploratory study. <italic toggle="yes">Universal Access in Human Computer Interaction. Coping with Diversity</italic>, pages 593--602, 2007. <pub-id pub-id-type="doi" xlink:href="10.5555/1766311.1766380" /></mixed-citation>
				</ref>
				<ref id="ref-00002">
				<mixed-citation>S. M. Aluísio and C. Gasperin. Fostering digital inclusion and accessibility: the PorSimples project for simplification of Portuguese texts. In <italic toggle="yes">Proc. NAACL HLT '10 Workshop YIWCALA '10</italic>, pages 46--53, Stroudsburg, PA, USA, 2010. Association for Computational Linguistics. <pub-id pub-id-type="doi" xlink:href="10.5555/1868701.1868708" /></mixed-citation>
				</ref>
				<ref id="ref-00003">
				<mixed-citation>S. Bautista, C. Leon, R. Hervás, and P. Gervás. Empirical identification of text simplification strategies for reading-impaired people. In <italic toggle="yes">European Conference for the Advancement of Assistive Technology</italic>, Maastricht, the Netherlands, 2011.</mixed-citation>
				</ref>
				<ref id="ref-00004">
				<mixed-citation>S. Bott, L. Rello, B. Drndarevic, and H. Saggion. Can Spanish be simpler? LexSiS: Lexical simplification for Spanish. In <italic toggle="yes">Proc. Coling '12</italic>, Mumbay, India, December 2012.</mixed-citation>
				</ref>
				<ref id="ref-00005">
				<mixed-citation>British Dyslexia Association. Dyslexia style guide, January 2012. http://www.bdadyslexia.org.uk/.</mixed-citation>
				</ref>
				<ref id="ref-00006">
				<mixed-citation>J. Carroll, G. Minnen, D. Pearce, Y. Canning, S. Devlin, and J. Tait. Simplifying text for language-impaired readers. In <italic toggle="yes">Proc. EACL '09</italic>, pages 269--270, 1999.</mixed-citation>
				</ref>
				<ref id="ref-00007">
				<mixed-citation>ClaroSoftware. Clarosoftware, 2012 2012. http://www.clarosoftware.com/index.php?cPath=348.</mixed-citation>
				</ref>
				<ref id="ref-00008">
				<mixed-citation>Col·legi de Logopedes de Catalunya. <italic toggle="yes">PRODISCAT Protocol de detecció i actuació en la dislexia. Àmbit Educativo</italic>. Departament d'Ensenyament de la Generalitat de Catalunya, 2011.</mixed-citation>
				</ref>
				<ref id="ref-00009">
				<mixed-citation>J. Craven and H. Booth. Putting awareness into practice: practical steps for conducting usability tests. <italic toggle="yes">Library review</italic>, 55(3):179--194, 2006.</mixed-citation>
				</ref>
				<ref id="ref-00010">
				<mixed-citation>F. Cuetos and F. Valle. Modelos de lectura y dislexias (Reading models and dyslexias). <italic toggle="yes">Infancia y Aprendizaje (Infancy and Learning)</italic>, 44:3--19, 1988.</mixed-citation>
				</ref>
				<ref id="ref-00011">
				<mixed-citation>V. de Santana, R. de Oliveira, L. Almeida, and M. Baranauskas. Web accessibility and people with dyslexia: a survey on techniques and guidelines. In <italic toggle="yes">Proc. W4A '12</italic>, page 35. ACM, 2012. <pub-id pub-id-type="doi" xlink:href="10.1145/2207016.2207047" assigning-authority="crossref">10.1145/2207016.2207047</pub-id> <pub-id pub-id-type="doi" xlink:href="10.1145/2207016.2207047" /></mixed-citation>
				</ref>
				<ref id="ref-00012">
				<mixed-citation>S. Devlin and G. Unthank. Helping aphasic people process online information. In <italic toggle="yes">Proc. ASSETS '06</italic>, pages 225--226. ACM, 2006. <pub-id pub-id-type="doi" xlink:href="10.1145/1168987.1169027" assigning-authority="crossref">10.1145/1168987.1169027</pub-id> <pub-id pub-id-type="doi" xlink:href="10.1145/1168987.1169027" /></mixed-citation>
				</ref>
				<ref id="ref-00013">
				<mixed-citation>M. Dixon. Comparative study of disabled vs. non-disabled evaluators in user-testing: dyslexia and first year students learning computer programming. <italic toggle="yes">Universal Access in Human Computer Interaction. Coping with Diversity</italic>, pages 647--656, 2007. <pub-id pub-id-type="doi" xlink:href="10.5555/1766311.1766386" /></mixed-citation>
				</ref>
				<ref id="ref-00014">
				<mixed-citation>B. Drndarevic and H. Saggion. Towards automatic lexical simplification in Spanish: an empirical study. In <italic toggle="yes">Proc. NAACL HLT '12 Workshop PITR '12</italic>, 2012. <pub-id pub-id-type="doi" xlink:href="10.5555/2390916.2390919" /></mixed-citation>
				</ref>
				<ref id="ref-00015">
				<mixed-citation>G. Eden, J. Stein, H. Wood, and F. Wood. Differences in eye movements and reading problems in dyslexic and normal children. <italic toggle="yes">Vision Research</italic>, 34(10):1345--1358, 1994.</mixed-citation>
				</ref>
				<ref id="ref-00016">
				<mixed-citation>L. Evett and D. Brown. Text formats and web design for visually impaired and dyslexic readers-clear text for all. <italic toggle="yes">Interacting with Computers</italic>, 17:453--472, 2005. <pub-id pub-id-type="doi" xlink:href="10.1016/j.intcom.2005.04.001" assigning-authority="crossref">10.1016/j.intcom.2005.04.001</pub-id> <pub-id pub-id-type="doi" xlink:href="10.1016/j.intcom.2005.04.001" /></mixed-citation>
				</ref>
				<ref id="ref-00017">
				<mixed-citation>P. Gregor, A. Dickinson, A. Macaffer, and P. Andreasen. Seeword: a personal word processing environment for dyslexic computer users. <italic toggle="yes">British Journal of Educational Technology</italic>, 34(3):341--355, 2003.</mixed-citation>
				</ref>
				<ref id="ref-00018">
				<mixed-citation>M. Huenerfauth, L. Feng, and N. Elhadad. Comparing evaluation techniques for text readability software for adults with intellectual disabilities. In <italic toggle="yes">Proc. ASSETS '09</italic>, pages 3--10. ACM, 2009. <pub-id pub-id-type="doi" xlink:href="10.1145/1639642.1639646" assigning-authority="crossref">10.1145/1639642.1639646</pub-id> <pub-id pub-id-type="doi" xlink:href="10.1145/1639642.1639646" /></mixed-citation>
				</ref>
				<ref id="ref-00019">
				<mixed-citation>J. Hyönä and R. Olson. Eye fixation patterns among dyslexic and normal readers: Effects of word length and word frequency. <italic toggle="yes">Journal of Experimental Psychology: Learning, Memory, and Cognition</italic>, 21(6):1430, 1995.</mixed-citation>
				</ref>
				<ref id="ref-00020">
				<mixed-citation>Interagency Commission on Learning Disabilities. <italic toggle="yes">Learning Disabilities: A Report to the U.S. Congress</italic>. Government Printing Office, Washington DC, U.S., 1987.</mixed-citation>
				</ref>
				<ref id="ref-00021">
				<mixed-citation>International Dyslexia Association. Definition of dyslexia: http://interdys.org/DyslexiaDefinition.htm, 2011. Based in the initial definition of the Research Committee of the Orton Dyslexia Society, former name of the IDA, done in 1994.</mixed-citation>
				</ref>
				<ref id="ref-00022">
				<mixed-citation>G. Kanvinde, L. Rello, and R. Baeza-Yates. IDEAL: a dyslexic-friendly e-book reader (poster). In <italic toggle="yes">The 14th International ACM SIGACCESS Conference of Computers and Accessibility (ASSETS 2012)</italic>, Boulder, USA, October 2012. ACM Press. <pub-id pub-id-type="doi" xlink:href="10.1145/2384916.2384955" assigning-authority="crossref">10.1145/2384916.2384955</pub-id> <pub-id pub-id-type="doi" xlink:href="10.1145/2384916.2384955" /></mixed-citation>
				</ref>
				<ref id="ref-00023">
				<mixed-citation>S. Kurniawan and G. Conroy. Comparing comprehension speed and accuracy of online information in students with and without dyslexia. <italic toggle="yes">Advances in Universal Web Design and Evaluation: Research, Trends and Opportunities, Idea Group Publishing, Hershey, PA</italic>, pages 257--70, 2006.</mixed-citation>
				</ref>
				<ref id="ref-00024">
				<mixed-citation>J. E. McCarthy and S. J. Swierenga. What we know about dyslexia and web accessibility: a research review. <italic toggle="yes">Universal Access in the Information Society</italic>, 9:147--152, June 2010. <pub-id pub-id-type="doi" xlink:href="10.1007/s10209-009-0160-5" assigning-authority="crossref">10.1007/s10209-009-0160-5</pub-id> <pub-id pub-id-type="doi" xlink:href="10.1007/s10209-009-0160-5" /></mixed-citation>
				</ref>
				<ref id="ref-00025">
				<mixed-citation>R. Mitkov, L. A. Ha, A. Varga, and L. Rello. Semantic similarity of distractors in multiple-choice tests: extrinsic evaluation. In <italic toggle="yes">Proc. EACL Workshop GeMS '09</italic>, pages 49--56. Association for Computational Linguistics, 2009. <pub-id pub-id-type="doi" xlink:href="10.5555/1705415.1705422" /></mixed-citation>
				</ref>
				<ref id="ref-00026">
				<mixed-citation>A. Newell and L. Booth. The use of lexical and spelling aids with dyslexics. <italic toggle="yes">Computers and Literacy</italic>, pages 35--44, 1991.</mixed-citation>
				</ref>
				<ref id="ref-00027">
				<mixed-citation>K. Rayner and S. Duffy. Lexical complexity and fixation times in reading: Effects of word frequency, verb complexity, and lexical ambiguity. <italic toggle="yes">Memory &amp; Cognition</italic>, 14(3):191--201, 1986.</mixed-citation>
				</ref>
				<ref id="ref-00028">
				<mixed-citation>L. Rello and R. Baeza-Yates. Lexical quality as a proxy for web text understandability (poster). In <italic toggle="yes">Proc. WWW '12</italic>, Lyon, France, 2012. <pub-id pub-id-type="doi" xlink:href="10.1145/2187980.2188142" assigning-authority="crossref">10.1145/2187980.2188142</pub-id> <pub-id pub-id-type="doi" xlink:href="10.1145/2187980.2188142" /></mixed-citation>
				</ref>
				<ref id="ref-00029">
				<mixed-citation>L. Rello and R. Baeza-Yates. The presence of English and Spanish dyslexia in the Web. <italic toggle="yes">New Review of Hypermedia and Multimedia</italic>, 8:131--158, 2012. <pub-id pub-id-type="doi" xlink:href="10.1080/13614568.2012.721401" assigning-authority="crossref">10.1080/13614568.2012.721401</pub-id> <pub-id pub-id-type="doi" xlink:href="10.5555/2527365.2527367" /></mixed-citation>
				</ref>
				<ref id="ref-00030">
				<mixed-citation>L. Rello, R. Baeza-Yates, L. Dempere, and H. Saggion. Frequent words improve readability and short words improve understandability for people with dyslexia. In <italic toggle="yes">Proc. INTERACT '13</italic>, Cape Town, South Africa, 2013.</mixed-citation>
				</ref>
				<ref id="ref-00031">
				<mixed-citation>L. Rello, R. Baeza-Yates, H. Saggion, S. Bott, R. Carlini, C. Bayarri, A. Gòrriz, S. Gupta, G. Kanvinde, and V. Topac. Dyswebxia 2.0! accessible text for people with dyslexia (demo). In <italic toggle="yes">Proc. W4A '13, The Paciello Group Web Accessibility Challenge</italic>, Rio de Janeiro, Brazil, 2013. <pub-id pub-id-type="doi" xlink:href="10.1145/2461121.2461150" assigning-authority="crossref">10.1145/2461121.2461150</pub-id> <pub-id pub-id-type="doi" xlink:href="10.1145/2461121.2461150" /></mixed-citation>
				</ref>
				<ref id="ref-00032">
				<mixed-citation>L. Rello, S. Bautista, R. Baeza-Yates, P. Gervás, R. Hervás, and H. Saggion. One half or 50%? An eye-tracking study of number representation readability. In <italic toggle="yes">Proc. INTERACT '13</italic>, Cape Town, South Africa, 2013.</mixed-citation>
				</ref>
				<ref id="ref-00033">
				<mixed-citation>L. Rello, G. Kanvinde, and R. Baeza-Yates. Layout guidelines for web text and a web service to improve accessibility for dyslexics. In <italic toggle="yes">Proc. W4A '12</italic>, Lyon, France, 2012. ACM Press. <pub-id pub-id-type="doi" xlink:href="10.1145/2207016.2207048" assigning-authority="crossref">10.1145/2207016.2207048</pub-id> <pub-id pub-id-type="doi" xlink:href="10.1145/2207016.2207048" /></mixed-citation>
				</ref>
				<ref id="ref-00034">
				<mixed-citation>J. Rüsseler, S. Probst, S. Johannes, and T. Münte. Recognition memory for high-and low-frequency words in adult normal and dyslexic readers: an event-related brain potential study. <italic toggle="yes">Journal of clinical and experimental neuropsychology</italic>, 25(6):815--829, 2003.</mixed-citation>
				</ref>
				<ref id="ref-00035">
				<mixed-citation>H. Saggion, E. Gómez-Martínez, E. Etayo, A. Anula, and L. Bourg. Text Simplification in Simplext: Making Text More Accessible. <italic toggle="yes">Revista de la Sociedad Española para el Procesamiento del Lenguaje Natural</italic>, 47, 2011.</mixed-citation>
				</ref>
				<ref id="ref-00036">
				<mixed-citation>F. Simmons and C. Singleton. The reading comprehension abilities of dyslexic students in higher education. <italic toggle="yes">Dyslexia</italic>, 6(3):178--192, 2000.</mixed-citation>
				</ref>
				<ref id="ref-00037">
				<mixed-citation>S. Swierenga, J. E. Porter, S. Ghosh, and J. E. McCarthy. Dyslexia and website design: The importance of user-based testing. In <italic toggle="yes">Fourth International Congress of Qualitative Inquiry</italic>., Urbana- Champaign, IL, May 2008.</mixed-citation>
				</ref>
				<ref id="ref-00038">
				<mixed-citation>S. Williams, E. Reiter, and L. Osman. Experiments with discourse-level choices and readability. In <italic toggle="yes">Proc. ENLG '03)</italic>, Budapest, Hungary, 2003.</mixed-citation>
				</ref>
			</ref-list>
</back>
</book-part>
</book-part-wrapper>
