<?xml version="1.0" encoding="UTF-8"?>
<!DOCTYPE book-part-wrapper PUBLIC "-//NLM//DTD BITS Book Interchange DTD with OASIS and XHTML Tables v2.0 20151225//EN" "BITS-book-oasis2.dtd">
<book-part-wrapper xmlns:xlink="http://www.w3.org/1999/xlink" xmlns:mml="http://www.w3.org/1998/Math/MathML" xmlns:oasis="http://www.niso.org/standards/z39-96/ns/oasis-exchange/table" xmlns:xi="http://www.w3.org/2001/XInclude" xmlns:xsi="http://www.w3.org/2001/XMLSchema-instance" dtd-version="2.0" xml:lang="en" content-type="research-article">
<collection-meta collection-type="book-series">
    <collection-id collection-id-type="doi">10.1145/acmotherconferences</collection-id>
    <title-group>
        <title>ACM Other Conferences</title>
    </title-group>
</collection-meta>
	<book-meta>
		<book-id book-id-type="acm-id">2461121</book-id>
		<book-id book-id-type="doi">10.1145/2461121</book-id>
		<book-title-group>
			<book-title>Proceedings of the 10th International Cross-Disciplinary Conference on Web Accessibility</book-title>
			<alt-title alt-title-type="acronym">W4A '13</alt-title>
		</book-title-group>
	</book-meta>
	<book-part xmlns:ali="http://www.niso.org/schemas/ali/1.0/" book-part-type="chapter" xml:lang="en">
		<book-part-meta>
			<book-part-id book-part-id-type="acm-id">2461148</book-part-id>
			<book-part-id book-part-id-type="doi">10.1145/2461121.2461148</book-part-id>
			<book-part-id book-part-id-type="article-no">20</book-part-id>
	<subj-group subj-group-type="ccs2012">
		<compound-subject>
			<compound-subject-part content-type="code">10010405.10010489.10010490</compound-subject-part>
			<compound-subject-part content-type="text">Applied computing~Education~Computer-assisted instruction</compound-subject-part>
			<compound-subject-part content-type="weight">500</compound-subject-part>
		</compound-subject>
		<compound-subject>
			<compound-subject-part content-type="code">10010405.10010489.10010490</compound-subject-part>
			<compound-subject-part content-type="text">Applied computing~Education~Computer-assisted instruction</compound-subject-part>
			<compound-subject-part content-type="weight">100</compound-subject-part>
		</compound-subject>
	</subj-group>
			<title-group>
				<title>Dyslexia exercises on my tablet are more fun</title>
			</title-group>
<contrib-group>
   <contrib contrib-type="author" id="artseq-00001">
       <contrib-id contrib-id-type="person_id" authenticated="false">P4141095</contrib-id><contrib-id contrib-id-type="profile_id" authenticated="false">81470642423</contrib-id>
       <name name-style="western">
           <surname>Rello</surname>
           <given-names>Luz</given-names>
       </name>
	<aff>Cookie Cloud, Barcelona, Spain</aff>
	<role>Author</role>
   </contrib>
   <contrib contrib-type="author" id="artseq-00002">
       <contrib-id contrib-id-type="person_id" authenticated="false">P4141096</contrib-id><contrib-id contrib-id-type="profile_id" authenticated="false">81549321356</contrib-id>
       <name name-style="western">
           <surname>Bayarri</surname>
           <given-names>Clara</given-names>
       </name>
	<aff>Cookie Cloud, Barcelona, Spain</aff>
	<email>dyseggxia@gmail.com</email>
	<role>Author</role>
   </contrib>
   <contrib contrib-type="author" id="artseq-00003">
       <contrib-id contrib-id-type="person_id" authenticated="false">P4141097</contrib-id><contrib-id contrib-id-type="profile_id" authenticated="false">81548809856</contrib-id>
       <name name-style="western">
           <surname>Gòrriz</surname>
           <given-names>Azuki</given-names>
       </name>
	<aff>Cookie Cloud, Barcelona, Spain</aff>
	<role>Author</role>
   </contrib>
</contrib-group>
   <pub-date date-type="publication">
   <day>13</day>
   <month>05</month>
   <year>2013</year>
   </pub-date>
				<fpage>1</fpage>
				<lpage>2</lpage>
		<permissions>
			<copyright-year>2013</copyright-year>
			<copyright-holder>Copyright is held by the owner/author(s)</copyright-holder>
			<license license-type="rightsretained">
			<license-p>Permission to make digital or hard copies of part or all of this work for personal or classroom use is granted without fee provided that copies are not made or distributed for profit or commercial advantage and that copies bear this notice and the full citation on the first page. Copyrights for third-party components of this work must be honored. For all other uses, contact the Owner/Author.</license-p>
			</license>
		</permissions>
		<self-uri content-type="pdf" xlink:href="2461121.2461148.pdf" />
	<abstract>
		<p>Worldwide, around 10% of the children have dyslexia, a learning disability characterised by difficulties with accurate word recognition and poor spelling. These difficulties can be overcome by language exercises. Typically, they come in the form of books. Hence, they are static and do not adapt to a child's specific needs. We present <italic toggle="yes">Dyseggxia</italic>, a game for mobile devices for children with dyslexia. It features five different exercises, which were derived from previous research on dyslexic errors. A study with 12 children with dyslexia confirmed that the game is fun and more attractive than traditional exercises. When playing, the exercises adapt to the specific difficulties of the individual player. The game is available for free for iOS and Android and it has been adopted into the program of institutions which support children with dyslexia. This is the first time English and Spanish reinforcement exercises are presented in an adaptive and fun-to-do way.</p>
	</abstract>
<kwd-group>
<kwd>Android</kwd>
<kwd>English</kwd>
<kwd>Spanish</kwd>
<kwd>dyslexia</kwd>
<kwd>iOS</kwd>
<kwd>serious game</kwd>
</kwd-group>
		<custom-meta-group>
		    <custom-meta>
		        <meta-name>rightslink</meta-name>
		        <meta-value>excluded</meta-value>
		    </custom-meta>
		</custom-meta-group>
		</book-part-meta>
		
	<back>
<ref-list specific-use="unparsed">
				<ref id="ref-00001">
				<mixed-citation>R. Baeza-Yates and L. Rello. Estimating dyslexia in the Web. In <italic toggle="yes">Proc. W4A '11</italic>, pages 1--4, Hyderabad, India, 2011. ACM Press. <pub-id pub-id-type="doi" xlink:href="10.1145/1969289.1969300" assigning-authority="crossref">10.1145/1969289.1969300</pub-id> <pub-id pub-id-type="doi" xlink:href="10.1145/1969289.1969300" /></mixed-citation>
				</ref>
				<ref id="ref-00002">
				<mixed-citation>C. Baro Tizón. Conocer la dislexia y corregirla. <italic toggle="yes">Innovación y experiencias educativas</italic>, 14:1--9, 2009.</mixed-citation>
				</ref>
				<ref id="ref-00003">
				<mixed-citation>M. Catanzaro. Internet, amigo de los disléxicos (Internet, friend of people with dyslexia). <italic toggle="yes">El Periódico</italic>, page 30, 2011.</mixed-citation>
				</ref>
				<ref id="ref-00004">
				<mixed-citation>R. Mitkov, L. A. Ha, A. Varga, and L. Rello. Semantic similarity of distractors in multiple-choice tests: extrinsic evaluation. In <italic toggle="yes">Proc. EACL Workshop GeMS '09</italic>, pages 49--56. Association for Computational Linguistics, 2009. <pub-id pub-id-type="doi" xlink:href="10.5555/1705415.1705422" /></mixed-citation>
				</ref>
				<ref id="ref-00005">
				<mixed-citation>R. Nicolson and A. Fawcett. Dyslexia, dysgraphia, procedural learning and the cerebellum. <italic toggle="yes">Cortex</italic>, 47(1):117--127, 2011.</mixed-citation>
				</ref>
				<ref id="ref-00006">
				<mixed-citation>L. Rello, R. Baeza-Yates, H. Saggion, and J. Pedler. A first approach to the creation of a Spanish corpus of dyslexic texts. In <italic toggle="yes">LREC Workshop Natural Language Processing for Improving Textual Accessibility (NLP4ITA)</italic>, Istanbul, Turkey, 2012.</mixed-citation>
				</ref>
				<ref id="ref-00007">
				<mixed-citation>L. Rello, C. Bayarri, and A. Gorriz. What is wrong with this word? Dyseggxia: a game for children with dyslexia (demo). In <italic toggle="yes">Proc. ASSETS '12</italic>, Boulder, USA, 2012. ACM Press. <pub-id pub-id-type="doi" xlink:href="10.1145/2384916.2384962" assigning-authority="crossref">10.1145/2384916.2384962</pub-id> <pub-id pub-id-type="doi" xlink:href="10.1145/2384916.2384962" /></mixed-citation>
				</ref>
				<ref id="ref-00008">
				<mixed-citation>L. Rello, G. Kanvinde, and R. Baeza-Yates. Layout guidelines for web text and a web service to improve accessibility for dyslexics. In <italic toggle="yes">Proc. W4A '12</italic>, Lyon, France, 2012. ACM Press. <pub-id pub-id-type="doi" xlink:href="10.1145/2207016.2207048" assigning-authority="crossref">10.1145/2207016.2207048</pub-id> <pub-id pub-id-type="doi" xlink:href="10.1145/2207016.2207048" /></mixed-citation>
				</ref>
				<ref id="ref-00009">
				<mixed-citation>L. Rello and J. Llisterri. There are phonetic patterns in vowel substitution errors in texts written by persons with dyslexia. In <italic toggle="yes">21st Annual World Congress on Learning Disabilities (LDW 2012)</italic>, Oviedo, Spain, 2012.</mixed-citation>
				</ref>
			</ref-list>
</back>
</book-part>
</book-part-wrapper>
