<?xml version="1.0" encoding="UTF-8"?>
<!DOCTYPE book-part-wrapper PUBLIC "-//NLM//DTD BITS Book Interchange DTD with OASIS and XHTML Tables v2.0 20151225//EN" "BITS-book-oasis2.dtd">
<book-part-wrapper xmlns:xlink="http://www.w3.org/1999/xlink" xmlns:mml="http://www.w3.org/1998/Math/MathML" xmlns:oasis="http://www.niso.org/standards/z39-96/ns/oasis-exchange/table" xmlns:xi="http://www.w3.org/2001/XInclude" xmlns:xsi="http://www.w3.org/2001/XMLSchema-instance" dtd-version="2.0" xml:lang="en" content-type="research-article">
<collection-meta collection-type="book-series">
    <collection-id collection-id-type="doi">10.1145/acmotherconferences</collection-id>
    <title-group>
        <title>ACM Other Conferences</title>
    </title-group>
</collection-meta>
	<book-meta>
		<book-id book-id-type="acm-id">2461121</book-id>
		<book-id book-id-type="doi">10.1145/2461121</book-id>
		<book-title-group>
			<book-title>Proceedings of the 10th International Cross-Disciplinary Conference on Web Accessibility</book-title>
			<alt-title alt-title-type="acronym">W4A '13</alt-title>
		</book-title-group>
	</book-meta>
	<book-part xmlns:ali="http://www.niso.org/schemas/ali/1.0/" book-part-type="chapter" xml:lang="en">
		<book-part-meta>
			<book-part-id book-part-id-type="acm-id">2461145</book-part-id>
			<book-part-id book-part-id-type="doi">10.1145/2461121.2461145</book-part-id>
			<book-part-id book-part-id-type="article-no">10</book-part-id>
	<subj-group subj-group-type="ccs2012">
		<compound-subject>
			<compound-subject-part content-type="code">10010405.10010497.10010510.10010515</compound-subject-part>
			<compound-subject-part content-type="text">Applied computing~Document management and text processing~Document preparation~Multi / mixed media creation</compound-subject-part>
			<compound-subject-part content-type="weight">500</compound-subject-part>
		</compound-subject>
		<compound-subject>
			<compound-subject-part content-type="code">10003120.10003121.10003124.10003254</compound-subject-part>
			<compound-subject-part content-type="text">Human-centered computing~Human computer interaction (HCI)~Interaction paradigms~Hypertext / hypermedia</compound-subject-part>
			<compound-subject-part content-type="weight">500</compound-subject-part>
		</compound-subject>
		<compound-subject>
			<compound-subject-part content-type="code">10003120.10003121.10003124.10010868</compound-subject-part>
			<compound-subject-part content-type="text">Human-centered computing~Human computer interaction (HCI)~Interaction paradigms~Web-based interaction</compound-subject-part>
			<compound-subject-part content-type="weight">100</compound-subject-part>
		</compound-subject>
		<compound-subject>
			<compound-subject-part content-type="code">10011007.10011074.10011081.10011082</compound-subject-part>
			<compound-subject-part content-type="text">Software and its engineering~Software creation and management~Software development process management~Software development methods</compound-subject-part>
			<compound-subject-part content-type="weight">100</compound-subject-part>
		</compound-subject>
		<compound-subject>
			<compound-subject-part content-type="code">10003456</compound-subject-part>
			<compound-subject-part content-type="text">Social and professional topics</compound-subject-part>
			<compound-subject-part content-type="weight">100</compound-subject-part>
		</compound-subject>
	</subj-group>
			<title-group>
				<title>W4A camp report</title>
				<subtitle>"2012 edition"</subtitle>
			</title-group>
<contrib-group>
   <contrib contrib-type="author" id="artseq-00001">
       <contrib-id contrib-id-type="person_id" authenticated="false">P4141065</contrib-id><contrib-id contrib-id-type="profile_id" authenticated="false">81100139139</contrib-id>
       <name name-style="western">
           <surname>Harper</surname>
           <given-names>Simon</given-names>
       </name>
	<aff>University of Manchester, Manchester, UK</aff><aff><institution-wrap><institution-id institution-id-type="profile_id">60003771</institution-id></institution-wrap></aff>
	<email>simon.harper@manchester.ac.uk</email>
	<role>Author</role>
   </contrib>
   <contrib contrib-type="author" id="artseq-00002">
       <contrib-id contrib-id-type="person_id" authenticated="false">P4141066</contrib-id><contrib-id contrib-id-type="profile_id" authenticated="false">81100378126</contrib-id>
       <name name-style="western">
           <surname>Yesilada</surname>
           <given-names>Yeliz</given-names>
       </name>
	<aff>Middle East Technical University, Güzelyurt, Mersin, Turkey</aff><aff><institution-wrap><institution-id institution-id-type="profile_id">60004305</institution-id></institution-wrap></aff>
	<email>yyeliz@metu.edu.tr</email>
	<role>Author</role>
   </contrib>
   <contrib contrib-type="author" id="artseq-00003">
       <contrib-id contrib-id-type="person_id" authenticated="false">P4141067</contrib-id><contrib-id contrib-id-type="profile_id" authenticated="false">81329492781</contrib-id>
       <name name-style="western">
           <surname>Vigo</surname>
           <given-names>Markel</given-names>
       </name>
	<aff>University of Manchester, Manchester, UK</aff><aff><institution-wrap><institution-id institution-id-type="profile_id">60003771</institution-id></institution-wrap></aff>
	<email>markel.vigo@manchester.ac.uk</email>
	<role>Author</role>
   </contrib>
</contrib-group>
   <pub-date date-type="publication">
   <day>13</day>
   <month>05</month>
   <year>2013</year>
   </pub-date>
				<fpage>1</fpage>
				<lpage>4</lpage>
		<permissions>
			<copyright-year>2013</copyright-year>
			<copyright-holder>Copyright is held by the owner/author(s)</copyright-holder>
			<license license-type="rightsretained">
			<license-p>Permission to make digital or hard copies of part or all of this work for personal or classroom use is granted without fee provided that copies are not made or distributed for profit or commercial advantage and that copies bear this notice and the full citation on the first page. Copyrights for third-party components of this work must be honored. For all other uses, contact the Owner/Author.</license-p>
			</license>
		</permissions>
		<self-uri content-type="pdf" xlink:href="2461121.2461145.pdf" />
	<abstract>
		<p>The W4A Camp is an all day event set up to discuss accessibility research. Participants decide the topics to be discussed and they also organise the session during morning devoted to the camp. It is an ad-hoc unconference born from the desire for people to share and learn in an open environment. It is an intense event with discussions, demos and interaction from attendees. Anyone with something to contribute or with the desire to learn is welcomed and invited to join. The first edition was organised after the ninth International Cross-Disciplinary Conference on Web Accessibility (W4A 2012) in Lyon, France. There were around 30 attendees and four themes emerged which focused on 1. accessibility body of knowledge; 2. evaluation, conformity and certification; 3. breaking accessibility automation barriers and 4. mobile web and accessibility. This communication paper reports the experiences gained, lessons learnt, research areas discussed and major findings from the first edition of the W4A Camp.</p>
	</abstract>
<kwd-group>
<kwd>accessibility automation</kwd>
<kwd>body of knowledge</kwd>
<kwd>camp</kwd>
<kwd>certification</kwd>
<kwd>mobile applications</kwd>
<kwd>unconference</kwd>
<kwd>web accessibility</kwd>
</kwd-group>
		<custom-meta-group>
		    <custom-meta>
		        <meta-name>rightslink</meta-name>
		        <meta-value>excluded</meta-value>
		    </custom-meta>
		</custom-meta-group>
		</book-part-meta>
		
	<back>
<ref-list specific-use="unparsed">
				<ref id="ref-00001">
				<mixed-citation>a11ybuzz. Online. http://www.a11ybuzz.com, last accessed: 02/2013.</mixed-citation>
				</ref>
				<ref id="ref-00002">
				<mixed-citation>AccessiWeb. Online. http://www.accessiweb.org/, last accessed: 02/2013.</mixed-citation>
				</ref>
				<ref id="ref-00003">
				<mixed-citation>eaccess+ hub. Online. http://hub.eaccessplus.eu, last accessed: 02/2013.</mixed-citation>
				</ref>
				<ref id="ref-00004">
				<mixed-citation>eaccess+:the eaccessibility network. Online. http://www.eaccessplus.eu/, last accessed: 02/2013.</mixed-citation>
				</ref>
				<ref id="ref-00005">
				<mixed-citation>HTML5. Online. http://html5.org/, last accessed: 02/2013.</mixed-citation>
				</ref>
				<ref id="ref-00006">
				<mixed-citation>Research and development working group (rdwg). Online. http://www.w3.org/WAI/RD/, last accessed: 02/2013.</mixed-citation>
				</ref>
				<ref id="ref-00007">
				<mixed-citation>Test suites wiki. Online. http://137.204.74.112/lyonnaisesetwiki/, last accessed: 02/2013.</mixed-citation>
				</ref>
				<ref id="ref-00008">
				<mixed-citation>Text retrieval conference (trec). Online. http://trec.nist.gov/, last accessed: 02/2013.</mixed-citation>
				</ref>
				<ref id="ref-00009">
				<mixed-citation>W4A 2012. Online. http://www.w4a.info/2012/, last accessed: 02/2013.</mixed-citation>
				</ref>
				<ref id="ref-00010">
				<mixed-citation>Apple. Accessibility Programming Guide for iOS. Apple, 2012. http://developer.apple.com.</mixed-citation>
				</ref>
				<ref id="ref-00011">
				<mixed-citation>Shawn Lawton Henry. Web content accessibility guidelines overview. W3C, 2008. http://www.w3.org/WAI/intro/wcag.php.</mixed-citation>
				</ref>
			</ref-list>
</back>
</book-part>
</book-part-wrapper>
