<?xml version="1.0" encoding="UTF-8"?>
<!DOCTYPE book-part-wrapper PUBLIC "-//NLM//DTD BITS Book Interchange DTD with OASIS and XHTML Tables v2.0 20151225//EN" "BITS-book-oasis2.dtd">
<book-part-wrapper xmlns:xlink="http://www.w3.org/1999/xlink" xmlns:mml="http://www.w3.org/1998/Math/MathML" xmlns:oasis="http://www.niso.org/standards/z39-96/ns/oasis-exchange/table" xmlns:xi="http://www.w3.org/2001/XInclude" xmlns:xsi="http://www.w3.org/2001/XMLSchema-instance" dtd-version="2.0" xml:lang="en" content-type="research-article">
<collection-meta collection-type="book-series">
    <collection-id collection-id-type="doi">10.1145/acmotherconferences</collection-id>
    <title-group>
        <title>ACM Other Conferences</title>
    </title-group>
</collection-meta>
	<book-meta>
		<book-id book-id-type="acm-id">2461121</book-id>
		<book-id book-id-type="doi">10.1145/2461121</book-id>
		<book-title-group>
			<book-title>Proceedings of the 10th International Cross-Disciplinary Conference on Web Accessibility</book-title>
			<alt-title alt-title-type="acronym">W4A '13</alt-title>
		</book-title-group>
	</book-meta>
	<book-part xmlns:ali="http://www.niso.org/schemas/ali/1.0/" book-part-type="chapter" xml:lang="en">
		<book-part-meta>
			<book-part-id book-part-id-type="acm-id">2461140</book-part-id>
			<book-part-id book-part-id-type="doi">10.1145/2461121.2461140</book-part-id>
			<book-part-id book-part-id-type="article-no">27</book-part-id>
	<subj-group subj-group-type="ccs2012">
		<compound-subject>
			<compound-subject-part content-type="code">10003456.10010927.10003616</compound-subject-part>
			<compound-subject-part content-type="text">Social and professional topics~User characteristics~People with disabilities</compound-subject-part>
			<compound-subject-part content-type="weight">500</compound-subject-part>
		</compound-subject>
		<compound-subject>
			<compound-subject-part content-type="code">10003456.10003457.10003580.10003587</compound-subject-part>
			<compound-subject-part content-type="text">Social and professional topics~Professional topics~Computing profession~Assistive technologies</compound-subject-part>
			<compound-subject-part content-type="weight">500</compound-subject-part>
		</compound-subject>
		<compound-subject>
			<compound-subject-part content-type="code">10011007.10010940.10010971.10011120.10011680</compound-subject-part>
			<compound-subject-part content-type="text">Software and its engineering~Software organization and properties~Software system structures~Distributed systems organizing principles~Organizing principles for web applications</compound-subject-part>
			<compound-subject-part content-type="weight">100</compound-subject-part>
		</compound-subject>
	</subj-group>
			<title-group>
				<title>How cloud computing can support on-demand assistive services</title>
			</title-group>
<contrib-group>
   <contrib contrib-type="author" id="artseq-00001">
       <contrib-id contrib-id-type="person_id" authenticated="false">P4141138</contrib-id><contrib-id contrib-id-type="profile_id" authenticated="false">81758910057</contrib-id>
       <name name-style="western">
           <surname>Mulfari</surname>
           <given-names>Davide</given-names>
       </name>
	<aff>University of Messina, Messina, Italy</aff><aff><institution-wrap><institution-id institution-id-type="profile_id">60011576</institution-id></institution-wrap></aff>
	<email>dmulfari@unime.it</email>
	<role>Author</role>
   </contrib>
   <contrib contrib-type="author" id="artseq-00002">
       <contrib-id contrib-id-type="person_id" authenticated="false">P4141139</contrib-id><contrib-id contrib-id-type="profile_id" authenticated="false">81461658513</contrib-id>
       <name name-style="western">
           <surname>Celesti</surname>
           <given-names>Antonio</given-names>
       </name>
	<aff>University of Messina, Messina, Italy</aff><aff><institution-wrap><institution-id institution-id-type="profile_id">60011576</institution-id></institution-wrap></aff>
	<email>acelesti@unime.it</email>
	<role>Author</role>
   </contrib>
   <contrib contrib-type="author" id="artseq-00003">
       <contrib-id contrib-id-type="person_id" authenticated="false">P4141140</contrib-id><contrib-id contrib-id-type="profile_id" authenticated="false">81100530290</contrib-id>
       <name name-style="western">
           <surname>Puliafito</surname>
           <given-names>Antonio</given-names>
       </name>
	<aff>University of Messina, Messina, Italy</aff><aff><institution-wrap><institution-id institution-id-type="profile_id">60011576</institution-id></institution-wrap></aff>
	<email>apuliafito@unime.it</email>
	<role>Author</role>
   </contrib>
   <contrib contrib-type="author" id="artseq-00004">
       <contrib-id contrib-id-type="person_id" authenticated="false">P4141141</contrib-id><contrib-id contrib-id-type="profile_id" authenticated="false">81100238147</contrib-id>
       <name name-style="western">
           <surname>Villari</surname>
           <given-names>Massimo</given-names>
       </name>
	<aff>University of Messina, Messina, Italy</aff><aff><institution-wrap><institution-id institution-id-type="profile_id">60011576</institution-id></institution-wrap></aff>
	<email>mvillari@unime.it</email>
	<role>Author</role>
   </contrib>
</contrib-group>
   <pub-date date-type="publication">
   <day>13</day>
   <month>05</month>
   <year>2013</year>
   </pub-date>
				<fpage>1</fpage>
				<lpage>4</lpage>
		<permissions>
			<copyright-year>2013</copyright-year>
			<copyright-holder>ACM</copyright-holder>
			<license license-type="acmcopyright">
			<license-p>Permission to make digital or hard copies of all or part of this work for personal or classroom use is granted without fee provided that copies are not made or distributed for profit or commercial advantage and that copies bear this notice and the full citation on the first page. Copyrights for components of this work owned by others than ACM must be honored. Abstracting with credit is permitted. To copy otherwise, or republish, to post on servers or to redistribute to lists, requires prior specific permission and/or a fee. Request permissions from Permissions@acm.org</license-p>
			</license>
		</permissions>
		<self-uri content-type="pdf" xlink:href="2461121.2461140.pdf" />
	<abstract>
		<p>This paper investigates how Cloud computing can meet the demands of people with disabilities who occasionally use a shared computer. In this situation, customized assistive software can not be available to the user since security policies prevent from having enough privileges to change local system preferences. In order to address such issue, we discuss an open source software architecture combining a web-based remote desktop management solution with virtualization technology. This system allows disabled users to access a virtual desktop running personal assistive software solutions. Hence, the disabled user can interact with the same virtual environment from any networked physical computer via a standard web browser. In the end, we discuss the major technological issue for the achievement of such a scenario.</p>
	</abstract>
<kwd-group>
<kwd>HTML5</kwd>
<kwd>VNC</kwd>
<kwd>assistive technology</kwd>
<kwd>cloud computing</kwd>
<kwd>remote desktop</kwd>
<kwd>virtual machine</kwd>
</kwd-group>
<funding-group specific-use="FundRef">
	<award-group id="award1">
		<funding-source id="GS1">
			<institution-wrap>
			<institution>Seventh Framework Programme</institution>
			<institution-id institution-id-type="FundRef">http://dx.doi.org/10.13039/501100004963</institution-id>
			</institution-wrap>
		</funding-source>
		<award-id rid="GS1">217019</award-id>
	</award-group>
</funding-group>
		</book-part-meta>
		
	<back>
<ref-list specific-use="unparsed">
				<ref id="ref-00001">
				<mixed-citation>Cloud4all, http://www.cloud4all.info/.</mixed-citation>
				</ref>
				<ref id="ref-00002">
				<mixed-citation>Farfalla project, http://www.farfalla-project.org/.</mixed-citation>
				</ref>
				<ref id="ref-00003">
				<mixed-citation>GPII Project, http://gpii.net/.</mixed-citation>
				</ref>
				<ref id="ref-00004">
				<mixed-citation>GStreamer Documentation, http://gstreamer.freedesktop.org/documentation/.</mixed-citation>
				</ref>
				<ref id="ref-00005">
				<mixed-citation>IceCast2 Documentation, http://icecast.org/docs.php.</mixed-citation>
				</ref>
				<ref id="ref-00006">
				<mixed-citation>Oracle VM VirtualBox User Manual, https://www.virtualbox.org/manual/UserManual.html.</mixed-citation>
				</ref>
				<ref id="ref-00007">
				<mixed-citation>novnc software. https://github.com/kanaka/novnc/wiki, 2012.</mixed-citation>
				</ref>
				<ref id="ref-00008">
				<mixed-citation>A. Berryman, P. Calyam, M. Honigford, and A. Lai. Vdbench: A benchmarking toolkit for thin-client based virtual desktop environments. In <italic toggle="yes">IEEE Second International Conference on Cloud Computing Technology and Science (CloudCom)</italic>, pages 480--487, 2010. <pub-id pub-id-type="doi" xlink:href="10.1109/CloudCom.2010.106" assigning-authority="crossref">10.1109/CloudCom.2010.106</pub-id> <pub-id pub-id-type="doi" xlink:href="10.1109/CloudCom.2010.106" /></mixed-citation>
				</ref>
				<ref id="ref-00009">
				<mixed-citation>A. Celesti, N. Peditto, F. Verboso, M. Villari, and A. Puliafito. Draco paas: a distributed resilient adaptable cloud oriented platform. <italic toggle="yes">IEEE 27th International Parallel and Distributed Processing Symposium</italic>, 2013.</mixed-citation>
				</ref>
				<ref id="ref-00010">
				<mixed-citation>A. Celesti, F. Tusa, M. Villari, and A. Puliafito. How the dataweb can support cloud federation: Service representation and secure data exchange. In <italic toggle="yes">2012 Second Symposium on Network Cloud Computing and Applications (NCCA)</italic>, pages 73--79, 2012. <pub-id pub-id-type="doi" xlink:href="10.1109/NCCA.2012.26" assigning-authority="crossref">10.1109/NCCA.2012.26</pub-id> <pub-id pub-id-type="doi" xlink:href="10.1109/NCCA.2012.26" /></mixed-citation>
				</ref>
				<ref id="ref-00011">
				<mixed-citation>A. Celesti, F. Tusa, M. Villari, and A. Puliafito. Integration of clever clouds with third party software systems through a rest web service interface. <italic toggle="yes">2012 IEEE Symposium on Computers and Communications (ISCC)</italic>, pages 827--832, 2012. <pub-id pub-id-type="doi" xlink:href="10.5555/2357494.2358421" /></mixed-citation>
				</ref>
				<ref id="ref-00012">
				<mixed-citation>A. Celesti, F. Tusa, M. Villari, and A. Puliafito. Energy sustainability in cooperating clouds. <italic toggle="yes">CLOSER 2013 - Proceedings of the 3nd International Conference on Cloud Computing and Services Science</italic>, 2013.</mixed-citation>
				</ref>
				<ref id="ref-00013">
				<mixed-citation>ISO. <italic toggle="yes">9999--2007: Assistive Products for Persons with Disability - Classification and Terminology</italic>. 2007.</mixed-citation>
				</ref>
				<ref id="ref-00014">
				<mixed-citation>A. Mangiatordi and H. S. Sareen. Farfalla project: bowser-based accessibility solutions. In <italic toggle="yes">W4A2011 - Microsoft Challenge paper, 2011</italic>, March 2011. <pub-id pub-id-type="doi" xlink:href="10.1145/1969289.1969317" assigning-authority="crossref">10.1145/1969289.1969317</pub-id> <pub-id pub-id-type="doi" xlink:href="10.1145/1969289.1969317" /></mixed-citation>
				</ref>
				<ref id="ref-00015">
				<mixed-citation>P. Mell and T. Grance. The NIST Definition of Cloud Computing, http://www.nist.gov/itl/csd/cloud-102511.cfm.</mixed-citation>
				</ref>
				<ref id="ref-00016">
				<mixed-citation>S. Shu, X. Shen, Y. Zhu, T. Huang, S. Yan, and S. Li. Prototyping efficient desktop-as-a-service for fpga based cloud computing architecture. In <italic toggle="yes">Cloud Computing (CLOUD), 2012 IEEE 5th International Conference on</italic>, pages 702--709, june 2012. <pub-id pub-id-type="doi" xlink:href="10.1109/CLOUD.2012.121" assigning-authority="crossref">10.1109/CLOUD.2012.121</pub-id> <pub-id pub-id-type="doi" xlink:href="10.1109/CLOUD.2012.121" /></mixed-citation>
				</ref>
				<ref id="ref-00017">
				<mixed-citation>M. Villari, I. Brandic, and F. Tusa. <italic toggle="yes">Achieving Federated and Self-Manageable Cloud Infrastructures: Theory and Practice</italic>. Premier reference source. Igi Global, 2012.</mixed-citation>
				</ref>
			</ref-list>
</back>
</book-part>
</book-part-wrapper>
