<?xml version="1.0" encoding="UTF-8"?>
<!DOCTYPE book-part-wrapper PUBLIC "-//NLM//DTD BITS Book Interchange DTD with OASIS and XHTML Tables v2.0 20151225//EN" "BITS-book-oasis2.dtd">
<book-part-wrapper xmlns:xlink="http://www.w3.org/1999/xlink" xmlns:mml="http://www.w3.org/1998/Math/MathML" xmlns:oasis="http://www.niso.org/standards/z39-96/ns/oasis-exchange/table" xmlns:xi="http://www.w3.org/2001/XInclude" xmlns:xsi="http://www.w3.org/2001/XMLSchema-instance" dtd-version="2.0" xml:lang="en" content-type="research-article">
<collection-meta collection-type="book-series">
    <collection-id collection-id-type="doi">10.1145/acmotherconferences</collection-id>
    <title-group>
        <title>ACM Other Conferences</title>
    </title-group>
</collection-meta>
	<book-meta>
		<book-id book-id-type="acm-id">2461121</book-id>
		<book-id book-id-type="doi">10.1145/2461121</book-id>
		<book-title-group>
			<book-title>Proceedings of the 10th International Cross-Disciplinary Conference on Web Accessibility</book-title>
			<alt-title alt-title-type="acronym">W4A '13</alt-title>
		</book-title-group>
	</book-meta>
	<book-part xmlns:ali="http://www.niso.org/schemas/ali/1.0/" book-part-type="chapter" xml:lang="en">
		<book-part-meta>
			<book-part-id book-part-id-type="acm-id">2461146</book-part-id>
			<book-part-id book-part-id-type="doi">10.1145/2461121.2461146</book-part-id>
			<book-part-id book-part-id-type="article-no">19</book-part-id>
	<subj-group subj-group-type="ccs2012">
		<compound-subject>
			<compound-subject-part content-type="code">10003120.10003121</compound-subject-part>
			<compound-subject-part content-type="text">Human-centered computing~Human computer interaction (HCI)</compound-subject-part>
			<compound-subject-part content-type="weight">500</compound-subject-part>
		</compound-subject>
		<compound-subject>
			<compound-subject-part content-type="code">10002951.10003317</compound-subject-part>
			<compound-subject-part content-type="text">Information systems~Information retrieval</compound-subject-part>
			<compound-subject-part content-type="weight">100</compound-subject-part>
		</compound-subject>
		<compound-subject>
			<compound-subject-part content-type="code">10002951.10003152</compound-subject-part>
			<compound-subject-part content-type="text">Information systems~Information storage systems</compound-subject-part>
			<compound-subject-part content-type="weight">100</compound-subject-part>
		</compound-subject>
	</subj-group>
			<title-group>
				<title>The false dichotomy between accessibility and usability</title>
			</title-group>
<contrib-group>
   <contrib contrib-type="author" id="artseq-00001">
       <contrib-id contrib-id-type="person_id" authenticated="false">P4141094</contrib-id><contrib-id contrib-id-type="profile_id" authenticated="false">81100330316</contrib-id>
       <name name-style="western">
           <surname>Chi</surname>
           <given-names>Ed H.</given-names>
       </name>
	<aff>Google, Inc., Mountain View, CA</aff><aff><institution-wrap><institution-id institution-id-type="profile_id">60006191</institution-id></institution-wrap></aff>
	<email>edchi@google.com</email>
	<role>Author</role>
   </contrib>
</contrib-group>
   <pub-date date-type="publication">
   <day>13</day>
   <month>05</month>
   <year>2013</year>
   </pub-date>
				<fpage>1</fpage>
				<lpage>2</lpage>
		<permissions>
			<copyright-year>2013</copyright-year>
			<copyright-holder>Copyright is held by the owner/author(s)</copyright-holder>
			<license license-type="rightsretained">
			<license-p>Permission to make digital or hard copies of part or all of this work for personal or classroom use is granted without fee provided that copies are not made or distributed for profit or commercial advantage and that copies bear this notice and the full citation on the first page. Copyrights for third-party components of this work must be honored. For all other uses, contact the Owner/Author.</license-p>
			</license>
		</permissions>
		<self-uri content-type="pdf" xlink:href="2461121.2461146.pdf" />
	<abstract>
		<p>Traditionally, accessibility researchers have focused on the barrier-free designs that make information available to a diverse set of user abilities and constraints. Usability practitioners and researchers have focused their efforts on making information interfaces usable by the average abled-bodied user.</p> <p>The problem in this dichotomy is the myth of two assumptions. First, there is the myth of the "average" user. The first rule about psychology experiments is that often the individual subject variations in an experiment often overwhelm any effects that you're attempting to observe. We use the "average user" as a concept so that we have a prototypical user to design for, when in fact, often we're designing for a set of different user persona, use cases, and skill levels. Second, there is the myth of "barrier-free" design. Design is inherently an exercise in which we optimize for a certain set of use cases, while de-emphasizing other less important use cases. As a result, a design can never be entirely "barrier-free".</p> <p>If we treat this dichotomy as false, we start to realize that a whole set of problems between the two fields are one and the same. If we reject the dichotomy, then we see that many accessibility problems are also usability problems, and vice versa. For example, language barriers in social media, mobile devices and their ease of use while walking, and the ability to input text using voice rather than typing are all accessibility and usability problems. To emphasize, usability and accessibility are both fundamentally about the ability to get at information resources and knowledge. Broadly, I see many opportunities to bridge this false dichotomy and will attempt to give examples during this talk.</p>
	</abstract>
		<custom-meta-group>
		    <custom-meta>
		        <meta-name>rightslink</meta-name>
		        <meta-value>excluded</meta-value>
		    </custom-meta>
		</custom-meta-group>
		</book-part-meta>
		
	<back>
<ref-list specific-use="unparsed">
				<ref id="ref-00001">
				<mixed-citation>Neil F. Budde. 2004. There's no such thing as an "average" user. <italic toggle="yes">interactions</italic> 11, 2 (March 2004), 54. DOI=10.1145/971258.971275 http://doi.acm.org/10.1145/971258.971275 <pub-id pub-id-type="doi" xlink:href="10.1145/971258.971275" assigning-authority="crossref">10.1145/971258.971275</pub-id> <pub-id pub-id-type="doi" xlink:href="10.1145/971258.971275" /></mixed-citation>
				</ref>
				<ref id="ref-00002">
				<mixed-citation>Karyn A. Moffatt and Joanna McGrenere. 2007. Slipping and drifting: using older users to uncover pen-based target acquisition difficulties. In <italic toggle="yes">Proceedings of the 9th international ACM SIGACCESS conference on Computers and accessibility</italic> (Assets '07). ACM, New York, NY, USA, 11--18. DOI=10.1145/1296843.1296848 http://doi.acm.org/10.1145/1296843.1296848 <pub-id pub-id-type="doi" xlink:href="10.1145/1296843.1296848" assigning-authority="crossref">10.1145/1296843.1296848</pub-id> <pub-id pub-id-type="doi" xlink:href="10.1145/1296843.1296848" /></mixed-citation>
				</ref>
				<ref id="ref-00003">
				<mixed-citation>Satoshi Kagami, Yoko Sasaki, Simon Thompson, Tomoaki Fujihara, Tadashi Enomoto, and Hiroshi Mizoguchi. 2008. Loudness measurement of human utterance to a robot in noisy environment. In <italic toggle="yes">Proceedings of the 3rd ACM/IEEE international conference on Human robot interaction</italic> (HRI '08). ACM, New York, NY, USA, 217--224. DOI=10.1145/1349822.1349851 http://doi.acm.org/10.1145/1349822.1349851 <pub-id pub-id-type="doi" xlink:href="10.1145/1349822.1349851" assigning-authority="crossref">10.1145/1349822.1349851</pub-id> <pub-id pub-id-type="doi" xlink:href="10.1145/1349822.1349851" /></mixed-citation>
				</ref>
				<ref id="ref-00004">
				<mixed-citation>Shaun K. Kane, Jacob O. Wobbrock, and Ian E. Smith. 2008. Getting off the treadmill: evaluating walking user interfaces for mobile devices in public spaces. In <italic toggle="yes">Proceedings of the 10th international conference on Human computer interaction with mobile devices and services</italic>(MobileHCI '08). ACM, New York, NY, USA, 109--118. DOI=10.1145/1409240.1409253 http://doi.acm.org/10.1145/1409240.1409253 <pub-id pub-id-type="doi" xlink:href="10.1145/1409240.1409253" assigning-authority="crossref">10.1145/1409240.1409253</pub-id> <pub-id pub-id-type="doi" xlink:href="10.1145/1409240.1409253" /></mixed-citation>
				</ref>
				<ref id="ref-00005">
				<mixed-citation>Lichan Hong, Gregorio Convertino, and Ed H. Chi. <underline>Language Matters in Twitter: A Large Scale Study</underline>. In <italic toggle="yes">Proc. of 2011 International AAAI Conference on Weblogs and Social Media</italic> (ICWSM'11).</mixed-citation>
				</ref>
				<ref id="ref-00006">
				<mixed-citation>Young Sang Choi, Ji Soo Yi, Chris M. Law, and Julie A. Jacko. 2006. Are "universal design resources" designed for designers?. In <italic toggle="yes">Proceedings of the 8th international ACM SIGACCESS conference on Computers and accessibility</italic> (Assets '06). ACM, New York, NY, USA, 87--94. DOI=10.1145/1168987.1169003 http://doi.acm.org/10.1145/1168987.1169003 <pub-id pub-id-type="doi" xlink:href="10.1145/1168987.1169003" assigning-authority="crossref">10.1145/1168987.1169003</pub-id> <pub-id pub-id-type="doi" xlink:href="10.1145/1168987.1169003" /></mixed-citation>
				</ref>
				<ref id="ref-00007">
				<mixed-citation>Uday Gajendar. 2012. Finding the sweet spot of design. <italic toggle="yes">interactions</italic>. 19, 3 (May 2012), 10--11. DOI=10.1145/2168931.2168935 http://doi.acm.org/10.1145/2168931.2168935 <pub-id pub-id-type="doi" xlink:href="10.1145/2168931.2168935" assigning-authority="crossref">10.1145/2168931.2168935</pub-id> <pub-id pub-id-type="doi" xlink:href="10.1145/2168931.2168935" /></mixed-citation>
				</ref>
				<ref id="ref-00008">
				<mixed-citation>Ben Shneiderman. 2000. Universal usability. <italic toggle="yes">Commun. ACM</italic> 43, 5 (May 2000), 84--91. DOI=10.1145/332833.332843 http://doi.acm.org/10.1145/332833.332843 <pub-id pub-id-type="doi" xlink:href="10.1145/332833.332843" assigning-authority="crossref">10.1145/332833.332843</pub-id> <pub-id pub-id-type="doi" xlink:href="10.1145/332833.332843" /></mixed-citation>
				</ref>
				<ref id="ref-00009">
				<mixed-citation>Helen Petrie and Omar Kheir. 2007. The relationship between accessibility and usability of websites. In <italic toggle="yes">Proceedings of the SIGCHI Conference on Human Factors in Computing Systems</italic>(CHI '07). ACM, New York, NY, USA, 397--406. DOI=10.1145/1240624.1240688 http://doi.acm.org/10.1145/1240624.1240688 <pub-id pub-id-type="doi" xlink:href="10.1145/1240624.1240688" assigning-authority="crossref">10.1145/1240624.1240688</pub-id> <pub-id pub-id-type="doi" xlink:href="10.1145/1240624.1240688" /></mixed-citation>
				</ref>
			</ref-list>
</back>
</book-part>
</book-part-wrapper>
