<?xml version="1.0" encoding="UTF-8"?>
<!DOCTYPE book-part-wrapper PUBLIC "-//NLM//DTD BITS Book Interchange DTD with OASIS and XHTML Tables v2.0 20151225//EN" "BITS-book-oasis2.dtd">
<book-part-wrapper xmlns:xlink="http://www.w3.org/1999/xlink" xmlns:mml="http://www.w3.org/1998/Math/MathML" xmlns:oasis="http://www.niso.org/standards/z39-96/ns/oasis-exchange/table" xmlns:xi="http://www.w3.org/2001/XInclude" xmlns:xsi="http://www.w3.org/2001/XMLSchema-instance" dtd-version="2.0" xml:lang="en">
<collection-meta collection-type="book-series">
    <collection-id collection-id-type="doi">10.1145/acmotherconferences</collection-id>
    <title-group>
        <title>ACM Other Conferences</title>
    </title-group>
</collection-meta>
	<book-meta>
		<book-id book-id-type="acm-id">1061811</book-id>
		<book-id book-id-type="doi">10.1145/1061811</book-id>
		<book-title-group>
			<book-title>Proceedings of the 2005 International Cross-Disciplinary Workshop on Web Accessibility (W4A)</book-title>
			<alt-title alt-title-type="acronym">W4A '05</alt-title>
		</book-title-group>
	</book-meta>
	<book-part xmlns:ali="http://www.niso.org/schemas/ali/1.0/" book-part-type="chapter" xml:lang="en">
		<book-part-meta>
			<book-part-id book-part-id-type="acm-id">1061823</book-part-id>
			<book-part-id book-part-id-type="doi">10.1145/1061811.1061823</book-part-id>
	<subj-group subj-group-type="ccs2012">
		<compound-subject>
			<compound-subject-part content-type="code">10003456</compound-subject-part>
			<compound-subject-part content-type="text">Social and professional topics</compound-subject-part>
			<compound-subject-part content-type="weight">500</compound-subject-part>
		</compound-subject>
		<compound-subject>
			<compound-subject-part content-type="code">10010405.10010497.10010510.10010515</compound-subject-part>
			<compound-subject-part content-type="text">Applied computing~Document management and text processing~Document preparation~Multi / mixed media creation</compound-subject-part>
			<compound-subject-part content-type="weight">100</compound-subject-part>
		</compound-subject>
		<compound-subject>
			<compound-subject-part content-type="code">10003120.10003121</compound-subject-part>
			<compound-subject-part content-type="text">Human-centered computing~Human computer interaction (HCI)</compound-subject-part>
			<compound-subject-part content-type="weight">100</compound-subject-part>
		</compound-subject>
		<compound-subject>
			<compound-subject-part content-type="code">10003120.10003121.10003124.10003254</compound-subject-part>
			<compound-subject-part content-type="text">Human-centered computing~Human computer interaction (HCI)~Interaction paradigms~Hypertext / hypermedia</compound-subject-part>
			<compound-subject-part content-type="weight">100</compound-subject-part>
		</compound-subject>
	</subj-group>
			<title-group>
				<title>Is accessible design a myth?</title>
			</title-group>
<contrib-group>
   <contrib contrib-type="author" id="artseq-00001">
       <contrib-id contrib-id-type="person_id" authenticated="false">PP14197104</contrib-id><contrib-id contrib-id-type="profile_id" authenticated="false">81100569069</contrib-id>
       <name name-style="western">
           <surname>Meyer</surname>
           <given-names>Eric A.</given-names>
       </name>
	<aff>Complex Spiral Consulting, Cleveland Heights, OH</aff>
	<role>Author</role>
   </contrib>
</contrib-group>
   <pub-date date-type="publication">
   <day>10</day>
   <month>05</month>
   <year>2005</year>
   </pub-date>
				<fpage>60</fpage>
				<lpage>62</lpage>
		<permissions>
			<copyright-year>2005</copyright-year>
			<copyright-holder>ACM</copyright-holder>
			<license license-type="acmcopyright">
			<license-p>Permission to make digital or hard copies of all or part of this work for personal or classroom use is granted without fee provided that copies are not made or distributed for profit or commercial advantage and that copies bear this notice and the full citation on the first page. Copyrights for components of this work owned by others than ACM must be honored. Abstracting with credit is permitted. To copy otherwise, or republish, to post on servers or to redistribute to lists, requires prior specific permission and/or a fee. Request permissions from Permissions@acm.org</license-p>
			</license>
		</permissions>
		<self-uri content-type="pdf" xlink:href="1061811.1061823.pdf" />
	<abstract>
		<p>In this paper, I examine the historical attempts to create visual designs that are still accessible to handicapped users and assess the current state of accessible design. This is followed by a critical look at current assistive technologies, and a set of recommendations for future work in this area.</p>
	</abstract>
<kwd-group>
<kwd>CSS</kwd>
<kwd>JavaScript</kwd>
<kwd>WWW</kwd>
<kwd>accessibility</kwd>
<kwd>accessible design</kwd>
<kwd>audio browsing</kwd>
<kwd>flash</kwd>
<kwd>image replacement</kwd>
<kwd>screen readers</kwd>
<kwd>visual design</kwd>
<kwd>web design</kwd>
<kwd>world wide web</kwd>
</kwd-group>
		</book-part-meta>
		
	<back>
<ref-list specific-use="unparsed">
				<ref id="ref-00001">
				<mixed-citation>Website: http://stopdesign.com/articles/replace_text/. Last accessed April 2005.</mixed-citation>
				</ref>
				<ref id="ref-00002">
				<mixed-citation>Website: http://mezzoblue.com/tests/revised-image-replacement/. Last accessed April 2005.</mixed-citation>
				</ref>
				<ref id="ref-00003">
				<mixed-citation>Ibid.</mixed-citation>
				</ref>
				<ref id="ref-00004">
				<mixed-citation>Website: http://shauninman.com/mentary/past/ifr_an_fir_alternat ive.php. Last accessed April 2005.</mixed-citation>
				</ref>
				<ref id="ref-00005">
				<mixed-citation>Website: http://shauninman.com/. Last accessed April 2005.</mixed-citation>
				</ref>
				<ref id="ref-00006">
				<mixed-citation>Website: http://mikeindustries.com/blog/archive/2004/08/sifr. Last accessed April 2005.</mixed-citation>
				</ref>
				<ref id="ref-00007">
				<mixed-citation>Website: http://mezzoblue.com/archives/2004/10/26/sifr/comme nts/#c009635. Last accessed April 2005.</mixed-citation>
				</ref>
				<ref id="ref-00008">
				<mixed-citation>Website: http://www.accessifyforum.com/viewtopic.php?p=1711 7#17117. Last accessed April 2005.</mixed-citation>
				</ref>
				<ref id="ref-00009">
				<mixed-citation>Website: http://w3.org/TR/css3-mediaqueries/. Last accessed April 2005.</mixed-citation>
				</ref>
				<ref id="ref-00010">
				<mixed-citation>Website: http://stopdesign.com/. Last accessed April 2005. 10</mixed-citation>
				</ref>
			</ref-list>
</back>
</book-part>
</book-part-wrapper>
