<?xml version="1.0" encoding="UTF-8"?>
<!DOCTYPE book-part-wrapper PUBLIC "-//NLM//DTD BITS Book Interchange DTD with OASIS and XHTML Tables v2.0 20151225//EN" "BITS-book-oasis2.dtd">
<book-part-wrapper xmlns:xlink="http://www.w3.org/1999/xlink" xmlns:mml="http://www.w3.org/1998/Math/MathML" xmlns:oasis="http://www.niso.org/standards/z39-96/ns/oasis-exchange/table" xmlns:xi="http://www.w3.org/2001/XInclude" xmlns:xsi="http://www.w3.org/2001/XMLSchema-instance" dtd-version="2.0" xml:lang="en">
<collection-meta collection-type="book-series">
    <collection-id collection-id-type="doi">10.1145/acmotherconferences</collection-id>
    <title-group>
        <title>ACM Other Conferences</title>
    </title-group>
</collection-meta>
	<book-meta>
		<book-id book-id-type="acm-id">1061811</book-id>
		<book-id book-id-type="doi">10.1145/1061811</book-id>
		<book-title-group>
			<book-title>Proceedings of the 2005 International Cross-Disciplinary Workshop on Web Accessibility (W4A)</book-title>
			<alt-title alt-title-type="acronym">W4A '05</alt-title>
		</book-title-group>
	</book-meta>
	<book-part xmlns:ali="http://www.niso.org/schemas/ali/1.0/" book-part-type="chapter" xml:lang="en">
		<book-part-meta>
			<book-part-id book-part-id-type="acm-id">1061815</book-part-id>
			<book-part-id book-part-id-type="doi">10.1145/1061811.1061815</book-part-id>
	<subj-group subj-group-type="ccs2012">
		<compound-subject>
			<compound-subject-part content-type="code">10003456.10003457.10003580.10003587</compound-subject-part>
			<compound-subject-part content-type="text">Social and professional topics~Professional topics~Computing profession~Assistive technologies</compound-subject-part>
			<compound-subject-part content-type="weight">500</compound-subject-part>
		</compound-subject>
		<compound-subject>
			<compound-subject-part content-type="code">10003456.10010927.10003616</compound-subject-part>
			<compound-subject-part content-type="text">Social and professional topics~User characteristics~People with disabilities</compound-subject-part>
			<compound-subject-part content-type="weight">500</compound-subject-part>
		</compound-subject>
		<compound-subject>
			<compound-subject-part content-type="code">10003120.10003121.10003124.10003254</compound-subject-part>
			<compound-subject-part content-type="text">Human-centered computing~Human computer interaction (HCI)~Interaction paradigms~Hypertext / hypermedia</compound-subject-part>
			<compound-subject-part content-type="weight">100</compound-subject-part>
		</compound-subject>
		<compound-subject>
			<compound-subject-part content-type="code">10010405.10010497.10010510.10010515</compound-subject-part>
			<compound-subject-part content-type="text">Applied computing~Document management and text processing~Document preparation~Multi / mixed media creation</compound-subject-part>
			<compound-subject-part content-type="weight">100</compound-subject-part>
		</compound-subject>
		<compound-subject>
			<compound-subject-part content-type="code">10002951.10003260.10003300.10003302</compound-subject-part>
			<compound-subject-part content-type="text">Information systems~World Wide Web~Web interfaces~Browsers</compound-subject-part>
			<compound-subject-part content-type="weight">100</compound-subject-part>
		</compound-subject>
		<compound-subject>
			<compound-subject-part content-type="code">10003120.10003121.10003124.10003254</compound-subject-part>
			<compound-subject-part content-type="text">Human-centered computing~Human computer interaction (HCI)~Interaction paradigms~Hypertext / hypermedia</compound-subject-part>
			<compound-subject-part content-type="weight">100</compound-subject-part>
		</compound-subject>
		<compound-subject>
			<compound-subject-part content-type="code">10010405.10010497.10010510.10010515</compound-subject-part>
			<compound-subject-part content-type="text">Applied computing~Document management and text processing~Document preparation~Multi / mixed media creation</compound-subject-part>
			<compound-subject-part content-type="weight">100</compound-subject-part>
		</compound-subject>
	</subj-group>
			<title-group>
				<title>AcceSS</title>
				<subtitle>accessibility through simplification &amp; summarization</subtitle>
			</title-group>
<contrib-group>
   <contrib contrib-type="author" id="artseq-00001">
       <contrib-id contrib-id-type="person_id" authenticated="false">PP39028229</contrib-id><contrib-id contrib-id-type="profile_id" authenticated="false">81100118713</contrib-id>
       <name name-style="western">
           <surname>Parmanto</surname>
           <given-names>Bambang</given-names>
       </name>
	<aff>University of Pittsburgh, Pittsburgh, PA</aff><aff><institution-wrap><institution-id institution-id-type="profile_id">60015543</institution-id></institution-wrap></aff>
	<role>Author</role>
   </contrib>
   <contrib contrib-type="author" id="artseq-00002">
       <contrib-id contrib-id-type="person_id" authenticated="false">P709715</contrib-id><contrib-id contrib-id-type="profile_id" authenticated="false">81100376773</contrib-id>
       <name name-style="western">
           <surname>Ferrydiansyah</surname>
           <given-names>Reza</given-names>
       </name>
	<aff>University of Pittsburgh, Pittsburgh, PA</aff><aff><institution-wrap><institution-id institution-id-type="profile_id">60015543</institution-id></institution-wrap></aff>
	<role>Author</role>
   </contrib>
   <contrib contrib-type="author" id="artseq-00003">
       <contrib-id contrib-id-type="person_id" authenticated="false">P708872</contrib-id><contrib-id contrib-id-type="profile_id" authenticated="false">81100336186</contrib-id>
       <name name-style="western">
           <surname>Saptono</surname>
           <given-names>Andi</given-names>
       </name>
	<aff>University of Pittsburgh, Pittsburgh, PA</aff><aff><institution-wrap><institution-id institution-id-type="profile_id">60015543</institution-id></institution-wrap></aff>
	<role>Author</role>
   </contrib>
   <contrib contrib-type="author" id="artseq-00004">
       <contrib-id contrib-id-type="person_id" authenticated="false">P725665</contrib-id><contrib-id contrib-id-type="profile_id" authenticated="false">81100578708</contrib-id>
       <name name-style="western">
           <surname>Song</surname>
           <given-names>Lijing</given-names>
       </name>
	<aff>University of Pittsburgh, Pittsburgh, PA</aff><aff><institution-wrap><institution-id institution-id-type="profile_id">60015543</institution-id></institution-wrap></aff>
	<role>Author</role>
   </contrib>
   <contrib contrib-type="author" id="artseq-00005">
       <contrib-id contrib-id-type="person_id" authenticated="false">P725661</contrib-id><contrib-id contrib-id-type="profile_id" authenticated="false">81100376655</contrib-id>
       <name name-style="western">
           <surname>Sugiantara</surname>
           <given-names>I Wayan</given-names>
       </name>
	<aff>University of Pittsburgh, Pittsburgh, PA</aff><aff><institution-wrap><institution-id institution-id-type="profile_id">60015543</institution-id></institution-wrap></aff>
	<role>Author</role>
   </contrib>
   <contrib contrib-type="author" id="artseq-00006">
       <contrib-id contrib-id-type="person_id" authenticated="false">P698079</contrib-id><contrib-id contrib-id-type="profile_id" authenticated="false">81100001219</contrib-id>
       <name name-style="western">
           <surname>Hackett</surname>
           <given-names>Stephanie</given-names>
       </name>
	<aff>University of Pittsburgh, Pittsburgh, PA</aff><aff><institution-wrap><institution-id institution-id-type="profile_id">60015543</institution-id></institution-wrap></aff>
	<role>Author</role>
   </contrib>
</contrib-group>
   <pub-date date-type="publication">
   <day>10</day>
   <month>05</month>
   <year>2005</year>
   </pub-date>
				<fpage>18</fpage>
				<lpage>25</lpage>
		<permissions>
			<copyright-year>2005</copyright-year>
			<copyright-holder>ACM</copyright-holder>
			<license license-type="acmcopyright">
			<license-p>Permission to make digital or hard copies of all or part of this work for personal or classroom use is granted without fee provided that copies are not made or distributed for profit or commercial advantage and that copies bear this notice and the full citation on the first page. Copyrights for components of this work owned by others than ACM must be honored. Abstracting with credit is permitted. To copy otherwise, or republish, to post on servers or to redistribute to lists, requires prior specific permission and/or a fee. Request permissions from Permissions@acm.org</license-p>
			</license>
		</permissions>
		<self-uri content-type="pdf" xlink:href="1061811.1061815.pdf" />
	<abstract>
		<p>The goal of this project is to make the Web more accessible by providing some of the features naturally available to sighted users to users with visual impairments. These features are direct access and gestalt understanding, which can emerge from simplification and summarization. Simplification is achieved by retaining sections of the web page that are considered important while removing the clutter. The purpose of summarization is to provide the users with a preview of the web page. Simplification and summarization are implemented as a "guide dog" that helps users navigate the entire web site.</p>
	</abstract>
<kwd-group>
<kwd>disability</kwd>
<kwd>simplification</kwd>
<kwd>summarization</kwd>
<kwd>transcoding</kwd>
<kwd>universal access</kwd>
<kwd>visually impaired</kwd>
</kwd-group>
		</book-part-meta>
		
	<back>
<ref-list specific-use="unparsed">
				<ref id="ref-00001">
				<mixed-citation>Parmanto, B., et al. Accessibility Transformation Gateway. in HICSS: Proceedings of the Proceedings of the 38th Annual Hawaii International Conference on System Sciences. 2005. Big Island, Hawaii: IEEE Computer Society. <pub-id pub-id-type="doi" xlink:href="10.1109/HICSS.2005.63" assigning-authority="crossref">10.1109/HICSS.2005.63</pub-id> <pub-id pub-id-type="doi" xlink:href="10.1109/HICSS.2005.63" /></mixed-citation>
				</ref>
				<ref id="ref-00002">
				<mixed-citation>Hori, M., et al. Annotation by transformation for the automatic generation. in Pervasive 2002. 2002. <pub-id pub-id-type="doi" xlink:href="10.5555/646867.706690" /></mixed-citation>
				</ref>
				<ref id="ref-00003">
				<mixed-citation>Harper, S., et al., Middleware to expand context and preview in hypertext in Proceedings of the ACM SIGACCESS conference on Computers and accessibility 2004 ACM Press: Atlanta, GA, USA p. 63--70 <pub-id pub-id-type="doi" xlink:href="10.1145/1028630.1028643" assigning-authority="crossref">10.1145/1028630.1028643</pub-id> <pub-id pub-id-type="doi" xlink:href="10.1145/1028630.1028643" /></mixed-citation>
				</ref>
				<ref id="ref-00004">
				<mixed-citation>Parmanto, B., et al. Transcoding Biomedical Information Resources for Mobile Handhelds. in HICSS: Proceedings of the Proceedings of the 38th Annual Hawaii International Conference on System Sciences. 2005. Big Island, Hawaii: IEEE Computer Society. <pub-id pub-id-type="doi" xlink:href="10.1109/HICSS.2005.642" assigning-authority="crossref">10.1109/HICSS.2005.642</pub-id> <pub-id pub-id-type="doi" xlink:href="10.1109/HICSS.2005.642" /></mixed-citation>
				</ref>
				<ref id="ref-00005">
				<mixed-citation>Saptono, A., Web Transcoding Gateway Usability Study. submitted to AMIA Fall Symposium 2005, 2005.</mixed-citation>
				</ref>
				<ref id="ref-00006">
				<mixed-citation>Yesilada, Y., et al., Screen readers cannot see - Ontology based semantic annotation for visually impaired Web travellers. Web Engineering, Proceedings, 2004. 3140: p. 445--458.</mixed-citation>
				</ref>
				<ref id="ref-00007">
				<mixed-citation>Zajicek, M. and S. Hall. Solutions for elderly visually impaired people using the Internet. in Proceedings of People and Computers XIV Usability or Else. Sept. 2000 Sunderland, UK. 2000: Springer-Verlag London, London, UK.</mixed-citation>
				</ref>
				<ref id="ref-00008">
				<mixed-citation>Takagi, H., et al. Site-wide annotation: reconstructing existing pages to be accessible. in ASSETS 2002. Proceedings of the Fifth International ACM SIGCAPH Conference on Assistive Technologies. 8 10 July 2002 Edinburgh, UK. 2002: ACM, New York, NY, USA. <pub-id pub-id-type="doi" xlink:href="10.1145/638249.638265" assigning-authority="crossref">10.1145/638249.638265</pub-id> <pub-id pub-id-type="doi" xlink:href="10.1145/638249.638265" /></mixed-citation>
				</ref>
				<ref id="ref-00009">
				<mixed-citation>Ramakrishnan, I. V., A. Stent, and G. Yang, Hearsay: enabling audio browsing on hypertext content in Proceedings of the 13th international conference on World Wide Web 2004 ACM Press: New York, NY, USA p. 80--89 <pub-id pub-id-type="doi" xlink:href="10.1145/988672.988684" assigning-authority="crossref">10.1145/988672.988684</pub-id> <pub-id pub-id-type="doi" xlink:href="10.1145/988672.988684" /></mixed-citation>
				</ref>
				<ref id="ref-00010">
				<mixed-citation>NTIA, A Nation Online: How Americans Are Expanding Their Use Of The Internet. 2002, NTIA and the Economics and Statistics Administration: Washington, DC.</mixed-citation>
				</ref>
				<ref id="ref-00011">
				<mixed-citation>Bar-Yossef, Z. and S. Rajagopalan. Template detection via data mining and its applications. in Proceedings of the eleventh international conference on World Wide Web. 2002. Honolulu, Hawaii: ACM. <pub-id pub-id-type="doi" xlink:href="10.1145/511446.511522" assigning-authority="crossref">10.1145/511446.511522</pub-id> <pub-id pub-id-type="doi" xlink:href="10.1145/511446.511522" /></mixed-citation>
				</ref>
			</ref-list>
</back>
</book-part>
</book-part-wrapper>
