<?xml version="1.0" encoding="UTF-8"?>
<!DOCTYPE book-part-wrapper PUBLIC "-//NLM//DTD BITS Book Interchange DTD with OASIS and XHTML Tables v2.0 20151225//EN" "BITS-book-oasis2.dtd">
<book-part-wrapper xmlns:xlink="http://www.w3.org/1999/xlink" xmlns:mml="http://www.w3.org/1998/Math/MathML" xmlns:oasis="http://www.niso.org/standards/z39-96/ns/oasis-exchange/table" xmlns:xi="http://www.w3.org/2001/XInclude" xmlns:xsi="http://www.w3.org/2001/XMLSchema-instance" dtd-version="2.0" xml:lang="en">
<collection-meta collection-type="book-series">
    <collection-id collection-id-type="doi">10.1145/acmotherconferences</collection-id>
    <title-group>
        <title>ACM Other Conferences</title>
    </title-group>
</collection-meta>
	<book-meta>
		<book-id book-id-type="acm-id">1061811</book-id>
		<book-id book-id-type="doi">10.1145/1061811</book-id>
		<book-title-group>
			<book-title>Proceedings of the 2005 International Cross-Disciplinary Workshop on Web Accessibility (W4A)</book-title>
			<alt-title alt-title-type="acronym">W4A '05</alt-title>
		</book-title-group>
	</book-meta>
	<book-part xmlns:ali="http://www.niso.org/schemas/ali/1.0/" book-part-type="chapter" xml:lang="en">
		<book-part-meta>
			<book-part-id book-part-id-type="acm-id">1061825</book-part-id>
			<book-part-id book-part-id-type="doi">10.1145/1061811.1061825</book-part-id>
	<subj-group subj-group-type="ccs2012">
		<compound-subject>
			<compound-subject-part content-type="code">10010405.10010489.10010495</compound-subject-part>
			<compound-subject-part content-type="text">Applied computing~Education~E-learning</compound-subject-part>
			<compound-subject-part content-type="weight">500</compound-subject-part>
		</compound-subject>
		<compound-subject>
			<compound-subject-part content-type="code">10010405.10010489.10010494</compound-subject-part>
			<compound-subject-part content-type="text">Applied computing~Education~Distance learning</compound-subject-part>
			<compound-subject-part content-type="weight">500</compound-subject-part>
		</compound-subject>
		<compound-subject>
			<compound-subject-part content-type="code">10011007.10010940.10010971.10010972</compound-subject-part>
			<compound-subject-part content-type="text">Software and its engineering~Software organization and properties~Software system structures~Software architectures</compound-subject-part>
			<compound-subject-part content-type="weight">100</compound-subject-part>
		</compound-subject>
	</subj-group>
			<title-group>
				<title>Designing learning systems to provide accessible services</title>
			</title-group>
<contrib-group>
   <contrib contrib-type="author" id="artseq-00001">
       <contrib-id contrib-id-type="person_id" authenticated="false">P691208</contrib-id><contrib-id contrib-id-type="profile_id" authenticated="false">81100299871</contrib-id>
       <name name-style="western">
           <surname>Karampiperis</surname>
           <given-names>Pythagoras</given-names>
       </name>
	<aff>Informatics and Telematics Institute, Athens, GR, Greece</aff><aff><institution-wrap><institution-id institution-id-type="profile_id">60023629</institution-id></institution-wrap></aff>
	<role>Author</role>
   </contrib>
   <contrib contrib-type="author" id="artseq-00002">
       <contrib-id contrib-id-type="person_id" authenticated="false">PP36026395</contrib-id><contrib-id contrib-id-type="profile_id" authenticated="false">81100284964</contrib-id>
       <name name-style="western">
           <surname>Sampson</surname>
           <given-names>Demetrios</given-names>
       </name>
	<aff>University of Piraeus, Piraeus, Greece</aff><aff><institution-wrap><institution-id institution-id-type="profile_id">60010667</institution-id></institution-wrap></aff>
	<role>Author</role>
   </contrib>
</contrib-group>
   <pub-date date-type="publication">
   <day>10</day>
   <month>05</month>
   <year>2005</year>
   </pub-date>
				<fpage>72</fpage>
				<lpage>80</lpage>
		<permissions>
			<copyright-year>2005</copyright-year>
			<copyright-holder>ACM</copyright-holder>
			<license license-type="acmcopyright">
			<license-p>Permission to make digital or hard copies of all or part of this work for personal or classroom use is granted without fee provided that copies are not made or distributed for profit or commercial advantage and that copies bear this notice and the full citation on the first page. Copyrights for components of this work owned by others than ACM must be honored. Abstracting with credit is permitted. To copy otherwise, or republish, to post on servers or to redistribute to lists, requires prior specific permission and/or a fee. Request permissions from Permissions@acm.org</license-p>
			</license>
		</permissions>
		<self-uri content-type="pdf" xlink:href="1061811.1061825.pdf" />
	<abstract>
		<p>The need for providing learners with web-based learning content that match their accessibility needs and preferences, as well as providing ways to match learning content to user's devices has been identified as an important issue in accessible educational hypermedia literature. Several initiatives already exist trying to provide accessible web-based learning environments addressing a broad range of access needs and requirements. However, the design and development of web-based learning environments for people with special abilities has been addressed so far by the development of hypermedia and multimedia based educational content that is specially designed for the user targeted group, as well as the use of dedicated infrastructure supporting the delivery of learning content. Such approaches not only prevent their user groups (learners and their tutors) from accessing other available resources, but also keep them dependent from the specific e-learning platform, since the supported hypermedia content and learning scenarios are a-priori designed for the targeted user group. In this paper we address the need for an architectural definition of a web-based learning system that satisfies the design steps and requirements identified following the current state-of-the-art accessibility approaches and techniques, as well as the need to define an accessibility application profile for enabling the formalization of learning object accessibility properties, in order to match learning content with learner accessibility preferences.</p>
	</abstract>
<kwd-group>
<kwd>accessibility</kwd>
<kwd>accessibility application profiles</kwd>
<kwd>architectures</kwd>
<kwd>learning design</kwd>
</kwd-group>
		</book-part-meta>
		
	<back>
<ref-list specific-use="unparsed">
				<ref id="ref-00001">
				<mixed-citation>Mirabella V., Kimani S., Catarci T. (2004). A No Frills Approach for Accessible Web Based Learning Material, International Cross-Disciplinary Workshop on Web Accessibility 2004 (W4A), 13th International World Wide Web Conference, New York. <pub-id pub-id-type="doi" xlink:href="10.1145/990657.990661" assigning-authority="crossref">10.1145/990657.990661</pub-id> <pub-id pub-id-type="doi" xlink:href="10.1145/990657.990661" /></mixed-citation>
				</ref>
				<ref id="ref-00002">
				<mixed-citation>Schmetzke, A. (2001). Online distance education: `Anytime, anywhere' but not for everyone. Information Technology and Disability Journal, vol. 7(2).</mixed-citation>
				</ref>
				<ref id="ref-00003">
				<mixed-citation>HOPE Project, Interactive training for a better future: eLearning for the socially excluded, Available at: <underline>http://www.hope-project.org/</underline></mixed-citation>
				</ref>
				<ref id="ref-00004">
				<mixed-citation>LINK Project, A special education and work guidance course for deaf (young) adults who wish to work in the care for deaf and multiply handicapped people, Available at: <underline>http://www.niwi.knaw.nl/en/oi/nod/onderzoek/OND1276 782/toon</underline></mixed-citation>
				</ref>
				<ref id="ref-00005">
				<mixed-citation>ViSiCAST Project, Virtual Signing: Capture, Animation, Storage and Transmission, Available at: <underline>http://www.niwi.knaw.nl/en/oi/nod/onderzoek/OND1277077/toon</underline></mixed-citation>
				</ref>
				<ref id="ref-00006">
				<mixed-citation>SMILE Project, A Sign Language and Multimedia-based Interactive Language Course for the Deaf for the Training of European Written Languages, Available at: <underline>http://www.arcsmed.at/projects/smile</underline></mixed-citation>
				</ref>
				<ref id="ref-00007">
				<mixed-citation>EVIDENT Project, European Versatility in Deaf Education using Multimedia Technology, Available at: http://www.niwi.knaw.nl/en/oi/nod/onderzoek/OND1276771/toon</mixed-citation>
				</ref>
				<ref id="ref-00008">
				<mixed-citation>Seeman L. (2004). The Semantic Web, Web Accessibility, and Device Independence, International Cross-Disciplinary Workshop on Web Accessibility 2004 (W4A), 13th International World Wide Web Conference, New York. <pub-id pub-id-type="doi" xlink:href="10.1145/990657.990669" assigning-authority="crossref">10.1145/990657.990669</pub-id> <pub-id pub-id-type="doi" xlink:href="10.1145/990657.990669" /></mixed-citation>
				</ref>
				<ref id="ref-00009">
				<mixed-citation>IMS Learning Information Package Specification, Version 1.0, Final Specification, Available at: http://www.imsglobal.org/profiles/index.cfm</mixed-citation>
				</ref>
				<ref id="ref-00010">
				<mixed-citation>IMS Learner Information Package Accessibility for LIP, Version 1, Final Specification, Available at: http://www.imsglobal.org/accessibility/index.cfm</mixed-citation>
				</ref>
				<ref id="ref-00011">
				<mixed-citation>Web Content Accessibility Guidelines 1.0, W3C Recommendation, 1999, Available at: http://www.w3.org/TR/WAI-WEBCONTENT/</mixed-citation>
				</ref>
				<ref id="ref-00012">
				<mixed-citation>AccessEnable, RetroAccess, Available at: http://www.retroaccess.com/</mixed-citation>
				</ref>
				<ref id="ref-00013">
				<mixed-citation>AccVerify, HiSoftware, Available at: http://www.hisoftware.com/access/</mixed-citation>
				</ref>
				<ref id="ref-00014">
				<mixed-citation>Bobby, Watchfire, Available at: http://bobby.watchfire.com/bobby/html/en/index.jsp</mixed-citation>
				</ref>
				<ref id="ref-00015">
				<mixed-citation>DrWatson, Addy &amp; Associates, Available at: http://watson.addy.com/</mixed-citation>
				</ref>
				<ref id="ref-00016">
				<mixed-citation>RAMP, Deque Systems, Available at: http://www.section508ok.com/products/products.htm</mixed-citation>
				</ref>
				<ref id="ref-00017">
				<mixed-citation>A-Prompt, University of Toronto, Available at: http://aprompt.snow.utoronto.ca/</mixed-citation>
				</ref>
				<ref id="ref-00018">
				<mixed-citation>AccRepair, HiSoftware, Available at: http://www.hisoftware.com/access/</mixed-citation>
				</ref>
				<ref id="ref-00019">
				<mixed-citation>Hi-Caption, HiSoftware, Available at: http://www.hisoftware.com/hmcc/acc4mcc.html</mixed-citation>
				</ref>
				<ref id="ref-00020">
				<mixed-citation>InFocus, SSB Technologies, Available at: http://www.ssbtechnologies.com/</mixed-citation>
				</ref>
				<ref id="ref-00021">
				<mixed-citation>Altifier Web Accessibility Enhancement Tool, Available at: http://www.vorburger.ch/projects/alt/</mixed-citation>
				</ref>
				<ref id="ref-00022">
				<mixed-citation>Web page Purifier, Available at: http://www.delorie.com/web/purify.html</mixed-citation>
				</ref>
				<ref id="ref-00023">
				<mixed-citation>WebCleaner, Available at: http://freshmeat.net/projects/webcleaner/</mixed-citation>
				</ref>
				<ref id="ref-00024">
				<mixed-citation>CEN/ISSS Learning Technologies Workshop, http://www2.ni.din.de/sixcms/detail.php?id=13884</mixed-citation>
				</ref>
				<ref id="ref-00025">
				<mixed-citation>Dublin Core Metadata Initiative (DCMI) Accessibility Working Group. http://dublincore.org/groups/access/</mixed-citation>
				</ref>
				<ref id="ref-00026">
				<mixed-citation>IMS Global Learning Consortium Inc. http://www.imsglobal.org/</mixed-citation>
				</ref>
				<ref id="ref-00027">
				<mixed-citation>IMS Guidelines for Developing Accessible Learning Applications, Version 1, White Paper, Available at: http://www.imsproject.org/accessibility/accessiblevers/</mixed-citation>
				</ref>
				<ref id="ref-00028">
				<mixed-citation>Wiley, D. (2001). Connecting learning objects to instructional design theory: A definition, a metaphor, and a taxonomy, The Instructional Use of Learning Objects: AIT/AECT, Available at: http://www.reusability.org/read/chapters/wiley.doc</mixed-citation>
				</ref>
				<ref id="ref-00029">
				<mixed-citation>IMS Learning Design Specification Version 1.1.3, Available at: www.imsglobal.org/learningdesign</mixed-citation>
				</ref>
				<ref id="ref-00030">
				<mixed-citation>Koper E. J. R. (2001). Modelling units of study from a pedagogical perspective: the pedagogical metamodel behind EML, Available at: http://eml.ou.nl/introduction/docs/ped-metamodel.pdf</mixed-citation>
				</ref>
				<ref id="ref-00031">
				<mixed-citation>IMS Content Packaging Specification Version 1.1.3, Available at: http://www.imsglobal.org/content/packaging/index.cfm</mixed-citation>
				</ref>
				<ref id="ref-00032">
				<mixed-citation>IEEE Learning Object Metadata (LOM) Standard, Available at: http://ltsc.ieee.org/wg12/</mixed-citation>
				</ref>
				<ref id="ref-00033">
				<mixed-citation>Cascading Style Sheets (CSS), W3C Recommendation, 1999, Available at: http://www.w3.org/Style/CSS/</mixed-citation>
				</ref>
				<ref id="ref-00034">
				<mixed-citation>Nevile L. (2002). "Why is Accessibility Metadata Proving Difficult?. In Proc. of the International Conference on Dublin Core and Metadata for e-Communities. <pub-id pub-id-type="doi" xlink:href="10.5555/1344614.1344647" /></mixed-citation>
				</ref>
				<ref id="ref-00035">
				<mixed-citation>Hofman J. (2002). An Expanding Universe. Metadata and Accessibility of Digital Information, 3d DLM-Forum, Barcelona.</mixed-citation>
				</ref>
				<ref id="ref-00036">
				<mixed-citation>CEN/ISSS Learning Technologies Workshop, Project Team "Accessibility properties for Learning Resources", http://www2.ni.din.de/sixcms/detail.php?id=5984</mixed-citation>
				</ref>
			</ref-list>
</back>
</book-part>
</book-part-wrapper>
