<?xml version="1.0" encoding="UTF-8"?>
<!DOCTYPE book-part-wrapper PUBLIC "-//NLM//DTD BITS Book Interchange DTD with OASIS and XHTML Tables v2.0 20151225//EN" "BITS-book-oasis2.dtd">
<book-part-wrapper xmlns:xlink="http://www.w3.org/1999/xlink" xmlns:mml="http://www.w3.org/1998/Math/MathML" xmlns:oasis="http://www.niso.org/standards/z39-96/ns/oasis-exchange/table" xmlns:xi="http://www.w3.org/2001/XInclude" xmlns:xsi="http://www.w3.org/2001/XMLSchema-instance" dtd-version="2.0" xml:lang="en">
<collection-meta collection-type="book-series">
    <collection-id collection-id-type="doi">10.1145/acmotherconferences</collection-id>
    <title-group>
        <title>ACM Other Conferences</title>
    </title-group>
</collection-meta>
	<book-meta>
		<book-id book-id-type="acm-id">1061811</book-id>
		<book-id book-id-type="doi">10.1145/1061811</book-id>
		<book-title-group>
			<book-title>Proceedings of the 2005 International Cross-Disciplinary Workshop on Web Accessibility (W4A)</book-title>
			<alt-title alt-title-type="acronym">W4A '05</alt-title>
		</book-title-group>
	</book-meta>
	<book-part xmlns:ali="http://www.niso.org/schemas/ali/1.0/" book-part-type="chapter" xml:lang="en">
		<book-part-meta>
			<book-part-id book-part-id-type="acm-id">1061816</book-part-id>
			<book-part-id book-part-id-type="doi">10.1145/1061811.1061816</book-part-id>
	<subj-group subj-group-type="ccs2012">
		<compound-subject>
			<compound-subject-part content-type="code">10010405.10010476.10010477</compound-subject-part>
			<compound-subject-part content-type="text">Applied computing~Computers in other domains~Publishing</compound-subject-part>
			<compound-subject-part content-type="weight">500</compound-subject-part>
		</compound-subject>
		<compound-subject>
			<compound-subject-part content-type="code">10002951.10003260.10003304</compound-subject-part>
			<compound-subject-part content-type="text">Information systems~World Wide Web~Web services</compound-subject-part>
			<compound-subject-part content-type="weight">100</compound-subject-part>
		</compound-subject>
		<compound-subject>
			<compound-subject-part content-type="code">10002951.10003260.10003282</compound-subject-part>
			<compound-subject-part content-type="text">Information systems~World Wide Web~Web applications</compound-subject-part>
			<compound-subject-part content-type="weight">100</compound-subject-part>
		</compound-subject>
	</subj-group>
			<title-group>
				<title>Extracting content from accessible web pages</title>
			</title-group>
<contrib-group>
   <contrib contrib-type="author" id="artseq-00001">
       <contrib-id contrib-id-type="person_id" authenticated="false">P513925</contrib-id><contrib-id contrib-id-type="profile_id" authenticated="false">81100024942</contrib-id>
       <name name-style="western">
           <surname>Gupta</surname>
           <given-names>Suhit</given-names>
       </name>
	<aff>New York, NY</aff>
	<role>Author</role>
   </contrib>
   <contrib contrib-type="author" id="artseq-00002">
       <contrib-id contrib-id-type="person_id" authenticated="false">P93523</contrib-id><contrib-id contrib-id-type="profile_id" authenticated="false">81100462066</contrib-id>
       <name name-style="western">
           <surname>Kaiser</surname>
           <given-names>Gail</given-names>
       </name>
	<aff>New York, NY</aff>
	<role>Author</role>
   </contrib>
</contrib-group>
   <pub-date date-type="publication">
   <day>10</day>
   <month>05</month>
   <year>2005</year>
   </pub-date>
				<fpage>26</fpage>
				<lpage>30</lpage>
		<permissions>
			<copyright-year>2005</copyright-year>
			<copyright-holder>ACM</copyright-holder>
			<license license-type="acmcopyright">
			<license-p>Permission to make digital or hard copies of all or part of this work for personal or classroom use is granted without fee provided that copies are not made or distributed for profit or commercial advantage and that copies bear this notice and the full citation on the first page. Copyrights for components of this work owned by others than ACM must be honored. Abstracting with credit is permitted. To copy otherwise, or republish, to post on servers or to redistribute to lists, requires prior specific permission and/or a fee. Request permissions from Permissions@acm.org</license-p>
			</license>
		</permissions>
		<self-uri content-type="pdf" xlink:href="1061811.1061816.pdf" />
	<abstract>
		<p>Web pages often contain clutter (such as ads, unnecessary animations and extraneous links) around the body of an article, which distracts a user from actual content. This can be especially inconvenient for blind and visually impaired users. The W3C's Web Accessibility Initiative (WAI) has defined a set of guidelines to make web pages more compatible with tools built specifically for persons with disabilities. While this initiative has put forth an excellent set of principles, unfortunately many websites continue to be inaccessible as well as cluttered. In order to address the clutter problem, we have developed a framework that employs a host of heuristics in the form of tunable filters for the purpose of <italic toggle="yes">content extraction.</italic> Our hypothesis is that automatically filtering out selected elements from websites will leave the base content that users are interested in and, as a side-effect, render them more accessible. Although our heuristics are intuition-based, rather than derived from the W3C accessibility guidelines, we imagined however that they would have little impact on web pages that are fully compliant with the accessibility guidelines. We were wrong: some (technically) accessible web pages still include significant clutter. This paper discusses our content extraction framework and its application to accessible web pages.</p>
	</abstract>
<kwd-group>
<kwd>DOM trees</kwd>
<kwd>HTML</kwd>
<kwd>accessibility</kwd>
<kwd>content extraction</kwd>
<kwd>context</kwd>
<kwd>reformatting</kwd>
<kwd>speech rendering</kwd>
</kwd-group>
		</book-part-meta>
		
	<back>
<ref-list specific-use="unparsed">
				<ref id="ref-00001">
				<mixed-citation>Michael F. Chiang, Roy G. Cole, Suhit Gupta, Gail E. Kaiser, Justin B. Starren, "Computer and World Wide Web Accessibility by Visually Disabled Patients: Problems and Solutions", to appear in Survey of Ophthalmology, 2005.</mixed-citation>
				</ref>
				<ref id="ref-00002">
				<mixed-citation>W3C Accessibility Guidelines 2.0 - <underline>http://www.w3.org/TR/WCAG20/</underline>.</mixed-citation>
				</ref>
				<ref id="ref-00003">
				<mixed-citation>Joint Education and Outreach project of ICDRI, The Internet Society Disability and Special Needs Chapter, and HiSoftware - <underline>http://www.contentquality.com/Default.asp</underline>.</mixed-citation>
				</ref>
				<ref id="ref-00004">
				<mixed-citation>W3C Accessibility Initiative accessibility evaluation tools - <underline>http://www.w3.org/WAI/ER/existingtools.html</underline>.</mixed-citation>
				</ref>
				<ref id="ref-00005">
				<mixed-citation>Orkut Buyukkokten, H. Garcia-Molina, A. Paepcke, "Seeing the Whole in Parts: Text Summarization for Web Browsing on Handheld Devices", World Wide Web Conf., 2001. <pub-id pub-id-type="doi" xlink:href="10.1145/371920.372178" assigning-authority="crossref">10.1145/371920.372178</pub-id> <pub-id pub-id-type="doi" xlink:href="10.1145/371920.372178" /></mixed-citation>
				</ref>
				<ref id="ref-00006">
				<mixed-citation>Suhit Gupta, Gail Kaiser, David Neistadt, Peter Grimm, "DOM-based Content Extraction of HTML Documents", World Wide Web Conf., 2003. <pub-id pub-id-type="doi" xlink:href="10.1145/775152.775182" assigning-authority="crossref">10.1145/775152.775182</pub-id> <pub-id pub-id-type="doi" xlink:href="10.1145/775152.775182" /></mixed-citation>
				</ref>
				<ref id="ref-00007">
				<mixed-citation>Suhit Gupta; Gail E Kaiser, Peter Grimm, Michael F Chiang, Justin Starren, "Automating Content Extraction of HTML Documents", to appear in World Wide Web Journal, 2005. <pub-id pub-id-type="doi" xlink:href="10.1007/s11280-004-4873-3" assigning-authority="crossref">10.1007/s11280-004-4873-3</pub-id> <pub-id pub-id-type="doi" xlink:href="10.1007/s11280-004-4873-3" /></mixed-citation>
				</ref>
				<ref id="ref-00008">
				<mixed-citation>Suhit Gupta, Gail Kaiser, Salvatore Stolfo, "Extracting Context to Improve Accuracy for HTML Content Extraction", Columbia University TR CUCS-045-04, 2004 - <underline>http://www1.cs.columbia.edu/~library/TR-repository/reports/reports-2004/cucs-045-04.pdf</underline>.</mixed-citation>
				</ref>
			</ref-list>
</back>
</book-part>
</book-part-wrapper>
