<?xml version="1.0" encoding="UTF-8"?>
<!DOCTYPE book-part-wrapper PUBLIC "-//NLM//DTD BITS Book Interchange DTD with OASIS and XHTML Tables v2.0 20151225//EN" "BITS-book-oasis2.dtd">
<book-part-wrapper xmlns:xlink="http://www.w3.org/1999/xlink" xmlns:mml="http://www.w3.org/1998/Math/MathML" xmlns:oasis="http://www.niso.org/standards/z39-96/ns/oasis-exchange/table" xmlns:xi="http://www.w3.org/2001/XInclude" xmlns:xsi="http://www.w3.org/2001/XMLSchema-instance" dtd-version="2.0" xml:lang="en">
<collection-meta collection-type="book-series">
    <collection-id collection-id-type="doi">10.1145/acmotherconferences</collection-id>
    <title-group>
        <title>ACM Other Conferences</title>
    </title-group>
</collection-meta>
	<book-meta>
		<book-id book-id-type="acm-id">1061811</book-id>
		<book-id book-id-type="doi">10.1145/1061811</book-id>
		<book-title-group>
			<book-title>Proceedings of the 2005 International Cross-Disciplinary Workshop on Web Accessibility (W4A)</book-title>
			<alt-title alt-title-type="acronym">W4A '05</alt-title>
		</book-title-group>
	</book-meta>
	<book-part xmlns:ali="http://www.niso.org/schemas/ali/1.0/" book-part-type="chapter" xml:lang="en">
		<book-part-meta>
			<book-part-id book-part-id-type="acm-id">1061821</book-part-id>
			<book-part-id book-part-id-type="doi">10.1145/1061811.1061821</book-part-id>
	<subj-group subj-group-type="ccs2012">
		<compound-subject>
			<compound-subject-part content-type="code">10003456.10003462</compound-subject-part>
			<compound-subject-part content-type="text">Social and professional topics~Computing / technology policy</compound-subject-part>
			<compound-subject-part content-type="weight">500</compound-subject-part>
		</compound-subject>
		<compound-subject>
			<compound-subject-part content-type="code">10003456</compound-subject-part>
			<compound-subject-part content-type="text">Social and professional topics</compound-subject-part>
			<compound-subject-part content-type="weight">100</compound-subject-part>
		</compound-subject>
	</subj-group>
			<title-group>
				<title>An active step toward a web content accessible society</title>
			</title-group>
<contrib-group>
   <contrib contrib-type="author" id="artseq-00001">
       <contrib-id contrib-id-type="person_id" authenticated="false">P725663</contrib-id><contrib-id contrib-id-type="profile_id" authenticated="false">81100432922</contrib-id>
       <name name-style="western">
           <surname>Hyun</surname>
           <given-names>Joonho</given-names>
       </name>
	<aff>Korea Agency for Digital Opportunity &amp; Promotion, Seoul, Republic of Korea</aff>
	<role>Author</role>
   </contrib>
   <contrib contrib-type="author" id="artseq-00002">
       <contrib-id contrib-id-type="person_id" authenticated="false">P725660</contrib-id><contrib-id contrib-id-type="profile_id" authenticated="false">81100479425</contrib-id>
       <name name-style="western">
           <surname>Choi</surname>
           <given-names>Doojin</given-names>
       </name>
	<aff>Korea Agency for Digital Opportunity &amp; Promotion, Seoul, Republic of Korea</aff>
	<role>Author</role>
   </contrib>
   <contrib contrib-type="author" id="artseq-00003">
       <contrib-id contrib-id-type="person_id" authenticated="false">PP14228149</contrib-id><contrib-id contrib-id-type="profile_id" authenticated="false">81100663911</contrib-id>
       <name name-style="western">
           <surname>Kim</surname>
           <given-names>Sukil</given-names>
       </name>
	<aff>Chungbuk National University, Cheongju, Republic of Korea</aff><aff><institution-wrap><institution-id institution-id-type="profile_id">60004739</institution-id></institution-wrap></aff>
	<role>Author</role>
   </contrib>
</contrib-group>
   <pub-date date-type="publication">
   <day>10</day>
   <month>05</month>
   <year>2005</year>
   </pub-date>
				<fpage>55</fpage>
				<lpage>59</lpage>
		<permissions>
			<copyright-year>2005</copyright-year>
			<copyright-holder>ACM</copyright-holder>
			<license license-type="acmcopyright">
			<license-p>Permission to make digital or hard copies of all or part of this work for personal or classroom use is granted without fee provided that copies are not made or distributed for profit or commercial advantage and that copies bear this notice and the full citation on the first page. Copyrights for components of this work owned by others than ACM must be honored. Abstracting with credit is permitted. To copy otherwise, or republish, to post on servers or to redistribute to lists, requires prior specific permission and/or a fee. Request permissions from Permissions@acm.org</license-p>
			</license>
		</permissions>
		<self-uri content-type="pdf" xlink:href="1061811.1061821.pdf" />
	<abstract>
		<p>In this paper, we discuss Korean Web Content Accessibility Guideline 1.0 (KWCAG 1.0) enacted in late 2004. KWCAG 1.0 consists of 14 checkpoints that are categorized into 4 principles, similar to WCAG2.0 working draft as of June 2003. Several Priority 1 checkpoints of W3C WCAG 1.0 and guidelines of Section 508 were not included in KWCAG 1.0, as they were not applicable to Korean circumstances, wherein fancy images and fantastic animation elements are widely used to design web pages.</p>
	</abstract>
<kwd-group>
<kwd>KWCAG 1.0</kwd>
<kwd>WCAG 1.0</kwd>
<kwd>WCAG 2.0 section 508</kwd>
<kwd>accessibility</kwd>
<kwd>guideline</kwd>
<kwd>web content</kwd>
</kwd-group>
		</book-part-meta>
		
	<back>
<ref-list specific-use="unparsed">
				<ref id="ref-00001">
				<mixed-citation>Section 508 of Rehabilitation Act, from <underline>http://www.section508.gov</underline></mixed-citation>
				</ref>
				<ref id="ref-00002">
				<mixed-citation>Seonil Lee, Doojin Choi and Joonho Hyun(2004), Public Awareness on Web Accessibility in Korea, The 7th International Conference of Human Services Information Technology Applications(HUSITA 7), Hong Kong, 2004</mixed-citation>
				</ref>
				<ref id="ref-00003">
				<mixed-citation>W3C (1999), Web Content Accessibility Guidelines 1.0. May 1999, from http://www.w3c.org/TR/WCAG10/</mixed-citation>
				</ref>
				<ref id="ref-00004">
				<mixed-citation>IABF (2004), Korean Web Contents Accessibility Guidelines 1.0. Dec 2004, from http://www.iabf.or.kr/</mixed-citation>
				</ref>
				<ref id="ref-00005">
				<mixed-citation>W3C (2003), Web Content Accessibility Guidelines 2.0. Retrieved 24 June 2003, from http://www.w3.org/TR/2003/WD-WCAG20-20030624/</mixed-citation>
				</ref>
				<ref id="ref-00006">
				<mixed-citation>KADO (2003), Survey on awareness of Web Accessibility Status, Korea Agency for Digital Opportunity and Promotion</mixed-citation>
				</ref>
				<ref id="ref-00007">
				<mixed-citation>KBU (2003), Survey on awareness and implementation of the web accessibility, Korea Blind Union</mixed-citation>
				</ref>
			</ref-list>
</back>
</book-part>
</book-part-wrapper>
