<?xml version="1.0" encoding="UTF-8"?>
<!DOCTYPE book-part-wrapper PUBLIC "-//NLM//DTD BITS Book Interchange DTD with OASIS and XHTML Tables v2.0 20151225//EN" "BITS-book-oasis2.dtd">
<book-part-wrapper xmlns:xlink="http://www.w3.org/1999/xlink" xmlns:mml="http://www.w3.org/1998/Math/MathML" xmlns:oasis="http://www.niso.org/standards/z39-96/ns/oasis-exchange/table" xmlns:xi="http://www.w3.org/2001/XInclude" xmlns:xsi="http://www.w3.org/2001/XMLSchema-instance" dtd-version="2.0" xml:lang="en">
<collection-meta collection-type="book-series">
    <collection-id collection-id-type="doi">10.1145/acmotherconferences</collection-id>
    <title-group>
        <title>ACM Other Conferences</title>
    </title-group>
</collection-meta>
	<book-meta>
		<book-id book-id-type="acm-id">1133219</book-id>
		<book-id book-id-type="doi">10.1145/1133219</book-id>
		<book-title-group>
			<book-title>Proceedings of the 2006 international cross-disciplinary workshop on Web accessibility (W4A): Building the mobile web: rediscovering accessibility?</book-title>
			<alt-title alt-title-type="acronym">W4A '06</alt-title>
		</book-title-group>
	</book-meta>
	<book-part xmlns:ali="http://www.niso.org/schemas/ali/1.0/" book-part-type="chapter" xml:lang="en">
		<book-part-meta>
			<book-part-id book-part-id-type="acm-id">1133231</book-part-id>
			<book-part-id book-part-id-type="doi">10.1145/1133219.1133231</book-part-id>
	<subj-group subj-group-type="ccs2012">
		<compound-subject>
			<compound-subject-part content-type="code">10003456.10010927.10003616</compound-subject-part>
			<compound-subject-part content-type="text">Social and professional topics~User characteristics~People with disabilities</compound-subject-part>
			<compound-subject-part content-type="weight">500</compound-subject-part>
		</compound-subject>
		<compound-subject>
			<compound-subject-part content-type="code">10003456.10003457.10003580.10003587</compound-subject-part>
			<compound-subject-part content-type="text">Social and professional topics~Professional topics~Computing profession~Assistive technologies</compound-subject-part>
			<compound-subject-part content-type="weight">500</compound-subject-part>
		</compound-subject>
		<compound-subject>
			<compound-subject-part content-type="code">10003456.10010927.10003616</compound-subject-part>
			<compound-subject-part content-type="text">Social and professional topics~User characteristics~People with disabilities</compound-subject-part>
			<compound-subject-part content-type="weight">100</compound-subject-part>
		</compound-subject>
		<compound-subject>
			<compound-subject-part content-type="code">10003456.10003457.10003580.10003587</compound-subject-part>
			<compound-subject-part content-type="text">Social and professional topics~Professional topics~Computing profession~Assistive technologies</compound-subject-part>
			<compound-subject-part content-type="weight">100</compound-subject-part>
		</compound-subject>
	</subj-group>
			<title-group>
				<title>The meaning of 'life'</title>
				<subtitle>capturing intent from web authors</subtitle>
			</title-group>
<contrib-group>
   <contrib contrib-type="author" id="artseq-00001">
       <contrib-id contrib-id-type="person_id" authenticated="false">PP14272898</contrib-id><contrib-id contrib-id-type="profile_id" authenticated="false">81314483238</contrib-id>
       <name name-style="western">
           <surname>Lewis</surname>
           <given-names>Rhys</given-names>
       </name>
	<aff>Volantis Systems Ltd, Guildford, UK</aff>
	<role>Author</role>
   </contrib>
</contrib-group>
   <pub-date date-type="publication">
   <day>22</day>
   <month>05</month>
   <year>2006</year>
   </pub-date>
				<fpage>61</fpage>
				<lpage>68</lpage>
		<permissions>
			<copyright-year>2006</copyright-year>
			<copyright-holder>ACM</copyright-holder>
			<license license-type="acmcopyright">
			<license-p>Permission to make digital or hard copies of all or part of this work for personal or classroom use is granted without fee provided that copies are not made or distributed for profit or commercial advantage and that copies bear this notice and the full citation on the first page. Copyrights for components of this work owned by others than ACM must be honored. Abstracting with credit is permitted. To copy otherwise, or republish, to post on servers or to redistribute to lists, requires prior specific permission and/or a fee. Request permissions from Permissions@acm.org</license-p>
			</license>
		</permissions>
		<self-uri content-type="pdf" xlink:href="1133219.1133231.pdf" />
	<abstract>
		<p>Interest in accessing the Web from small, mobile devices, such as cell phones, is increasing rapidly. The challenge of delivering content to such devices is similar in many ways to the challenge of delivering it to users with disabilities. There is a real synergy between these use cases which offers the hope that solutions applicable to one will also be applicable to the other. This presentation will examine the ways in which recent work in standards, being driven by the need to support mobile Web users, may also help to improve accessibility.</p>
	</abstract>
<kwd-group>
<kwd>adaptation</kwd>
<kwd>authoring</kwd>
<kwd>mobile</kwd>
<kwd>semantics</kwd>
<kwd>web</kwd>
</kwd-group>
		</book-part-meta>
		
	<back>
<ref-list specific-use="unparsed">
				<ref id="ref-00001">
				<mixed-citation>Axelsson, J, Birbeck, M., Dubinko, M., Epperson, B., Ishikawa, M. McCarron, S., Navaro, A., Pemberton, S. XHTML#8482; 2.0 W3C Working Draft (May 2005) publicly available at http://www.w3.org/TR/2005/WD-xhtml2-20050527/</mixed-citation>
				</ref>
				<ref id="ref-00002">
				<mixed-citation>Boyer, J. XForms 1.1 W3C Working Draft publicly available at http://www.w3.org/TR/2005/WD-xforms11-20051209/</mixed-citation>
				</ref>
				<ref id="ref-00003">
				<mixed-citation>Fallside, D. C., and Walmsley, P. XML Schema Part 0: Primer Second Edition. W3C Recommendation (October 2004) publicly available at http://www.w3.org/TR/xmlschema-0/</mixed-citation>
				</ref>
				<ref id="ref-00004">
				<mixed-citation>Hanrahan, R. W3C Workshop on Metadata for Content Adaptation: Executive Report (Oct. 2004) publicly available at http://www.w3.org/2004/06/DI-MCAWS/execreport.html</mixed-citation>
				</ref>
				<ref id="ref-00005">
				<mixed-citation>Lewis, R. Authoring Challenges for Device Independence. W3C Note (Sep. 2003) publicly available at http://www.w3.org/TR/acdi/</mixed-citation>
				</ref>
				<ref id="ref-00006">
				<mixed-citation>Lewis, R., and Merrick, R. Content Selection for Device Independence. W3C Working Draft (March 2006) publicly available at http://www.w3.org/TR/cselection/</mixed-citation>
				</ref>
				<ref id="ref-00007">
				<mixed-citation>Lewis, R. Glossary of Terms for Device Independence. W3C Note (Jan. 2005) publicly available at http://www.w3.org/TR/gloss</mixed-citation>
				</ref>
				<ref id="ref-00008">
				<mixed-citation>Rabin, J., and McCathieNevile, C. Mobile Web Best Practices 1.0. W3C Working Draft (Jan. 2006) publicly available at http://www.w3.org/TR/2006/WD-mobile-bp-20060113/</mixed-citation>
				</ref>
				<ref id="ref-00009">
				<mixed-citation>Seeman, L. Role Taxonomy for Accessible Adaptable Applications. W3C Working Draft (Nov. 2005) publicly available at http://www.w3.org/WAI/PF/GUI/roleTaxonomy-20051106</mixed-citation>
				</ref>
				<ref id="ref-00010">
				<mixed-citation>Smith, K., and Lewis, R., Device Independent Authoring Language Profile (DIAL) 1.0, W3C Working Draft (March 2006) publicly available at http://www.w3.org/TR/DIAL/</mixed-citation>
				</ref>
				<ref id="ref-00011">
				<mixed-citation>Webster's New American Dictionary. Smithmark, New York, 1995.</mixed-citation>
				</ref>
				<ref id="ref-00012">
				<mixed-citation>The Device Independence Working Group (DIWG) at W3C http://www.w3.org/2001/di/</mixed-citation>
				</ref>
				<ref id="ref-00013">
				<mixed-citation>The Mobile Web Initiative (MWI) at W3C http://www.w3.org/Mobile/</mixed-citation>
				</ref>
				<ref id="ref-00014">
				<mixed-citation>The Semantic Web Activity at W3C http://www.w3.org/2001/sw/</mixed-citation>
				</ref>
				<ref id="ref-00015">
				<mixed-citation>The Web Accessibility Initiative (WAI) at W3C http://www.w3.org/WAI/</mixed-citation>
				</ref>
				<ref id="ref-00016">
				<mixed-citation>The WAI Protocols and Formats Working Group (WAI-PF) at W3C http://www.w3.org/WAI/PF/</mixed-citation>
				</ref>
				<ref id="ref-00017">
				<mixed-citation>Accessible DHTML at http://www.mozilla.org/access/dhtml</mixed-citation>
				</ref>
				<ref id="ref-00018">
				<mixed-citation>W3C Mobile Web Initiative Workshop: Position Papers (October 2004) publicly available at http://www.w3.org/2004/10/MWIWS-papers/</mixed-citation>
				</ref>
				<ref id="ref-00019">
				<mixed-citation>The Web Application Formats Working Group (WAF WG) at W3C http://www.w3.org/2006/appformats/</mixed-citation>
				</ref>
			</ref-list>
</back>
</book-part>
</book-part-wrapper>
