<?xml version="1.0" encoding="UTF-8"?>
<!DOCTYPE book-part-wrapper PUBLIC "-//NLM//DTD BITS Book Interchange DTD with OASIS and XHTML Tables v2.0 20151225//EN" "BITS-book-oasis2.dtd">
<book-part-wrapper xmlns:xlink="http://www.w3.org/1999/xlink" xmlns:mml="http://www.w3.org/1998/Math/MathML" xmlns:oasis="http://www.niso.org/standards/z39-96/ns/oasis-exchange/table" xmlns:xi="http://www.w3.org/2001/XInclude" xmlns:xsi="http://www.w3.org/2001/XMLSchema-instance" dtd-version="2.0" xml:lang="en">
<collection-meta collection-type="book-series">
    <collection-id collection-id-type="doi">10.1145/acmotherconferences</collection-id>
    <title-group>
        <title>ACM Other Conferences</title>
    </title-group>
</collection-meta>
	<book-meta>
		<book-id book-id-type="acm-id">1133219</book-id>
		<book-id book-id-type="doi">10.1145/1133219</book-id>
		<book-title-group>
			<book-title>Proceedings of the 2006 international cross-disciplinary workshop on Web accessibility (W4A): Building the mobile web: rediscovering accessibility?</book-title>
			<alt-title alt-title-type="acronym">W4A '06</alt-title>
		</book-title-group>
	</book-meta>
	<book-part xmlns:ali="http://www.niso.org/schemas/ali/1.0/" book-part-type="chapter" xml:lang="en">
		<book-part-meta>
			<book-part-id book-part-id-type="acm-id">1133229</book-part-id>
			<book-part-id book-part-id-type="doi">10.1145/1133219.1133229</book-part-id>
	<subj-group subj-group-type="ccs2012">
		<compound-subject>
			<compound-subject-part content-type="code">10003120.10003130</compound-subject-part>
			<compound-subject-part content-type="text">Human-centered computing~Collaborative and social computing</compound-subject-part>
			<compound-subject-part content-type="weight">500</compound-subject-part>
		</compound-subject>
		<compound-subject>
			<compound-subject-part content-type="code">10010147.10010371</compound-subject-part>
			<compound-subject-part content-type="text">Computing methodologies~Computer graphics</compound-subject-part>
			<compound-subject-part content-type="weight">100</compound-subject-part>
		</compound-subject>
		<compound-subject>
			<compound-subject-part content-type="code">10003456</compound-subject-part>
			<compound-subject-part content-type="text">Social and professional topics</compound-subject-part>
			<compound-subject-part content-type="weight">100</compound-subject-part>
		</compound-subject>
	</subj-group>
			<title-group>
				<title>GraSSML</title>
				<subtitle>accessible smart schematic diagrams for all</subtitle>
			</title-group>
<contrib-group>
   <contrib contrib-type="author" id="artseq-00001">
       <contrib-id contrib-id-type="person_id" authenticated="false">P553164</contrib-id><contrib-id contrib-id-type="profile_id" authenticated="false">81100652984</contrib-id>
       <name name-style="western">
           <surname>Fredj</surname>
           <given-names>Z. Ben</given-names>
       </name>
	<aff>Oxford Brookes University, Wheatley Campus</aff><aff><institution-wrap><institution-id institution-id-type="profile_id">60014564</institution-id></institution-wrap></aff>
	<role>Author</role>
   </contrib>
   <contrib contrib-type="author" id="artseq-00002">
       <contrib-id contrib-id-type="person_id" authenticated="false">PP14272466</contrib-id><contrib-id contrib-id-type="profile_id" authenticated="false">81332496779</contrib-id>
       <name name-style="western">
           <surname>Duce</surname>
           <given-names>D. A.</given-names>
       </name>
	<aff>Oxford Brookes University, Wheatley Campus</aff><aff><institution-wrap><institution-id institution-id-type="profile_id">60014564</institution-id></institution-wrap></aff>
	<role>Author</role>
   </contrib>
</contrib-group>
   <pub-date date-type="publication">
   <day>22</day>
   <month>05</month>
   <year>2006</year>
   </pub-date>
				<fpage>57</fpage>
				<lpage>60</lpage>
		<permissions>
			<copyright-year>2006</copyright-year>
			<copyright-holder>ACM</copyright-holder>
			<license license-type="acmcopyright">
			<license-p>Permission to make digital or hard copies of all or part of this work for personal or classroom use is granted without fee provided that copies are not made or distributed for profit or commercial advantage and that copies bear this notice and the full citation on the first page. Copyrights for components of this work owned by others than ACM must be honored. Abstracting with credit is permitted. To copy otherwise, or republish, to post on servers or to redistribute to lists, requires prior specific permission and/or a fee. Request permissions from Permissions@acm.org</license-p>
			</license>
		</permissions>
		<self-uri content-type="pdf" xlink:href="1133219.1133229.pdf" />
	<abstract>
		<p>Graphical representations are a powerful way of conveying information. Their use has made life much easier for most sighted users, but people with disabilities or users who work in environments where visual representations are inappropriate cannot access information contained in graphics, unless alternative descriptions are included.We describe an approach called Graphical Structure Semantic Markup Languages (GraSSML) which aims at defining high-level diagram description languages which capture the structure and the semantics of a diagram and enable the generation of accessible and "smart" presentations in different modalities such as speech, text, graphic, etc. The structure and the semantics of the diagram are made available at the creation stage. This offers new possibilities for allowing Web Graphics to become "smart".</p>
	</abstract>
<kwd-group>
<kwd>OWL</kwd>
<kwd>RDF</kwd>
<kwd>SPARQL</kwd>
<kwd>SVG</kwd>
<kwd>XML</kwd>
<kwd>accessibility</kwd>
<kwd>semantic web</kwd>
<kwd>semantics</kwd>
<kwd>smart diagrams</kwd>
<kwd>structure</kwd>
</kwd-group>
		</book-part-meta>
		
	<back>
<ref-list specific-use="unparsed">
				<ref id="ref-00001">
				<mixed-citation>Charles McCathieNevile and Marja-Riitta Koivunen, "Accessibility Features of SVG", http://www.w3.org/TR/SVG-access/, 2000.</mixed-citation>
				</ref>
				<ref id="ref-00002">
				<mixed-citation>Z. Mikovec, P. Slavik, System for Picture Interpretation for Blind. http://cs.felk.cvut.cz/~xmikovec/bis/interact99/</mixed-citation>
				</ref>
				<ref id="ref-00003">
				<mixed-citation>Martin Kurze et al., "New Approaches for Accessing Different Classes of Graphics by Blind People", 2nd TIDE Congress, 268--272, Paris, Amsterdam: IOS Press 1995.</mixed-citation>
				</ref>
				<ref id="ref-00004">
				<mixed-citation>M. Horstmann et al., "TEDUB: Automatic interpretation and presentation of technical diagrams for blind people", CVHI, 2004.</mixed-citation>
				</ref>
				<ref id="ref-00005">
				<mixed-citation>Vladimir Bulatov, John A. Gardner, "Making Graphics Accessible", SVG Open, 2004.</mixed-citation>
				</ref>
				<ref id="ref-00006">
				<mixed-citation>John A. Gardner, Vladimir Bulatov, "Smart Figures, SVG, and Accessibility", Proceeding 2001 CSUN International Conference on technology and persons with Disabilities, Los Angeles, CA, March 2001.</mixed-citation>
				</ref>
				<ref id="ref-00007">
				<mixed-citation>G. J. Badros, J. J. Tirtowidjojo, K. Marriott, B. Meyer, W. Portnoy, A. Borning, "A Constraint Extension to Scalable Vector Graphics", Tenth International World Wide Web Conference, WWW10, Hong Kong 2001. <pub-id pub-id-type="doi" xlink:href="10.1145/371920.372146" assigning-authority="crossref">10.1145/371920.372146</pub-id> <pub-id pub-id-type="doi" xlink:href="10.1145/371920.372146" /></mixed-citation>
				</ref>
				<ref id="ref-00008">
				<mixed-citation>I. Herman and D. Dardailler. "SVG Linearization and Accessibility", Computer Graphics Forum, 21(4), 2002.</mixed-citation>
				</ref>
				<ref id="ref-00009">
				<mixed-citation>John A. Gardner &amp; al., "The Problem of Accessing Non-Textual Information On The Web", Proceedings of the 1997 Conference of the W3 Consortium, CA, April, 1997.</mixed-citation>
				</ref>
				<ref id="ref-00010">
				<mixed-citation>J. L. Bentley, "Little Languages", CACM, 29(8), 1986. <pub-id pub-id-type="doi" xlink:href="10.1145/6424.315691" assigning-authority="crossref">10.1145/6424.315691</pub-id> <pub-id pub-id-type="doi" xlink:href="10.1145/6424.315691" /></mixed-citation>
				</ref>
				<ref id="ref-00011">
				<mixed-citation>E. Tufte, "The Visual Display of Quantitative Information", Graphics Press, 1983, and Edward Tufte, "Envisioning Information", Graphics Press, 1990. <pub-id pub-id-type="doi" xlink:href="10.5555/78223" /></mixed-citation>
				</ref>
				<ref id="ref-00012">
				<mixed-citation>G. L. Lohse, K. Biolsi, N. Walker and H. H. Rueter, "A Classification of visual representations", CACM, 37(12), 1994 <pub-id pub-id-type="doi" xlink:href="10.1145/198366.198376" assigning-authority="crossref">10.1145/198366.198376</pub-id> <pub-id pub-id-type="doi" xlink:href="10.1145/198366.198376" /></mixed-citation>
				</ref>
				<ref id="ref-00013">
				<mixed-citation>Web Accessibility for All, "How to create Descriptive Text for Graphs, Charts &amp; other Diagrams", http://www.cew.wisc.edu/accessibility/tutorials/descriptionTutorial.htm</mixed-citation>
				</ref>
				<ref id="ref-00014">
				<mixed-citation>M. Cornelis and K Krikhaar, "Guidelines for Describing Study Literature", FNB Amsterdam, 2001.</mixed-citation>
				</ref>
				<ref id="ref-00015">
				<mixed-citation>K. Marriott, et al., "Towards flexible graphical communication using adaptive diagrams". Advances in Computer Science-ASIAN'04, pages 380--394., Dec. 2004. <pub-id pub-id-type="doi" xlink:href="10.1007/978-3-540-30502-6_28" assigning-authority="crossref">10.1007/978-3-540-30502-6_28</pub-id> <pub-id pub-id-type="doi" xlink:href="10.1007/978-3-540-30502-6_28" /></mixed-citation>
				</ref>
				<ref id="ref-00016">
				<mixed-citation>D. J. Duke, Drawing Attention to Meaning, Adaptive Displays Conference, 2004.</mixed-citation>
				</ref>
			</ref-list>
</back>
</book-part>
</book-part-wrapper>
