<?xml version="1.0" encoding="UTF-8"?>
<!DOCTYPE book-part-wrapper PUBLIC "-//NLM//DTD BITS Book Interchange DTD with OASIS and XHTML Tables v2.0 20151225//EN" "BITS-book-oasis2.dtd">
<book-part-wrapper xmlns:xlink="http://www.w3.org/1999/xlink" xmlns:mml="http://www.w3.org/1998/Math/MathML" xmlns:oasis="http://www.niso.org/standards/z39-96/ns/oasis-exchange/table" xmlns:xi="http://www.w3.org/2001/XInclude" xmlns:xsi="http://www.w3.org/2001/XMLSchema-instance" dtd-version="2.0" xml:lang="en">
<collection-meta collection-type="book-series">
    <collection-id collection-id-type="doi">10.1145/acmotherconferences</collection-id>
    <title-group>
        <title>ACM Other Conferences</title>
    </title-group>
</collection-meta>
	<book-meta>
		<book-id book-id-type="acm-id">1133219</book-id>
		<book-id book-id-type="doi">10.1145/1133219</book-id>
		<book-title-group>
			<book-title>Proceedings of the 2006 international cross-disciplinary workshop on Web accessibility (W4A): Building the mobile web: rediscovering accessibility?</book-title>
			<alt-title alt-title-type="acronym">W4A '06</alt-title>
		</book-title-group>
	</book-meta>
	<book-part xmlns:ali="http://www.niso.org/schemas/ali/1.0/" book-part-type="chapter" xml:lang="en">
		<book-part-meta>
			<book-part-id book-part-id-type="acm-id">1133238</book-part-id>
			<book-part-id book-part-id-type="doi">10.1145/1133219.1133238</book-part-id>
	<subj-group subj-group-type="ccs2012">
		<compound-subject>
			<compound-subject-part content-type="code">10002951.10003260.10003282.10003286</compound-subject-part>
			<compound-subject-part content-type="text">Information systems~World Wide Web~Web applications~Internet communications tools</compound-subject-part>
			<compound-subject-part content-type="weight">500</compound-subject-part>
		</compound-subject>
		<compound-subject>
			<compound-subject-part content-type="code">10002951.10003260.10003282.10003286</compound-subject-part>
			<compound-subject-part content-type="text">Information systems~World Wide Web~Web applications~Internet communications tools</compound-subject-part>
			<compound-subject-part content-type="weight">100</compound-subject-part>
		</compound-subject>
	</subj-group>
			<title-group>
				<title>A Semantic-web based framework for developing applications to improve accessibility in the WWW</title>
			</title-group>
<contrib-group>
   <contrib contrib-type="author" id="artseq-00001">
       <contrib-id contrib-id-type="person_id" authenticated="false">P741919</contrib-id><contrib-id contrib-id-type="profile_id" authenticated="false">81100234180</contrib-id>
       <name name-style="western">
           <surname>Kouroupetroglou</surname>
           <given-names>Christos</given-names>
       </name>
	<aff>University of Macedonia, Thessaloniki, Greece</aff><aff><institution-wrap><institution-id institution-id-type="profile_id">60001086</institution-id></institution-wrap></aff>
	<role>Author</role>
   </contrib>
   <contrib contrib-type="author" id="artseq-00002">
       <contrib-id contrib-id-type="person_id" authenticated="false">P199406</contrib-id><contrib-id contrib-id-type="profile_id" authenticated="false">81100281270</contrib-id>
       <name name-style="western">
           <surname>Salampasis</surname>
           <given-names>Michail</given-names>
       </name>
	<aff>T.E.I. of Thessaloniki, Thessaloniki, Greece</aff>
	<role>Author</role>
   </contrib>
   <contrib contrib-type="author" id="artseq-00003">
       <contrib-id contrib-id-type="person_id" authenticated="false">P660599</contrib-id><contrib-id contrib-id-type="profile_id" authenticated="false">81100289860</contrib-id>
       <name name-style="western">
           <surname>Manitsaris</surname>
           <given-names>Athanasios</given-names>
       </name>
	<aff>University of Macedonia, Thessaloniki, Greece</aff><aff><institution-wrap><institution-id institution-id-type="profile_id">60001086</institution-id></institution-wrap></aff>
	<role>Author</role>
   </contrib>
</contrib-group>
   <pub-date date-type="publication">
   <day>22</day>
   <month>05</month>
   <year>2006</year>
   </pub-date>
				<fpage>98</fpage>
				<lpage>108</lpage>
		<permissions>
			<copyright-year>2006</copyright-year>
			<copyright-holder>ACM</copyright-holder>
			<license license-type="acmcopyright">
			<license-p>Permission to make digital or hard copies of all or part of this work for personal or classroom use is granted without fee provided that copies are not made or distributed for profit or commercial advantage and that copies bear this notice and the full citation on the first page. Copyrights for components of this work owned by others than ACM must be honored. Abstracting with credit is permitted. To copy otherwise, or republish, to post on servers or to redistribute to lists, requires prior specific permission and/or a fee. Request permissions from Permissions@acm.org</license-p>
			</license>
		</permissions>
		<self-uri content-type="pdf" xlink:href="1133219.1133238.pdf" />
	<abstract>
		<p>One of the biggest issues the World Wide Web (WWW) community has to overcome is accessibility for all. The rapid expansion of the WWW using problematic web authoring practices, together with the dominance of the desktop metaphor in web page design has raised many WWW accessibility problems for people with disabilities. In this paper we present a what may be termed as a "Semantic Web application framework" which allows different applications to be designed and developed for improving accessibility of the WWW. Apart from the architecture, the tools and the technologies that compose the framework, the key idea of the framework is that it aims at promoting the idea of creating a community of people federating into groups each playing a specific role: <italic toggle="yes">ontology creators</italic> creating concepts using an ontological approach to describe various elements of the WWW, <italic toggle="yes">annotators</italic> using concepts to annotate specific pages, <italic toggle="yes">user-agent developers</italic> creating tools based on the framework, and finally <italic toggle="yes">end-users</italic> (people with disabilities) that use these tools for their benefit. Within the proposed framework, these groups cooperate and interact with each other, having as their ultimate goal the improvement of WWW accessibility.</p>
	</abstract>
<kwd-group>
<kwd>RDF</kwd>
<kwd>accessibility</kwd>
<kwd>information seeking</kwd>
<kwd>metadata</kwd>
<kwd>semantic web</kwd>
<kwd>voice browser</kwd>
</kwd-group>
		</book-part-meta>
		
	<back>
<ref-list specific-use="unparsed">
				<ref id="ref-00001">
				<mixed-citation>Annotea project http://www.w3.org/2001/Annotea/</mixed-citation>
				</ref>
				<ref id="ref-00002">
				<mixed-citation>Asakawa, C. "What's the web like if you can't see it?", In: W4A '05: Proceedings of the 2005 International Cross-Disciplinary Workshop on Web Accessibility (W4A), 2005, 1--8 <pub-id pub-id-type="doi" xlink:href="10.1145/1061811.1061813" assigning-authority="crossref">10.1145/1061811.1061813</pub-id> <pub-id pub-id-type="doi" xlink:href="10.1145/1061811.1061813" /></mixed-citation>
				</ref>
				<ref id="ref-00003">
				<mixed-citation>Asakawa, C. and Takagi, H. "Annotation-based transcoding for nonvisual web access", In: Proceedings of the fourth international ACM conference on Assistive technologies, 2000, 172--179 <pub-id pub-id-type="doi" xlink:href="10.1145/354324.354588" assigning-authority="crossref">10.1145/354324.354588</pub-id> <pub-id pub-id-type="doi" xlink:href="10.1145/354324.354588" /></mixed-citation>
				</ref>
				<ref id="ref-00004">
				<mixed-citation>Coy, J. "A commercial perspective on universal access and assistive technology: towards implementation", Universal Access in the Information Society, 2(3), 2003, 207--214.</mixed-citation>
				</ref>
				<ref id="ref-00005">
				<mixed-citation>Filepp, R., Challenger, J. and Rosu, D. "Improving the accessibility of aurally rendered HTML tables", In: Proceedings of the fifth international ACM conference on Assistive technologies, 2002, 9--16 <pub-id pub-id-type="doi" xlink:href="10.1145/638249.638254" assigning-authority="crossref">10.1145/638249.638254</pub-id> <pub-id pub-id-type="doi" xlink:href="10.1145/638249.638254" /></mixed-citation>
				</ref>
				<ref id="ref-00006">
				<mixed-citation>Goble, C., Harper, S. and Stevens, R. "The travails of visually impaired web travelers", In: Proceedings of the eleventh ACM on Hypertext and hypermedia, 2000, 1--10 <pub-id pub-id-type="doi" xlink:href="10.1145/336296.336304" assigning-authority="crossref">10.1145/336296.336304</pub-id> <pub-id pub-id-type="doi" xlink:href="10.1145/336296.336304" /></mixed-citation>
				</ref>
				<ref id="ref-00007">
				<mixed-citation>Gupta, S. and Kaiser, G. "Extracting content from accessible web pages", In: W4A '05: Proceedings of the 2005 International Cross-Disciplinary Workshop on Web Accessibility (W4A), 2005, 26--30 <pub-id pub-id-type="doi" xlink:href="10.1145/1061811.1061816" assigning-authority="crossref">10.1145/1061811.1061816</pub-id> <pub-id pub-id-type="doi" xlink:href="10.1145/1061811.1061816" /></mixed-citation>
				</ref>
				<ref id="ref-00008">
				<mixed-citation>Hanson V. L., R. J. "Achieving a more usable WorldWide Web", Behaviour and Information Technology, 24 (3), 2005, 231--246.</mixed-citation>
				</ref>
				<ref id="ref-00009">
				<mixed-citation>Harper, S. Web Mobility for Visually Impaired Surfers. PhD thesis, The University of Manchester, 2001.</mixed-citation>
				</ref>
				<ref id="ref-00010">
				<mixed-citation>Harper, S., Goble, C. and Stevens, R. "A pilot study to examine the mobility problems of visually impaired users travelling the web", SIGCAPH Comput. Phys. Handicap., (68), 2000, 10--19. <pub-id pub-id-type="doi" xlink:href="10.1145/569309.569311" assigning-authority="crossref">10.1145/569309.569311</pub-id> <pub-id pub-id-type="doi" xlink:href="10.1145/569309.569311" /></mixed-citation>
				</ref>
				<ref id="ref-00011">
				<mixed-citation>Huang, A. W. and Sundaresan, N. "A semantic transcoding system to adapt Web services for users with disabilities", In: Proceedings of the fourth international ACM conference on Assistive technologies, 2000, 156--163 <pub-id pub-id-type="doi" xlink:href="10.1145/354324.354363" assigning-authority="crossref">10.1145/354324.354363</pub-id> <pub-id pub-id-type="doi" xlink:href="10.1145/354324.354363" /></mixed-citation>
				</ref>
				<ref id="ref-00012">
				<mixed-citation>Huang, A. and Sundaresan, N. "Aurora: a conceptual model for Web-content adaptation to support the universal usability of Web-based services", In: Proceedings on the 2000 conference on Universal Usability, 2000, 124--131 <pub-id pub-id-type="doi" xlink:href="10.1145/355460.355546" assigning-authority="crossref">10.1145/355460.355546</pub-id> <pub-id pub-id-type="doi" xlink:href="10.1145/355460.355546" /></mixed-citation>
				</ref>
				<ref id="ref-00013">
				<mixed-citation>Jena Semantic Web Framework http://jena.sourceforge.net/</mixed-citation>
				</ref>
				<ref id="ref-00014">
				<mixed-citation>Kottapally, K., Ngo, C., Reddy, R., Pontelli, E., Son, T. C. and Gillan, D. "Towards the creation of accessibility agents for non-visual navigation of the web", In: Proceedings of the 2003 conference on Universal usability, 2003, 134--141 <pub-id pub-id-type="doi" xlink:href="10.1145/957205.957229" assigning-authority="crossref">10.1145/957205.957229</pub-id> <pub-id pub-id-type="doi" xlink:href="10.1145/957205.957229" /></mixed-citation>
				</ref>
				<ref id="ref-00015">
				<mixed-citation>Mantratzis, C., Orgun, M. and Cassidy, S. "Separating XHTML content from navigation clutter using DOM-structure block analysis", In: HYPERTEXT '05: Proceedings of the sixteenth ACM conference on Hypertext and hypermedia, 2005, 145--147 <pub-id pub-id-type="doi" xlink:href="10.1145/1083356.1083384" assigning-authority="crossref">10.1145/1083356.1083384</pub-id> <pub-id pub-id-type="doi" xlink:href="10.1145/1083356.1083384" /></mixed-citation>
				</ref>
				<ref id="ref-00016">
				<mixed-citation>Marshall, C. C. and Shipman, F. M. "Which semantic web?", In: HYPERTEXT '03: Proceedings of the fourteenth ACM conference on Hypertext and hypermedia, 2003, 57--66 <pub-id pub-id-type="doi" xlink:href="10.1145/900051.900063" assigning-authority="crossref">10.1145/900051.900063</pub-id> <pub-id pub-id-type="doi" xlink:href="10.1145/900051.900063" /></mixed-citation>
				</ref>
				<ref id="ref-00017">
				<mixed-citation>Mukherjee, S., Ramakrishnan, I. and Kifer, M. "Semantic bookmarking for non-visual web access", In: Proceedings of the ACM SIGACCESS conference on Computers and accessibility, 2004, 185--192 <pub-id pub-id-type="doi" xlink:href="10.1145/1028630.1028663" assigning-authority="crossref">10.1145/1028630.1028663</pub-id> <pub-id pub-id-type="doi" xlink:href="10.1145/1028630.1028663" /></mixed-citation>
				</ref>
				<ref id="ref-00018">
				<mixed-citation>Pontelli, Son, Kottapally, Ngo, Reddy and Gillan "A system for automatic structure discovery and reasoning-based navigation of the web", Interacting with Computers, 16 (3), 2004, 451--475.</mixed-citation>
				</ref>
				<ref id="ref-00019">
				<mixed-citation>Pontelli, E. and Son, T. "Planning, reasoning, and agents for non-visual navigation of tables and frames", In: Proceedings of the fifth international ACM conference on Assistive technologies, 2002, 73--80 <pub-id pub-id-type="doi" xlink:href="10.1145/638249.638264" assigning-authority="crossref">10.1145/638249.638264</pub-id> <pub-id pub-id-type="doi" xlink:href="10.1145/638249.638264" /></mixed-citation>
				</ref>
				<ref id="ref-00020">
				<mixed-citation>Ramakrishnan, I., Stent, A. and Yang, G. "Hearsay: enabling audio browsing on hypertext content", In: Proceedings of the 13th international conference on World Wide Web, 2004, 80--89 <pub-id pub-id-type="doi" xlink:href="10.1145/988672.988684" assigning-authority="crossref">10.1145/988672.988684</pub-id> <pub-id pub-id-type="doi" xlink:href="10.1145/988672.988684" /></mixed-citation>
				</ref>
				<ref id="ref-00021">
				<mixed-citation>Richards, J. and Hanson, V. "Web accessibility: a broader view", In: Proceedings of the 13th international conference on World Wide Web, 2004, 72--79 <pub-id pub-id-type="doi" xlink:href="10.1145/988672.988683" assigning-authority="crossref">10.1145/988672.988683</pub-id> <pub-id pub-id-type="doi" xlink:href="10.1145/988672.988683" /></mixed-citation>
				</ref>
				<ref id="ref-00022">
				<mixed-citation>Salampasis, M., Kouroupetroglou, C. and Manitsaris, A. "Semantically enhanced browsing for blind people in the WWW", In: HYPERTEXT '05: Proceedings of the sixteenth ACM conference on Hypertext and hypermedia, 2005, 32--34 <pub-id pub-id-type="doi" xlink:href="10.1145/1083356.1083363" assigning-authority="crossref">10.1145/1083356.1083363</pub-id> <pub-id pub-id-type="doi" xlink:href="10.1145/1083356.1083363" /></mixed-citation>
				</ref>
				<ref id="ref-00023">
				<mixed-citation>SeEBrowser Project (Archimedes) http://erodios.it.teithe.gr/archimedes/English/Index.htm</mixed-citation>
				</ref>
				<ref id="ref-00024">
				<mixed-citation>Spiliopoulou, M. "Web usage mining for Web site evaluation", Commun. ACM, 43 (8), 2000, 127--134. <pub-id pub-id-type="doi" xlink:href="10.1145/345124.345167" assigning-authority="crossref">10.1145/345124.345167</pub-id> <pub-id pub-id-type="doi" xlink:href="10.1145/345124.345167" /></mixed-citation>
				</ref>
				<ref id="ref-00025">
				<mixed-citation>Takagi, H. and Asakawa, C. "Transcoding proxy for non visual web access", In: Proceedings of the fourth international ACM conference on Assistive technologies. 2000, 164--171 <pub-id pub-id-type="doi" xlink:href="10.1145/354324.354371" assigning-authority="crossref">10.1145/354324.354371</pub-id> <pub-id pub-id-type="doi" xlink:href="10.1145/354324.354371" /></mixed-citation>
				</ref>
				<ref id="ref-00026">
				<mixed-citation>Takagi, H., Asakawa, C., Fukuda, K. and Maeda, J. "Site-wide annotation: reconstructing existing pages to be accessible", In: Proceedings of the fifth international ACM conference on Assistive technologies, 2002, 81--88 <pub-id pub-id-type="doi" xlink:href="10.1145/638249.638265" assigning-authority="crossref">10.1145/638249.638265</pub-id> <pub-id pub-id-type="doi" xlink:href="10.1145/638249.638265" /></mixed-citation>
				</ref>
				<ref id="ref-00027">
				<mixed-citation>Tektonidis D., Bokma. A., Oatley G., Salampasis M. "ONAR: An ontologies-based service oriented application integration framework", In: 1st International Conference on Interoperability of Enterprise Software and Applications, Geneva, Switzerland, 2005</mixed-citation>
				</ref>
				<ref id="ref-00028">
				<mixed-citation>Yesilada, Y., Stevens, R. and Goble, C. "A Foundation for Tool Based Mobility Support for Visually Impaired Web Users." Paper presented at the Proceedings of the twelfth international conference on World Wide Web 2003. <pub-id pub-id-type="doi" xlink:href="10.1145/775152.775212" assigning-authority="crossref">10.1145/775152.775212</pub-id> <pub-id pub-id-type="doi" xlink:href="10.1145/775152.775212" /></mixed-citation>
				</ref>
				<ref id="ref-00029">
				<mixed-citation>Yesilada, Y., Stevens, R., Goble, C. and Hussein, S. "Rendering tables in audio: the interaction of structure and reading styles", In: Proceedings of the ACM SIGACCESS conference on Computers and accessibility, 2004, 16--23 <pub-id pub-id-type="doi" xlink:href="10.1145/1028630.1028635" assigning-authority="crossref">10.1145/1028630.1028635</pub-id> <pub-id pub-id-type="doi" xlink:href="10.1145/1028630.1028635" /></mixed-citation>
				</ref>
				<ref id="ref-00030">
				<mixed-citation>Xydas G., K. G. "The DEMOSTHeNES Speech Composer", In: 4th ISCA Tutorial and Workshop on Speech Synthesis (SSW4), Perthshire, Scotland, 2001, 167--172</mixed-citation>
				</ref>
			</ref-list>
</back>
</book-part>
</book-part-wrapper>
