<?xml version="1.0" encoding="UTF-8"?>
<!DOCTYPE book-part-wrapper PUBLIC "-//NLM//DTD BITS Book Interchange DTD with OASIS and XHTML Tables v2.0 20151225//EN" "BITS-book-oasis2.dtd">
<book-part-wrapper xmlns:xlink="http://www.w3.org/1999/xlink" xmlns:mml="http://www.w3.org/1998/Math/MathML" xmlns:oasis="http://www.niso.org/standards/z39-96/ns/oasis-exchange/table" xmlns:xi="http://www.w3.org/2001/XInclude" xmlns:xsi="http://www.w3.org/2001/XMLSchema-instance" dtd-version="2.0" xml:lang="en">
<collection-meta collection-type="book-series">
    <collection-id collection-id-type="doi">10.1145/acmotherconferences</collection-id>
    <title-group>
        <title>ACM Other Conferences</title>
    </title-group>
</collection-meta>
	<book-meta>
		<book-id book-id-type="acm-id">1133219</book-id>
		<book-id book-id-type="doi">10.1145/1133219</book-id>
		<book-title-group>
			<book-title>Proceedings of the 2006 international cross-disciplinary workshop on Web accessibility (W4A): Building the mobile web: rediscovering accessibility?</book-title>
			<alt-title alt-title-type="acronym">W4A '06</alt-title>
		</book-title-group>
	</book-meta>
	<book-part xmlns:ali="http://www.niso.org/schemas/ali/1.0/" book-part-type="chapter" xml:lang="en">
		<book-part-meta>
			<book-part-id book-part-id-type="acm-id">1133232</book-part-id>
			<book-part-id book-part-id-type="doi">10.1145/1133219.1133232</book-part-id>
	<subj-group subj-group-type="ccs2012">
		<compound-subject>
			<compound-subject-part content-type="code">10002951.10003317</compound-subject-part>
			<compound-subject-part content-type="text">Information systems~Information retrieval</compound-subject-part>
			<compound-subject-part content-type="weight">500</compound-subject-part>
		</compound-subject>
		<compound-subject>
			<compound-subject-part content-type="code">10003120.10003121</compound-subject-part>
			<compound-subject-part content-type="text">Human-centered computing~Human computer interaction (HCI)</compound-subject-part>
			<compound-subject-part content-type="weight">100</compound-subject-part>
		</compound-subject>
	</subj-group>
			<title-group>
				<title>Evaluating interfaces for intelligent mobile search</title>
			</title-group>
<contrib-group>
   <contrib contrib-type="author" id="artseq-00001">
       <contrib-id contrib-id-type="person_id" authenticated="false">P785841</contrib-id><contrib-id contrib-id-type="profile_id" authenticated="false">81314481891</contrib-id>
       <name name-style="western">
           <surname>Church</surname>
           <given-names>Karen</given-names>
       </name>
	<aff>University College Dublin, Belfield, Ireland</aff><aff><institution-wrap><institution-id institution-id-type="profile_id">60005141</institution-id></institution-wrap></aff>
	<role>Author</role>
   </contrib>
   <contrib contrib-type="author" id="artseq-00002">
       <contrib-id contrib-id-type="person_id" authenticated="false">PP15049717</contrib-id><contrib-id contrib-id-type="profile_id" authenticated="false">81100297638</contrib-id>
       <name name-style="western">
           <surname>Smyth</surname>
           <given-names>Barry</given-names>
       </name>
	<aff>University College Dublin, Belfield, Ireland</aff><aff><institution-wrap><institution-id institution-id-type="profile_id">60005141</institution-id></institution-wrap></aff>
	<role>Author</role>
   </contrib>
   <contrib contrib-type="author" id="artseq-00003">
       <contrib-id contrib-id-type="person_id" authenticated="false">PP14055859</contrib-id><contrib-id contrib-id-type="profile_id" authenticated="false">81408598290</contrib-id>
       <name name-style="western">
           <surname>Keane</surname>
           <given-names>Mark T.</given-names>
       </name>
	<aff>University College Dublin, Belfield, Ireland</aff><aff><institution-wrap><institution-id institution-id-type="profile_id">60005141</institution-id></institution-wrap></aff>
	<role>Author</role>
   </contrib>
</contrib-group>
   <pub-date date-type="publication">
   <day>22</day>
   <month>05</month>
   <year>2006</year>
   </pub-date>
				<fpage>69</fpage>
				<lpage>78</lpage>
		<permissions>
			<copyright-year>2006</copyright-year>
			<copyright-holder>ACM</copyright-holder>
			<license license-type="acmcopyright">
			<license-p>Permission to make digital or hard copies of all or part of this work for personal or classroom use is granted without fee provided that copies are not made or distributed for profit or commercial advantage and that copies bear this notice and the full citation on the first page. Copyrights for components of this work owned by others than ACM must be honored. Abstracting with credit is permitted. To copy otherwise, or republish, to post on servers or to redistribute to lists, requires prior specific permission and/or a fee. Request permissions from Permissions@acm.org</license-p>
			</license>
		</permissions>
		<self-uri content-type="pdf" xlink:href="1133219.1133232.pdf" />
	<abstract>
		<p>Recent developments in the mobile phone market have led to a significant increase in the number of users accessing the Mobile Internet. Handsets have been improved to support a diverse range of content types (text, graphics, audio, video etc.), infrastructure investments have delivered improved bandwidth, and changes to billing models offer users much greater value for content. Today large numbers of users are moving away from browsing operator portals and towards off-portal search, leading to a growing need for mobile specific search engine technologies. In this paper we argue that existing mobile search engines are unlikely to offer an adequate service for mobile searchers. Most borrow traditional query-based search and list-based result presentation formats from Web search and as such are not well optimised for the input and display features of mobile devices. For example, many simply attempt to <italic toggle="yes">translate</italic> Web content for the mobile space which is not appropriate. In this paper we evaluate an alternative strategy which replaces the usual result snippet with a more economic alternative that is composed of the keywords used in related queries. We argue that this alternative is better suited to the display characteristics of mobile devices, without compromising the informativeness of result snippets.</p>
	</abstract>
<kwd-group>
<kwd>mobile interfaces</kwd>
<kwd>mobile internet</kwd>
<kwd>mobile search</kwd>
<kwd>mobile web</kwd>
<kwd>search interfaces</kwd>
<kwd>user evaluation</kwd>
</kwd-group>
		</book-part-meta>
		
	<back>
<ref-list specific-use="unparsed">
				<ref id="ref-00001">
				<mixed-citation>E. Balfe and B. Smyth. Improving Web Search through Collaborative Query Recommendation. In Proceedings of 16th European Conference on Artificial Intelligence, pages 268--272, Valencia, Spain, 2004.</mixed-citation>
				</ref>
				<ref id="ref-00002">
				<mixed-citation>T. W. Bickmore and B. N. Schilit. Digestor: Device-Independent Access to the World Wide Web. Computer Networks and ISDN Systems, 29(8-13):1075--1082, 1997. <pub-id pub-id-type="doi" xlink:href="10.1016/S0169-7552(97)00026-3" assigning-authority="crossref">10.1016/S0169-7552(97)00026-3</pub-id> <pub-id pub-id-type="doi" xlink:href="10.1016/S0169-7552(97)00026-3" /></mixed-citation>
				</ref>
				<ref id="ref-00003">
				<mixed-citation>S. Björk, L. E. Holmquist, J. Redström, I. Bretan, R. Danielsson, J. Karlgren, and K. Franzén. WEST: A Web Browser for Small Terminals. In UIST '99: Proceedings of the 12th Annual ACM Symposium on User Interface Software and Technology, pages 187--196. ACM Press, 1999. <pub-id pub-id-type="doi" xlink:href="10.1145/320719.322601" assigning-authority="crossref">10.1145/320719.322601</pub-id> <pub-id pub-id-type="doi" xlink:href="10.1145/320719.322601" /></mixed-citation>
				</ref>
				<ref id="ref-00004">
				<mixed-citation>O. Buyukkokten, H. Garcia-Molina, A. Paepcke, and T. Winograd. Power Browser: Efficient Web Browsing for PDAs. In CHI '00: Proceedings of the Conference on Human Factors in Computing Systems, pages 430--437, 2000. <pub-id pub-id-type="doi" xlink:href="10.1145/332040.332470" assigning-authority="crossref">10.1145/332040.332470</pub-id> <pub-id pub-id-type="doi" xlink:href="10.1145/332040.332470" /></mixed-citation>
				</ref>
				<ref id="ref-00005">
				<mixed-citation>K. Church, M. T. Keane, and B. Smyth. An Evaluation of Gisting in Mobile Search. In ECIR '05: Proceedings of the 27th European Conference on Information Retrieval, pages 546--548, Santiago de Compostela, Spain, 2005. <pub-id pub-id-type="doi" xlink:href="10.1007/978-3-540-31865-1_46" assigning-authority="crossref">10.1007/978-3-540-31865-1_46</pub-id> <pub-id pub-id-type="doi" xlink:href="10.1007/978-3-540-31865-1_46" /></mixed-citation>
				</ref>
				<ref id="ref-00006">
				<mixed-citation>K. Church, M. T. Keane, and B. Smyth. Towards More Intelligent Mobile Search. In IJCAI '05: Proceedings of the 19th International Joint Conference on Artificial Intelligence, pages 1675--1676, Edinburgh, Scotland, 2005. <pub-id pub-id-type="doi" xlink:href="10.5555/1642293.1642605" /></mixed-citation>
				</ref>
				<ref id="ref-00007">
				<mixed-citation>N. Gohring. Mobile phone sales topped 800 million in 2005, says IDC. http://wireless.itworld.com/4267/060127mobsales/, January 2006. Last Checked 28th April 2006.</mixed-citation>
				</ref>
				<ref id="ref-00008">
				<mixed-citation>B. J. Jansen, A. Spink, and T. Saracevic. Real Life, Real Users, and Real Needs: A Study and Analysis of User Queries on the Web. Information Processing and Management, 36(2):207--227, 2000. <pub-id pub-id-type="doi" xlink:href="10.1016/S0306-4573(99)00056-4" assigning-authority="crossref">10.1016/S0306-4573(99)00056-4</pub-id> <pub-id pub-id-type="doi" xlink:href="10.1016/S0306-4573(99)00056-4" /></mixed-citation>
				</ref>
				<ref id="ref-00009">
				<mixed-citation>M. Jones, G. Buchanan, and H. W. Thimbleby. Sorting out Searching on Small Screen Devices. In Proceedings of the 4th International Symposium on Human Computer Interaction with Mobile Devices, pages 81--94, 2002. <pub-id pub-id-type="doi" xlink:href="10.5555/645739.666738" /></mixed-citation>
				</ref>
				<ref id="ref-00010">
				<mixed-citation>S. Jones, M. Jones, and S. Deo. Using Keyphrases as Search Result Surrogates on Small Screen Devices. International Journal of Personal and Ubiquitous Computing, 8(1):55--68, 2004. <pub-id pub-id-type="doi" xlink:href="10.1007/s00779-004-0258-y" assigning-authority="crossref">10.1007/s00779-004-0258-y</pub-id> <pub-id pub-id-type="doi" xlink:href="10.1007/s00779-004-0258-y" /></mixed-citation>
				</ref>
				<ref id="ref-00011">
				<mixed-citation>P. Kendall. Worldwide Cellular User Forecasts, 2005-2010. Wireless Network Strategies, Strategic Analytics, 2006.</mixed-citation>
				</ref>
				<ref id="ref-00012">
				<mixed-citation>S. Lawrence and C. L. Giles. Searching the World Wide Web. Science, 280(5360):98--100, 1998.</mixed-citation>
				</ref>
				<ref id="ref-00013">
				<mixed-citation>N. Milic-Frayling, R. Sommerer, K. Rodden, and A. F. Blackwell. SearchMobil: Web Viewing and Search for Mobile Devices. In WWW (Posters), 2003.</mixed-citation>
				</ref>
				<ref id="ref-00014">
				<mixed-citation>B. Smyth, E. Balfe, O. Boydell, K. Bradley, P. Briggs, M. Coyle, and J. Freyne. A Live-User Evaluation of Collaborative Web Search. In IJCAI '05: Proceedings of the 19th International Joint Conference on Artificial Intelligence, pages 1419--1424, Edinburgh. Scotland, 2005. <pub-id pub-id-type="doi" xlink:href="10.5555/1642293.1642518" /></mixed-citation>
				</ref>
				<ref id="ref-00015">
				<mixed-citation>B. Smyth, E. Balfe, J. Freyne, P. Briggs, M. Coyle, and O. Boydell. Exploiting Query Repetition &amp; Regularity in an Adaptive Community-Based Web Search Engine. User Modeling and User Adapted Interaction, 14(5):383--423, 2005. <pub-id pub-id-type="doi" xlink:href="10.1007/s11257-004-5270-4" assigning-authority="crossref">10.1007/s11257-004-5270-4</pub-id> <pub-id pub-id-type="doi" xlink:href="10.1007/s11257-004-5270-4" /></mixed-citation>
				</ref>
				<ref id="ref-00016">
				<mixed-citation>B. Smyth, J. Freyne, M. Coyle, P. Briggs, and E. Balfe. I-SPY -- Anonymous, Community-Based Personalization by Collaborative Meta-Search. In Proceedings of the 23rd SGAI International Conference on Innovative Techniques and Applications of Artificial Intelligence, 2003.</mixed-citation>
				</ref>
				<ref id="ref-00017">
				<mixed-citation>TechNews. Mobile Web Browsing May Become Dominant Internet Platform. http://www.technologynewsdaily.com/node/2501, April 2006. Last Checked 28th April 2006.</mixed-citation>
				</ref>
				<ref id="ref-00018">
				<mixed-citation>J. O. Wobbrock, J. Forlizzi, S. E. Hudson, and B. A. Myers. WebThumb: Interaction Techniques for Small-Screen Browsers. In UIST '02: Proceedings of the 15th Annual ACM Symposium on User Interface Software and Technology, pages 205--208. ACM Press, 2002. <pub-id pub-id-type="doi" xlink:href="10.1145/571985.572014" assigning-authority="crossref">10.1145/571985.572014</pub-id> <pub-id pub-id-type="doi" xlink:href="10.1145/571985.572014" /></mixed-citation>
				</ref>
				<ref id="ref-00019">
				<mixed-citation>X. Xie, G. Miao, R. Song, J.-R. Wen, and W.-Y. Ma. Efficient Browsing of Web Search Results on Mobile Devices Based on Block Importance Model. In PerCom 2005: Proceedings of the 3rd IEEE International Conference on Pervasive Computing and Communications, pages 17--26. IEEE Computer Society, 2005. <pub-id pub-id-type="doi" xlink:href="10.1109/PERCOM.2005.16" assigning-authority="crossref">10.1109/PERCOM.2005.16</pub-id> <pub-id pub-id-type="doi" xlink:href="10.1109/PERCOM.2005.16" /></mixed-citation>
				</ref>
			</ref-list>
</back>
</book-part>
</book-part-wrapper>
