<?xml version="1.0" encoding="UTF-8"?>
<!DOCTYPE book-part-wrapper PUBLIC "-//NLM//DTD BITS Book Interchange DTD with OASIS and XHTML Tables v2.0 20151225//EN" "BITS-book-oasis2.dtd">
<book-part-wrapper xmlns:xlink="http://www.w3.org/1999/xlink" xmlns:mml="http://www.w3.org/1998/Math/MathML" xmlns:oasis="http://www.niso.org/standards/z39-96/ns/oasis-exchange/table" xmlns:xi="http://www.w3.org/2001/XInclude" xmlns:xsi="http://www.w3.org/2001/XMLSchema-instance" dtd-version="2.0" xml:lang="en">
<collection-meta collection-type="book-series">
    <collection-id collection-id-type="doi">10.1145/acmotherconferences</collection-id>
    <title-group>
        <title>ACM Other Conferences</title>
    </title-group>
</collection-meta>
	<book-meta>
		<book-id book-id-type="acm-id">1133219</book-id>
		<book-id book-id-type="doi">10.1145/1133219</book-id>
		<book-title-group>
			<book-title>Proceedings of the 2006 international cross-disciplinary workshop on Web accessibility (W4A): Building the mobile web: rediscovering accessibility?</book-title>
			<alt-title alt-title-type="acronym">W4A '06</alt-title>
		</book-title-group>
	</book-meta>
	<book-part xmlns:ali="http://www.niso.org/schemas/ali/1.0/" book-part-type="chapter" xml:lang="en">
		<book-part-meta>
			<book-part-id book-part-id-type="acm-id">1133226</book-part-id>
			<book-part-id book-part-id-type="doi">10.1145/1133219.1133226</book-part-id>
	<subj-group subj-group-type="ccs2012">
		<compound-subject>
			<compound-subject-part content-type="code">10003120.10003121</compound-subject-part>
			<compound-subject-part content-type="text">Human-centered computing~Human computer interaction (HCI)</compound-subject-part>
			<compound-subject-part content-type="weight">500</compound-subject-part>
		</compound-subject>
		<compound-subject>
			<compound-subject-part content-type="code">10003120.10003121</compound-subject-part>
			<compound-subject-part content-type="text">Human-centered computing~Human computer interaction (HCI)</compound-subject-part>
			<compound-subject-part content-type="weight">100</compound-subject-part>
		</compound-subject>
		<compound-subject>
			<compound-subject-part content-type="code">10010147.10010178.10010216.10010217</compound-subject-part>
			<compound-subject-part content-type="text">Computing methodologies~Artificial intelligence~Philosophical/theoretical foundations of artificial intelligence~Cognitive science</compound-subject-part>
			<compound-subject-part content-type="weight">100</compound-subject-part>
		</compound-subject>
		<compound-subject>
			<compound-subject-part content-type="code">10003456.10010927.10003616</compound-subject-part>
			<compound-subject-part content-type="text">Social and professional topics~User characteristics~People with disabilities</compound-subject-part>
			<compound-subject-part content-type="weight">100</compound-subject-part>
		</compound-subject>
		<compound-subject>
			<compound-subject-part content-type="code">10003456.10003457.10003580.10003587</compound-subject-part>
			<compound-subject-part content-type="text">Social and professional topics~Professional topics~Computing profession~Assistive technologies</compound-subject-part>
			<compound-subject-part content-type="weight">100</compound-subject-part>
		</compound-subject>
	</subj-group>
			<title-group>
				<title>Structure benefits all</title>
			</title-group>
<contrib-group>
   <contrib contrib-type="author" id="artseq-00001">
       <contrib-id contrib-id-type="person_id" authenticated="false">P785835</contrib-id><contrib-id contrib-id-type="profile_id" authenticated="false">81314483777</contrib-id>
       <name name-style="western">
           <surname>Leventhal</surname>
           <given-names>Aaron</given-names>
       </name>
	<aff>IBM, Arlington, MA</aff><aff><institution-wrap><institution-id institution-id-type="profile_id">60021293</institution-id></institution-wrap></aff>
	<role>Author</role>
   </contrib>
</contrib-group>
   <pub-date date-type="publication">
   <day>22</day>
   <month>05</month>
   <year>2006</year>
   </pub-date>
				<fpage>33</fpage>
				<lpage>37</lpage>
		<permissions>
			<copyright-year>2006</copyright-year>
			<copyright-holder>ACM</copyright-holder>
			<license license-type="acmcopyright">
			<license-p>Permission to make digital or hard copies of all or part of this work for personal or classroom use is granted without fee provided that copies are not made or distributed for profit or commercial advantage and that copies bear this notice and the full citation on the first page. Copyrights for components of this work owned by others than ACM must be honored. Abstracting with credit is permitted. To copy otherwise, or republish, to post on servers or to redistribute to lists, requires prior specific permission and/or a fee. Request permissions from Permissions@acm.org</license-p>
			</license>
		</permissions>
		<self-uri content-type="pdf" xlink:href="1133219.1133226.pdf" />
	<abstract>
		<p>Accessibility for the Dynamic Web is now possible due to new standards being developed at the W3C and being implemented in Firefox. The technology allows today's web pages to contain additional markup describing semantics. An often-cited benefit of this technology is the ability to describe scripted widgets with dynamic behaviour. However, another major benefit is to differentiate the sections of a web page, via human-readable labels or predefined semantics such as "main", "contentinfo", "navigation" and "search". Marking the sections of a web page offers significant improvement for users who need access to today's web with a small device or an assistive technology.</p>
	</abstract>
<kwd-group>
<kwd>accessibility</kwd>
<kwd>dynamic HTML</kwd>
<kwd>semantics</kwd>
<kwd>user agents</kwd>
</kwd-group>
		</book-part-meta>
		
	<back>
<ref-list specific-use="unparsed">
				<ref id="ref-00001">
				<mixed-citation>R. Beattie. Opera Mini: Best Mobile Web Browser Bar. None publicly available at http://www.russellbeattie.com/notebook/1008770.html</mixed-citation>
				</ref>
				<ref id="ref-00002">
				<mixed-citation>M. Wilton-Jones. Mobile browser rendering, publicly available at http://www.howtocreate.co.uk/operaStuff/devices/</mixed-citation>
				</ref>
				<ref id="ref-00003">
				<mixed-citation>Opera Inc. Making Small Devices Look Great, publicly available at http://my.opera.com/community/dev/device/</mixed-citation>
				</ref>
				<ref id="ref-00004">
				<mixed-citation>Developers Home, Tutorial about Detecting User Agent Types and Client Device Capabilities, publicly available at http://www.developershome.com/wap/detection/</mixed-citation>
				</ref>
				<ref id="ref-00005">
				<mixed-citation>Axelsson, J, Birbeck, M., Dubinko, M., Epperson, B., Ishikawa, M. McCarron, S., Navaro, A., Pemberton, S. XHTMLTM 2.0 W3C Working Draft (May 2005) publicly available at http://www.w3.org/TR/2005/WD-xhtml2-20050527/</mixed-citation>
				</ref>
				<ref id="ref-00006">
				<mixed-citation>M. Pilgrim, B. Gibson, A. Leventhal. Embedding Accessibility Role and State Metadata in HTML Documents, publicly available at http://www.w3.org/WAI/PF/adaptable/HTML4/embedding-20060318.html</mixed-citation>
				</ref>
				<ref id="ref-00007">
				<mixed-citation>A. Leventhal. Accessible DHTML, publicly available at http://developer.mozilla.org/en/docs/Accessible_DHTML</mixed-citation>
				</ref>
			</ref-list>
</back>
</book-part>
</book-part-wrapper>
