<?xml version="1.0" encoding="UTF-8"?>
<!DOCTYPE book-part-wrapper PUBLIC "-//NLM//DTD BITS Book Interchange DTD with OASIS and XHTML Tables v2.0 20151225//EN" "BITS-book-oasis2.dtd">
<book-part-wrapper xmlns:xlink="http://www.w3.org/1999/xlink" xmlns:mml="http://www.w3.org/1998/Math/MathML" xmlns:oasis="http://www.niso.org/standards/z39-96/ns/oasis-exchange/table" xmlns:xi="http://www.w3.org/2001/XInclude" xmlns:xsi="http://www.w3.org/2001/XMLSchema-instance" dtd-version="2.0" xml:lang="en">
<collection-meta collection-type="book-series">
    <collection-id collection-id-type="doi">10.1145/acmconferences</collection-id>
    <title-group>
        <title>ACM Conferences</title>
    </title-group>
</collection-meta>
	<book-meta>
		<book-id book-id-type="acm-id">1243441</book-id>
		<book-id book-id-type="doi">10.1145/1243441</book-id>
		<book-title-group>
			<book-title>Proceedings of the 2007 international cross-disciplinary conference on Web accessibility (W4A)</book-title>
			<alt-title alt-title-type="acronym">W4A '07</alt-title>
		</book-title-group>
	</book-meta>
	<book-part xmlns:ali="http://www.niso.org/schemas/ali/1.0/" book-part-type="chapter" xml:lang="en">
		<book-part-meta>
			<book-part-id book-part-id-type="acm-id">1243451</book-part-id>
			<book-part-id book-part-id-type="doi">10.1145/1243441.1243451</book-part-id>
	<subj-group subj-group-type="ccs2012">
		<compound-subject>
			<compound-subject-part content-type="code">10003456</compound-subject-part>
			<compound-subject-part content-type="text">Social and professional topics</compound-subject-part>
			<compound-subject-part content-type="weight">500</compound-subject-part>
		</compound-subject>
		<compound-subject>
			<compound-subject-part content-type="code">10003120.10003121</compound-subject-part>
			<compound-subject-part content-type="text">Human-centered computing~Human computer interaction (HCI)</compound-subject-part>
			<compound-subject-part content-type="weight">100</compound-subject-part>
		</compound-subject>
		<compound-subject>
			<compound-subject-part content-type="code">10011007</compound-subject-part>
			<compound-subject-part content-type="text">Software and its engineering</compound-subject-part>
			<compound-subject-part content-type="weight">100</compound-subject-part>
		</compound-subject>
		<compound-subject>
			<compound-subject-part content-type="code">10003456</compound-subject-part>
			<compound-subject-part content-type="text">Social and professional topics</compound-subject-part>
			<compound-subject-part content-type="weight">100</compound-subject-part>
		</compound-subject>
	</subj-group>
			<title-group>
				<title>Web browser accessibility using open source software</title>
			</title-group>
<contrib-group>
   <contrib contrib-type="author" id="artseq-00001">
       <contrib-id contrib-id-type="person_id" authenticated="false">PP28033965</contrib-id><contrib-id contrib-id-type="profile_id" authenticated="false">81100546479</contrib-id>
       <name name-style="western">
           <surname>Obrenović</surname>
           <given-names>Željko</given-names>
       </name>
	<aff>CWI, Amsterdam, The Netherlands</aff><aff><institution-wrap><institution-id institution-id-type="profile_id">60011575</institution-id></institution-wrap></aff>
	<role>Author</role>
   </contrib>
   <contrib contrib-type="author" id="artseq-00002">
       <contrib-id contrib-id-type="person_id" authenticated="false">P130336</contrib-id><contrib-id contrib-id-type="profile_id" authenticated="false">81100090262</contrib-id>
       <name name-style="western">
           <surname>van Ossenbruggen</surname>
           <given-names>Jacco</given-names>
       </name>
	<aff>CWI, Amsterdam, The Netherlands</aff><aff><institution-wrap><institution-id institution-id-type="profile_id">60011575</institution-id></institution-wrap></aff>
	<role>Author</role>
   </contrib>
</contrib-group>
   <pub-date date-type="publication">
   <day>07</day>
   <month>05</month>
   <year>2007</year>
   </pub-date>
				<fpage>15</fpage>
				<lpage>24</lpage>
		<permissions>
			<copyright-year>2007</copyright-year>
			<copyright-holder>ACM</copyright-holder>
			<license license-type="acmcopyright">
			<license-p>Permission to make digital or hard copies of all or part of this work for personal or classroom use is granted without fee provided that copies are not made or distributed for profit or commercial advantage and that copies bear this notice and the full citation on the first page. Copyrights for components of this work owned by others than ACM must be honored. Abstracting with credit is permitted. To copy otherwise, or republish, to post on servers or to redistribute to lists, requires prior specific permission and/or a fee. Request permissions from Permissions@acm.org</license-p>
			</license>
		</permissions>
		<self-uri content-type="pdf" xlink:href="1243441.1243451.pdf" />
	<abstract>
		<p>A Web browser provides a uniform user interface to different types of information. Making this interface universally accessible and more interactive is a long term goal still far from being achieved. Universally accessible browsers require novel interaction modalities and additional functionalities, for which existing browsers tend to provide only partial solutions. Although functionality for Web accessibility can be found as open source and free software components, their reuse and integration is complex because they were developed in diverse implementation environments, following standards and conventions incompatible with the Web.</p> <p>To enable the integration of existing partial solutions within a mainstream Web browser environment, we have developed a middleware infrastructure, AMICO:WEB. This enables browser access to a wide variety of open source and free software components. The main contribution of AMICO:WEB is in enabling the syntactic interoperability between Web extension mechanisms and a variety of integration mechanisms used by open source and free software components. It also bridges the semantic differences between the high-level world of Web XML-based APIs and the low-level APIs of the device-oriented world.</p> <p>We discuss the design decisions made during the development of AMICO:WEB in the context of Web accessibility, using two typical usage scenarios: one describing a disabled user using a mainstream Web browser with additional interaction modalities; another describing a non-disabled user browsing in a suboptimal interaction situation.</p>
	</abstract>
<kwd-group>
<kwd>middleware</kwd>
<kwd>open source software</kwd>
<kwd>software platform</kwd>
<kwd>user interfaces</kwd>
<kwd>web accessibility</kwd>
</kwd-group>
		</book-part-meta>
		
	<back>
<ref-list specific-use="unparsed">
				<ref id="ref-00001">
				<mixed-citation>C. Asakawa and T. Itoh. User interface of a Home Page Reader. In <italic toggle="yes">ASSETS '98: Proceedings of the third international ACM conference on Assistive technologies</italic>, pages 149--156, Marina del Rey, California, USA, 1998. ACM Press. <pub-id pub-id-type="doi" xlink:href="10.1145/274497.274526" assigning-authority="crossref">10.1145/274497.274526</pub-id> <pub-id pub-id-type="doi" xlink:href="10.1145/274497.274526" /></mixed-citation>
				</ref>
				<ref id="ref-00002">
				<mixed-citation>M. Birbeck, J. Boyer, A. Gilman, K. Kelly, S. Pemberton, and C. Wiecha. Rich Web Application Backplane, W3C Note 19 July 2006, http://www.w3.org/MarkUp/Forms/2006/backplane/.W3C Note, 2006.</mixed-citation>
				</ref>
				<ref id="ref-00003">
				<mixed-citation>M. Boyns. Muffin Web Filtering System, http://muffin.doit.org/, 2004.</mixed-citation>
				</ref>
				<ref id="ref-00004">
				<mixed-citation>J. Clark. XSL Transformations (XSLT) Version 1.0. W3C Recommendation, 16 November 1999.</mixed-citation>
				</ref>
				<ref id="ref-00005">
				<mixed-citation>ConceptNet. Commonsense and NLP Toolkit, http://web.media.mit.edu/~hugo/conceptnet/, 2006.</mixed-citation>
				</ref>
				<ref id="ref-00006">
				<mixed-citation>W. Consortium. Extensible 3D (X3D) Specification (ISO/IEC 19775:2004), http://www.web3d.org/x3d/specifications/, 2004.</mixed-citation>
				</ref>
				<ref id="ref-00007">
				<mixed-citation>W. K. Edwards. Putting computing in context: An infrastructure to support extensible context-enhanced collaborative applications. <italic toggle="yes">ACM Transactions on Computer-Human Interaction (TOCHI)</italic>, 12(4):446--474, December 2005. <pub-id pub-id-type="doi" xlink:href="10.1145/1121112.1121117" assigning-authority="crossref">10.1145/1121112.1121117</pub-id> <pub-id pub-id-type="doi" xlink:href="10.1145/1121112.1121117" /></mixed-citation>
				</ref>
				<ref id="ref-00008">
				<mixed-citation>FreeTTS. Text-to-Speech Synthesizer, http://freetts.sourceforge.net/, 2006.</mixed-citation>
				</ref>
				<ref id="ref-00009">
				<mixed-citation>HandVu. Hand Gesture Recognitizer, http://www.movesinstitute.org/~kolsch/HandVu/, 2006.</mixed-citation>
				</ref>
				<ref id="ref-00010">
				<mixed-citation>V. L. Hanson, J. P. Brezin, S. Crayne, S. Keates, R. Kjeldsen, J. T. Richards, C. Swart, and S. Trewin. Improving Web accessibility through an enhanced open-source browser. <italic toggle="yes">IBM Systems Journal</italic>, 44(3):573--588, October-December 2005. <pub-id pub-id-type="doi" xlink:href="10.1147/sj.443.0573" assigning-authority="crossref">10.1147/sj.443.0573</pub-id> <pub-id pub-id-type="doi" xlink:href="10.1147/sj.443.0573" /></mixed-citation>
				</ref>
				<ref id="ref-00011">
				<mixed-citation>M. J. Karels. Commercializing Open Source Software. <italic toggle="yes">ACM Queue</italic>, 1(5), July-August 2003. <pub-id pub-id-type="doi" xlink:href="10.1145/945074.945125" assigning-authority="crossref">10.1145/945074.945125</pub-id> <pub-id pub-id-type="doi" xlink:href="10.1145/945074.945125" /></mixed-citation>
				</ref>
				<ref id="ref-00012">
				<mixed-citation>A. Liu and I. Gorton. Accelerating COTS Middleware Acquisition: The i-Mate Process. <italic toggle="yes">IEEE Software</italic>, 20(1):72--79, January 2003. <pub-id pub-id-type="doi" xlink:href="10.1109/MS.2003.1184171" assigning-authority="crossref">10.1109/MS.2003.1184171</pub-id> <pub-id pub-id-type="doi" xlink:href="10.1109/MS.2003.1184171" /></mixed-citation>
				</ref>
				<ref id="ref-00013">
				<mixed-citation>T. R. Madanmohan and R. De. Open Source Reuse in Commercial Firms. <italic toggle="yes">IEEE Software</italic>, 21(6):62--69, November 2004. <pub-id pub-id-type="doi" xlink:href="10.1109/MS.2004.45" assigning-authority="crossref">10.1109/MS.2004.45</pub-id> <pub-id pub-id-type="doi" xlink:href="10.1109/MS.2004.45" /></mixed-citation>
				</ref>
				<ref id="ref-00014">
				<mixed-citation>MARY. Text-to-Speech System for English, German and Tibetan, http://mary.dfki.de/, 2006.</mixed-citation>
				</ref>
				<ref id="ref-00015">
				<mixed-citation>R. C. Miller and B. A. Myers. Integrating a Command Shell into a Web Browser. In <italic toggle="yes">Proceedings of USENIX 2000 Annual Technical Conference</italic>, pages 171--182, San Diego, CA, 2000. <pub-id pub-id-type="doi" xlink:href="10.5555/1267724.1267739" /></mixed-citation>
				</ref>
				<ref id="ref-00016">
				<mixed-citation>S. Milne, A. Dickinson, A. Carmichael, D. Sloan, R. Eisma, and P. Gregor. Are guidelines enough? An introduction to designing Web sites accessible to older people. <italic toggle="yes">IBM Systems Journal</italic>, 44(3):557--572, October-December 2005. <pub-id pub-id-type="doi" xlink:href="10.1147/sj.443.0557" assigning-authority="crossref">10.1147/sj.443.0557</pub-id> <pub-id pub-id-type="doi" xlink:href="10.1147/sj.443.0557" /></mixed-citation>
				</ref>
				<ref id="ref-00017">
				<mixed-citation>NeXTeNS. Text-to-Speech Synthesizer for Dutch, http://nextens.uvt.nl/, 2006.</mixed-citation>
				</ref>
				<ref id="ref-00018">
				<mixed-citation>S. Oaks. <italic toggle="yes">Java Security, 2 edition</italic>. O'Reilly Media, 2001. <pub-id pub-id-type="doi" xlink:href="10.5555/286063" /></mixed-citation>
				</ref>
				<ref id="ref-00019">
				<mixed-citation>Z. Obrenovic, F. Nack, and L. Hardman. Designing interactive ambient multimedia applications: requirements and implementation challenges. Technical Report INS-E0605, CWI, 2006.</mixed-citation>
				</ref>
				<ref id="ref-00020">
				<mixed-citation>OpenCV. Computer Vision Library, http://opencvlibrary.sourceforge.net/, 2006.</mixed-citation>
				</ref>
				<ref id="ref-00021">
				<mixed-citation>PAW. Pro-active Web Filter, http://paw-project.sourceforge.net/, 2006.</mixed-citation>
				</ref>
				<ref id="ref-00022">
				<mixed-citation>J. T. Richards and V. L. Hanson. Web accessibility: a broader view. In <italic toggle="yes">WWW '04: Proceedings of the 13th international Conference on World Wide Web</italic>, pages 72--79, New York, NY, USA, 2004. ACM Press. <pub-id pub-id-type="doi" xlink:href="10.1145/988672.988683" assigning-authority="crossref">10.1145/988672.988683</pub-id> <pub-id pub-id-type="doi" xlink:href="10.1145/988672.988683" /></mixed-citation>
				</ref>
				<ref id="ref-00023">
				<mixed-citation>Sesame. RDF database, http://www.openrdf.org/, 2006.</mixed-citation>
				</ref>
				<ref id="ref-00024">
				<mixed-citation>Sphinx-4. English Speech Recognizer, http://cmusphinx.sourceforge.net/sphinx4/, 2006.</mixed-citation>
				</ref>
				<ref id="ref-00025">
				<mixed-citation>W3C. Device Independence Activity. W3C working group.</mixed-citation>
				</ref>
				<ref id="ref-00026">
				<mixed-citation>W3C. Web Accessibility Initiative. W3C working group.</mixed-citation>
				</ref>
				<ref id="ref-00027">
				<mixed-citation>W3C. Multimodal Interaction Framework, W3C note, 6 May 2003, http://www.w3.org/TR/mmi-framework/, 2003.</mixed-citation>
				</ref>
				<ref id="ref-00028">
				<mixed-citation>W3C. Alternative Web Browsing Index, http://www.w3.org/WAI/References/Browsing, 2006.</mixed-citation>
				</ref>
				<ref id="ref-00029">
				<mixed-citation>W3C. "Voice Browser" Activity, http://www.w3.org/Voice/, 2006.</mixed-citation>
				</ref>
				<ref id="ref-00030">
				<mixed-citation>WordNet. WordNet Lexical Reference System Project Page, http://wordnet.princeton.edu/, 2006.</mixed-citation>
				</ref>
				<ref id="ref-00031">
				<mixed-citation>Zajicek, M., Powell, C., Reeves, and C. 1998. A Web navigation tool for the blind. In <italic toggle="yes">ASSETS '98: Proceedings of the Third international ACM Conference on Assistive Technologies</italic>, pages 204--206, Marina del Rey, California, USA, 1998. ACM Press. <pub-id pub-id-type="doi" xlink:href="10.1145/274497.274534" assigning-authority="crossref">10.1145/274497.274534</pub-id> <pub-id pub-id-type="doi" xlink:href="10.1145/274497.274534" /></mixed-citation>
				</ref>
			</ref-list>
</back>
</book-part>
</book-part-wrapper>
