<?xml version="1.0" encoding="UTF-8"?>
<!DOCTYPE book-part-wrapper PUBLIC "-//NLM//DTD BITS Book Interchange DTD with OASIS and XHTML Tables v2.0 20151225//EN" "BITS-book-oasis2.dtd">
<book-part-wrapper xmlns:xlink="http://www.w3.org/1999/xlink" xmlns:mml="http://www.w3.org/1998/Math/MathML" xmlns:oasis="http://www.niso.org/standards/z39-96/ns/oasis-exchange/table" xmlns:xi="http://www.w3.org/2001/XInclude" xmlns:xsi="http://www.w3.org/2001/XMLSchema-instance" dtd-version="2.0" xml:lang="en">
<collection-meta collection-type="book-series">
    <collection-id collection-id-type="doi">10.1145/acmconferences</collection-id>
    <title-group>
        <title>ACM Conferences</title>
    </title-group>
</collection-meta>
	<book-meta>
		<book-id book-id-type="acm-id">1243441</book-id>
		<book-id book-id-type="doi">10.1145/1243441</book-id>
		<book-title-group>
			<book-title>Proceedings of the 2007 international cross-disciplinary conference on Web accessibility (W4A)</book-title>
			<alt-title alt-title-type="acronym">W4A '07</alt-title>
		</book-title-group>
	</book-meta>
	<book-part xmlns:ali="http://www.niso.org/schemas/ali/1.0/" book-part-type="chapter" xml:lang="en">
		<book-part-meta>
			<book-part-id book-part-id-type="acm-id">1243460</book-part-id>
			<book-part-id book-part-id-type="doi">10.1145/1243441.1243460</book-part-id>
	<subj-group subj-group-type="ccs2012">
		<compound-subject>
			<compound-subject-part content-type="code">10002951.10003260.10003309.10010512</compound-subject-part>
			<compound-subject-part content-type="text">Information systems~World Wide Web~Web data description languages~Markup languages</compound-subject-part>
			<compound-subject-part content-type="weight">500</compound-subject-part>
		</compound-subject>
		<compound-subject>
			<compound-subject-part content-type="code">10010405.10010497.10010510.10010512</compound-subject-part>
			<compound-subject-part content-type="text">Applied computing~Document management and text processing~Document preparation~Markup languages</compound-subject-part>
			<compound-subject-part content-type="weight">500</compound-subject-part>
		</compound-subject>
		<compound-subject>
			<compound-subject-part content-type="code">10010405.10010497.10010510</compound-subject-part>
			<compound-subject-part content-type="text">Applied computing~Document management and text processing~Document preparation</compound-subject-part>
			<compound-subject-part content-type="weight">100</compound-subject-part>
		</compound-subject>
		<compound-subject>
			<compound-subject-part content-type="code">10002944.10011122.10003459</compound-subject-part>
			<compound-subject-part content-type="text">General and reference~Document types~Computing standards, RFCs and guidelines</compound-subject-part>
			<compound-subject-part content-type="weight">100</compound-subject-part>
		</compound-subject>
		<compound-subject>
			<compound-subject-part content-type="code">10010405.10010497.10010510.10011689</compound-subject-part>
			<compound-subject-part content-type="text">Applied computing~Document management and text processing~Document preparation~Document scripting languages</compound-subject-part>
			<compound-subject-part content-type="weight">100</compound-subject-part>
		</compound-subject>
	</subj-group>
			<title-group>
				<title>Accessibility for simple to moderate-complexity DHTML web sites</title>
			</title-group>
<contrib-group>
   <contrib contrib-type="author" id="artseq-00001">
       <contrib-id contrib-id-type="person_id" authenticated="false">P866004</contrib-id><contrib-id contrib-id-type="profile_id" authenticated="false">81351599262</contrib-id>
       <name name-style="western">
           <surname>Shelly</surname>
           <given-names>Cynthia C.</given-names>
       </name>
	<aff>Microsoft Corporation, One Microsoft Way, Redmond, WA</aff><aff><institution-wrap><institution-id institution-id-type="profile_id">60026532</institution-id></institution-wrap></aff>
	<role>Author</role>
   </contrib>
   <contrib contrib-type="author" id="artseq-00002">
       <contrib-id contrib-id-type="person_id" authenticated="false">PP28033955</contrib-id><contrib-id contrib-id-type="profile_id" authenticated="false">81541927456</contrib-id>
       <name name-style="western">
           <surname>Young</surname>
           <given-names>George</given-names>
       </name>
	<aff>Microsoft Corporation, One Microsoft Way, Redmond, WA</aff><aff><institution-wrap><institution-id institution-id-type="profile_id">60026532</institution-id></institution-wrap></aff>
	<role>Author</role>
   </contrib>
</contrib-group>
   <pub-date date-type="publication">
   <day>07</day>
   <month>05</month>
   <year>2007</year>
   </pub-date>
				<fpage>65</fpage>
				<lpage>73</lpage>
		<permissions>
			<copyright-year>2007</copyright-year>
			<copyright-holder>ACM</copyright-holder>
			<license license-type="acmcopyright">
			<license-p>Permission to make digital or hard copies of all or part of this work for personal or classroom use is granted without fee provided that copies are not made or distributed for profit or commercial advantage and that copies bear this notice and the full citation on the first page. Copyrights for components of this work owned by others than ACM must be honored. Abstracting with credit is permitted. To copy otherwise, or republish, to post on servers or to redistribute to lists, requires prior specific permission and/or a fee. Request permissions from Permissions@acm.org</license-p>
			</license>
		</permissions>
		<self-uri content-type="pdf" xlink:href="1243441.1243460.pdf" />
	<abstract>
		<p>In this paper, we describe specific design and coding techniques for the creation of simple to medium complexity Dynamic HTML and AJAX applications, which are accessible to people with disabilities using mainstream user agents and assistive technology available at the time of this writing.</p>
	</abstract>
<kwd-group>
<kwd>HTML</kwd>
<kwd>JavaScript</kwd>
<kwd>accessibility</kwd>
<kwd>dynamic HTML</kwd>
</kwd-group>
		</book-part-meta>
		
	<back>
<ref-list specific-use="unparsed">
				<ref id="ref-00001">
				<mixed-citation>Schwerdtfeger, R. et al. <italic toggle="yes">Roadmap for Accessible Rich Internet Applications (WAI-ARIA Roadmap)</italic>. World Wide Web Consortium Recommendation Working Draft, 2006.</mixed-citation>
				</ref>
				<ref id="ref-00002">
				<mixed-citation>Shelly, C., Young, G. <italic toggle="yes">Writing Accessible Web Applications</italic>. Microsoft Developer Network, 2006.</mixed-citation>
				</ref>
				<ref id="ref-00003">
				<mixed-citation>Vanderheiden, G. et al. <italic toggle="yes">Web Content Accessibility Guidelines 1.0</italic>, World Wide Web Consortium Recommendation, 1999</mixed-citation>
				</ref>
				<ref id="ref-00004">
				<mixed-citation>Vanderheiden, G. et al. <italic toggle="yes">Web Content Accessibility Guidelines 2.0</italic>, World Wide Web Consortium Recommendation Working Draft, 2006.</mixed-citation>
				</ref>
			</ref-list>
</back>
</book-part>
</book-part-wrapper>
