<?xml version="1.0" encoding="UTF-8"?>
<!DOCTYPE book-part-wrapper PUBLIC "-//NLM//DTD BITS Book Interchange DTD with OASIS and XHTML Tables v2.0 20151225//EN" "BITS-book-oasis2.dtd">
<book-part-wrapper xmlns:xlink="http://www.w3.org/1999/xlink" xmlns:mml="http://www.w3.org/1998/Math/MathML" xmlns:oasis="http://www.niso.org/standards/z39-96/ns/oasis-exchange/table" xmlns:xi="http://www.w3.org/2001/XInclude" xmlns:xsi="http://www.w3.org/2001/XMLSchema-instance" dtd-version="2.0" xml:lang="en">
<collection-meta collection-type="book-series">
    <collection-id collection-id-type="doi">10.1145/acmconferences</collection-id>
    <title-group>
        <title>ACM Conferences</title>
    </title-group>
</collection-meta>
	<book-meta>
		<book-id book-id-type="acm-id">1243441</book-id>
		<book-id book-id-type="doi">10.1145/1243441</book-id>
		<book-title-group>
			<book-title>Proceedings of the 2007 international cross-disciplinary conference on Web accessibility (W4A)</book-title>
			<alt-title alt-title-type="acronym">W4A '07</alt-title>
		</book-title-group>
	</book-meta>
	<book-part xmlns:ali="http://www.niso.org/schemas/ali/1.0/" book-part-type="chapter" xml:lang="en">
		<book-part-meta>
			<book-part-id book-part-id-type="acm-id">1243468</book-part-id>
			<book-part-id book-part-id-type="doi">10.1145/1243441.1243468</book-part-id>
	<subj-group subj-group-type="ccs2012">
		<compound-subject>
			<compound-subject-part content-type="code">10003456.10003457.10003580.10003587</compound-subject-part>
			<compound-subject-part content-type="text">Social and professional topics~Professional topics~Computing profession~Assistive technologies</compound-subject-part>
			<compound-subject-part content-type="weight">500</compound-subject-part>
		</compound-subject>
		<compound-subject>
			<compound-subject-part content-type="code">10003456.10010927.10003616</compound-subject-part>
			<compound-subject-part content-type="text">Social and professional topics~User characteristics~People with disabilities</compound-subject-part>
			<compound-subject-part content-type="weight">500</compound-subject-part>
		</compound-subject>
		<compound-subject>
			<compound-subject-part content-type="code">10010147.10010178.10010187</compound-subject-part>
			<compound-subject-part content-type="text">Computing methodologies~Artificial intelligence~Knowledge representation and reasoning</compound-subject-part>
			<compound-subject-part content-type="weight">100</compound-subject-part>
		</compound-subject>
		<compound-subject>
			<compound-subject-part content-type="code">10003120</compound-subject-part>
			<compound-subject-part content-type="text">Human-centered computing</compound-subject-part>
			<compound-subject-part content-type="weight">100</compound-subject-part>
		</compound-subject>
		<compound-subject>
			<compound-subject-part content-type="code">10003752.10003790</compound-subject-part>
			<compound-subject-part content-type="text">Theory of computation~Logic</compound-subject-part>
			<compound-subject-part content-type="weight">100</compound-subject-part>
		</compound-subject>
	</subj-group>
			<title-group>
				<title>Accessibility in non-professional web authoring tools</title>
				<subtitle>a missed web 2.0 opportunity?</subtitle>
			</title-group>
<contrib-group>
   <contrib contrib-type="author" id="artseq-00001">
       <contrib-id contrib-id-type="person_id" authenticated="false">PP31064531</contrib-id><contrib-id contrib-id-type="profile_id" authenticated="false">81100082155</contrib-id>
       <name name-style="western">
           <surname>Power</surname>
           <given-names>Christopher</given-names>
       </name>
	<aff>University of York, York, UK</aff><aff><institution-wrap><institution-id institution-id-type="profile_id">60016418</institution-id></institution-wrap></aff>
	<role>Author</role>
   </contrib>
   <contrib contrib-type="author" id="artseq-00002">
       <contrib-id contrib-id-type="person_id" authenticated="false">PP31063792</contrib-id><contrib-id contrib-id-type="profile_id" authenticated="false">81100022960</contrib-id>
       <name name-style="western">
           <surname>Petrie</surname>
           <given-names>Helen</given-names>
       </name>
	<aff>University of York, York, UK</aff><aff><institution-wrap><institution-id institution-id-type="profile_id">60016418</institution-id></institution-wrap></aff>
	<role>Author</role>
   </contrib>
</contrib-group>
   <pub-date date-type="publication">
   <day>07</day>
   <month>05</month>
   <year>2007</year>
   </pub-date>
				<fpage>116</fpage>
				<lpage>119</lpage>
		<permissions>
			<copyright-year>2007</copyright-year>
			<copyright-holder>ACM</copyright-holder>
			<license license-type="acmcopyright">
			<license-p>Permission to make digital or hard copies of all or part of this work for personal or classroom use is granted without fee provided that copies are not made or distributed for profit or commercial advantage and that copies bear this notice and the full citation on the first page. Copyrights for components of this work owned by others than ACM must be honored. Abstracting with credit is permitted. To copy otherwise, or republish, to post on servers or to redistribute to lists, requires prior specific permission and/or a fee. Request permissions from Permissions@acm.org</license-p>
			</license>
		</permissions>
		<self-uri content-type="pdf" xlink:href="1243441.1243468.pdf" />
	<abstract>
		<p>The advent of Web 2.0 technologies, and the increased participation of users in personalized web experiences, has created a need for new web authoring tools intended for use by non-professional web authors. These tools represent a prime opportunity for including accessibility features early in the tool design process. The results from an accessibility evaluation of one of these tools demonstrates that such opportunities could be easily missed.</p>
	</abstract>
		</book-part-meta>
		
	<back>
<ref-list specific-use="unparsed">
				<ref id="ref-00001">
				<mixed-citation>Bart Bauwens, Jan Engelen, Filip Evenepoel, Chris Tobin, and Tom Wesley. Increasing access to information for the print disabled through electronic documents in sgml. In <italic toggle="yes">ASSETS</italic>, pages 55--61. ACM, 1994.</mixed-citation>
				</ref>
				<ref id="ref-00002">
				<mixed-citation>Ben Caldwell, Wendy Chisholm, John Slatin, and Gregg Vanderheiden. Web Content Accessibility Guidelines 2.0 (draft). Online Website at http://www.w3.org/TR/WCAG20/ Retrieved February, 2007, 2007.</mixed-citation>
				</ref>
				<ref id="ref-00003">
				<mixed-citation>Wendy Chisholm, Gregg Vanderheiden, and Ian Jacobs. Web Content Accessibility Guidelines 1.0. W3C Website; Retireved in March, 2007 from http://www.w3.org/TR/WCAG10/, 1999.</mixed-citation>
				</ref>
				<ref id="ref-00004">
				<mixed-citation>Disability Rights Commission. The Web: Access and Inclusion for Disabled People, 2004.</mixed-citation>
				</ref>
				<ref id="ref-00005">
				<mixed-citation>Google. Page creator. Product Website; Retrieved in March, 2007 from http://pages.google.com, 2007.</mixed-citation>
				</ref>
				<ref id="ref-00006">
				<mixed-citation>Lev Grossman. Time's Person of the Year: You. <italic toggle="yes">Time Magazine</italic>, 168(26), 2006.</mixed-citation>
				</ref>
				<ref id="ref-00007">
				<mixed-citation>Apple Inc. iWeb. Product Website; Retrieved in March, 2007 from http://www.apple.com/ilife/iweb/, 2007.</mixed-citation>
				</ref>
				<ref id="ref-00008">
				<mixed-citation>Web Accessibility Initiative. Level A Conformance to Web Content Accessibility Guidelines 1.0. W3C Website; Retrieved in March, 2007 from http://www.w3.org/WAI/WCAG1A-Conformance, 1999.</mixed-citation>
				</ref>
				<ref id="ref-00009">
				<mixed-citation>Jutta Treviranus, Charles McCathieNevile, Ian Jacobs, and Jan Richards. Authoring tool accessibility guidelines 1.0. W3C Website; Retrieved in March, 2007 from http://www.w3.org/TR/WAI-AUTOOLS/, 1999.</mixed-citation>
				</ref>
			</ref-list>
</back>
</book-part>
</book-part-wrapper>
