<?xml version="1.0" encoding="UTF-8"?>
<!DOCTYPE book-part-wrapper PUBLIC "-//NLM//DTD BITS Book Interchange DTD with OASIS and XHTML Tables v2.0 20151225//EN" "BITS-book-oasis2.dtd">
<book-part-wrapper xmlns:xlink="http://www.w3.org/1999/xlink" xmlns:mml="http://www.w3.org/1998/Math/MathML" xmlns:oasis="http://www.niso.org/standards/z39-96/ns/oasis-exchange/table" xmlns:xi="http://www.w3.org/2001/XInclude" xmlns:xsi="http://www.w3.org/2001/XMLSchema-instance" dtd-version="2.0" xml:lang="en">
<collection-meta collection-type="book-series">
    <collection-id collection-id-type="doi">10.1145/acmconferences</collection-id>
    <title-group>
        <title>ACM Conferences</title>
    </title-group>
</collection-meta>
	<book-meta>
		<book-id book-id-type="acm-id">1243441</book-id>
		<book-id book-id-type="doi">10.1145/1243441</book-id>
		<book-title-group>
			<book-title>Proceedings of the 2007 international cross-disciplinary conference on Web accessibility (W4A)</book-title>
			<alt-title alt-title-type="acronym">W4A '07</alt-title>
		</book-title-group>
	</book-meta>
	<book-part xmlns:ali="http://www.niso.org/schemas/ali/1.0/" book-part-type="chapter" xml:lang="en">
		<book-part-meta>
			<book-part-id book-part-id-type="acm-id">1243461</book-part-id>
			<book-part-id book-part-id-type="doi">10.1145/1243441.1243461</book-part-id>
	<subj-group subj-group-type="ccs2012">
		<compound-subject>
			<compound-subject-part content-type="code">10003120.10003121.10003124.10003254</compound-subject-part>
			<compound-subject-part content-type="text">Human-centered computing~Human computer interaction (HCI)~Interaction paradigms~Hypertext / hypermedia</compound-subject-part>
			<compound-subject-part content-type="weight">500</compound-subject-part>
		</compound-subject>
		<compound-subject>
			<compound-subject-part content-type="code">10010405.10010497.10010510.10010515</compound-subject-part>
			<compound-subject-part content-type="text">Applied computing~Document management and text processing~Document preparation~Multi / mixed media creation</compound-subject-part>
			<compound-subject-part content-type="weight">500</compound-subject-part>
		</compound-subject>
		<compound-subject>
			<compound-subject-part content-type="code">10010405.10010497.10010510.10010515</compound-subject-part>
			<compound-subject-part content-type="text">Applied computing~Document management and text processing~Document preparation~Multi / mixed media creation</compound-subject-part>
			<compound-subject-part content-type="weight">100</compound-subject-part>
		</compound-subject>
		<compound-subject>
			<compound-subject-part content-type="code">10003456.10003457.10003580.10003587</compound-subject-part>
			<compound-subject-part content-type="text">Social and professional topics~Professional topics~Computing profession~Assistive technologies</compound-subject-part>
			<compound-subject-part content-type="weight">100</compound-subject-part>
		</compound-subject>
		<compound-subject>
			<compound-subject-part content-type="code">10010405.10010497.10010510.10010920</compound-subject-part>
			<compound-subject-part content-type="text">Applied computing~Document management and text processing~Document preparation~Hypertext / hypermedia creation</compound-subject-part>
			<compound-subject-part content-type="weight">100</compound-subject-part>
		</compound-subject>
		<compound-subject>
			<compound-subject-part content-type="code">10003456.10010927.10003616</compound-subject-part>
			<compound-subject-part content-type="text">Social and professional topics~User characteristics~People with disabilities</compound-subject-part>
			<compound-subject-part content-type="weight">100</compound-subject-part>
		</compound-subject>
	</subj-group>
			<title-group>
				<title>Leveraging rich accessible documents on the web</title>
			</title-group>
<contrib-group>
   <contrib contrib-type="author" id="artseq-00001">
       <contrib-id contrib-id-type="person_id" authenticated="false">PP38026789</contrib-id><contrib-id contrib-id-type="profile_id" authenticated="false">81547443356</contrib-id>
       <name name-style="western">
           <surname>Lopes</surname>
           <given-names>Rui</given-names>
       </name>
	<aff>University of Lisbon, Lisboa, Portugal</aff><aff><institution-wrap><institution-id institution-id-type="profile_id">60106051</institution-id></institution-wrap></aff>
	<role>Author</role>
   </contrib>
   <contrib contrib-type="author" id="artseq-00002">
       <contrib-id contrib-id-type="person_id" authenticated="false">PP28032467</contrib-id><contrib-id contrib-id-type="profile_id" authenticated="false">81100160018</contrib-id>
       <name name-style="western">
           <surname>Carriço</surname>
           <given-names>Luís</given-names>
       </name>
	<aff>University of Lisbon, Lisboa, Portugal</aff><aff><institution-wrap><institution-id institution-id-type="profile_id">60106051</institution-id></institution-wrap></aff>
	<role>Author</role>
   </contrib>
</contrib-group>
   <pub-date date-type="publication">
   <day>07</day>
   <month>05</month>
   <year>2007</year>
   </pub-date>
				<fpage>74</fpage>
				<lpage>83</lpage>
		<permissions>
			<copyright-year>2007</copyright-year>
			<copyright-holder>ACM</copyright-holder>
			<license license-type="acmcopyright">
			<license-p>Permission to make digital or hard copies of all or part of this work for personal or classroom use is granted without fee provided that copies are not made or distributed for profit or commercial advantage and that copies bear this notice and the full citation on the first page. Copyrights for components of this work owned by others than ACM must be honored. Abstracting with credit is permitted. To copy otherwise, or republish, to post on servers or to redistribute to lists, requires prior specific permission and/or a fee. Request permissions from Permissions@acm.org</license-p>
			</license>
		</permissions>
		<self-uri content-type="pdf" xlink:href="1243441.1243461.pdf" />
	<abstract>
		<p>This paper presents a new approach on leveraging accessibility for rich document delivery to the Web. The proposal entails a profile modeling task, where multidisciplinary teams can discuss users, devices, and usage scenarios, in order to grasp and synthesise the different document delivery scenarios. A document production framework is presented, which can be configured according to modeled profiles. By using this approach, documents are tailored to users in such a way that rich interaction capabilities are maintained, without sacrificing content accessibility.</p>
	</abstract>
<kwd-group>
<kwd>document production</kwd>
<kwd>profile modeling</kwd>
<kwd>web accessibility</kwd>
</kwd-group>
		</book-part-meta>
		
	<back>
<ref-list specific-use="unparsed">
				<ref id="ref-00001">
				<mixed-citation>M. J. Adler and C. V. Doren. <italic toggle="yes">How to Read a Book</italic>. Simon and Schuster, New York, 1972.</mixed-citation>
				</ref>
				<ref id="ref-00002">
				<mixed-citation>M. T. Atkinson, J. Dhiensa, and C. H. C. Machin. Opening up Access to Online Documents using Essentiality Tracks. In <italic toggle="yes">W4A: Proceedings of the 2006 international cross-disciplinary workshop on Web accessibility (W4A)</italic>, pages 6--13, New York, NY, USA, 2006. ACM Press. <pub-id pub-id-type="doi" xlink:href="10.1145/1133219.1133222" assigning-authority="crossref">10.1145/1133219.1133222</pub-id> <pub-id pub-id-type="doi" xlink:href="10.1145/1133219.1133222" /></mixed-citation>
				</ref>
				<ref id="ref-00003">
				<mixed-citation>D. Beckett. RDF/XML Syntax Specification (Revised). http://www.w3.org/TR/rdf-syntax-grammar/, February 2004.</mixed-citation>
				</ref>
				<ref id="ref-00004">
				<mixed-citation>H. Beyer and K. Holtzblatt. <italic toggle="yes">Contextual Design: A Customer-Centered Approach to Systems Designs</italic>. Morgan Kaufmann, 1998.</mixed-citation>
				</ref>
				<ref id="ref-00005">
				<mixed-citation>E. Bruchez and A. Vernet. XML Pipeline Language (XPL) Version 1.0 (Draft). W3C Member Submission, World Wide Web Consortium (W3C), 2005. http://www.w3.org/Submission/xpl.</mixed-citation>
				</ref>
				<ref id="ref-00006">
				<mixed-citation>F. Budinsky, D. Steinberg, E. Merks, R. Ellersick, and T. Grose. <italic toggle="yes">Eclipse Modeling Framework</italic>. Addison Wesley Professional, 2003. <pub-id pub-id-type="doi" xlink:href="10.5555/861506" /></mixed-citation>
				</ref>
				<ref id="ref-00007">
				<mixed-citation>B. Caldwell, W. Chisholm, J. Slatin, and G. Vanderheiden. Web Content Accessibility Guidelines 2.0. W3C Working Draft, World Wide Web Consortium (W3C), 2006. http://www.w3.org/TR/WCAG20/.</mixed-citation>
				</ref>
				<ref id="ref-00008">
				<mixed-citation>L. Carriçes, N. Guimarães, C. Duarte, T. Chambel, and H. Simões. Spoken Books: Multimodal Interaction and Information Repurposing. In <italic toggle="yes">Proceedings of HCII'2003, International Conference on Human-Computer Interaction</italic>, pages 680--684, Crete, Greece, 2003.</mixed-citation>
				</ref>
				<ref id="ref-00009">
				<mixed-citation>Crane Softwrights Ltd. Back of the Book Indexes using XSL-FO 1.0, 2006. Retreived from http://www.cranesoftwrights.com/resources/bbi/.</mixed-citation>
				</ref>
				<ref id="ref-00010">
				<mixed-citation>D. Bulterman, G. Grassel, <italic toggle="yes">et al.</italic> Synchronized Multimedia Integration Language (SMIL 2.1). W3C Recommendation, World Wide Web Consortium (W3C), 2005. http://www.w3.org/TR/SMIL2.</mixed-citation>
				</ref>
				<ref id="ref-00011">
				<mixed-citation>Specifications for the Digital Talking Book, 2005. http://www.daisy.org/z3986/2005/z3986-2005.html.</mixed-citation>
				</ref>
				<ref id="ref-00012">
				<mixed-citation>S. DeRose, E. Maler, D. Orchard, and B. Trafford. XML Linking Language (XLink) Version 1.0. W3C Recommendation, World Wide Web Consortium (W3C), 2000. http://www.w3.org/TR/xlink/.</mixed-citation>
				</ref>
				<ref id="ref-00013">
				<mixed-citation>C. Duarte, L. Carriço, N. Guimarães, and T. Chambel. Producing DTB from Audio Tapes. In <italic toggle="yes">Proceedings of the 5th International Conference in Enterprise Information Systems, ICEIS'03</italic>, 2003.</mixed-citation>
				</ref>
				<ref id="ref-00014">
				<mixed-citation>J. Fink, A. Kobsa, and A. Nill. Towards a user-adapted information environment on the Web. In <italic toggle="yes">Multimedia and Standardization 98</italic>, 1998.</mixed-citation>
				</ref>
				<ref id="ref-00015">
				<mixed-citation>D. Heckmann. <italic toggle="yes">Ubiquitous User Modeling</italic>. PhD thesis, Department of Computer Science, Saarland University, November 2005.</mixed-citation>
				</ref>
				<ref id="ref-00016">
				<mixed-citation>D. Heckmann, T. Schwartz, B. Brandherm, M. Schmitz, and M. von Wilamowitz-Moellendorff. GUMO - the General User Model Ontology. In <italic toggle="yes">Proceedings of the 10th International Conference on User Modeling</italic>, pages 428--432, Edinburgh, UK, 2005. LNAI 3538: Springer, Berlin Heidelberg. <pub-id pub-id-type="doi" xlink:href="10.1007/11527886_58" assigning-authority="crossref">10.1007/11527886_58</pub-id> <pub-id pub-id-type="doi" xlink:href="10.1007/11527886_58" /></mixed-citation>
				</ref>
				<ref id="ref-00017">
				<mixed-citation>Innovative Rehabilitation Technology. eClipseWriter. http://www.eclipsereader.com/productsECW.html.</mixed-citation>
				</ref>
				<ref id="ref-00018">
				<mixed-citation>N. Kaplan and Y. Chisik. In the company of readers: the digital library book as "practiced place". In <italic toggle="yes">JCDL '05: Proceedings of the 5th ACM/IEEE-CS joint conference on Digital libraries</italic>, pages 235--243, Denver, CO, USA, 2005. ACM Press. <pub-id pub-id-type="doi" xlink:href="10.1145/1065385.1065439" assigning-authority="crossref">10.1145/1065385.1065439</pub-id> <pub-id pub-id-type="doi" xlink:href="10.1145/1065385.1065439" /></mixed-citation>
				</ref>
				<ref id="ref-00019">
				<mixed-citation>M. Kay. XSL Transformations (XSLT) Version 2.0. W3c recommendation, World Wide Web Consortium (W3C), 2007. http://www.w3.org/TR/xslt20/.</mixed-citation>
				</ref>
				<ref id="ref-00020">
				<mixed-citation>A. Kobsa. Generic User Modeling Systems. <italic toggle="yes">User Modeling and User-Adapted Interaction: The Journal of Personalization Research</italic>, 11(1-2):49--63, 2001. <pub-id pub-id-type="doi" xlink:href="10.1023/A:1011187500863" assigning-authority="crossref">10.1023/A:1011187500863</pub-id> <pub-id pub-id-type="doi" xlink:href="10.1023/A:1011187500863" /></mixed-citation>
				</ref>
				<ref id="ref-00021">
				<mixed-citation>S. Little and L. Hardman. Cuypers Meets Users: Implementing a User Model Architecture for Multimedia Presentation Generation. Technical report, CWI - Centrum voor Wiskunde en Informatica, 2003.</mixed-citation>
				</ref>
				<ref id="ref-00022">
				<mixed-citation>R. Lopes and L. Carriço. Building Reusable XML Pipelines with APP. In <italic toggle="yes">XATA2006, XML: Aplicações e Tecnologias Associadas</italic>, 2006. Available at http://vecpar.fe.up.pt/xata2006/papers/9.pdf.</mixed-citation>
				</ref>
				<ref id="ref-00023">
				<mixed-citation>R. Lopes and L. Carriço. Automating XML Pipelines Through Rules. In <italic toggle="yes">XATA2007, XML: Aplicações e Tecnologias Associadas</italic>, 2007. Available at http://xata.fe.up.pt/2007/papers/13.pdf.</mixed-citation>
				</ref>
				<ref id="ref-00024">
				<mixed-citation>R. Lopes, L. Carriço, and C. Duarte. DiTaBBu: Automating the Production of Time-based Hypermedia Content. In <italic toggle="yes">WWW '06: Proceedings of the 15th international conference on World Wide Web</italic>, pages 905--906, New York, NY, USA, 2006. ACM Press. <pub-id pub-id-type="doi" xlink:href="10.1145/1135777.1135937" assigning-authority="crossref">10.1145/1135777.1135937</pub-id> <pub-id pub-id-type="doi" xlink:href="10.1145/1135777.1135937" /></mixed-citation>
				</ref>
				<ref id="ref-00025">
				<mixed-citation>R. Lopes, H. Simões, C. Duarte, and L. Carriço. Rich Digital Books for the Web. In <italic toggle="yes">Web Information Systems and Technologies (WEBIST'2007)</italic>, 2007.</mixed-citation>
				</ref>
				<ref id="ref-00026">
				<mixed-citation>D. Newman, A. Patterson, and P. Schmitz. XHTML+SMIL Profile. W3c note, World Wide Web Consortium (W3C), 2002. http://www.w3.org/TR/XHTMLplusSMIL.</mixed-citation>
				</ref>
				<ref id="ref-00027">
				<mixed-citation>I. J. Pitt and A. D. N. Edwards. Improving the usability of speech-based interfaces for blind users. In <italic toggle="yes">Assets '96: Proceedings of the second annual ACM conference on Assistive technologies</italic>, pages 124--130, Vancouver, British Columbia, Canada, 1996. ACM Press. <pub-id pub-id-type="doi" xlink:href="10.1145/228347.228367" assigning-authority="crossref">10.1145/228347.228367</pub-id> <pub-id pub-id-type="doi" xlink:href="10.1145/228347.228367" /></mixed-citation>
				</ref>
				<ref id="ref-00028">
				<mixed-citation>P. Plessers, S. Casteleyn, Y. Yesilada, O. D. Troyer, R. Stevens, S. Harper, and C. Goble. Accessibility: a Web engineering approach. In <italic toggle="yes">WWW '05: Proceedings of the 14th international conference on World Wide Web</italic>, pages 353--362, New York, NY, USA, 2005. ACM Press. <pub-id pub-id-type="doi" xlink:href="10.1145/1060745.1060799" assigning-authority="crossref">10.1145/1060745.1060799</pub-id> <pub-id pub-id-type="doi" xlink:href="10.1145/1060745.1060799" /></mixed-citation>
				</ref>
				<ref id="ref-00029">
				<mixed-citation>B. N. Schilit, G. Golovchinsky, and M. N. Price. Beyond paper: supporting active reading with free form digital ink annotations. In <italic toggle="yes">CHI '98: Proceedings of the SIGCHI conference on Human factors in computing systems</italic>, pages 249--256, Los Angeles, California, United States, 1998. ACM Press/Addison-Wesley Publishing Co. <pub-id pub-id-type="doi" xlink:href="10.1145/274644.274680" assigning-authority="crossref">10.1145/274644.274680</pub-id> <pub-id pub-id-type="doi" xlink:href="10.1145/274644.274680" /></mixed-citation>
				</ref>
				<ref id="ref-00030">
				<mixed-citation>B. N. Schilit, M. N. Price, G. Golovchinsky, K. Tanaka, and C. C. Marshall. As We May Read: The Reading Appliance Revolution. <italic toggle="yes">Computer</italic>, 32(1):65--73, 1999. <pub-id pub-id-type="doi" xlink:href="10.1109/2.738306" assigning-authority="crossref">10.1109/2.738306</pub-id> <pub-id pub-id-type="doi" xlink:href="10.1109/2.738306" /></mixed-citation>
				</ref>
				<ref id="ref-00031">
				<mixed-citation>G. Schreiber and M. Dean. OWL Web Ontology Language Reference. http://www.w3.org/TR/owl-ref/, February 2004.</mixed-citation>
				</ref>
				<ref id="ref-00032">
				<mixed-citation>R. Spyns, R. Meersman, and M. Jarrar. Data Modelling versus Ontology Engineering. <italic toggle="yes">ACM SIGMOD Record</italic>, 31(4), 2002. <pub-id pub-id-type="doi" xlink:href="10.1145/637411.637413" assigning-authority="crossref">10.1145/637411.637413</pub-id> <pub-id pub-id-type="doi" xlink:href="10.1145/637411.637413" /></mixed-citation>
				</ref>
				<ref id="ref-00033">
				<mixed-citation>R. Stone, J. Dhiensa, and C. Machin. Profile-based Web Document Delivery. In <italic toggle="yes">DocEng '06: Proceedings of the 2006 ACM symposium on Document Engineering</italic>, pages 215--217, New York, NY, USA, 2006. ACM Press. <pub-id pub-id-type="doi" xlink:href="10.1145/1166160.1166215" assigning-authority="crossref">10.1145/1166160.1166215</pub-id> <pub-id pub-id-type="doi" xlink:href="10.1145/1166160.1166215" /></mixed-citation>
				</ref>
				<ref id="ref-00034">
				<mixed-citation>O. Troyer, W. Goedefroy, and R. Meersman. UR-WSDM: Adding User Requirements Granularity to Model Web-based Information Systems. In <italic toggle="yes">First Workshop on Hypermedia Development, Hypertext'98.</italic>, 1998.</mixed-citation>
				</ref>
				<ref id="ref-00035">
				<mixed-citation>O. D. Troyer and C. Leune. WSDM: A User Centered Design Method for Web Sites. <italic toggle="yes">Computer Networks</italic>, 30(1--7):85--94, Apr. 1998. <pub-id pub-id-type="doi" xlink:href="10.1016/S0169-7552(98)00042-7" assigning-authority="crossref">10.1016/S0169-7552(98)00042-7</pub-id> <pub-id pub-id-type="doi" xlink:href="10.1016/S0169-7552(98)00042-7" /></mixed-citation>
				</ref>
				<ref id="ref-00036">
				<mixed-citation>J. van Ossenbruggen, J. Geurts, F. Cornelissen, L. Rutledge, and L. Hardman. Towards Second and Third Generation Web-Based Multimedia. <italic toggle="yes">The Tenth International World Wide Web Conference</italic>, pages 479--488, May 1--5 2001. <pub-id pub-id-type="doi" xlink:href="10.1145/371920.372143" assigning-authority="crossref">10.1145/371920.372143</pub-id> <pub-id pub-id-type="doi" xlink:href="10.1145/371920.372143" /></mixed-citation>
				</ref>
				<ref id="ref-00037">
				<mixed-citation>W3C Device Independence Group. Composite Capability/Preference Profiles (CC/PP): Structure and Vocabularies 1.0. http://www.w3.org/TR/CCPP-struct-vocab/.</mixed-citation>
				</ref>
				<ref id="ref-00038">
				<mixed-citation>N. Walsh, L. Muellner, and B. Stayton. <italic toggle="yes">Docbook: The Definitive Guide</italic>. O'Reilly, 2.0.8 edition, 2002.</mixed-citation>
				</ref>
			</ref-list>
</back>
</book-part>
</book-part-wrapper>
