<?xml version="1.0" encoding="UTF-8"?>
<!DOCTYPE book-part-wrapper PUBLIC "-//NLM//DTD BITS Book Interchange DTD with OASIS and XHTML Tables v2.0 20151225//EN" "BITS-book-oasis2.dtd">
<book-part-wrapper xmlns:xlink="http://www.w3.org/1999/xlink" xmlns:mml="http://www.w3.org/1998/Math/MathML" xmlns:oasis="http://www.niso.org/standards/z39-96/ns/oasis-exchange/table" xmlns:xi="http://www.w3.org/2001/XInclude" xmlns:xsi="http://www.w3.org/2001/XMLSchema-instance" dtd-version="2.0" xml:lang="en">
<collection-meta collection-type="book-series">
    <collection-id collection-id-type="doi">10.1145/acmconferences</collection-id>
    <title-group>
        <title>ACM Conferences</title>
    </title-group>
</collection-meta>
	<book-meta>
		<book-id book-id-type="acm-id">1243441</book-id>
		<book-id book-id-type="doi">10.1145/1243441</book-id>
		<book-title-group>
			<book-title>Proceedings of the 2007 international cross-disciplinary conference on Web accessibility (W4A)</book-title>
			<alt-title alt-title-type="acronym">W4A '07</alt-title>
		</book-title-group>
	</book-meta>
	<book-part xmlns:ali="http://www.niso.org/schemas/ali/1.0/" book-part-type="chapter" xml:lang="en">
		<book-part-meta>
			<book-part-id book-part-id-type="acm-id">1243459</book-part-id>
			<book-part-id book-part-id-type="doi">10.1145/1243441.1243459</book-part-id>
	<subj-group subj-group-type="ccs2012">
		<compound-subject>
			<compound-subject-part content-type="code">10003120.10003123.10010860.10010859</compound-subject-part>
			<compound-subject-part content-type="text">Human-centered computing~Interaction design~Interaction design process and methods~User centered design</compound-subject-part>
			<compound-subject-part content-type="weight">500</compound-subject-part>
		</compound-subject>
		<compound-subject>
			<compound-subject-part content-type="code">10003120.10003123.10010860.10010859</compound-subject-part>
			<compound-subject-part content-type="text">Human-centered computing~Interaction design~Interaction design process and methods~User centered design</compound-subject-part>
			<compound-subject-part content-type="weight">100</compound-subject-part>
		</compound-subject>
	</subj-group>
			<title-group>
				<title>Personalization of user interfaces for browsing XML content using transformations built on end-user requirements</title>
			</title-group>
<contrib-group>
   <contrib contrib-type="author" id="artseq-00001">
       <contrib-id contrib-id-type="person_id" authenticated="false">P866001</contrib-id><contrib-id contrib-id-type="profile_id" authenticated="false">81329488827</contrib-id>
       <name name-style="western">
           <surname>Encelle</surname>
           <given-names>Benoît</given-names>
       </name>
	<aff>University Paul Sabatier, Toulouse, France</aff><aff><institution-wrap><institution-id institution-id-type="profile_id">60027245</institution-id></institution-wrap></aff>
	<role>Author</role>
   </contrib>
   <contrib contrib-type="author" id="artseq-00002">
       <contrib-id contrib-id-type="person_id" authenticated="false">PP36036764</contrib-id><contrib-id contrib-id-type="profile_id" authenticated="false">81329487753</contrib-id>
       <name name-style="western">
           <surname>Baptiste-Jessel</surname>
           <given-names>Nadine</given-names>
       </name>
	<aff>University Paul Sabatier, Toulouse, France</aff><aff><institution-wrap><institution-id institution-id-type="profile_id">60027245</institution-id></institution-wrap></aff>
	<role>Author</role>
   </contrib>
</contrib-group>
   <pub-date date-type="publication">
   <day>07</day>
   <month>05</month>
   <year>2007</year>
   </pub-date>
				<fpage>58</fpage>
				<lpage>64</lpage>
		<permissions>
			<copyright-year>2007</copyright-year>
			<copyright-holder>ACM</copyright-holder>
			<license license-type="acmcopyright">
			<license-p>Permission to make digital or hard copies of all or part of this work for personal or classroom use is granted without fee provided that copies are not made or distributed for profit or commercial advantage and that copies bear this notice and the full citation on the first page. Copyrights for components of this work owned by others than ACM must be honored. Abstracting with credit is permitted. To copy otherwise, or republish, to post on servers or to redistribute to lists, requires prior specific permission and/or a fee. Request permissions from Permissions@acm.org</license-p>
			</license>
		</permissions>
		<self-uri content-type="pdf" xlink:href="1243441.1243459.pdf" />
	<abstract>
		<p>Personalization of user interfaces for browsing content is a key concept to ensure content accessibility. In this direction, we introduce concepts that result in the generation of personalized multimodal user interfaces for browsing XML content. Users requirements concerning the browsing of a specific content type can be specified using user-friendly description languages. According to these specifications, transformation rules are generated in order to produce personalized user interfaces for browsing specific content types. With the emergence of the semantic Web and connected XML applications, such customized multimodal user interfaces can be useful for many kinds of users, especially individuals with various type of impairment.</p>
	</abstract>
<kwd-group>
<kwd>adaptable user interfaces</kwd>
<kwd>model-based user interfaces</kwd>
<kwd>transformational approaches</kwd>
<kwd>user-interfaces for the elderly or disabled</kwd>
</kwd-group>
		</book-part-meta>
		
	<back>
<ref-list specific-use="unparsed">
				<ref id="ref-00001">
				<mixed-citation>M. F. Theofanos and J. G. Redish, "Bridging the gap: between accessibility and usability", in interactions, vol. X6, ACM Press, 2003, pp. 36--51. <pub-id pub-id-type="doi" xlink:href="10.1145/947226.947227" assigning-authority="crossref">10.1145/947226.947227</pub-id> <pub-id pub-id-type="doi" xlink:href="10.1145/947226.947227" /></mixed-citation>
				</ref>
				<ref id="ref-00002">
				<mixed-citation>W3C, Semantic Web. http://www.w3.org/2001/sw/</mixed-citation>
				</ref>
				<ref id="ref-00003">
				<mixed-citation>Waltraud Schweikhardt, Cristian Bernareggi, Nadine Jessel, Benoît Encelle, Margarethe Gut, "LAMBDA: A European System to Access Mathematics with Braille and Audio Synthesis", Lecture Notes in Computer Science, Springer, vol. 4061, ICCHP'06: International Conference on Computers Helping People with Special Needs, Linz, Austria, 2006, pp. 1223--1230. <pub-id pub-id-type="doi" xlink:href="10.1007/11788713_176" assigning-authority="crossref">10.1007/11788713_176</pub-id> <pub-id pub-id-type="doi" xlink:href="10.1007/11788713_176" /></mixed-citation>
				</ref>
				<ref id="ref-00004">
				<mixed-citation>A. Kobsa, "User Modeling and User-Adapted Interaction", <italic toggle="yes">CHI' 94</italic>, Tutorial. <pub-id pub-id-type="doi" xlink:href="10.1145/259963.260532" assigning-authority="crossref">10.1145/259963.260532</pub-id> <pub-id pub-id-type="doi" xlink:href="10.1145/259963.260532" /></mixed-citation>
				</ref>
				<ref id="ref-00005">
				<mixed-citation>J. Fink, A. Kobsa, "A Review and Analysis of Commercial User Modeling Servers for Personalization on the World Wide Web", <italic toggle="yes">User Modeling and User-Adapted Interaction</italic>, Vol. 10, Kluwer Academic, 2000, pp. 209--249. <pub-id pub-id-type="doi" xlink:href="10.1023/A:1026597308943" assigning-authority="crossref">10.1023/A:1026597308943</pub-id> <pub-id pub-id-type="doi" xlink:href="10.1023/A:1026597308943" /></mixed-citation>
				</ref>
				<ref id="ref-00006">
				<mixed-citation>Y. S. Chen and G. D. Magoulas, "Adaptable and Adaptive Hypermedia Systems", IRM Press, 2005. <pub-id pub-id-type="doi" xlink:href="10.5555/1207642" /></mixed-citation>
				</ref>
				<ref id="ref-00007">
				<mixed-citation>C. Boyle and A. O. Encarnacion, "Metadoc: An adaptive hypertext reading system", User Modeling and User-Adapted Interaction, Kluwer Academic, Vol. 4(1), 1994, pp. 1--19.</mixed-citation>
				</ref>
				<ref id="ref-00008">
				<mixed-citation>E. Rich, "Stereotypes and User Modeling", User Models in Dialog Systems, Springer, 1989, pp. 35--51.</mixed-citation>
				</ref>
				<ref id="ref-00009">
				<mixed-citation>J. Fink, A. Kobsa and A. Nill, "Adaptable and Adaptive Information Provision for All Users, Including Disabled and Elderly People", New Review of Hypermedia and Multimedia, Vol. 4, 1998, pp. 163--188.</mixed-citation>
				</ref>
				<ref id="ref-00010">
				<mixed-citation>S. S. Brown and P. Robinson, "Transformation frameworks and their relevance in universal design", Universal Access in the Information Society, Vol. 3.3--4, pp. 209--223, 2004. <pub-id pub-id-type="doi" xlink:href="10.1007/s10209-004-0107-9" assigning-authority="crossref">10.1007/s10209-004-0107-9</pub-id> <pub-id pub-id-type="doi" xlink:href="10.5555/2697772.2698186" /></mixed-citation>
				</ref>
				<ref id="ref-00011">
				<mixed-citation>B. Encelle and N. Jessel, "Adapting presentation and interaction with XML documents to user preferences", Lecture Notes in Computer Science, Springer, vol. 3118, ICCHP'04: International Conference on Computers Helping People with Special Needs, Paris, France, 2004, p. 143--150.</mixed-citation>
				</ref>
				<ref id="ref-00012">
				<mixed-citation>B. Encelle and N. Jessel, "Using the concept of user policies for improving HTML documents accessibility", IADIS Press, ICWI'04 Vol. 2, IADIS International Conference WWW/Internet 2004, Madrid, Espagne, 2004, pp. 835--839.</mixed-citation>
				</ref>
				<ref id="ref-00013">
				<mixed-citation>B. Encelle and N. Jessel, "Personalization of information browsing user interface: evaluation of the user policies concepts", ICWI'06: IADIS International Conference WWW/Internet 2006, Murcia, Espagne, 2006.</mixed-citation>
				</ref>
				<ref id="ref-00014">
				<mixed-citation>W3C, XML Path Language (XPath) http://www.w3.org/TR/xpath</mixed-citation>
				</ref>
				<ref id="ref-00015">
				<mixed-citation>W3C, Synchronized Multimedia Integration Language (SMIL 2.0). http://www.w3.org/TR/smil20/</mixed-citation>
				</ref>
				<ref id="ref-00016">
				<mixed-citation>Aho, A., Sethi R. and Ullman, J. Compilers, principles, techniques and tools. Addison-Wesley, 1986.</mixed-citation>
				</ref>
				<ref id="ref-00017">
				<mixed-citation>JavaCC - Java Compiler Compiler {tm} (JavaCC {tm}) - The Java Parser Generator - https://javacc.dev.java.net/</mixed-citation>
				</ref>
				<ref id="ref-00018">
				<mixed-citation>B. Encelle, "Accessibilité aux documents électroniques: personnalisation de la présentation et de l'interaction avec l'information.", Ph.D. Thesis, University Paul Sabatier, Toulouse, France, 2005.</mixed-citation>
				</ref>
				<ref id="ref-00019">
				<mixed-citation>W3C, XSL Transformations (XSLT), http://www.w3.org/TR/xslt</mixed-citation>
				</ref>
				<ref id="ref-00020">
				<mixed-citation>J. Coutaz, L. Nigay, D. Salber, A. Blandford, J. May and R. Young, "Four Easy Pieces for Assessing The Usability of Multimodal Interaction: The CARE properties", InterAct'95, Lillehammer, 1995, pp. 115--120.</mixed-citation>
				</ref>
				<ref id="ref-00021">
				<mixed-citation>W. Meier, "eXist: An Open Source Native XML Database", In Revised Papers from the NODe 2002 Web and Database-Related Workshops on Web, Web-Services, and Database Systems, Springer-Verlag, 2003, pp. 169--183. <pub-id pub-id-type="doi" xlink:href="10.5555/648032.744076" /></mixed-citation>
				</ref>
				<ref id="ref-00022">
				<mixed-citation>W3C - Web Accessibility Initiative, http://www.w3.org/WAI</mixed-citation>
				</ref>
				<ref id="ref-00023">
				<mixed-citation>I. Ramakrishnan and A. Stent and G. Yang, Hearsay: Enabling audio browsing on hypertext content, In Intl. World Wide Web Conf. (WWW), 2004, pp. 80--89. <pub-id pub-id-type="doi" xlink:href="10.1145/988672.988684" assigning-authority="crossref">10.1145/988672.988684</pub-id> <pub-id pub-id-type="doi" xlink:href="10.1145/988672.988684" /></mixed-citation>
				</ref>
				<ref id="ref-00024">
				<mixed-citation>P. Brusilovsky, "Adaptive Hypermedia", User Modeling and User-Adapted Interaction, Vol. 11.1--2, Kluwer Academic, 2001, pp. 87--110. <pub-id pub-id-type="doi" xlink:href="10.1023/A:1011143116306" assigning-authority="crossref">10.1023/A:1011143116306</pub-id> <pub-id pub-id-type="doi" xlink:href="10.1023/A:1011143116306" /></mixed-citation>
				</ref>
				<ref id="ref-00025">
				<mixed-citation>J. Palsberg and C. Barry Jay, "The Essence of the Visitor Pattern", Proc. 22nd IEEE Int. Computer Software and Applications Conf., COMPSAC, 1998, pp. 9--15. <pub-id pub-id-type="doi" xlink:href="10.5555/645980.674267" /></mixed-citation>
				</ref>
			</ref-list>
</back>
</book-part>
</book-part-wrapper>
