<?xml version="1.0" encoding="UTF-8"?>
<!DOCTYPE book-part-wrapper PUBLIC "-//NLM//DTD BITS Book Interchange DTD with OASIS and XHTML Tables v2.0 20151225//EN" "BITS-book-oasis2.dtd">
<book-part-wrapper xmlns:xlink="http://www.w3.org/1999/xlink" xmlns:mml="http://www.w3.org/1998/Math/MathML" xmlns:oasis="http://www.niso.org/standards/z39-96/ns/oasis-exchange/table" xmlns:xi="http://www.w3.org/2001/XInclude" xmlns:xsi="http://www.w3.org/2001/XMLSchema-instance" dtd-version="2.0" xml:lang="en">
<collection-meta collection-type="book-series">
    <collection-id collection-id-type="doi">10.1145/acmconferences</collection-id>
    <title-group>
        <title>ACM Conferences</title>
    </title-group>
</collection-meta>
	<book-meta>
		<book-id book-id-type="acm-id">1243441</book-id>
		<book-id book-id-type="doi">10.1145/1243441</book-id>
		<book-title-group>
			<book-title>Proceedings of the 2007 international cross-disciplinary conference on Web accessibility (W4A)</book-title>
			<alt-title alt-title-type="acronym">W4A '07</alt-title>
		</book-title-group>
	</book-meta>
	<book-part xmlns:ali="http://www.niso.org/schemas/ali/1.0/" book-part-type="chapter" xml:lang="en">
		<book-part-meta>
			<book-part-id book-part-id-type="acm-id">1243447</book-part-id>
			<book-part-id book-part-id-type="doi">10.1145/1243441.1243447</book-part-id>
	<subj-group subj-group-type="ccs2012">
		<compound-subject>
			<compound-subject-part content-type="code">10003456.10010927.10003616</compound-subject-part>
			<compound-subject-part content-type="text">Social and professional topics~User characteristics~People with disabilities</compound-subject-part>
			<compound-subject-part content-type="weight">500</compound-subject-part>
		</compound-subject>
		<compound-subject>
			<compound-subject-part content-type="code">10003456.10003457.10003580.10003587</compound-subject-part>
			<compound-subject-part content-type="text">Social and professional topics~Professional topics~Computing profession~Assistive technologies</compound-subject-part>
			<compound-subject-part content-type="weight">500</compound-subject-part>
		</compound-subject>
		<compound-subject>
			<compound-subject-part content-type="code">10003120.10003121.10003126</compound-subject-part>
			<compound-subject-part content-type="text">Human-centered computing~Human computer interaction (HCI)~HCI theory, concepts and models</compound-subject-part>
			<compound-subject-part content-type="weight">100</compound-subject-part>
		</compound-subject>
		<compound-subject>
			<compound-subject-part content-type="code">10003120.10003121.10003125.10011666</compound-subject-part>
			<compound-subject-part content-type="text">Human-centered computing~Human computer interaction (HCI)~Interaction devices~Touch screens</compound-subject-part>
			<compound-subject-part content-type="weight">100</compound-subject-part>
		</compound-subject>
		<compound-subject>
			<compound-subject-part content-type="code">10003120.10003123.10011758</compound-subject-part>
			<compound-subject-part content-type="text">Human-centered computing~Interaction design~Interaction design theory, concepts and paradigms</compound-subject-part>
			<compound-subject-part content-type="weight">100</compound-subject-part>
		</compound-subject>
		<compound-subject>
			<compound-subject-part content-type="code">10003120.10003123</compound-subject-part>
			<compound-subject-part content-type="text">Human-centered computing~Interaction design</compound-subject-part>
			<compound-subject-part content-type="weight">100</compound-subject-part>
		</compound-subject>
	</subj-group>
			<title-group>
				<title>The status of using "Big Eye" Chinese screen reader on "Wretch" blog in Taiwan</title>
			</title-group>
<contrib-group>
   <contrib contrib-type="author" id="artseq-00001">
       <contrib-id contrib-id-type="person_id" authenticated="false">PP31062756</contrib-id><contrib-id contrib-id-type="profile_id" authenticated="false">81351609552</contrib-id>
       <name name-style="western">
           <surname>Chen</surname>
           <given-names>Yui-Liang</given-names>
       </name>
	<aff>Shih-Hsin University, Taipei, Taiwan</aff><aff><institution-wrap><institution-id institution-id-type="profile_id">60027223</institution-id></institution-wrap></aff>
	<role>Author</role>
   </contrib>
   <contrib contrib-type="author" id="artseq-00002">
       <contrib-id contrib-id-type="person_id" authenticated="false">P866024</contrib-id><contrib-id contrib-id-type="profile_id" authenticated="false">81329489374</contrib-id>
       <name name-style="western">
           <surname>Ho</surname>
           <given-names>Yung-Yu</given-names>
       </name>
	<aff>Educational Foundation for the Blind, Taipei, Taiwan</aff><aff><institution-wrap><institution-id institution-id-type="profile_id">60075706</institution-id></institution-wrap></aff>
	<role>Author</role>
   </contrib>
</contrib-group>
   <pub-date date-type="publication">
   <day>07</day>
   <month>05</month>
   <year>2007</year>
   </pub-date>
				<fpage>134</fpage>
				<lpage>135</lpage>
		<permissions>
			<copyright-year>2007</copyright-year>
			<copyright-holder>ACM</copyright-holder>
			<license license-type="acmcopyright">
			<license-p>Permission to make digital or hard copies of all or part of this work for personal or classroom use is granted without fee provided that copies are not made or distributed for profit or commercial advantage and that copies bear this notice and the full citation on the first page. Copyrights for components of this work owned by others than ACM must be honored. Abstracting with credit is permitted. To copy otherwise, or republish, to post on servers or to redistribute to lists, requires prior specific permission and/or a fee. Request permissions from Permissions@acm.org</license-p>
			</license>
		</permissions>
		<self-uri content-type="pdf" xlink:href="1243441.1243447.pdf" />
	<abstract>
		<p>The "Wretch" Blog (http://www.wretch.cc/) is one of the most popular blogs in Taiwan. Through the Chinese screen reader "Big Eye", visual impaired users are able to interact with ordinary people on the "Wretch" Blog. They can share their experience and feeling via their personal space and forum. In general, most functionality of the "Wretch" Blog works well for visual impaired people except some perception transferred by pictures only. However, originally blog systems are developed for ordinary people, and do not concern the usability for visual impaired users. Lack of the concept of accessibility design brings some obstacle to visual impaired people.</p> <p>When a blog system is designated, the principles of designing web accessibility should be included. Therefore, visual impaired users are able to surf blogs easily. Many suggestions from visual disability are illustrated below to provide the critical issues for designing blogs by referencing "Wretch" Blog. It is hoped that the suggestions are useful for developing new blogs and/or revising existing blogs.</p> <p>1. Providing valid maps</p> <p>No matter a real map for space or a virtual sitemap for web navigation. It is important for visual impaired users to reconstruct a temporary psychological "map" for unknown space in short time. They are able to "walk" through a particular space only dependent on this "map". For blind people, not like ordinary people can see obstacle by eyes, they only know obstacle exist while they hit it. In a new environment, how to construct valid guiding functionality is one of the most important issues.</p> <p>Seeing through the service platform of "Wretch" Blog, there is no valid navigation mechanism. It makes the first visits visual impaired users very difficult to use it. They have to explore and experiment by no targets, and spend much more time than ordinary people. It might be good to leverage thought of navigation mechanism, i.e. sitemap, to assist blind people to reconstruct a whole map for better understanding the website. It is not necessary to be too complex. It is good enough only to describe the blocks of the major templates, as well as to explain the hierarchy and the paths of the website.</p> <p>2. Positioning himself/herself</p> <p>For unknown web context, visual impaired users usually loose themselves very often. "Searching cue and direction" is a lesson to train blind people who are able to walk independently. In case that they loose direction, they must have some ways to go certain "positions" in their psychological "map". Therefore, they may establish a new direction for future navigation. The idea of using accelerated keys is just the same thought.</p> <p>3. Locating the major blocks</p> <p>The major block of web content is usually located at the center of a webpage for most websites. Visual impaired users may use accelerated key to reach this block directly. Using the "Blinding Scroll Bar" and "Simulating Mouse" functions of "Big Eye" screen reader, they may read the information of Web easily. If the location of the major block of web content is not precise, visual impaired users have to use "TAB" or "SHIFT+TAB" keys to sequentially surf the web content. The navigating process is become very inefficiently. Many screen readers made in Taiwan provide excellent features to read the major block of web content directly. However, not all of web designers leverage standard HTML syntaxes to design their Web. There are no &lt;P&gt; and &lt;/P&gt; tags between the major block. Therefore, "Big Eye" with these excellent features is useless. Moreover, though other screen readers with similar features may ignore the hyperlinks to reach the text part directly, however, much irrelative information may be accompanied with those texts.</p> <p>4. Establishing voice reading mechanism for checking registration</p> <p>Voice reading mechanism to assist blind people to validate their registered accounts and preserve security issues is established on some Portals in Taiwan. It overcomes the problem that visual impaired users can not see the validate text auto created by image. They have opportunity to accomplish the registration independently, such as on google or MSN Webs. However, though the "Wretch" Blog does provide similar mechanism, its function seems not work very well. How to fix the problem may make it more accessible.</p> <p>5. Adding alternative text</p> <p>While surfing the web pages of the "Wretch" Blog, many hyperlinks do not have alternative texts to explain the purpose of the links. Therefore, visual impaired users are difficult to understand the complete functionality provided by webpage. It might be good to add the alternative texts for all non-text objects.</p> <p>Actually, blind people ask not much. If blog designers follow these principles to develop blogs, such as the "Wretch" Blog does, most of the functionality fulfills the requirements of accessibility Web. It is hoped that more and more websites in Taiwan can be built by this phenomena. Letting more visual impaired users navigate these websites freely. They may enjoy the convenience just like ordinary people by information technology.</p>
	</abstract>
		</book-part-meta>
		
	<back>
<ref-list specific-use="unparsed">
				<ref id="ref-00001">
				<mixed-citation>Chen, Y. L., Y. Y. Chen, and M. Shao, 2005 Accessibility Diagnosis on the Government Web Sites in Taiwan, R.O.C., <italic toggle="yes">in the Proceedings of the W4A</italic>, 2006, 132--142. <pub-id pub-id-type="doi" xlink:href="10.1145/1133219.1133243" assigning-authority="crossref">10.1145/1133219.1133243</pub-id> <pub-id pub-id-type="doi" xlink:href="10.1145/1133219.1133243" /></mixed-citation>
				</ref>
				<ref id="ref-00002">
				<mixed-citation>Chen, Y. L., and Chen Y. Y., The Progress Analysis of Web Accessibility between the Years 2003 and 2004 in Taiwan, <italic toggle="yes">in the Proceedings of the 3rd International Conference on Politics and Information Systems: Technologies and Application</italic>, 2005, 82--87.</mixed-citation>
				</ref>
				<ref id="ref-00003">
				<mixed-citation>Chen, Y. L., and Hung S. H., The Services Quality and Gaps of Accessible Websites for Visual Disability, <italic toggle="yes">in the Proceedings of the ACME 2005, San Diego, California, U.S.A.</italic>, 2005.</mixed-citation>
				</ref>
				<ref id="ref-00004">
				<mixed-citation>Huang, C. J. and Chao, M., <italic toggle="yes">Web Strategic Planning and Design</italic>, Taipei, 2001.</mixed-citation>
				</ref>
				<ref id="ref-00005">
				<mixed-citation>Huang, C. J., <italic toggle="yes">2003 Accessibility Diagnosis on the Major Public Websites in Taiwan</italic>. Retrieved Sep. 15, 2004, from The Web Accessibility Service Web site: http://www.enable.nat.gov.tw/download.jsp.</mixed-citation>
				</ref>
				<ref id="ref-00006">
				<mixed-citation>Lin, C. J., Accessibility of Governmental Websites - An Evaluation on the Central Government Agencies, <italic toggle="yes">Master Thesis of Shih Hsin University</italic>, 2003.</mixed-citation>
				</ref>
			</ref-list>
</back>
</book-part>
</book-part-wrapper>
