<?xml version="1.0" encoding="UTF-8"?>
<!DOCTYPE book-part-wrapper PUBLIC "-//NLM//DTD BITS Book Interchange DTD with OASIS and XHTML Tables v2.0 20151225//EN" "BITS-book-oasis2.dtd">
<book-part-wrapper xmlns:xlink="http://www.w3.org/1999/xlink" xmlns:mml="http://www.w3.org/1998/Math/MathML" xmlns:oasis="http://www.niso.org/standards/z39-96/ns/oasis-exchange/table" xmlns:xi="http://www.w3.org/2001/XInclude" xmlns:xsi="http://www.w3.org/2001/XMLSchema-instance" dtd-version="2.0" xml:lang="en">
<collection-meta collection-type="book-series">
    <collection-id collection-id-type="doi">10.1145/acmconferences</collection-id>
    <title-group>
        <title>ACM Conferences</title>
    </title-group>
</collection-meta>
	<book-meta>
		<book-id book-id-type="acm-id">1243441</book-id>
		<book-id book-id-type="doi">10.1145/1243441</book-id>
		<book-title-group>
			<book-title>Proceedings of the 2007 international cross-disciplinary conference on Web accessibility (W4A)</book-title>
			<alt-title alt-title-type="acronym">W4A '07</alt-title>
		</book-title-group>
	</book-meta>
	<book-part xmlns:ali="http://www.niso.org/schemas/ali/1.0/" book-part-type="chapter" xml:lang="en">
		<book-part-meta>
			<book-part-id book-part-id-type="acm-id">1243442</book-part-id>
			<book-part-id book-part-id-type="doi">10.1145/1243441.1243442</book-part-id>
	<subj-group subj-group-type="ccs2012">
		<compound-subject>
			<compound-subject-part content-type="code">10003120.10003121.10003124.10003254</compound-subject-part>
			<compound-subject-part content-type="text">Human-centered computing~Human computer interaction (HCI)~Interaction paradigms~Hypertext / hypermedia</compound-subject-part>
			<compound-subject-part content-type="weight">500</compound-subject-part>
		</compound-subject>
		<compound-subject>
			<compound-subject-part content-type="code">10010405.10010497.10010510.10010515</compound-subject-part>
			<compound-subject-part content-type="text">Applied computing~Document management and text processing~Document preparation~Multi / mixed media creation</compound-subject-part>
			<compound-subject-part content-type="weight">500</compound-subject-part>
		</compound-subject>
		<compound-subject>
			<compound-subject-part content-type="code">10003120.10003121.10003124</compound-subject-part>
			<compound-subject-part content-type="text">Human-centered computing~Human computer interaction (HCI)~Interaction paradigms</compound-subject-part>
			<compound-subject-part content-type="weight">100</compound-subject-part>
		</compound-subject>
		<compound-subject>
			<compound-subject-part content-type="code">10010405.10010497.10010510.10010920</compound-subject-part>
			<compound-subject-part content-type="text">Applied computing~Document management and text processing~Document preparation~Hypertext / hypermedia creation</compound-subject-part>
			<compound-subject-part content-type="weight">100</compound-subject-part>
		</compound-subject>
		<compound-subject>
			<compound-subject-part content-type="code">10003120.10003121.10003124.10003254</compound-subject-part>
			<compound-subject-part content-type="text">Human-centered computing~Human computer interaction (HCI)~Interaction paradigms~Hypertext / hypermedia</compound-subject-part>
			<compound-subject-part content-type="weight">100</compound-subject-part>
		</compound-subject>
		<compound-subject>
			<compound-subject-part content-type="code">10010405.10010497.10010510.10010515</compound-subject-part>
			<compound-subject-part content-type="text">Applied computing~Document management and text processing~Document preparation~Multi / mixed media creation</compound-subject-part>
			<compound-subject-part content-type="weight">100</compound-subject-part>
		</compound-subject>
		<compound-subject>
			<compound-subject-part content-type="code">10003120.10003121.10003124.10010865</compound-subject-part>
			<compound-subject-part content-type="text">Human-centered computing~Human computer interaction (HCI)~Interaction paradigms~Graphical user interfaces</compound-subject-part>
			<compound-subject-part content-type="weight">100</compound-subject-part>
		</compound-subject>
		<compound-subject>
			<compound-subject-part content-type="code">10010405.10010497.10010510.10010512</compound-subject-part>
			<compound-subject-part content-type="text">Applied computing~Document management and text processing~Document preparation~Markup languages</compound-subject-part>
			<compound-subject-part content-type="weight">100</compound-subject-part>
		</compound-subject>
		<compound-subject>
			<compound-subject-part content-type="code">10010405.10010497.10010510.10011689</compound-subject-part>
			<compound-subject-part content-type="text">Applied computing~Document management and text processing~Document preparation~Document scripting languages</compound-subject-part>
			<compound-subject-part content-type="weight">100</compound-subject-part>
		</compound-subject>
		<compound-subject>
			<compound-subject-part content-type="code">10002951.10003260.10003309.10010512</compound-subject-part>
			<compound-subject-part content-type="text">Information systems~World Wide Web~Web data description languages~Markup languages</compound-subject-part>
			<compound-subject-part content-type="weight">100</compound-subject-part>
		</compound-subject>
	</subj-group>
			<title-group>
				<title>Enabling an accessible web 2.0</title>
			</title-group>
<contrib-group>
   <contrib contrib-type="author" id="artseq-00001">
       <contrib-id contrib-id-type="person_id" authenticated="false">P750498</contrib-id><contrib-id contrib-id-type="profile_id" authenticated="false">81100256370</contrib-id>
       <name name-style="western">
           <surname>Gibson</surname>
           <given-names>Becky</given-names>
       </name>
	<aff>IBM Emerging Technologies, Westford, MA</aff><aff><institution-wrap><institution-id institution-id-type="profile_id">60021293</institution-id></institution-wrap></aff>
	<role>Author</role>
   </contrib>
</contrib-group>
   <pub-date date-type="publication">
   <day>07</day>
   <month>05</month>
   <year>2007</year>
   </pub-date>
				<fpage>1</fpage>
				<lpage>6</lpage>
		<permissions>
			<copyright-year>2007</copyright-year>
			<copyright-holder>ACM</copyright-holder>
			<license license-type="acmcopyright">
			<license-p>Permission to make digital or hard copies of all or part of this work for personal or classroom use is granted without fee provided that copies are not made or distributed for profit or commercial advantage and that copies bear this notice and the full citation on the first page. Copyrights for components of this work owned by others than ACM must be honored. Abstracting with credit is permitted. To copy otherwise, or republish, to post on servers or to redistribute to lists, requires prior specific permission and/or a fee. Request permissions from Permissions@acm.org</license-p>
			</license>
		</permissions>
		<self-uri content-type="pdf" xlink:href="1243441.1243442.pdf" />
	<abstract>
		<p>The next generation of the Web is relying on new technologies to build rich interfaces and applications which enable community, collaboration, social networking and enhanced interactions. This has implication for people with disabilities who have come to rely on the Web to provide more independence, work opportunities, and social interactions. New specifications such as Accessible Rich Internet Applications (ARIA) are being developed which provide more semantic information about Web components and can enable enhanced accessibility. In addition, toolkits and testing tools are making it easier to reach the nirvana of accessibility by default in Web 2.0 projects.</p>
	</abstract>
<kwd-group>
<kwd>ARIA</kwd>
<kwd>DHTML</kwd>
<kwd>HTML</kwd>
<kwd>JavaScript</kwd>
<kwd>Web 2.0</kwd>
<kwd>accessibility</kwd>
</kwd-group>
		</book-part-meta>
		
	<back>
<ref-list specific-use="unparsed">
				<ref id="ref-00001">
				<mixed-citation>Chisholm, W., Vanderheiden, G. and Jacobs, I (1999) Web Content Accessibility Guidelines 1.0, http://www.w3.org/TR/WCAG10/</mixed-citation>
				</ref>
				<ref id="ref-00002">
				<mixed-citation>O'Reilly, Tim, (2005) http://www.oreillynet.com/pub/a/oreilly/tim/news/2005/09/30/what-is-web-20.html</mixed-citation>
				</ref>
				<ref id="ref-00003">
				<mixed-citation>Security Space Technology Penetration reports, http://www.securityspace.com/s_survey/data/man.200103/techpen.html and http://www.securityspace.com/s_survey/data/man.200703/techpen.html.</mixed-citation>
				</ref>
				<ref id="ref-00004">
				<mixed-citation>Regan, Bob, (2005) Macromedia White Paper, <italic toggle="yes">Best Practices for Accessible Flash Design</italic>, http://www.adobe.com/resources/accessibility/best_practices/best_practices__acc_flash.pdf</mixed-citation>
				</ref>
				<ref id="ref-00005">
				<mixed-citation>Howe, Jeff, The Rise of Crowdsourcing. Wired Magazine, Issue 14.06, June 2006.</mixed-citation>
				</ref>
				<ref id="ref-00006">
				<mixed-citation>Brewer, Judy, (2005) How People with Disabilities Use the Web, http://www.w3.org/WAI/EO/Drafts/PWD-Use-Web/20050505</mixed-citation>
				</ref>
				<ref id="ref-00007">
				<mixed-citation>Gunderson, J, Schwerdtfeger, R. (2006) Roadmap for Accessible Rich Internet Applications (WAI-ARIA Roadmap), http://www.w3.org/TR/aria-roadmap/</mixed-citation>
				</ref>
				<ref id="ref-00008">
				<mixed-citation>The Linux Foundation, The Free Standards Group to Standardize New Accessibility Interfaces, Press Release, December 14, 2006, http://www.linux-foundation.org/wordpress/?p=276</mixed-citation>
				</ref>
				<ref id="ref-00009">
				<mixed-citation>Berners-Lee, T. Hendler, J., Lassila, O. The Semantic Web, Scientific American, May 2001.</mixed-citation>
				</ref>
				<ref id="ref-00010">
				<mixed-citation>Manola, F., Miller E. (2004) RDF Primer, http://www.w3.org/TR/rdf-primer/</mixed-citation>
				</ref>
				<ref id="ref-00011">
				<mixed-citation>Seeman, L. The Semantic Web, Web Accesibility, and Device Independence. ACM SIGCAPH Newsletter, No. 76, June 2003. <pub-id pub-id-type="doi" xlink:href="10.1145/1036401.1036410" assigning-authority="crossref">10.1145/1036401.1036410</pub-id> <pub-id pub-id-type="doi" xlink:href="10.1145/1036401.1036410" /></mixed-citation>
				</ref>
				<ref id="ref-00012">
				<mixed-citation>Smith, B. University of Toronto leads project for adaptive Web applications, Canadian Technology News, April 12, 2007 http://www.itbusiness.ca/it/client/en/home/News.asp?id=43009 and http://www.fluidproject.org/</mixed-citation>
				</ref>
				<ref id="ref-00013">
				<mixed-citation>Wayne, P. Surveying open-source AJAX toolkits, InfoWorld, July 2006, http://www.infoworld.com/article/06/07/31/31FEajax_1.html</mixed-citation>
				</ref>
				<ref id="ref-00014">
				<mixed-citation>The Dojo Book, Chapter 8: Intenationalization and Accessibility, http://www.dojotoolkit.org/does/book/part8</mixed-citation>
				</ref>
				<ref id="ref-00015">
				<mixed-citation>Feigenbaum, B., Squillace, M., (2006) Accessibility Validation with RAVEN. In <italic toggle="yes">Proceedings of the 2006 international - workshop on Software Quality</italic>, ACM Press (pp 27--32). <pub-id pub-id-type="doi" xlink:href="10.1145/1137702.1137709" assigning-authority="crossref">10.1145/1137702.1137709</pub-id> <pub-id pub-id-type="doi" xlink:href="10.1145/1137702.1137709" /></mixed-citation>
				</ref>
				<ref id="ref-00016">
				<mixed-citation>Squillace, M. IBM Rule-based Accessibility Validation Environment, presentation at California State University at Northridge (CSUN) Technology &amp; Persons with Disabilities Conference, March, 2007, Los Angeles, CA</mixed-citation>
				</ref>
				<ref id="ref-00017">
				<mixed-citation>Gunderson. J., Rangin, H. D., Hoyt, N. (2006), Functional Web Accessibility Techniques and Tools from the University of Illinois. In <italic toggle="yes">Proceedings of the 8<sup>th</sup> International ACM SIGACCESS Conference on Computers and Accessibility ASSETS 06</italic>, ACM Press (pp 269--270). <pub-id pub-id-type="doi" xlink:href="10.1145/1168987.1169049" assigning-authority="crossref">10.1145/1168987.1169049</pub-id> <pub-id pub-id-type="doi" xlink:href="10.1145/1168987.1169049" /></mixed-citation>
				</ref>
			</ref-list>
</back>
</book-part>
</book-part-wrapper>
