<?xml version="1.0" encoding="UTF-8"?>
<!DOCTYPE book-part-wrapper PUBLIC "-//NLM//DTD BITS Book Interchange DTD with OASIS and XHTML Tables v2.0 20151225//EN" "BITS-book-oasis2.dtd">
<book-part-wrapper xmlns:xlink="http://www.w3.org/1999/xlink" xmlns:mml="http://www.w3.org/1998/Math/MathML" xmlns:oasis="http://www.niso.org/standards/z39-96/ns/oasis-exchange/table" xmlns:xi="http://www.w3.org/2001/XInclude" xmlns:xsi="http://www.w3.org/2001/XMLSchema-instance" dtd-version="2.0" xml:lang="en" content-type="research-article">
<collection-meta collection-type="book-series">
    <collection-id collection-id-type="doi">10.1145/acmconferences</collection-id>
    <title-group>
        <title>ACM Conferences</title>
    </title-group>
</collection-meta>
	<book-meta>
		<book-id book-id-type="acm-id">1368044</book-id>
		<book-id book-id-type="doi">10.1145/1368044</book-id>
		<book-title-group>
			<book-title>Proceedings of the 2008 international cross-disciplinary conference on Web accessibility (W4A)</book-title>
			<alt-title alt-title-type="acronym">W4A '08</alt-title>
		</book-title-group>
	</book-meta>
	<book-part xmlns:ali="http://www.niso.org/schemas/ali/1.0/" book-part-type="chapter" xml:lang="en">
		<book-part-meta>
			<book-part-id book-part-id-type="acm-id">1368065</book-part-id>
			<book-part-id book-part-id-type="doi">10.1145/1368044.1368065</book-part-id>
	<subj-group subj-group-type="ccs2012">
		<compound-subject>
			<compound-subject-part content-type="code">10003456.10003462.10003588</compound-subject-part>
			<compound-subject-part content-type="text">Social and professional topics~Computing / technology policy~Government technology policy</compound-subject-part>
			<compound-subject-part content-type="weight">500</compound-subject-part>
		</compound-subject>
		<compound-subject>
			<compound-subject-part content-type="code">10003456.10003457.10003580.10003587</compound-subject-part>
			<compound-subject-part content-type="text">Social and professional topics~Professional topics~Computing profession~Assistive technologies</compound-subject-part>
			<compound-subject-part content-type="weight">100</compound-subject-part>
		</compound-subject>
		<compound-subject>
			<compound-subject-part content-type="code">10003456.10010927.10003616</compound-subject-part>
			<compound-subject-part content-type="text">Social and professional topics~User characteristics~People with disabilities</compound-subject-part>
			<compound-subject-part content-type="weight">100</compound-subject-part>
		</compound-subject>
	</subj-group>
			<title-group>
				<title>Thailand's national digital divide strategic framework</title>
			</title-group>
<contrib-group>
   <contrib contrib-type="author" id="artseq-00001">
       <contrib-id contrib-id-type="person_id" authenticated="false">P1002313</contrib-id><contrib-id contrib-id-type="profile_id" authenticated="false">81341495356</contrib-id>
       <name name-style="western">
           <surname>Punyabukkana</surname>
           <given-names>Proadpran</given-names>
       </name>
	<aff>Chulalongkorn University, Bangkok, Thailand</aff><aff><institution-wrap><institution-id institution-id-type="profile_id">60028190</institution-id></institution-wrap></aff>
	<role>Author</role>
   </contrib>
   <contrib contrib-type="author" id="artseq-00002">
       <contrib-id contrib-id-type="person_id" authenticated="false">P1002314</contrib-id><contrib-id contrib-id-type="profile_id" authenticated="false">81100427970</contrib-id>
       <name name-style="western">
           <surname>Thanawastien</surname>
           <given-names>Suchai</given-names>
       </name>
	<aff>Sripatum University, Bangkok, Thailand</aff><aff><institution-wrap><institution-id institution-id-type="profile_id">60031095</institution-id></institution-wrap></aff>
	<role>Author</role>
   </contrib>
   <contrib contrib-type="author" id="artseq-00003">
       <contrib-id contrib-id-type="person_id" authenticated="false">P1002315</contrib-id><contrib-id contrib-id-type="profile_id" authenticated="false">81100148196</contrib-id>
       <name name-style="western">
           <surname>Jirachiefpattana</surname>
           <given-names>Ajin</given-names>
       </name>
	<aff>Ministry of Information and Communication Technology, Bangkok, Thailand</aff>
	<role>Author</role>
   </contrib>
</contrib-group>
   <pub-date date-type="publication">
   <day>21</day>
   <month>04</month>
   <year>2008</year>
   </pub-date>
				<fpage>97</fpage>
				<lpage>100</lpage>
		<permissions>
			<copyright-year>2008</copyright-year>
			<copyright-holder>ACM</copyright-holder>
			<license license-type="acmcopyright">
			<license-p>Permission to make digital or hard copies of all or part of this work for personal or classroom use is granted without fee provided that copies are not made or distributed for profit or commercial advantage and that copies bear this notice and the full citation on the first page. Copyrights for components of this work owned by others than ACM must be honored. Abstracting with credit is permitted. To copy otherwise, or republish, to post on servers or to redistribute to lists, requires prior specific permission and/or a fee. Request permissions from Permissions@acm.org</license-p>
			</license>
		</permissions>
		<self-uri content-type="daisy" xlink:href="1368044.1368065.daisy" />
		<self-uri content-type="pdf" xlink:href="1368044.1368065.pdf" />
	<abstract>
		<p>Thailand's IT2002 framework calls for the creation of knowledge economy under the equality of all aspects in society as demanded by the constitution. In so doing, it is imperative that the digital divide must be bridged. This necessitates the formulation of the "Digital Divide Strategic Framework" which is in-line with the National Economic Development Plan 2007-2011 and supports the implementation of the Quality of Life for Disabilities Act 2007. The Digital Divide Strategic Framework will address mainly the issue of Information and Communication Technology (ICT) accessibility for the poor, the disabled and the senior citizens. This strategic plan is designed with implementation in mind in which a total of 16 projects will be implemented over a period of three years from 2008-2010.</p>
	</abstract>
<kwd-group>
<kwd>accessibility policy</kwd>
<kwd>assistive technology</kwd>
<kwd>digital divide</kwd>
<kwd>strategic plan</kwd>
<kwd>web accessibility</kwd>
</kwd-group>
		</book-part-meta>
		
	<back>
<ref-list specific-use="unparsed">
				<ref id="ref-00001">
				<mixed-citation>National ICT Master Plan 2002-2006, The Ministry of Information and Communication Technology, Thailand.</mixed-citation>
				</ref>
				<ref id="ref-00002">
				<mixed-citation>The National Quality of life for Disabilities Master Plan, The Ministry of Social Development and Human Security, 2007.</mixed-citation>
				</ref>
			</ref-list>
</back>
</book-part>
</book-part-wrapper>
