<?xml version="1.0" encoding="UTF-8"?>
<!DOCTYPE book-part-wrapper PUBLIC "-//NLM//DTD BITS Book Interchange DTD with OASIS and XHTML Tables v2.0 20151225//EN" "BITS-book-oasis2.dtd">
<book-part-wrapper xmlns:xlink="http://www.w3.org/1999/xlink" xmlns:mml="http://www.w3.org/1998/Math/MathML" xmlns:oasis="http://www.niso.org/standards/z39-96/ns/oasis-exchange/table" xmlns:xi="http://www.w3.org/2001/XInclude" xmlns:xsi="http://www.w3.org/2001/XMLSchema-instance" dtd-version="2.0" xml:lang="en" content-type="research-article">
<collection-meta collection-type="book-series">
    <collection-id collection-id-type="doi">10.1145/acmconferences</collection-id>
    <title-group>
        <title>ACM Conferences</title>
    </title-group>
</collection-meta>
	<book-meta>
		<book-id book-id-type="acm-id">1368044</book-id>
		<book-id book-id-type="doi">10.1145/1368044</book-id>
		<book-title-group>
			<book-title>Proceedings of the 2008 international cross-disciplinary conference on Web accessibility (W4A)</book-title>
			<alt-title alt-title-type="acronym">W4A '08</alt-title>
		</book-title-group>
	</book-meta>
	<book-part xmlns:ali="http://www.niso.org/schemas/ali/1.0/" book-part-type="chapter" xml:lang="en">
		<book-part-meta>
			<book-part-id book-part-id-type="acm-id">1368069</book-part-id>
			<book-part-id book-part-id-type="doi">10.1145/1368044.1368069</book-part-id><subj-group subj-group-type="ccs2012"><compound-subject><compound-subject-part content-type="code">10003456.10010927.10003616</compound-subject-part><compound-subject-part content-type="text">Social and professional topics / User characteristics / People with disabilities</compound-subject-part></compound-subject><compound-subject><compound-subject-part content-type="code">10003456.10003457.10003580.10003587</compound-subject-part><compound-subject-part content-type="text">Social and professional topics / Professional topics / Computing profession / Assistive technologies</compound-subject-part></compound-subject><compound-subject><compound-subject-part content-type="code">10003456</compound-subject-part><compound-subject-part content-type="text">Social and professional topics</compound-subject-part></compound-subject><compound-subject><compound-subject-part content-type="code">10003456.10003457</compound-subject-part><compound-subject-part content-type="text">Social and professional topics / Professional topics</compound-subject-part></compound-subject><compound-subject><compound-subject-part content-type="code">10003456.10010927</compound-subject-part><compound-subject-part content-type="text">Social and professional topics / User characteristics</compound-subject-part></compound-subject><compound-subject><compound-subject-part content-type="code">10003456.10003457.10003580</compound-subject-part><compound-subject-part content-type="text">Social and professional topics / Professional topics / Computing profession</compound-subject-part></compound-subject></subj-group>
			<title-group>
				<title>WCAG 2.0</title>
				<subtitle>a web accessibility standard for the evolving web</subtitle>
			</title-group>
<contrib-group>
   <contrib contrib-type="author" id="artseq-00001">
       <contrib-id contrib-id-type="person_id" authenticated="false">P1002322</contrib-id><contrib-id contrib-id-type="profile_id" authenticated="false">81332523018</contrib-id>
       <name name-style="western">
           <surname>Reid</surname>
           <given-names>Loretta Guarino</given-names>
       </name>
	<aff>Google, Inc., Mountain View, CA</aff><aff><institution-wrap><institution-id institution-id-type="profile_id">60006191</institution-id></institution-wrap></aff>
	<role>Author</role>
   </contrib>
   <contrib contrib-type="author" id="artseq-00002">
       <contrib-id contrib-id-type="person_id" authenticated="false">P1002323</contrib-id><contrib-id contrib-id-type="profile_id" authenticated="false">81351606703</contrib-id>
       <name name-style="western">
           <surname>Snow-Weaver</surname>
           <given-names>Andi</given-names>
       </name>
	<aff>IBM, Austin, TX</aff><aff><institution-wrap><institution-id institution-id-type="profile_id">60021293</institution-id></institution-wrap></aff>
	<role>Author</role>
   </contrib>
</contrib-group>
   <pub-date date-type="publication">
   <day>21</day>
   <month>04</month>
   <year>2008</year>
   </pub-date>
				<fpage>109</fpage>
				<lpage>115</lpage>
		<permissions>
			<copyright-year>2008</copyright-year>
			<copyright-holder>ACM</copyright-holder>
			<license license-type="acmcopyright">
			<license-p>Permission to make digital or hard copies of all or part of this work for personal or classroom use is granted without fee provided that copies are not made or distributed for profit or commercial advantage and that copies bear this notice and the full citation on the first page. Copyrights for components of this work owned by others than ACM must be honored. Abstracting with credit is permitted. To copy otherwise, or republish, to post on servers or to redistribute to lists, requires prior specific permission and/or a fee. Request permissions from Permissions@acm.org</license-p>
			</license>
		</permissions>
		<self-uri content-type="daisy" xlink:href="1368044.1368069.daisy" />
		<self-uri content-type="pdf" xlink:href="1368044.1368069.pdf" />
	<abstract>
		<p>Since the Web Content Accessibility Guidelines 1.0 (WCAG) became a W3C recommendation in May 1999, the Web has changed dramatically. This paper describes some of the major issues encountered because of these changes and the approaches developed to address them in WCAG 2.0.</p>
	</abstract>
<kwd-group>
<kwd>WCAG</kwd>
<kwd>accessibility</kwd>
</kwd-group>
		</book-part-meta>
		
	<back>
<ref-list specific-use="unparsed">
				<ref id="ref-00001">
				<mixed-citation>Chisolm, W., Vanderheiden, G., Jacobs, I. <underline><italic toggle="yes">Web Content Accessibility Guidelines 1.0.</italic></underline> W3C Recommendation 5 May 1999.</mixed-citation>
				</ref>
				<ref id="ref-00002">
				<mixed-citation>Jacobs, I., Gunderson, J., Hansen, E. <italic toggle="yes"><underline>User Agent Accessibility Guidelines 1.0.</underline></italic> W3C Recommendation, 17 December 2002.</mixed-citation>
				</ref>
				<ref id="ref-00003">
				<mixed-citation>Treviranus, J., McCathieNevile, C., Jacobs, I., Richards, J. <underline><italic toggle="yes">Authoring Tools Accessibility Guidelines 1.0.</italic></underline> W3C Recommendation, 3 February 2000.</mixed-citation>
				</ref>
				<ref id="ref-00004">
				<mixed-citation>Architectural and Transportation Barriers Compliance Board. <italic toggle="yes">Electronic and Information Technology Accessibility Standards; Final Rule.</italic> Federal Register. CFR Part 1194. 21 December, 2000.</mixed-citation>
				</ref>
				<ref id="ref-00005">
				<mixed-citation>Caldwell, B., Cooper, M., Guarino Reid, L., Vanderheiden, G. <italic toggle="yes"><underline>Web Content Accessibility Guidelines 2.0.</underline></italic> W3C Working Draft, 11 December 2007.</mixed-citation>
				</ref>
				<ref id="ref-00006">
				<mixed-citation>Caldwell, B., Cooper, M., Guarino Reid, L., Vanderheiden, G. <italic toggle="yes"><underline>Understanding WCAG 2.0: A guide to understanding and implementing WCAG 2.0.</underline></italic> W3C Working Draft, 11 December 2007.</mixed-citation>
				</ref>
				<ref id="ref-00007">
				<mixed-citation>Caldwell, B., Cooper, M., Guarino Reid, L., Vanderheiden, G. <italic toggle="yes"><underline>Techniques for WCAG 2.0: Techniques and Failures for Web Content Accessibility Guidelines 2.0.</underline></italic> W3C Working Draft, 11 December 2007.</mixed-citation>
				</ref>
				<ref id="ref-00008">
				<mixed-citation>Raggett, D., Le Hors, A., Jacobs, I. <italic toggle="yes"><underline>HTML 4.01 Specification</underline></italic>, W3C Recommendation, 24 December 1999.</mixed-citation>
				</ref>
				<ref id="ref-00009">
				<mixed-citation><italic toggle="yes"><underline>PDF Reference, Third Edition. Adobe Portable Document Format, Version 1.4.</underline></italic> Addison-Wesley.</mixed-citation>
				</ref>
				<ref id="ref-00010">
				<mixed-citation>Seeman, L., Cooper, M., Schwerdtfeger, R., Pappas, L. <underline><italic toggle="yes">Accessible Rich Internet Applications (WAI-ARIA) Version 1.0.</italic></underline> W3C Working Draft, 4 February 2008.</mixed-citation>
				</ref>
				<ref id="ref-00011">
				<mixed-citation>von Ahn, L., Blum, M., Hopper, N., and Langford, J. <underline>CAPTCHA: Using Hard AI Problems for Security.</underline> <italic toggle="yes">EUROCRPYT 2003</italic>. <pub-id pub-id-type="doi" xlink:href="10.5555/1766171.1766196" /></mixed-citation>
				</ref>
				<ref id="ref-00012">
				<mixed-citation>Vanderheiden, G., Guarino Reid, L, Caldwell, B., Lawton, S. <italic toggle="yes"><underline>{Draft} WCAG 2.0 Quick Reference, A customizable list of WCAG 2.0 requirements (Success Criteria) and techniques.</underline></italic> 11 December 2007.</mixed-citation>
				</ref>
				<ref id="ref-00013">
				<mixed-citation>Pappas, L., Schwerdtfeger, R., Cooper, M. <italic toggle="yes"><underline>{Draft} WAI-ARIA Primer</underline></italic>, 4 February 2008.</mixed-citation>
				</ref>
				<ref id="ref-00014">
				<mixed-citation>Mozilla Firefox project page. http://www.mozilla.org/products/firefox/.</mixed-citation>
				</ref>
				<ref id="ref-00015">
				<mixed-citation>GWMicro Window-Eyes product page. http://www.gwmicro.com/Window-Eyes/</mixed-citation>
				</ref>
				<ref id="ref-00016">
				<mixed-citation>Freedom Scientific JAWS® for Windows product page. http://www.freedomscientific.com/products/fs/jaws-product-page.asp</mixed-citation>
				</ref>
				<ref id="ref-00017">
				<mixed-citation>Orca project page. http://www.gnome.org/projects/orca/</mixed-citation>
				</ref>
				<ref id="ref-00018">
				<mixed-citation>Fire Vox product page. http://firevox.clcworld.net/</mixed-citation>
				</ref>
				<ref id="ref-00019">
				<mixed-citation>AISquared Zoom Text product page. http://www.aisquared.com/index.cfim/</mixed-citation>
				</ref>
				<ref id="ref-00020">
				<mixed-citation>Internet Explorer 8 Beta 1 Whitepapers. http://code.msdn.microsoft.com/Release/ProjectReleases.as px?ProjectName=ie8whitepapers&amp;ReleaseId=564</mixed-citation>
				</ref>
				<ref id="ref-00021">
				<mixed-citation>Architectural and Transportation Barriers Compliance Board. <underline>Telecommunications Act Accessibility Guidelines; Electronic and Information Technology Accessibility Standards.</underline> Federal Register, CFR Parts 1193 and 1194.</mixed-citation>
				</ref>
				<ref id="ref-00022">
				<mixed-citation><italic toggle="yes">Telecommunications Act of 1996.</italic> Pub. LA No. 104--104, 110 Stat. 56 (1996). Vol. 71, No. 129. July 6, 2006.</mixed-citation>
				</ref>
			</ref-list>
</back>
</book-part>
</book-part-wrapper>
