<?xml version="1.0" encoding="UTF-8"?>
<!DOCTYPE book-part-wrapper PUBLIC "-//NLM//DTD BITS Book Interchange DTD with OASIS and XHTML Tables v2.0 20151225//EN" "BITS-book-oasis2.dtd">
<book-part-wrapper xmlns:xlink="http://www.w3.org/1999/xlink" xmlns:mml="http://www.w3.org/1998/Math/MathML" xmlns:oasis="http://www.niso.org/standards/z39-96/ns/oasis-exchange/table" xmlns:xi="http://www.w3.org/2001/XInclude" xmlns:xsi="http://www.w3.org/2001/XMLSchema-instance" dtd-version="2.0" xml:lang="en" content-type="research-article">
<collection-meta collection-type="book-series">
    <collection-id collection-id-type="doi">10.1145/acmconferences</collection-id>
    <title-group>
        <title>ACM Conferences</title>
    </title-group>
</collection-meta>
	<book-meta>
		<book-id book-id-type="acm-id">1368044</book-id>
		<book-id book-id-type="doi">10.1145/1368044</book-id>
		<book-title-group>
			<book-title>Proceedings of the 2008 international cross-disciplinary conference on Web accessibility (W4A)</book-title>
			<alt-title alt-title-type="acronym">W4A '08</alt-title>
		</book-title-group>
	</book-meta>
	<book-part xmlns:ali="http://www.niso.org/schemas/ali/1.0/" book-part-type="chapter" xml:lang="en">
		<book-part-meta>
			<book-part-id book-part-id-type="acm-id">1368064</book-part-id>
			<book-part-id book-part-id-type="doi">10.1145/1368044.1368064</book-part-id>
	<subj-group subj-group-type="ccs2012">
		<compound-subject>
			<compound-subject-part content-type="code">10003120.10003121</compound-subject-part>
			<compound-subject-part content-type="text">Human-centered computing~Human computer interaction (HCI)</compound-subject-part>
			<compound-subject-part content-type="weight">500</compound-subject-part>
		</compound-subject>
		<compound-subject>
			<compound-subject-part content-type="code">10003120.10003121</compound-subject-part>
			<compound-subject-part content-type="text">Human-centered computing~Human computer interaction (HCI)</compound-subject-part>
			<compound-subject-part content-type="weight">100</compound-subject-part>
		</compound-subject>
	</subj-group>
			<title-group>
				<title>A survey on the accessibility awareness of people involved in web development projects in Brazil</title>
			</title-group>
<contrib-group>
   <contrib contrib-type="author" id="artseq-00001">
       <contrib-id contrib-id-type="person_id" authenticated="false">P1002310</contrib-id><contrib-id contrib-id-type="profile_id" authenticated="false">81100284962</contrib-id>
       <name name-style="western">
           <surname>Freire</surname>
           <given-names>Andre P.</given-names>
       </name>
	<aff>University of Sao Paulo, Sao Carlos, SP, Brazil</aff><aff><institution-wrap><institution-id institution-id-type="profile_id">60008088</institution-id></institution-wrap></aff>
	<role>Author</role>
   </contrib>
   <contrib contrib-type="author" id="artseq-00002">
       <contrib-id contrib-id-type="person_id" authenticated="false">P1002311</contrib-id><contrib-id contrib-id-type="profile_id" authenticated="false">81414594878</contrib-id>
       <name name-style="western">
           <surname>Russo</surname>
           <given-names>Cibele M.</given-names>
       </name>
	<aff>University of Sao Paulo, Sao Paulo, SP, Brazil</aff><aff><institution-wrap><institution-id institution-id-type="profile_id">60008088</institution-id></institution-wrap></aff>
	<role>Author</role>
   </contrib>
   <contrib contrib-type="author" id="artseq-00003">
       <contrib-id contrib-id-type="person_id" authenticated="false">P1002312</contrib-id><contrib-id contrib-id-type="profile_id" authenticated="false">81310485421</contrib-id>
       <name name-style="western">
           <surname>Fortes</surname>
           <given-names>Renata P. M.</given-names>
       </name>
	<aff>University of Sao Paulo, Sao Carlos, SP, Brazil</aff><aff><institution-wrap><institution-id institution-id-type="profile_id">60008088</institution-id></institution-wrap></aff>
	<role>Author</role>
   </contrib>
</contrib-group>
   <pub-date date-type="publication">
   <day>21</day>
   <month>04</month>
   <year>2008</year>
   </pub-date>
				<fpage>87</fpage>
				<lpage>96</lpage>
		<permissions>
			<copyright-year>2008</copyright-year>
			<copyright-holder>ACM</copyright-holder>
			<license license-type="acmcopyright">
			<license-p>Permission to make digital or hard copies of all or part of this work for personal or classroom use is granted without fee provided that copies are not made or distributed for profit or commercial advantage and that copies bear this notice and the full citation on the first page. Copyrights for components of this work owned by others than ACM must be honored. Abstracting with credit is permitted. To copy otherwise, or republish, to post on servers or to redistribute to lists, requires prior specific permission and/or a fee. Request permissions from Permissions@acm.org</license-p>
			</license>
		</permissions>
		<self-uri content-type="daisy" xlink:href="1368044.1368064.daisy" />
		<self-uri content-type="pdf" xlink:href="1368044.1368064.pdf" />
	<abstract>
		<p>Accessibility has become a very important issue to promote inclusion in the Information Society, and people involved in Web development projects have a very important role to contribute with the development of a more inclusive Web. In this paper, we propose an investigation on the accessibility awareness of people involved in Web development in Brazil. We have conducted the research by means of an exploratory survey with a Web based questionnaire and a sample with subjects from academy, industry and government. The study had 613 valid answers and involved representatives from all of the 27 states of Brazil. The results show that accessibility is still far from being actually considered in Web development projects in Brazil, as only 19.9% of the participants have stated that accessibility is considered in their projects. The lack of education on accessibility, as well as the poor spread of the Brazilian accessibility law are important issues to be dealt with to boost a stronger accessibility awareness among people involved in Web development.</p>
	</abstract>
<kwd-group>
<kwd>developers</kwd>
<kwd>perception</kwd>
<kwd>survey</kwd>
<kwd>web accessibility</kwd>
</kwd-group>
		</book-part-meta>
		
	<back>
<ref-list specific-use="unparsed">
				<ref id="ref-00001">
				<mixed-citation>Acessibilidade Brasil. daSilva, 2007. Available online at http://www.dasilva.org.br. Last accessed in January, 2008.</mixed-citation>
				</ref>
				<ref id="ref-00002">
				<mixed-citation>R. Ahmad, L. Zhang, and F. Azam. Measuring navigational burden. In <italic toggle="yes">Fourth International Conference on Proceedings of Software Engineering Research, Management and Applications</italic>,, pages 307--314. IEEE, 2006. <pub-id pub-id-type="doi" xlink:href="10.1109/SERA.2006.46" assigning-authority="crossref">10.1109/SERA.2006.46</pub-id> <pub-id pub-id-type="doi" xlink:href="10.1109/SERA.2006.46" /></mixed-citation>
				</ref>
				<ref id="ref-00003">
				<mixed-citation>H. Ault, J. Deloge, R. Lapp, M. Morgan, and J. Barnett. Evaluation of long descriptions of statistical graphics for blind and low vision web users. In <italic toggle="yes">Proceedings of 8th International Conference on Computers Helping People with Special Needs</italic>, page 517, Linz, Austria, 2002. Springer Berlin/Heidelberg. <pub-id pub-id-type="doi" xlink:href="10.5555/646269.684495" /></mixed-citation>
				</ref>
				<ref id="ref-00004">
				<mixed-citation>Brazilian Government. Accessibility Model for e-Government - version 2.0, 2008. Available online at http://www.governoeletronico.gov.br/emag. Last access at January/2008.</mixed-citation>
				</ref>
				<ref id="ref-00005">
				<mixed-citation>ENABLED. Enabled web developer survey, 2005. Available at http://www.enabledweb.org/public_results/survey_results/. Last access in January/2008.</mixed-citation>
				</ref>
				<ref id="ref-00006">
				<mixed-citation>S. B. L. Ferreira, R. C. dos Santos, and D. S. da Silveira. Panorama of Brazilian Web Accessibility. In <italic toggle="yes">Proceedings of the XXXI ANPAD Meeting - EnANPAD</italic>, page 17p, 2007.</mixed-citation>
				</ref>
				<ref id="ref-00007">
				<mixed-citation>R. Filepp, J. Challenger, and D. Rosu. Improving the accessibility of aurally rendered html tables. In <italic toggle="yes">Assets '02: Proceedings of the fifth international ACM conference on Assistive technologies</italic>, pages 9--16, New York, NY, USA, 2002. ACM Press. <pub-id pub-id-type="doi" xlink:href="10.1145/638249.638254" assigning-authority="crossref">10.1145/638249.638254</pub-id> <pub-id pub-id-type="doi" xlink:href="10.1145/638249.638254" /></mixed-citation>
				</ref>
				<ref id="ref-00008">
				<mixed-citation>A. P. Freire, T. J. Bittar, and R. P. M. Fortes. An approach based on metrics for monitoring web accessibility in brazilian municipalities web sites. In <italic toggle="yes">Proceedings of the 23rd Annual ACM Symposium on Applied Computing</italic>, pages 2420--2424. ACM Press, 2008. <pub-id pub-id-type="doi" xlink:href="10.1145/1363686.1364259" assigning-authority="crossref">10.1145/1363686.1364259</pub-id> <pub-id pub-id-type="doi" xlink:href="10.1145/1363686.1364259" /></mixed-citation>
				</ref>
				<ref id="ref-00009">
				<mixed-citation>A. P. Freire, R. P. de Mattos Fortes, D. M. B. Paiva, and M. A. S. Turine. Using screen readers to reinforce web accessibility education. <italic toggle="yes">SIGCSE Bull.</italic>, 39(3):82--86, 2007. <pub-id pub-id-type="doi" xlink:href="10.1145/1269900.1268810" assigning-authority="crossref">10.1145/1269900.1268810</pub-id> <pub-id pub-id-type="doi" xlink:href="10.1145/1269900.1268810" /></mixed-citation>
				</ref>
				<ref id="ref-00010">
				<mixed-citation>A. P. Freire, R. Goularte, and R. P. de Mattos Fortes. Techniques for developing more accessible web applications: a survey towards a process classification. In <italic toggle="yes">SIGDOC '07: Proceedings of the 25th annual ACM international conference on Design of communication</italic>, pages 162--169, New York, NY, USA, 2007. ACM. <pub-id pub-id-type="doi" xlink:href="10.1145/1297144.1297177" assigning-authority="crossref">10.1145/1297144.1297177</pub-id> <pub-id pub-id-type="doi" xlink:href="10.1145/1297144.1297177" /></mixed-citation>
				</ref>
				<ref id="ref-00011">
				<mixed-citation>H. Freitas, M. Oliveira, A. Z. Saccol, and J. Moscarola. The survey method (in portuguese). <italic toggle="yes">Journal of Management, USP, RAUSP</italic>, 35(3):105--112, Jul-Sep 2000.</mixed-citation>
				</ref>
				<ref id="ref-00012">
				<mixed-citation>T. Goette, C. Collier, and J. D. White. An exploratory study of the accessibility of state government Web sites. <italic toggle="yes">Universal Access in the Information Society</italic>, 5(1):41--50, June 2006. <pub-id pub-id-type="doi" xlink:href="10.1007/s10209-006-0023-2" assigning-authority="crossref">10.1007/s10209-006-0023-2</pub-id> <pub-id pub-id-type="doi" xlink:href="10.1007/s10209-006-0023-2" /></mixed-citation>
				</ref>
				<ref id="ref-00013">
				<mixed-citation>L. Hull. Accessibility: it's not just for disabilities any more. <italic toggle="yes">Interactions</italic>, 11(2):36--41, 2004. <pub-id pub-id-type="doi" xlink:href="10.1145/971258.971270" assigning-authority="crossref">10.1145/971258.971270</pub-id> <pub-id pub-id-type="doi" xlink:href="10.1145/971258.971270" /></mixed-citation>
				</ref>
				<ref id="ref-00014">
				<mixed-citation>S. K. Kane, J. A. Shulman, T. J. Shockley, and R. E. Ladner. A web accessibility report card for top international university web sites. In <italic toggle="yes">W4A '07: Proceedings of the 2007 international cross-disciplinary conference on Web accessibility (W4A)</italic>, pages 148--156, New York, NY, USA, 2007. ACM. <pub-id pub-id-type="doi" xlink:href="10.1145/1243441.1243472" assigning-authority="crossref">10.1145/1243441.1243472</pub-id> <pub-id pub-id-type="doi" xlink:href="10.1145/1243441.1243472" /></mixed-citation>
				</ref>
				<ref id="ref-00015">
				<mixed-citation>C. Kouroupetroglou, M. Salampasis, and A. Manitsaris. A semantic-web based framework for developing applications to improve accessibility in the www. In <italic toggle="yes">W4A: Proceedings of the 2006 international cross-disciplinary workshop on Web accessibility (W4A)</italic>, pages 98--108, New York, NY, USA, 2006. ACM Press. <pub-id pub-id-type="doi" xlink:href="10.1145/1133219.1133238" assigning-authority="crossref">10.1145/1133219.1133238</pub-id> <pub-id pub-id-type="doi" xlink:href="10.1145/1133219.1133238" /></mixed-citation>
				</ref>
				<ref id="ref-00016">
				<mixed-citation>J. Lazar, A. Dudley-Sponaugle, and K. Greenidge. Improving Web Accessibility: A Study of Webmaster Perceptions. <italic toggle="yes">Computers and Human Behavior</italic>, 20(2):269--288, 2004.</mixed-citation>
				</ref>
				<ref id="ref-00017">
				<mixed-citation>P. Plessers, S. Casteleyn, Y. Yesilada, O. D. Troyer, R. Stevens, S. Harper, and C. Goble. Accessibility: a web engineering approach. In <italic toggle="yes">WWW '05: Proceedings of the 14th international conference on World Wide Web</italic>, pages 353--362, New York, NY, USA, 2005. ACM Press. <pub-id pub-id-type="doi" xlink:href="10.1145/1060745.1060799" assigning-authority="crossref">10.1145/1060745.1060799</pub-id> <pub-id pub-id-type="doi" xlink:href="10.1145/1060745.1060799" /></mixed-citation>
				</ref>
				<ref id="ref-00018">
				<mixed-citation>B. J. Rosmaita. Accessibility first!: a new approach to web design. In <italic toggle="yes">SIGCSE '06: Proceedings of the 37th SIGCSE technical symposium on Computer science education</italic>, pages 270--274, New York, NY, USA, 2006. ACM Press. <pub-id pub-id-type="doi" xlink:href="10.1145/1121341.1121426" assigning-authority="crossref">10.1145/1121341.1121426</pub-id> <pub-id pub-id-type="doi" xlink:href="10.1145/1121341.1121426" /></mixed-citation>
				</ref>
				<ref id="ref-00019">
				<mixed-citation>D. Sloan, A. Heath, F. Hamilton, B. Kelly, H. Petrie, and L. Phipps. Contextual web accessibility - maximizing the benefit of accessibility guidelines. In <italic toggle="yes">W4A: Proceedings of the 2006 international cross-disciplinary workshop on Web accessibility (W4A)</italic>, pages 121--131, New York, NY, USA, 2006. ACM Press. <pub-id pub-id-type="doi" xlink:href="10.1145/1133219.1133242" assigning-authority="crossref">10.1145/1133219.1133242</pub-id> <pub-id pub-id-type="doi" xlink:href="10.1145/1133219.1133242" /></mixed-citation>
				</ref>
				<ref id="ref-00020">
				<mixed-citation>T. M. Tangarife. Accessibility of governmental web sites: Eletrobras case study. Master's thesis, Department de Arts and Design, Pontifcia Universidade Catolica do Rio de Janeiro (PUC-Rio), 2007.</mixed-citation>
				</ref>
				<ref id="ref-00021">
				<mixed-citation>T. M. Tangarife and C. Mont'alvao. What the brazilian developers know about web accessibility and digital inclusion? In <italic toggle="yes">Proceedings of the 6 USIHC - 6 International Congress on Ergonomics, Usability, Interface Design and Human-Computer Interaction</italic>, page 6p, 2006.</mixed-citation>
				</ref>
				<ref id="ref-00022">
				<mixed-citation>J. Thatcher, P. Bohman, M. Burks, S. L. Henry, B. Regan, S. Swierenga, and M. Urban. <italic toggle="yes">Constructing Accessible Web Sites.</italic> Glasshaus, 1a edition, 2002. <pub-id pub-id-type="doi" xlink:href="10.5555/863710" /></mixed-citation>
				</ref>
				<ref id="ref-00023">
				<mixed-citation>U.S. Government. Section 508, 2007. Available online at http://www.section508.gov. Last access at January/2008.</mixed-citation>
				</ref>
				<ref id="ref-00024">
				<mixed-citation>M. Vigo, M. Arrue, G. Brajnik, R. Lomuscio, and J. Abascal. Quantitative metrics for measuring web accessibility. In <italic toggle="yes">W4A '07: Proceedings of the 2007 international cross-disciplinary conference on Web accessibility (W4A)</italic>, pages 99--107, New York, NY, USA, 2007. ACM Press. <pub-id pub-id-type="doi" xlink:href="10.1145/1243441.1243465" assigning-authority="crossref">10.1145/1243441.1243465</pub-id> <pub-id pub-id-type="doi" xlink:href="10.1145/1243441.1243465" /></mixed-citation>
				</ref>
				<ref id="ref-00025">
				<mixed-citation>W3C. Web Content Acessibility Guidelines 1.0, 1999. Available at http://www.w3.org/TR/WCAG10. Last access at February 2008.</mixed-citation>
				</ref>
				<ref id="ref-00026">
				<mixed-citation>W3C. Authoring Tool Accessibility Guidelines 1.0, 2000. Available at http://www.w3.org/TR/ATAG10. Last access at February 2008.</mixed-citation>
				</ref>
				<ref id="ref-00027">
				<mixed-citation>W3C. Web Content Acessibility Guidelines 2.0 - Working Draft, 2007. Available at http://www.w3.org/TR/ATAG20. Last access at February 2008.</mixed-citation>
				</ref>
				<ref id="ref-00028">
				<mixed-citation>M. Zajicek. Successful and available: interface design exemplars for older users. <italic toggle="yes">Interacting with Computers</italic>, 16:411--430, June 2004.</mixed-citation>
				</ref>
			</ref-list>
</back>
</book-part>
</book-part-wrapper>
