<?xml version="1.0" encoding="UTF-8"?>
<!DOCTYPE book-part-wrapper PUBLIC "-//NLM//DTD BITS Book Interchange DTD with OASIS and XHTML Tables v2.0 20151225//EN" "BITS-book-oasis2.dtd">
<book-part-wrapper xmlns:xlink="http://www.w3.org/1999/xlink" xmlns:mml="http://www.w3.org/1998/Math/MathML" xmlns:oasis="http://www.niso.org/standards/z39-96/ns/oasis-exchange/table" xmlns:xi="http://www.w3.org/2001/XInclude" xmlns:xsi="http://www.w3.org/2001/XMLSchema-instance" dtd-version="2.0" xml:lang="en" content-type="research-article">
<collection-meta collection-type="book-series">
    <collection-id collection-id-type="doi">10.1145/acmconferences</collection-id>
    <title-group>
        <title>ACM Conferences</title>
    </title-group>
</collection-meta>
	<book-meta>
		<book-id book-id-type="acm-id">1368044</book-id>
		<book-id book-id-type="doi">10.1145/1368044</book-id>
		<book-title-group>
			<book-title>Proceedings of the 2008 international cross-disciplinary conference on Web accessibility (W4A)</book-title>
			<alt-title alt-title-type="acronym">W4A '08</alt-title>
		</book-title-group>
	</book-meta>
	<book-part xmlns:ali="http://www.niso.org/schemas/ali/1.0/" book-part-type="chapter" xml:lang="en">
		<book-part-meta>
			<book-part-id book-part-id-type="acm-id">1368067</book-part-id>
			<book-part-id book-part-id-type="doi">10.1145/1368044.1368067</book-part-id>
	<subj-group subj-group-type="ccs2012">
		<compound-subject>
			<compound-subject-part content-type="code">10002951.10003317</compound-subject-part>
			<compound-subject-part content-type="text">Information systems~Information retrieval</compound-subject-part>
			<compound-subject-part content-type="weight">500</compound-subject-part>
		</compound-subject>
		<compound-subject>
			<compound-subject-part content-type="code">10002951.10003152</compound-subject-part>
			<compound-subject-part content-type="text">Information systems~Information storage systems</compound-subject-part>
			<compound-subject-part content-type="weight">500</compound-subject-part>
		</compound-subject>
		<compound-subject>
			<compound-subject-part content-type="code">10002951.10003152</compound-subject-part>
			<compound-subject-part content-type="text">Information systems~Information storage systems</compound-subject-part>
			<compound-subject-part content-type="weight">100</compound-subject-part>
		</compound-subject>
		<compound-subject>
			<compound-subject-part content-type="code">10002951.10003317</compound-subject-part>
			<compound-subject-part content-type="text">Information systems~Information retrieval</compound-subject-part>
			<compound-subject-part content-type="weight">100</compound-subject-part>
		</compound-subject>
		<compound-subject>
			<compound-subject-part content-type="code">10003120.10003121</compound-subject-part>
			<compound-subject-part content-type="text">Human-centered computing~Human computer interaction (HCI)</compound-subject-part>
			<compound-subject-part content-type="weight">100</compound-subject-part>
		</compound-subject>
	</subj-group>
			<title-group>
				<title>An accessibility evaluation platform</title>
				<subtitle>borrowing from web 2.0</subtitle>
			</title-group>
<contrib-group>
   <contrib contrib-type="author" id="artseq-00001">
       <contrib-id contrib-id-type="person_id" authenticated="false">P1002320</contrib-id><contrib-id contrib-id-type="profile_id" authenticated="false">81351609552</contrib-id>
       <name name-style="western">
           <surname>Chen</surname>
           <given-names>Yui-Liang</given-names>
       </name>
	<aff>Shih-Hsin University, Taiwan, Taipei, Taiwan</aff><aff><institution-wrap><institution-id institution-id-type="profile_id">60027223</institution-id></institution-wrap></aff>
	<role>Author</role>
   </contrib>
   <contrib contrib-type="author" id="artseq-00002">
       <contrib-id contrib-id-type="person_id" authenticated="false">P1002321</contrib-id><contrib-id contrib-id-type="profile_id" authenticated="false">81421593095</contrib-id>
       <name name-style="western">
           <surname>Lin</surname>
           <given-names>Gina</given-names>
       </name>
	<aff>Netrhythm Co. Ltd., Taiwan, Tauyung, Taiwan</aff>
	<role>Author</role>
   </contrib>
</contrib-group>
   <pub-date date-type="publication">
   <day>21</day>
   <month>04</month>
   <year>2008</year>
   </pub-date>
				<fpage>105</fpage>
				<lpage>108</lpage>
		<permissions>
			<copyright-year>2008</copyright-year>
			<copyright-holder>ACM</copyright-holder>
			<license license-type="acmcopyright">
			<license-p>Permission to make digital or hard copies of all or part of this work for personal or classroom use is granted without fee provided that copies are not made or distributed for profit or commercial advantage and that copies bear this notice and the full citation on the first page. Copyrights for components of this work owned by others than ACM must be honored. Abstracting with credit is permitted. To copy otherwise, or republish, to post on servers or to redistribute to lists, requires prior specific permission and/or a fee. Request permissions from Permissions@acm.org</license-p>
			</license>
		</permissions>
		<self-uri content-type="daisy" xlink:href="1368044.1368067.daisy" />
		<self-uri content-type="pdf" xlink:href="1368044.1368067.pdf" />
	<abstract>
		<p>There are limitations when it comes to promoting increased Internet access to the wider population in Taiwan, mainly because efforts are centered on government-led initiatives that are guided by a Web Accessibility policy. These include the establishment of a call center to handle both technical and administrative issues; creation of a validation toolset, known as 'Freego', to detect violation of Web Accessibility guidelines; the provision of services to support Accessibility Conformances; evaluation reports of websites conducted via automated and human reviews; and progress reports that monitor compliance with Web Accessibility guidelines. The Research, Development &amp; Evaluation Commission (RDEC) has been established as an agency of the Executive Yuan of Taiwan, and is responsible for the administration of a Web Accessibility policy.</p> <p>An Accessibility Evaluation platform, based on ideas taken from Web 2.0, is therefore proposed in this paper in order to leverage these public sector initiatives, as well as to allow for contributions from the wider, interested community. This platform borrows from concepts such as social learning theory (SLS) and social networking service (SNS), which demonstrate that increased social interaction and networking enables people to learn more and to utilize Internet resources more often and productively. Increased Internet accessibility overcomes the challenges of longdistance communication and allows for the maintenance of new and existing relationships, which has societal, as well as individual, benefits. The proposed platform framework is based upon front-end and back-end interfaces, which incorporate user and administrator functions that implement accessibility policies. This should enable a wider participation from the community in the accessibility evaluation process, and allow for a wider dissertation of community experience and knowledge.</p>
	</abstract>
<kwd-group>
<kwd>accessibility</kwd>
<kwd>accessibility evaluation platform</kwd>
<kwd>accessible evaluation</kwd>
<kwd>web 2.0</kwd>
</kwd-group>
		</book-part-meta>
		
	<back>
<ref-list specific-use="unparsed">
				<ref id="ref-00001">
				<mixed-citation>Deutch, M., "Equity, Equality and Need: What Determines Which Value Will Be Used as the Basis of Distributive Justice". <italic toggle="yes">Journal of Social issues</italic>, 31, 1975, 137--149.</mixed-citation>
				</ref>
				<ref id="ref-00002">
				<mixed-citation>Glassman M., "Dewey and Vygotsky: Society, Experience, and Inquiry in Educational Practice", <italic toggle="yes">Educational Researcher</italic>, Vol. 30, No. 4, 2001, 3--14.</mixed-citation>
				</ref>
				<ref id="ref-00003">
				<mixed-citation>Milgram, S., The small world problem, <italic toggle="yes">Psychology Today</italic>, 1, 1967, 61.</mixed-citation>
				</ref>
				<ref id="ref-00004">
				<mixed-citation>Tim O'Reilly, What Is Web 2.0 -- Design Patterns and Business Models for the Next Generation of Software, O'Reilly, 2005.</mixed-citation>
				</ref>
				<ref id="ref-00005">
				<mixed-citation>Raymond, E., <italic toggle="yes">The Cathedral and the Bazaar,: Musings on Linux and Open Source by an accidental revolutionary</italic>, O'Reilly, 2001. <pub-id pub-id-type="doi" xlink:href="10.5555/365399" /></mixed-citation>
				</ref>
				<ref id="ref-00006">
				<mixed-citation>Vygotsky, L. S., <italic toggle="yes">Mind in Society</italic>, Harvard University Press, Cambridge, 1978.</mixed-citation>
				</ref>
			</ref-list>
</back>
</book-part>
</book-part-wrapper>
