<?xml version="1.0" encoding="UTF-8"?>
<!DOCTYPE book-part-wrapper PUBLIC "-//NLM//DTD BITS Book Interchange DTD with OASIS and XHTML Tables v2.0 20151225//EN" "BITS-book-oasis2.dtd">
<book-part-wrapper xmlns:xlink="http://www.w3.org/1999/xlink" xmlns:mml="http://www.w3.org/1998/Math/MathML" xmlns:oasis="http://www.niso.org/standards/z39-96/ns/oasis-exchange/table" xmlns:xi="http://www.w3.org/2001/XInclude" xmlns:xsi="http://www.w3.org/2001/XMLSchema-instance" dtd-version="2.0" xml:lang="en" content-type="research-article">
<collection-meta collection-type="book-series">
    <collection-id collection-id-type="doi">10.1145/acmconferences</collection-id>
    <title-group>
        <title>ACM Conferences</title>
    </title-group>
</collection-meta>
	<book-meta>
		<book-id book-id-type="acm-id">1368044</book-id>
		<book-id book-id-type="doi">10.1145/1368044</book-id>
		<book-title-group>
			<book-title>Proceedings of the 2008 international cross-disciplinary conference on Web accessibility (W4A)</book-title>
			<alt-title alt-title-type="acronym">W4A '08</alt-title>
		</book-title-group>
	</book-meta>
	<book-part xmlns:ali="http://www.niso.org/schemas/ali/1.0/" book-part-type="chapter" xml:lang="en">
		<book-part-meta>
			<book-part-id book-part-id-type="acm-id">1368070</book-part-id>
			<book-part-id book-part-id-type="doi">10.1145/1368044.1368070</book-part-id>
	<subj-group subj-group-type="ccs2012">
		<compound-subject>
			<compound-subject-part content-type="code">10002951.10003227.10003251</compound-subject-part>
			<compound-subject-part content-type="text">Information systems~Information systems applications~Multimedia information systems</compound-subject-part>
			<compound-subject-part content-type="weight">500</compound-subject-part>
		</compound-subject>
		<compound-subject>
			<compound-subject-part content-type="code">10010405.10010489</compound-subject-part>
			<compound-subject-part content-type="text">Applied computing~Education</compound-subject-part>
			<compound-subject-part content-type="weight">100</compound-subject-part>
		</compound-subject>
		<compound-subject>
			<compound-subject-part content-type="code">10002951.10003227.10003251</compound-subject-part>
			<compound-subject-part content-type="text">Information systems~Information systems applications~Multimedia information systems</compound-subject-part>
			<compound-subject-part content-type="weight">100</compound-subject-part>
		</compound-subject>
		<compound-subject>
			<compound-subject-part content-type="code">10003456</compound-subject-part>
			<compound-subject-part content-type="text">Social and professional topics</compound-subject-part>
			<compound-subject-part content-type="weight">100</compound-subject-part>
		</compound-subject>
	</subj-group>
			<title-group>
				<title>E-learning 2.0</title>
				<subtitle>you are We-LCoME!</subtitle>
			</title-group>
<contrib-group>
   <contrib contrib-type="author" id="artseq-00001">
       <contrib-id contrib-id-type="person_id" authenticated="false">P1002324</contrib-id><contrib-id contrib-id-type="profile_id" authenticated="false">81100149540</contrib-id>
       <name name-style="western">
           <surname>Ferretti</surname>
           <given-names>Stefano</given-names>
       </name>
	<aff>University of Bologna, Bologna (BO), Italy</aff><aff><institution-wrap><institution-id institution-id-type="profile_id">60028218</institution-id></institution-wrap></aff>
	<role>Author</role>
   </contrib>
   <contrib contrib-type="author" id="artseq-00002">
       <contrib-id contrib-id-type="person_id" authenticated="false">P1002325</contrib-id><contrib-id contrib-id-type="profile_id" authenticated="false">81314484120</contrib-id>
       <name name-style="western">
           <surname>Mirri</surname>
           <given-names>Silvia</given-names>
       </name>
	<aff>University of Bologna, Bologna (BO), Italy</aff><aff><institution-wrap><institution-id institution-id-type="profile_id">60028218</institution-id></institution-wrap></aff>
	<role>Author</role>
   </contrib>
   <contrib contrib-type="author" id="artseq-00003">
       <contrib-id contrib-id-type="person_id" authenticated="false">P1002326</contrib-id><contrib-id contrib-id-type="profile_id" authenticated="false">81351593052</contrib-id>
       <name name-style="western">
           <surname>Muratori</surname>
           <given-names>Ludovico Antonio</given-names>
       </name>
	<aff>University of Bologna, Cesena (FC), Italy</aff><aff><institution-wrap><institution-id institution-id-type="profile_id">60028218</institution-id></institution-wrap></aff>
	<role>Author</role>
   </contrib>
   <contrib contrib-type="author" id="artseq-00004">
       <contrib-id contrib-id-type="person_id" authenticated="false">P1002327</contrib-id><contrib-id contrib-id-type="profile_id" authenticated="false">81100141776</contrib-id>
       <name name-style="western">
           <surname>Roccetti</surname>
           <given-names>Marco</given-names>
       </name>
	<aff>University of Bologna, Bologna (BO), Italy</aff><aff><institution-wrap><institution-id institution-id-type="profile_id">60028218</institution-id></institution-wrap></aff>
	<role>Author</role>
   </contrib>
   <contrib contrib-type="author" id="artseq-00005">
       <contrib-id contrib-id-type="person_id" authenticated="false">P1002328</contrib-id><contrib-id contrib-id-type="profile_id" authenticated="false">81100163109</contrib-id>
       <name name-style="western">
           <surname>Salomoni</surname>
           <given-names>Paola</given-names>
       </name>
	<aff>University of Bologna, Bologna (BO), Italy</aff><aff><institution-wrap><institution-id institution-id-type="profile_id">60028218</institution-id></institution-wrap></aff>
	<role>Author</role>
   </contrib>
</contrib-group>
   <pub-date date-type="publication">
   <day>21</day>
   <month>04</month>
   <year>2008</year>
   </pub-date>
				<fpage>116</fpage>
				<lpage>125</lpage>
		<permissions>
			<copyright-year>2008</copyright-year>
			<copyright-holder>ACM</copyright-holder>
			<license license-type="acmcopyright">
			<license-p>Permission to make digital or hard copies of all or part of this work for personal or classroom use is granted without fee provided that copies are not made or distributed for profit or commercial advantage and that copies bear this notice and the full citation on the first page. Copyrights for components of this work owned by others than ACM must be honored. Abstracting with credit is permitted. To copy otherwise, or republish, to post on servers or to redistribute to lists, requires prior specific permission and/or a fee. Request permissions from Permissions@acm.org</license-p>
			</license>
		</permissions>
		<self-uri content-type="daisy" xlink:href="1368044.1368070.daisy" />
		<self-uri content-type="pdf" xlink:href="1368044.1368070.pdf" />
	<abstract>
		<p>The Internet is turning into a participating community where consumers and producers of resources merge into <italic toggle="yes">"prosumers"</italic>, dialectically sharing their knowledge, their interests and needs. This Web 2.0 archetype is now strongly impacting on e-learning methodologies and technologies, by enforcing the participation of students in creating and sharing materials and resources. Overcoming latent alarms introduced by the coming out of new complex tools, e-learning 2.0 represents a new challenge for accessibility. The production of accessible contents can now be turned from an impossible mission centrally managed by teachers and institutions to a joint work of people improving learning materials.</p> <p>In this context, we present an e-learning 2.0 tool, designed and developed to support users in editing educational resources and compounding multimedia contents through a collaborative work. Starting from a multimedia resource provided by the lecturer, an entire community can contribute in adding alternative contents and views, creating a multidimensional information structure. The resulting enriched resource can be tailored to a specific user by resorting to automatic adaptation mechanisms. This system can be used to transform the content production workflow, involving all the different actors (lecturers, learning technologists, student support services, staff developers and students) playing a role in improving accessibility and, more generally, effectiveness of learning materials.</p>
	</abstract>
<kwd-group>
<kwd>E-learning 2.0</kwd>
<kwd>accessibility</kwd>
<kwd>multimedia editing</kwd>
<kwd>web 2.0</kwd>
</kwd-group>
		</book-part-meta>
		
	<back>
<ref-list specific-use="unparsed">
				<ref id="ref-00001">
				<mixed-citation>Adams, B. and Venkatesh, S. Weaving Stories in Digital Media: When Spielberg Makes Home Movies. In <italic toggle="yes">Proceedings of ACM Multimedia Conference</italic> (Berkeley, California, USA, Novembre 2--8, 2003) ACM Press, New York, NY, 2003, 207--210. <pub-id pub-id-type="doi" xlink:href="10.1145/957013.957053" assigning-authority="crossref">10.1145/957013.957053</pub-id> <pub-id pub-id-type="doi" xlink:href="10.1145/957013.957053" /></mixed-citation>
				</ref>
				<ref id="ref-00002">
				<mixed-citation>BitTorrent. Available from: http://www.bittorrent.com/, 2008.</mixed-citation>
				</ref>
				<ref id="ref-00003">
				<mixed-citation>Désilets, A., Gonzalez, L., Paquet, S. and Stojanovic M. Translation the Wiki way. In <italic toggle="yes">Proceedings of the ACM International Symposium on Wikis (WikiSym 2006)</italic> (Odense, Denmark, August 21--23, 2006), ACM Press, New York, NY, 2006, 19--32. <pub-id pub-id-type="doi" xlink:href="10.1145/1149453.1149464" assigning-authority="crossref">10.1145/1149453.1149464</pub-id> <pub-id pub-id-type="doi" xlink:href="10.1145/1149453.1149464" /></mixed-citation>
				</ref>
				<ref id="ref-00004">
				<mixed-citation>DokuWiki. Available from: http://wiki.splitbrain.org, 2008.</mixed-citation>
				</ref>
				<ref id="ref-00005">
				<mixed-citation>Downes, S. E-learning 2.0. Available from: http://www.downes.ca/post/31741, 2005. <pub-id pub-id-type="doi" xlink:href="10.1145/1104966.1104968" assigning-authority="crossref">10.1145/1104966.1104968</pub-id> <pub-id pub-id-type="doi" xlink:href="10.1145/1104966.1104968" /></mixed-citation>
				</ref>
				<ref id="ref-00006">
				<mixed-citation>Facebook. Available from: http://www.facebook.com/, 2008.</mixed-citation>
				</ref>
				<ref id="ref-00007">
				<mixed-citation>Ferretti, S., Mirri, S., Roccetti, M. and Salomoni, P. Notes for a Collaboration: On the Design of a Wiki-type Educational Video Lecture Annotation System. In <italic toggle="yes">Proceedings of the IEEE International Workshop on Semantic Computing and Multimedia Systems (IEEESCMS' 07) IEEE International Conference on Semantic Computing (ICSC2007)</italic> (Irvine, California, USA, September 17--19, 2007) IEEE Computer Society, 2007, 651--656. <pub-id pub-id-type="doi" xlink:href="10.1109/ICSC.2007.64" assigning-authority="crossref">10.1109/ICSC.2007.64</pub-id> <pub-id pub-id-type="doi" xlink:href="10.1109/ICSC.2007.64" /></mixed-citation>
				</ref>
				<ref id="ref-00008">
				<mixed-citation>Foll, S., Pontow, J., Linner, D. and Radusch, I. Classifying Multimedia Resources using Social Relationships. In <italic toggle="yes">Proceedings of the Eighth IEEE International Symposium on Multimedia (ISM'06)</italic> (San Diego, California, USA, December 11--13, 2006), 2006, 690--695. <pub-id pub-id-type="doi" xlink:href="10.1109/ISM.2006.46" assigning-authority="crossref">10.1109/ISM.2006.46</pub-id> <pub-id pub-id-type="doi" xlink:href="10.1109/ISM.2006.46" /></mixed-citation>
				</ref>
				<ref id="ref-00009">
				<mixed-citation>GoogleVideo. Available from: http://video.google.com/, 2008.</mixed-citation>
				</ref>
				<ref id="ref-00010">
				<mixed-citation>IMS Global Learning Consortium. IMS AccessForAll MetaData. Available from: http://www.imsglobal.org/specificationdownload.cfm, 2004.</mixed-citation>
				</ref>
				<ref id="ref-00011">
				<mixed-citation>IMS Global Learning Consortium. IMS Learner Information Package Accessibility for LIP. Available from: http://www.imsglobal.org/specificationdownload.cfm, 2002.</mixed-citation>
				</ref>
				<ref id="ref-00012">
				<mixed-citation>Limsee2. Available from: http://limsee2.gforge.inria.fr/, 2008.</mixed-citation>
				</ref>
				<ref id="ref-00013">
				<mixed-citation>Kawamoto, P. N., Fuwa, Y., Kunimune, H., Iwama, E., and Tanaka, J. Work in progress: Sharing Learning Resources in the Development of an Online Engineering Presentations Course. <italic toggle="yes">In Proceedings of Frontiers in Education Conference</italic> (San Diego, California, USA, October 28--21, 2006), 2006, 9--10.</mixed-citation>
				</ref>
				<ref id="ref-00014">
				<mixed-citation>Kelly, B., Sloan, D., Brown S., Seale, J., Petrie, H., Lauke, P. and Ball, S. Accessibility 2.0: people, policies and processes. In <italic toggle="yes">Proceedings of the 2007 international cross-disciplinary conference on Web accessibility (W4A)</italic> (Banff, Alberta, Canada, May 07--08, 2007), 2007, 138--147. <pub-id pub-id-type="doi" xlink:href="10.1145/1243441.1243471" assigning-authority="crossref">10.1145/1243441.1243471</pub-id> <pub-id pub-id-type="doi" xlink:href="10.1145/1243441.1243471" /></mixed-citation>
				</ref>
				<ref id="ref-00015">
				<mixed-citation>MySpace. Available from: http://www.myspace.com/, 2008.</mixed-citation>
				</ref>
				<ref id="ref-00016">
				<mixed-citation>Nack, F., Adams, B., and Venkatesh, S. Authoring Multimedia Authoring Tools. <italic toggle="yes">IEEE MultiMedia</italic>, 11, 3 (Jul/Sep 2004), 1, 4--6. <pub-id pub-id-type="doi" xlink:href="10.1109/MMUL.2004.3" assigning-authority="crossref">10.1109/MMUL.2004.3</pub-id> <pub-id pub-id-type="doi" xlink:href="10.1109/MMUL.2004.3" /></mixed-citation>
				</ref>
				<ref id="ref-00017">
				<mixed-citation>O'Reilly, T. Web 2.0 Compact Definition: Trying Again. Available from: http://radar.oreilly.com/archives/2006/12/web_20_compact.h tml, 2006.</mixed-citation>
				</ref>
				<ref id="ref-00018">
				<mixed-citation>Rotovnik, T., Stergar, J. and Horvat, B. Implementing External Applications in an Multimedia Authoring Environment. In <italic toggle="yes">Proceedings of EUROCON 2003</italic> (Ljubljana, Slovak Republic, September 22--24), 2003, 135--139.</mixed-citation>
				</ref>
				<ref id="ref-00019">
				<mixed-citation>Salomoni, P., Mirri, S., Ferretti, S., and Roccetti M. A Multimedia Broker to support Accessible and Mobile Learning through Learning Objects Adaptation. <italic toggle="yes">ACM Transactions on Internet Technology</italic>, (February 2008), ACM Press. <pub-id pub-id-type="doi" xlink:href="10.1145/1323651.1323655" assigning-authority="crossref">10.1145/1323651.1323655</pub-id> <pub-id pub-id-type="doi" xlink:href="10.1145/1323651.1323655" /></mixed-citation>
				</ref>
				<ref id="ref-00020">
				<mixed-citation>Salomoni, P., Mirri, S., Muratori, L. A., Ferretti, S., and Roccetti, M. Why LAUGHing is better than SMILing. <italic toggle="yes">International Journal of Semantic Computing (IJSC)</italic>, (December 2007), World Scientific Publishing, accepted for publication.</mixed-citation>
				</ref>
				<ref id="ref-00021">
				<mixed-citation>Stergar, J. and Horvat, B. Distance learning approach in multimedia tutoring. In <italic toggle="yes">Proceedings of the EUROCON 2001</italic> (Bratislava, Slovak Republic, July 4--7, 2001), 2001, 259--262.</mixed-citation>
				</ref>
				<ref id="ref-00022">
				<mixed-citation>Sung, M. Y. and Lee, D. H. A collaborative authoring system for multimedia presentation. In <italic toggle="yes">Proceedings of the IEEE International Conference on Communications</italic> (Paris, France, June 20--24, 2004), IEEE Computer Society, 2004, 1396--1400.</mixed-citation>
				</ref>
				<ref id="ref-00023">
				<mixed-citation>World Wide Web Consortium. Accessibility Features of SMIL. Available from: http://www.w3.org/TR/SMILaccess/, 1999.</mixed-citation>
				</ref>
				<ref id="ref-00024">
				<mixed-citation>World Wide Web Consortium. Authoring Tool Accessibility Guidelines 1.0, W3C Recommendation 3 February 2000. Available from: http://www.w3.org/TR/WAI-AUTOOLS/, 2000.</mixed-citation>
				</ref>
				<ref id="ref-00025">
				<mixed-citation>World Wide Web Consortium. Composite Capability/Preference Profiles (CC/PP): Structure and Vocabularies 1.0. Available from: http://www.w3.org/TR/2004/REC-CCPP-struct-vocab-20040115, 2004.</mixed-citation>
				</ref>
				<ref id="ref-00026">
				<mixed-citation>World Wide Web Consortium. Synchronized Multimedia Integration Language 2.1. Available from: http://www.w3.org/TR/2005/REC-SMIL2-20051213/, 2005.</mixed-citation>
				</ref>
				<ref id="ref-00027">
				<mixed-citation>YouTube. Available from: http://www.youtube.com/, 2008.</mixed-citation>
				</ref>
				<ref id="ref-00028">
				<mixed-citation>3TMAN. Available from: http://www.multimediadocument.com/, 2008.</mixed-citation>
				</ref>
			</ref-list>
</back>
</book-part>
</book-part-wrapper>
