<?xml version="1.0" encoding="UTF-8"?>
<!DOCTYPE book-part-wrapper PUBLIC "-//NLM//DTD BITS Book Interchange DTD with OASIS and XHTML Tables v2.0 20151225//EN" "BITS-book-oasis2.dtd">
<book-part-wrapper xmlns:xlink="http://www.w3.org/1999/xlink" xmlns:mml="http://www.w3.org/1998/Math/MathML" xmlns:oasis="http://www.niso.org/standards/z39-96/ns/oasis-exchange/table" xmlns:xi="http://www.w3.org/2001/XInclude" xmlns:xsi="http://www.w3.org/2001/XMLSchema-instance" dtd-version="2.0" xml:lang="en" content-type="research-article">
<collection-meta collection-type="book-series">
    <collection-id collection-id-type="doi">10.1145/acmconferences</collection-id>
    <title-group>
        <title>ACM Conferences</title>
    </title-group>
</collection-meta>
	<book-meta>
		<book-id book-id-type="acm-id">1368044</book-id>
		<book-id book-id-type="doi">10.1145/1368044</book-id>
		<book-title-group>
			<book-title>Proceedings of the 2008 international cross-disciplinary conference on Web accessibility (W4A)</book-title>
			<alt-title alt-title-type="acronym">W4A '08</alt-title>
		</book-title-group>
	</book-meta>
	<book-part xmlns:ali="http://www.niso.org/schemas/ali/1.0/" book-part-type="chapter" xml:lang="en">
		<book-part-meta>
			<book-part-id book-part-id-type="acm-id">1368054</book-part-id>
			<book-part-id book-part-id-type="doi">10.1145/1368044.1368054</book-part-id>
	<subj-group subj-group-type="ccs2012">
		<compound-subject>
			<compound-subject-part content-type="code">10002944.10011123.10011676</compound-subject-part>
			<compound-subject-part content-type="text">General and reference~Cross-computing tools and techniques~Verification</compound-subject-part>
			<compound-subject-part content-type="weight">500</compound-subject-part>
		</compound-subject>
		<compound-subject>
			<compound-subject-part content-type="code">10011007.10011074.10011099.10011692</compound-subject-part>
			<compound-subject-part content-type="text">Software and its engineering~Software creation and management~Software verification and validation~Formal software verification</compound-subject-part>
			<compound-subject-part content-type="weight">500</compound-subject-part>
		</compound-subject>
		<compound-subject>
			<compound-subject-part content-type="code">10011007.10011074.10011081</compound-subject-part>
			<compound-subject-part content-type="text">Software and its engineering~Software creation and management~Software development process management</compound-subject-part>
			<compound-subject-part content-type="weight">500</compound-subject-part>
		</compound-subject>
		<compound-subject>
			<compound-subject-part content-type="code">10011007.10010940.10010992.10010998.10010999</compound-subject-part>
			<compound-subject-part content-type="text">Software and its engineering~Software organization and properties~Software functional properties~Formal methods~Software verification</compound-subject-part>
			<compound-subject-part content-type="weight">500</compound-subject-part>
		</compound-subject>
		<compound-subject>
			<compound-subject-part content-type="code">10003752.10010124.10010138.10010142</compound-subject-part>
			<compound-subject-part content-type="text">Theory of computation~Semantics and reasoning~Program reasoning~Program verification</compound-subject-part>
			<compound-subject-part content-type="weight">500</compound-subject-part>
		</compound-subject>
		<compound-subject>
			<compound-subject-part content-type="code">10003456.10010927.10003616</compound-subject-part>
			<compound-subject-part content-type="text">Social and professional topics~User characteristics~People with disabilities</compound-subject-part>
			<compound-subject-part content-type="weight">100</compound-subject-part>
		</compound-subject>
		<compound-subject>
			<compound-subject-part content-type="code">10003120.10003121.10003124.10003254</compound-subject-part>
			<compound-subject-part content-type="text">Human-centered computing~Human computer interaction (HCI)~Interaction paradigms~Hypertext / hypermedia</compound-subject-part>
			<compound-subject-part content-type="weight">100</compound-subject-part>
		</compound-subject>
		<compound-subject>
			<compound-subject-part content-type="code">10010405.10010497.10010510.10010515</compound-subject-part>
			<compound-subject-part content-type="text">Applied computing~Document management and text processing~Document preparation~Multi / mixed media creation</compound-subject-part>
			<compound-subject-part content-type="weight">100</compound-subject-part>
		</compound-subject>
	</subj-group>
			<title-group>
				<title>A web compliance engineering framework to support the development of accessible rich internet applications</title>
			</title-group>
<contrib-group>
   <contrib contrib-type="author" id="artseq-00001">
       <contrib-id contrib-id-type="person_id" authenticated="false">P1002290</contrib-id><contrib-id contrib-id-type="profile_id" authenticated="false">81100487292</contrib-id>
       <name name-style="western">
           <surname>Velasco</surname>
           <given-names>Carlos A</given-names>
       </name>
	<aff>Fraunhofer Institute for Applied Information Technology FIT, Schloss Birlinghoven, Sankt Augustin (Germany)</aff><aff><institution-wrap><institution-id institution-id-type="profile_id">60002596</institution-id></institution-wrap></aff>
	<role>Author</role>
   </contrib>
   <contrib contrib-type="author" id="artseq-00002">
       <contrib-id contrib-id-type="person_id" authenticated="false">P1002291</contrib-id><contrib-id contrib-id-type="profile_id" authenticated="false">81384615739</contrib-id>
       <name name-style="western">
           <surname>Denev</surname>
           <given-names>Dimitar</given-names>
       </name>
	<aff>Fraunhofer Institute for Applied Information Technology FIT, Schloss Birlinghoven, Sankt Augustin (Germany)</aff><aff><institution-wrap><institution-id institution-id-type="profile_id">60002596</institution-id></institution-wrap></aff>
	<role>Author</role>
   </contrib>
   <contrib contrib-type="author" id="artseq-00003">
       <contrib-id contrib-id-type="person_id" authenticated="false">P1002292</contrib-id><contrib-id contrib-id-type="profile_id" authenticated="false">81351597850</contrib-id>
       <name name-style="western">
           <surname>Stegemann</surname>
           <given-names>Dirk</given-names>
       </name>
	<aff>Fraunhofer Institute for Applied Information Technology FIT, Schloss Birlinghoven, Sankt Augustin (Germany)</aff><aff><institution-wrap><institution-id institution-id-type="profile_id">60002596</institution-id></institution-wrap></aff>
	<role>Author</role>
   </contrib>
   <contrib contrib-type="author" id="artseq-00004">
       <contrib-id contrib-id-type="person_id" authenticated="false">P1002293</contrib-id><contrib-id contrib-id-type="profile_id" authenticated="false">81100322161</contrib-id>
       <name name-style="western">
           <surname>Mohamad</surname>
           <given-names>Yehya</given-names>
       </name>
	<aff>Fraunhofer Institute for Applied Information Technology FIT, Schloss Birlinghoven, Sankt Augustin (Germany)</aff><aff><institution-wrap><institution-id institution-id-type="profile_id">60002596</institution-id></institution-wrap></aff>
	<role>Author</role>
   </contrib>
</contrib-group>
   <pub-date date-type="publication">
   <day>21</day>
   <month>04</month>
   <year>2008</year>
   </pub-date>
				<fpage>45</fpage>
				<lpage>49</lpage>
		<permissions>
			<copyright-year>2008</copyright-year>
			<copyright-holder>ACM</copyright-holder>
			<license license-type="acmcopyright">
			<license-p>Permission to make digital or hard copies of all or part of this work for personal or classroom use is granted without fee provided that copies are not made or distributed for profit or commercial advantage and that copies bear this notice and the full citation on the first page. Copyrights for components of this work owned by others than ACM must be honored. Abstracting with credit is permitted. To copy otherwise, or republish, to post on servers or to redistribute to lists, requires prior specific permission and/or a fee. Request permissions from Permissions@acm.org</license-p>
			</license>
		</permissions>
		<self-uri content-type="daisy" xlink:href="1368044.1368054.daisy" />
		<self-uri content-type="pdf" xlink:href="1368044.1368054.pdf" />
	<abstract>
		<p>Web Compliance Engineering is a new field within Web Engineering that deals with the increasing complexity of Internet applications, the wide variety of mobile devices, the richer user interfaces coming out of Web 2.0 and the quality assurance processes for non-uniform policy environments worldwide. Considering these issues from the perspective of Web accessibility, the borders of its traditional components [6] are blurred as users become content providers. We present in this paper a Web compliance framework developed to support both users and application developers to create accessible content for Rich Internet Applications. This framework is an evolution of traditional evaluation tools aimed at supporting compliance as a quality process, which ensures its successful implementation in production environments.</p>
	</abstract>
<kwd-group>
<kwd>EARL</kwd>
<kwd>compliance</kwd>
<kwd>imergo&#174;</kwd>
<kwd>rich internet applications</kwd>
<kwd>semantic web</kwd>
<kwd>software engineering</kwd>
<kwd>web accessibility</kwd>
<kwd>web compliance engineering</kwd>
</kwd-group>
		</book-part-meta>
		
	<back>
<ref-list specific-use="unparsed">
				<ref id="ref-00001">
				<mixed-citation>IEEE Standard for Software Test Documentation. Tech. Rep. IEEE Std 829--1998, Institute of Electrical and Electronics Engineers, Inc., September 1998.</mixed-citation>
				</ref>
				<ref id="ref-00002">
				<mixed-citation>Allaire, J. Macromedia Flash MX---A next-generation rich client. Tech. rep., Macromedia, March 2002.</mixed-citation>
				</ref>
				<ref id="ref-00003">
				<mixed-citation>Caldwell, B., Cooper, M., Reid, L. G., and Vanderheiden, G. Web Content Accessibility Guidelines 2.0. W3C Working Draft 11 December 2007, W3C, December 2007.</mixed-citation>
				</ref>
				<ref id="ref-00004">
				<mixed-citation>Casteleyn, S., Plessers, P., and Troyer, O. D. Generating semantic annotations during the web design process. In <italic toggle="yes">ICWE '06: Proceedings of the 6th international conference on Web engineering</italic> (New York, NY, USA, 2006), ACM, pp. 91--92. <pub-id pub-id-type="doi" xlink:href="10.1145/1145581.1145600" assigning-authority="crossref">10.1145/1145581.1145600</pub-id> <pub-id pub-id-type="doi" xlink:href="10.1145/1145581.1145600" /></mixed-citation>
				</ref>
				<ref id="ref-00005">
				<mixed-citation>Chisholm, W., Vanderheiden, G., and Jacobs, I. Web Content Accessibility Guidelines 1.0. W3C Recommendation 5-May-1999, W3C, May 1999.</mixed-citation>
				</ref>
				<ref id="ref-00006">
				<mixed-citation>Chisholm, W. A., and Henry, S. L. Interdependent components of web accessibility. In <italic toggle="yes">W4A '05: Proceedings of the 2005 International Cross-Disciplinary Workshop on Web Accessibility (W4A)</italic> (New York, NY, USA, 2005), ACM, pp. 31--37. <pub-id pub-id-type="doi" xlink:href="10.1145/1061811.1061818" assigning-authority="crossref">10.1145/1061811.1061818</pub-id> <pub-id pub-id-type="doi" xlink:href="10.1145/1061811.1061818" /></mixed-citation>
				</ref>
				<ref id="ref-00007">
				<mixed-citation>Duhl, J. White Paper: Rich Internet Applications. Tech. rep., IDC, November 2003.</mixed-citation>
				</ref>
				<ref id="ref-00008">
				<mixed-citation>Gamma, E., <italic toggle="yes">et al. Design Patterns: Elements of reusable object orientated software.</italic> Addison-Wesley Professional, January 1995. <pub-id pub-id-type="doi" xlink:href="10.5555/186897" /></mixed-citation>
				</ref>
				<ref id="ref-00009">
				<mixed-citation>Hackett, S., Parmanto, B., and Zeng, X. Accessibility of internet websites through time. In <italic toggle="yes">Assets '04: Proceedings of the 6th international ACM SIGACCESS conference on Computers and accessibility</italic> (New York, NY, USA, 2004), ACM, pp. 32--39. <pub-id pub-id-type="doi" xlink:href="10.1145/1028630.1028638" assigning-authority="crossref">10.1145/1028630.1028638</pub-id> <pub-id pub-id-type="doi" xlink:href="10.1145/1028630.1028638" /></mixed-citation>
				</ref>
				<ref id="ref-00010">
				<mixed-citation>Koch, J., Stegemann, D., Mohamad, Y., and Velasco, C. A. Development of Automatic Web Accessibility Checking Modules for Advanced Quality Assurance Tools. In <italic toggle="yes">Universal Access in Human-Computer Interaction. Coping with Diversity (4th International Conference on Universal Access in Human-Computer Interaction, UAHCI 2007, Part of HCII 2007 Beijing, China, July 22--27, 2007 Proceedings, Part I)</italic> (Berlin-Heidelberg, 2007), C. Stephanidis, Ed., vol. 4554/2007 of <italic toggle="yes">LNCS</italic>, Springer-Verlag, pp. 406--413. <pub-id pub-id-type="doi" xlink:href="10.5555/1766311.1766358" /></mixed-citation>
				</ref>
				<ref id="ref-00011">
				<mixed-citation>Mohamad, Y., Stegemann, D., Koch, J., and Velasco, C. A. imergo: Supporting Accessibility and Web Standards to Meet the Needs of the Industry via Process-Oriented Software Tools. In <italic toggle="yes">Computers Helping People with Special Needs (Proceedings of the 9th International Conference, ICCHP 2004 Paris, France, July 7--9, 2004)</italic> (2004), K. Miesenberger <italic toggle="yes">et al.</italic>, Eds., vol. 3118/2004 of <italic toggle="yes">LNCS</italic>, pp. 310--316.</mixed-citation>
				</ref>
				<ref id="ref-00012">
				<mixed-citation>Murray, L., Carrington, D., and Strooper, P. An approach to specifying software frameworks. In <italic toggle="yes">ACSC '04: Proceedings of the 27th Australasian conference on Computer science</italic> (Darlinghurst, Australia, Australia, 2004), Australian Computer Society, Inc., pp. 185--192. <pub-id pub-id-type="doi" xlink:href="10.5555/979922.979945" /></mixed-citation>
				</ref>
				<ref id="ref-00013">
				<mixed-citation>Murugesan, S., and Deshpande, Y. Web engineering: a new discipline for development of web-based systems. In <italic toggle="yes">ICSE'99 workshop on web engineering. ICSE '99: Proceedings of the 21st international conference on Software engineering</italic> (Los Alamitos, CA, USA, 1999), IEEE Computer Society Press, pp. 693--694. <pub-id pub-id-type="doi" xlink:href="10.1145/302405.302961" assigning-authority="crossref">10.1145/302405.302961</pub-id> <pub-id pub-id-type="doi" xlink:href="10.1145/302405.302961" /></mixed-citation>
				</ref>
				<ref id="ref-00014">
				<mixed-citation>Owen, S., and Rabin, J. W3C mobileOK Basic Tests 1.0. W3C Candidate Recommendation 30 November 2007, W3C, November 2007.</mixed-citation>
				</ref>
				<ref id="ref-00015">
				<mixed-citation>Pappas, L., Schwerdtfeger, R., and Cooper, M. WAI-ARIA Primer. W3C Working Draft 4 February 2008, W3C, February 2008.</mixed-citation>
				</ref>
				<ref id="ref-00016">
				<mixed-citation>Plessers, P., Casteleyn, S., Yesilada, Y., Troyer, O. D., Stevens, R., Harper, S., and Goble, C. Accessibility: a web engineering approach. In <italic toggle="yes">WWW '05: Proceedings of the 14th international conference on World Wide Web</italic> (New York, NY, USA, 2005), ACM, pp. 353--362. <pub-id pub-id-type="doi" xlink:href="10.1145/1060745.1060799" assigning-authority="crossref">10.1145/1060745.1060799</pub-id> <pub-id pub-id-type="doi" xlink:href="10.1145/1060745.1060799" /></mixed-citation>
				</ref>
				<ref id="ref-00017">
				<mixed-citation>Seeman, L., Cooper, M., Schwerdtfeger, R., and Pappas, L. Accessible Rich Internet Applications (WAI-ARIA) Version 1.0. W3C Working Draft 4 February 2008, W3C, February 2008.</mixed-citation>
				</ref>
				<ref id="ref-00018">
				<mixed-citation>Strobbe, C., Engelen, J., Koch, J., Velasco, C. A., Vlachogiannis, E., and Ortner, D. The BenToWeb XHTML 1.0 Test Suite for the Web Content Accessibility Guidelines 2.0 - Last Call Working Draft. In <italic toggle="yes">Universal Access in Human-Computer Interaction. Applications and Services (4th International Conference on Universal Access in Human-Computer Interaction, UAHCI 2007, Part of HCII 2007 Beijing, China, July 22--27, 2007 Proceedings, Part III)</italic> (Berlin-Heidelberg, 2007), C. Stephanidis, Ed., vol. 4556/2007 of <italic toggle="yes">LNCS</italic>, Springer-Verlag, pp. 160--166. <pub-id pub-id-type="doi" xlink:href="10.5555/1757148.1757168" /></mixed-citation>
				</ref>
				<ref id="ref-00019">
				<mixed-citation>Velasco, C. A., Koch, J., and Abou-Zahra, S. Evaluation and Report Language (EARL) 1.0 Guide. Editors' Draft 2 August 2007, W3C, August 2007.</mixed-citation>
				</ref>
				<ref id="ref-00020">
				<mixed-citation>Velleman, E., Meerveld, C., Strobbe, C., Koch, J., Velasco, C. A., Snaprud, M., and Nietzio, A. Unified Web Evaluation Methodology (UWEM 1.2 Core). Tech. rep., WAB Cluster, September 2007.</mixed-citation>
				</ref>
				<ref id="ref-00021">
				<mixed-citation>Velleman, E., Strobbe, C., Koch, J., Velasco, C. A., and Snaprud, M. A Unified Web Evaluation Methodology Using WCAG. In <italic toggle="yes">Universal Access in Human-Computer Interaction. Applications and Services (4th International Conference on Universal Access in Human-Computer Interaction, UAHCI 2007, Part of HCII 2007 Beijing, China, July 22--27, 2007 Proceedings, Part III)</italic> (Berlin-Heidelberg, 2007), C. Stephanidis, Ed., vol. 4556/2007 of <italic toggle="yes">LNCS</italic>, Springer-Verlag, pp. 177--184. <pub-id pub-id-type="doi" xlink:href="10.5555/1757148.1757170" /></mixed-citation>
				</ref>
				<ref id="ref-00022">
				<mixed-citation>Züllighoven, H., <italic toggle="yes">et al. Das objektorientierte Konstruktionshandbuch nach dem Werkzeug &amp;amp; Material-Ansatz.</italic> d-punkt Verlag, Heidelberg, 1998.</mixed-citation>
				</ref>
			</ref-list>
</back>
</book-part>
</book-part-wrapper>
