<?xml version="1.0" encoding="UTF-8"?>
<!DOCTYPE book-part-wrapper PUBLIC "-//NLM//DTD BITS Book Interchange DTD with OASIS and XHTML Tables v2.0 20151225//EN" "BITS-book-oasis2.dtd">
<book-part-wrapper xmlns:xlink="http://www.w3.org/1999/xlink" xmlns:mml="http://www.w3.org/1998/Math/MathML" xmlns:oasis="http://www.niso.org/standards/z39-96/ns/oasis-exchange/table" xmlns:xi="http://www.w3.org/2001/XInclude" xmlns:xsi="http://www.w3.org/2001/XMLSchema-instance" dtd-version="2.0" xml:lang="en" content-type="research-article">
<collection-meta collection-type="book-series">
    <collection-id collection-id-type="doi">10.1145/acmconferences</collection-id>
    <title-group>
        <title>ACM Conferences</title>
    </title-group>
</collection-meta>
	<book-meta>
		<book-id book-id-type="acm-id">1368044</book-id>
		<book-id book-id-type="doi">10.1145/1368044</book-id>
		<book-title-group>
			<book-title>Proceedings of the 2008 international cross-disciplinary conference on Web accessibility (W4A)</book-title>
			<alt-title alt-title-type="acronym">W4A '08</alt-title>
		</book-title-group>
	</book-meta>
	<book-part xmlns:ali="http://www.niso.org/schemas/ali/1.0/" book-part-type="chapter" xml:lang="en">
		<book-part-meta>
			<book-part-id book-part-id-type="acm-id">1368053</book-part-id>
			<book-part-id book-part-id-type="doi">10.1145/1368044.1368053</book-part-id>
	<subj-group subj-group-type="ccs2012">
		<compound-subject>
			<compound-subject-part content-type="code">10002951.10003227.10003392</compound-subject-part>
			<compound-subject-part content-type="text">Information systems~Information systems applications~Digital libraries and archives</compound-subject-part>
			<compound-subject-part content-type="weight">500</compound-subject-part>
		</compound-subject>
		<compound-subject>
			<compound-subject-part content-type="code">10010405.10010476.10003392</compound-subject-part>
			<compound-subject-part content-type="text">Applied computing~Computers in other domains~Digital libraries and archives</compound-subject-part>
			<compound-subject-part content-type="weight">500</compound-subject-part>
		</compound-subject>
		<compound-subject>
			<compound-subject-part content-type="code">10010147.10010257.10010293.10010314</compound-subject-part>
			<compound-subject-part content-type="text">Computing methodologies~Machine learning~Machine learning approaches~Rule learning</compound-subject-part>
			<compound-subject-part content-type="weight">100</compound-subject-part>
		</compound-subject>
		<compound-subject>
			<compound-subject-part content-type="code">10010147.10010178.10010187</compound-subject-part>
			<compound-subject-part content-type="text">Computing methodologies~Artificial intelligence~Knowledge representation and reasoning</compound-subject-part>
			<compound-subject-part content-type="weight">100</compound-subject-part>
		</compound-subject>
	</subj-group>
			<title-group>
				<title>A syntactic analysis of accessibility to a corpus of statistical graphs</title>
			</title-group>
<contrib-group>
   <contrib contrib-type="author" id="artseq-00001">
       <contrib-id contrib-id-type="person_id" authenticated="false">P1002284</contrib-id><contrib-id contrib-id-type="profile_id" authenticated="false">81100281424</contrib-id>
       <name name-style="western">
           <surname>Ferres</surname>
           <given-names>Leo</given-names>
       </name>
	<aff>Carleton University, Ottawa, Canada</aff><aff><institution-wrap><institution-id institution-id-type="profile_id">60017592</institution-id></institution-wrap></aff>
	<role>Author</role>
   </contrib>
   <contrib contrib-type="author" id="artseq-00002">
       <contrib-id contrib-id-type="person_id" authenticated="false">P1002285</contrib-id><contrib-id contrib-id-type="profile_id" authenticated="false">81329492702</contrib-id>
       <name name-style="western">
           <surname>Verkhogliad</surname>
           <given-names>Petro</given-names>
       </name>
	<aff>Carleton University, Ottawa, Canada</aff><aff><institution-wrap><institution-id institution-id-type="profile_id">60017592</institution-id></institution-wrap></aff>
	<role>Author</role>
   </contrib>
   <contrib contrib-type="author" id="artseq-00003">
       <contrib-id contrib-id-type="person_id" authenticated="false">P1002286</contrib-id><contrib-id contrib-id-type="profile_id" authenticated="false">81351607846</contrib-id>
       <name name-style="western">
           <surname>Sumegi</surname>
           <given-names>Livia</given-names>
       </name>
	<aff>Carleton University, Ottawa, Canada</aff><aff><institution-wrap><institution-id institution-id-type="profile_id">60017592</institution-id></institution-wrap></aff>
	<role>Author</role>
   </contrib>
   <contrib contrib-type="author" id="artseq-00004">
       <contrib-id contrib-id-type="person_id" authenticated="false">P1002287</contrib-id><contrib-id contrib-id-type="profile_id" authenticated="false">81329487984</contrib-id>
       <name name-style="western">
           <surname>Boucher</surname>
           <given-names>Louis</given-names>
       </name>
	<aff>Statistics Canada, Ottawa, Canada</aff><aff><institution-wrap><institution-id institution-id-type="profile_id">60028395</institution-id></institution-wrap></aff>
	<role>Author</role>
   </contrib>
   <contrib contrib-type="author" id="artseq-00005">
       <contrib-id contrib-id-type="person_id" authenticated="false">P1002288</contrib-id><contrib-id contrib-id-type="profile_id" authenticated="false">81338489411</contrib-id>
       <name name-style="western">
           <surname>Lachance</surname>
           <given-names>Martin</given-names>
       </name>
	<aff>Statistics Canada, Ottawa, Canada</aff><aff><institution-wrap><institution-id institution-id-type="profile_id">60028395</institution-id></institution-wrap></aff>
	<role>Author</role>
   </contrib>
   <contrib contrib-type="author" id="artseq-00006">
       <contrib-id contrib-id-type="person_id" authenticated="false">P1002289</contrib-id><contrib-id contrib-id-type="profile_id" authenticated="false">81100447814</contrib-id>
       <name name-style="western">
           <surname>Lindgaard</surname>
           <given-names>Gitte</given-names>
       </name>
	<aff>Carleton University, Ottawa, Canada</aff><aff><institution-wrap><institution-id institution-id-type="profile_id">60017592</institution-id></institution-wrap></aff>
	<role>Author</role>
   </contrib>
</contrib-group>
   <pub-date date-type="publication">
   <day>21</day>
   <month>04</month>
   <year>2008</year>
   </pub-date>
				<fpage>37</fpage>
				<lpage>44</lpage>
		<permissions>
			<copyright-year>2008</copyright-year>
			<copyright-holder>ACM</copyright-holder>
			<license license-type="acmcopyright">
			<license-p>Permission to make digital or hard copies of all or part of this work for personal or classroom use is granted without fee provided that copies are not made or distributed for profit or commercial advantage and that copies bear this notice and the full citation on the first page. Copyrights for components of this work owned by others than ACM must be honored. Abstracting with credit is permitted. To copy otherwise, or republish, to post on servers or to redistribute to lists, requires prior specific permission and/or a fee. Request permissions from Permissions@acm.org</license-p>
			</license>
		</permissions>
		<self-uri content-type="daisy" xlink:href="1368044.1368053.daisy" />
		<self-uri content-type="pdf" xlink:href="1368044.1368053.pdf" />
	<abstract>
		<p>Designing graphs and charts visually by means of graphing applications such as OpenOffice or MS Excel is extremely efficient and cost-effective. However, one of the drawbacks of such approach is that graphs are sometimes involuntarily made less accessible by, for instance, using a text box as title. In this paper we evaluate a corpus of 120 ecologically-valid statistical graphs for accessibility problems, discuss possible algorithms to solve these problems and finally propose the OM (Object Model) Principle, which states that any digital object is made more accessible by simply using the application's model for that object: for instance, the TITLE field for the title text.</p>
	</abstract>
<kwd-group>
<kwd>accessibility</kwd>
<kwd>blind</kwd>
<kwd>visually impaired</kwd>
<kwd>knowledge representation</kwd>
<kwd>statistical graphs</kwd>
</kwd-group>
<funding-group specific-use="FundRef">
	<award-group id="award1">
		<funding-source id="GS1">
			<institution-wrap>
			<institution>Natural Sciences and Engineering Research Council of Canada</institution>
			<institution-id institution-id-type="FundRef">http://dx.doi.org/10.13039/501100000038</institution-id>
			</institution-wrap>
		</funding-source>
		<award-id rid="GS1">NSERC CRD 346381-06</award-id>
	</award-group>
	<award-group id="award2">
		<funding-source id="GS2">
			<institution-wrap>
			<institution>National Science and Engineering Research Council of Canada and Cognos Inc.</institution>
			</institution-wrap>
		</funding-source>
		<award-id rid="GS2">NSERC CRD 346381-06</award-id>
	</award-group>
</funding-group>
		</book-part-meta>
		
	<back>
<ref-list specific-use="unparsed">
				<ref id="ref-00001">
				<mixed-citation>J. Bertin. <italic toggle="yes">Semiology of Graphics.</italic> The University of Wisconsin Press, Madison, WI, 1983. <pub-id pub-id-type="doi" xlink:href="10.5555/1095597" /></mixed-citation>
				</ref>
				<ref id="ref-00002">
				<mixed-citation>J. P. Bigham, R. S. Kaminsky, R. E. Ladner, O. M. Danielsson, and G. L. Hempton. Webinsight:: making web images accessible. In <italic toggle="yes">Assets '06: Proceedings of the 8th international ACM SIGACCESS conference on Computers and accessibility</italic>, pages 181--188, New York, NY, USA, 2006. ACM. <pub-id pub-id-type="doi" xlink:href="10.1145/1168987.1169018" assigning-authority="crossref">10.1145/1168987.1169018</pub-id> <pub-id pub-id-type="doi" xlink:href="10.1145/1168987.1169018" /></mixed-citation>
				</ref>
				<ref id="ref-00003">
				<mixed-citation>P. Cheng, J. Cupit, and N. Shadbolt. Supporting diagrammatic knowledge acquisition: an ontological analysis of cartesian graphs. <italic toggle="yes">International Journal of Human-Computuer Studies</italic>, 54(4):457--494, 2001. <pub-id pub-id-type="doi" xlink:href="10.1006/ijhc.2000.0455" assigning-authority="crossref">10.1006/ijhc.2000.0455</pub-id> <pub-id pub-id-type="doi" xlink:href="10.1006/ijhc.2000.0455" /></mixed-citation>
				</ref>
				<ref id="ref-00004">
				<mixed-citation>L. Ferres, M. Dumontier, and N. Villanueva-Rosales. Semantic query answering with time-series graphs. In <italic toggle="yes">Proceedings of the 3rd International Workshop on Vocabularies, Ontologies and Rules for The Enterprise (VORTE 2007)</italic>, 2007. <pub-id pub-id-type="doi" xlink:href="10.1109/EDOCW.2007.28" assigning-authority="crossref">10.1109/EDOCW.2007.28</pub-id> <pub-id pub-id-type="doi" xlink:href="10.1109/EDOCW.2007.28" /></mixed-citation>
				</ref>
				<ref id="ref-00005">
				<mixed-citation>L. Ferres, A. Parush, Z. Li, Y. Oppacher, and G. Lindgaard. Representing and querying line graphs in natural language: The iGraph system. In <italic toggle="yes">SmartGraphics 2006</italic>, number 4073 in Lecture Notes in Computer Science, pages 248--253, Berlin Heidelberg, 2006. Springer-Verlag.</mixed-citation>
				</ref>
				<ref id="ref-00006">
				<mixed-citation>L. Ferres, A. Parush, S. Roberts, and G. Lindgaard. Helping People with Visual Impairments Gain Access to Graphical Information Through Natural Language: The iGraph System. In <italic toggle="yes">Proceedings of the 10th International Conference on Computers for Handicapped Persons</italic>, Lecture Notes in Computer Science. Springer-Verlag, 2006. <pub-id pub-id-type="doi" xlink:href="10.1007/11788713_163" assigning-authority="crossref">10.1007/11788713_163</pub-id> <pub-id pub-id-type="doi" xlink:href="10.1007/11788713_163" /></mixed-citation>
				</ref>
				<ref id="ref-00007">
				<mixed-citation>L. Ferres, P. Verkhogliad, and L. Boucher. (Natural language) interaction with graphical representations of statistical data. In <italic toggle="yes">W4A '07: Proceedings of the 2007 international cross-disciplinary conference on Web accessibility (W4A)</italic>, pages 132--133, New York, NY, USA, 2007. ACM Press. <pub-id pub-id-type="doi" xlink:href="10.1145/1243441.1243446" assigning-authority="crossref">10.1145/1243441.1243446</pub-id> <pub-id pub-id-type="doi" xlink:href="10.1145/1243441.1243446" /></mixed-citation>
				</ref>
				<ref id="ref-00008">
				<mixed-citation>L. Ferres, P. Verkhogliad, G. Lindgaard, L. Boucher, A. Chrétien, and M. Lachance. Improving accessibility to statistical graphs: the igraph-lite system. In <italic toggle="yes">Assets '07: Proceedings of the 9th international ACM SIGACCESS conference on Computers and accessibility</italic>, pages 67--74, New York, NY, USA, 2007. ACM Press. <pub-id pub-id-type="doi" xlink:href="10.1145/1296843.1296857" assigning-authority="crossref">10.1145/1296843.1296857</pub-id> <pub-id pub-id-type="doi" xlink:href="10.1145/1296843.1296857" /></mixed-citation>
				</ref>
				<ref id="ref-00009">
				<mixed-citation>Z. B. Fredj and D. A. Duce. GraSSML: accessible smart schematic diagrams for all. In <italic toggle="yes">W4A: Proceedings of the 2006 international cross-disciplinary workshop on Web accessibility (W4A)</italic>, pages 57--60, New York, NY, USA, 2006. ACM. <pub-id pub-id-type="doi" xlink:href="10.1145/1133219.1133229" assigning-authority="crossref">10.1145/1133219.1133229</pub-id> <pub-id pub-id-type="doi" xlink:href="10.1145/1133219.1133229" /></mixed-citation>
				</ref>
				<ref id="ref-00010">
				<mixed-citation>N. Green, G. Carenini, S. Kerpedjiev, J. Mattis, J. Moore, and S. Roth. Autobrief: an experimental system for the automatic generation of briefings in integrated text and information graphics. <italic toggle="yes">International Journal of Human-Computer Studies</italic>, 61(1):32--70, 2004. <pub-id pub-id-type="doi" xlink:href="10.1016/j.ijhcs.2003.10.007" assigning-authority="crossref">10.1016/j.ijhcs.2003.10.007</pub-id> <pub-id pub-id-type="doi" xlink:href="10.1016/j.ijhcs.2003.10.007" /></mixed-citation>
				</ref>
				<ref id="ref-00011">
				<mixed-citation>N. Green, G. Carenini, S. Kerpedjiev, S. F. Roth, and J. Moore. A media-independent content language for integrated text and graphics generation. In <italic toggle="yes">Proceedings of the Workshop on Content Visualization and Intermedia Representations (CVIR'98) of the 17th International Conference on Computational Linguistics (COLING '98) and the 36th Annual Meeting of the Association for Computational Linguistics (ACL'98)</italic>, August 1998.</mixed-citation>
				</ref>
				<ref id="ref-00012">
				<mixed-citation>S. Harper and S. Bechhofer. Semantic triage for increased web accessibility. <italic toggle="yes">IBM Syst. J.</italic>, 44(3):637--648, 2005. <pub-id pub-id-type="doi" xlink:href="10.1147/sj.443.0637" assigning-authority="crossref">10.1147/sj.443.0637</pub-id> <pub-id pub-id-type="doi" xlink:href="10.1147/sj.443.0637" /></mixed-citation>
				</ref>
				<ref id="ref-00013">
				<mixed-citation>J. W. Janneck and R. Esser. A predicate-based approach to defining visual language syntax. In <italic toggle="yes">HCC '01: Proceedings of the IEEE 2001 Symposia on Human Centric Computing Languages and Environments (HCC'01)</italic>, page 40, Washington, DC, USA, 2001. IEEE Computer Society. <pub-id pub-id-type="doi" xlink:href="10.5555/795686.797782" /></mixed-citation>
				</ref>
				<ref id="ref-00014">
				<mixed-citation>S. Kerpedjiev and S. F. Roth. Mapping communicative goals into conceptual tasks to generate graphics in discourse. In <italic toggle="yes">IUI '00: Proceedings of the 5th international conference on Intelligent user interfaces</italic>, pages 157--164, New York, NY, USA, 2000. ACM. <pub-id pub-id-type="doi" xlink:href="10.1145/325737.325814" assigning-authority="crossref">10.1145/325737.325814</pub-id> <pub-id pub-id-type="doi" xlink:href="10.1145/325737.325814" /></mixed-citation>
				</ref>
				<ref id="ref-00015">
				<mixed-citation>S. Kosslyn. Understanding charts and graphs. <italic toggle="yes">Applied Cognitive Psychology</italic>, 3:185--225, 1989.</mixed-citation>
				</ref>
				<ref id="ref-00016">
				<mixed-citation>J. Larkin and H. Simon. Why a diagram is (sometimes) worth ten thousand words. <italic toggle="yes">Cognitive Science</italic>, 11(1):65--100, 1987.</mixed-citation>
				</ref>
				<ref id="ref-00017">
				<mixed-citation>S. Lewandowsky and I. Spence. The perception of statistical graphs. <italic toggle="yes">Sociological Methods and Research</italic>, 18:200--242, 1989.</mixed-citation>
				</ref>
				<ref id="ref-00018">
				<mixed-citation>V. O. Mittal, G. Carenini, J. D. Moore, and S. Roth. Describing complex charts in natural language: a caption generation system. <italic toggle="yes">Computational Linguistics</italic>, 24(3):431--467, 1998. <pub-id pub-id-type="doi" xlink:href="10.5555/972749.972754" /></mixed-citation>
				</ref>
				<ref id="ref-00019">
				<mixed-citation>S. R. Patil. Accessible image file formats: the need and the way (position paper). In <italic toggle="yes">W4A '07: Proceedings of the 2007 international cross-disciplinary workshop on Web accessibility (W4A)</italic>, pages 40--43, New York, NY, USA, 2007. ACM Press. <pub-id pub-id-type="doi" xlink:href="10.1145/1243441.1243455" assigning-authority="crossref">10.1145/1243441.1243455</pub-id> <pub-id pub-id-type="doi" xlink:href="10.1145/1243441.1243455" /></mixed-citation>
				</ref>
				<ref id="ref-00020">
				<mixed-citation>S. Pinker. A theory of graph comprehension. In R. Freedle, editor, <italic toggle="yes">Artificial intelligence and the future of testing</italic>, pages 73--126. L. Erlbaum, Hillsdale, NJ, 1990.</mixed-citation>
				</ref>
				<ref id="ref-00021">
				<mixed-citation>S. F. Roth and W. E. Hefley. Intelligent multimedia presentation systems: research and principles. In <italic toggle="yes">Intelligent multimedia interfaces</italic>, pages 13--58. American Association for Artificial Intelligence, Menlo Park, CA, USA, 1993. <pub-id pub-id-type="doi" xlink:href="10.5555/162477.162484" /></mixed-citation>
				</ref>
				<ref id="ref-00022">
				<mixed-citation>S. F. Roth, J. Kolojejchick, J. Mattis, M. C. Chuah, J. Goldstein, and O. Juarez. Sage tools: a knowledge-based environment for designing and perusing data visualizations. In <italic toggle="yes">CHI '94: Conference companion on Human factors in computing systems</italic>, pages 27--28, New York, NY, USA, 1994. ACM. <pub-id pub-id-type="doi" xlink:href="10.1145/259963.259992" assigning-authority="crossref">10.1145/259963.259992</pub-id> <pub-id pub-id-type="doi" xlink:href="10.1145/259963.259992" /></mixed-citation>
				</ref>
				<ref id="ref-00023">
				<mixed-citation>E. Tufte. <italic toggle="yes">The visual display of quantitative information.</italic> Graphics Press, Cheshire, CT, USA, 1986. <pub-id pub-id-type="doi" xlink:href="10.5555/33404" /></mixed-citation>
				</ref>
				<ref id="ref-00024">
				<mixed-citation>L. Wilkinson. <italic toggle="yes">The grammar of graphics.</italic> Springer-Verlag New York, Inc., New York, NY, USA, 1999. <pub-id pub-id-type="doi" xlink:href="10.5555/316575" /></mixed-citation>
				</ref>
				<ref id="ref-00025">
				<mixed-citation>World Wide Web Consortium. Extensible Markup Language (XML). http://www.w3.org/XML/, 2007.</mixed-citation>
				</ref>
				<ref id="ref-00026">
				<mixed-citation>World Wide Web Consortium. Extensible Markup Language (XML) 1.0 (Fourth Edition), DTD Definition. http://www.w3.org/TR/REC-xml/\#dt-doctype, 2007.</mixed-citation>
				</ref>
				<ref id="ref-00027">
				<mixed-citation>World Wide Web Consortium. Techniques for Web Content Accessibility Guidelines 1.0. http://www.w3.org/TR/WAI-WEBCONTENT-TECHS, 2000.</mixed-citation>
				</ref>
				<ref id="ref-00028">
				<mixed-citation>World Wide Web Consortium. Web accessibility initiative. http://www.w3.org/WAI/, 2006.</mixed-citation>
				</ref>
				<ref id="ref-00029">
				<mixed-citation>World Wide Web Consortium. Web Content Accessibility Guidelines 1.0. http://www.w3.org/TR/WAI-WEBCONTENT, 1999.</mixed-citation>
				</ref>
			</ref-list>
</back>
</book-part>
</book-part-wrapper>
