<?xml version="1.0" encoding="UTF-8"?>
<!DOCTYPE book-part-wrapper PUBLIC "-//NLM//DTD BITS Book Interchange DTD with OASIS and XHTML Tables v2.0 20151225//EN" "BITS-book-oasis2.dtd">
<book-part-wrapper xmlns:xlink="http://www.w3.org/1999/xlink" xmlns:mml="http://www.w3.org/1998/Math/MathML" xmlns:oasis="http://www.niso.org/standards/z39-96/ns/oasis-exchange/table" xmlns:xi="http://www.w3.org/2001/XInclude" xmlns:xsi="http://www.w3.org/2001/XMLSchema-instance" dtd-version="2.0" xml:lang="en" content-type="research-article">
<collection-meta collection-type="book-series">
    <collection-id collection-id-type="doi">10.1145/acmconferences</collection-id>
    <title-group>
        <title>ACM Conferences</title>
    </title-group>
</collection-meta>
	<book-meta>
		<book-id book-id-type="acm-id">1368044</book-id>
		<book-id book-id-type="doi">10.1145/1368044</book-id>
		<book-title-group>
			<book-title>Proceedings of the 2008 international cross-disciplinary conference on Web accessibility (W4A)</book-title>
			<alt-title alt-title-type="acronym">W4A '08</alt-title>
		</book-title-group>
	</book-meta>
	<book-part xmlns:ali="http://www.niso.org/schemas/ali/1.0/" book-part-type="chapter" xml:lang="en">
		<book-part-meta>
			<book-part-id book-part-id-type="acm-id">1368066</book-part-id>
			<book-part-id book-part-id-type="doi">10.1145/1368044.1368066</book-part-id>
	<subj-group subj-group-type="ccs2012">
		<compound-subject>
			<compound-subject-part content-type="code">10010147.10010178.10010179</compound-subject-part>
			<compound-subject-part content-type="text">Computing methodologies~Artificial intelligence~Natural language processing</compound-subject-part>
			<compound-subject-part content-type="weight">500</compound-subject-part>
		</compound-subject>
		<compound-subject>
			<compound-subject-part content-type="code">10003120.10003145.10003147.10010887</compound-subject-part>
			<compound-subject-part content-type="text">Human-centered computing~Visualization~Visualization application domains~Geographic visualization</compound-subject-part>
			<compound-subject-part content-type="weight">100</compound-subject-part>
		</compound-subject>
		<compound-subject>
			<compound-subject-part content-type="code">10003120.10003121</compound-subject-part>
			<compound-subject-part content-type="text">Human-centered computing~Human computer interaction (HCI)</compound-subject-part>
			<compound-subject-part content-type="weight">100</compound-subject-part>
		</compound-subject>
		<compound-subject>
			<compound-subject-part content-type="code">10002951.10003227.10003236</compound-subject-part>
			<compound-subject-part content-type="text">Information systems~Information systems applications~Spatial-temporal systems</compound-subject-part>
			<compound-subject-part content-type="weight">100</compound-subject-part>
		</compound-subject>
		<compound-subject>
			<compound-subject-part content-type="code">10003456.10010927.10003616</compound-subject-part>
			<compound-subject-part content-type="text">Social and professional topics~User characteristics~People with disabilities</compound-subject-part>
			<compound-subject-part content-type="weight">100</compound-subject-part>
		</compound-subject>
		<compound-subject>
			<compound-subject-part content-type="code">10003456.10003457.10003580.10003587</compound-subject-part>
			<compound-subject-part content-type="text">Social and professional topics~Professional topics~Computing profession~Assistive technologies</compound-subject-part>
			<compound-subject-part content-type="weight">100</compound-subject-part>
		</compound-subject>
	</subj-group>
			<title-group>
				<title>Enabling access to geo-referenced information</title>
				<subtitle>Atlas.txt</subtitle>
			</title-group>
<contrib-group>
   <contrib contrib-type="author" id="artseq-00001">
       <contrib-id contrib-id-type="person_id" authenticated="false">P1002316</contrib-id><contrib-id contrib-id-type="profile_id" authenticated="false">81309511006</contrib-id>
       <name name-style="western">
           <surname>Thomas</surname>
           <given-names>Kavita E.</given-names>
       </name>
	<aff>University of Aberdeen, Scotland</aff><aff><institution-wrap><institution-id institution-id-type="profile_id">60015875</institution-id></institution-wrap></aff>
	<role>Author</role>
   </contrib>
   <contrib contrib-type="author" id="artseq-00002">
       <contrib-id contrib-id-type="person_id" authenticated="false">P1002317</contrib-id><contrib-id contrib-id-type="profile_id" authenticated="false">81351607846</contrib-id>
       <name name-style="western">
           <surname>Sumegi</surname>
           <given-names>Livia</given-names>
       </name>
	<aff>Carleton University, Canada</aff><aff><institution-wrap><institution-id institution-id-type="profile_id">60017592</institution-id></institution-wrap></aff>
	<role>Author</role>
   </contrib>
   <contrib contrib-type="author" id="artseq-00003">
       <contrib-id contrib-id-type="person_id" authenticated="false">P1002318</contrib-id><contrib-id contrib-id-type="profile_id" authenticated="false">81100281424</contrib-id>
       <name name-style="western">
           <surname>Ferres</surname>
           <given-names>Leo</given-names>
       </name>
	<aff>Carleton University, Canada</aff><aff><institution-wrap><institution-id institution-id-type="profile_id">60017592</institution-id></institution-wrap></aff>
	<role>Author</role>
   </contrib>
   <contrib contrib-type="author" id="artseq-00004">
       <contrib-id contrib-id-type="person_id" authenticated="false">P1002319</contrib-id><contrib-id contrib-id-type="profile_id" authenticated="false">81329492217</contrib-id>
       <name name-style="western">
           <surname>Sripada</surname>
           <given-names>Somayajulu</given-names>
       </name>
	<aff>University of Aberdeen, Scotland</aff><aff><institution-wrap><institution-id institution-id-type="profile_id">60015875</institution-id></institution-wrap></aff>
	<role>Author</role>
   </contrib>
</contrib-group>
   <pub-date date-type="publication">
   <day>21</day>
   <month>04</month>
   <year>2008</year>
   </pub-date>
				<fpage>101</fpage>
				<lpage>104</lpage>
		<permissions>
			<copyright-year>2008</copyright-year>
			<copyright-holder>ACM</copyright-holder>
			<license license-type="acmcopyright">
			<license-p>Permission to make digital or hard copies of all or part of this work for personal or classroom use is granted without fee provided that copies are not made or distributed for profit or commercial advantage and that copies bear this notice and the full citation on the first page. Copyrights for components of this work owned by others than ACM must be honored. Abstracting with credit is permitted. To copy otherwise, or republish, to post on servers or to redistribute to lists, requires prior specific permission and/or a fee. Request permissions from Permissions@acm.org</license-p>
			</license>
		</permissions>
		<self-uri content-type="daisy" xlink:href="1368044.1368066.daisy" />
		<self-uri content-type="pdf" xlink:href="1368044.1368066.pdf" />
	<abstract>
		<p>We present Atlas.txt, a novel data-to-text natural language generation system which enables access to geo-referenced information like online census data. We first discuss initial findings from an accessibility study on geo-referenced data and outline needs requirements for visually-impaired users of such data. We then present work towards realising our data-to-text system and indicate how it aims to address this issue.</p>
	</abstract>
<kwd-group>
<kwd>geo-referenced data</kwd>
<kwd>visually-impaired access</kwd>
</kwd-group>
		</book-part-meta>
		
	<back>
<ref-list specific-use="unparsed">
				<ref id="ref-00001">
				<mixed-citation>S. Boyd. Detecting and describing patterns in time-varying data using wavelets. <italic toggle="yes">Advances in Intelligent Data Analysis: Reasoning About Data, Lecture Notes in Computer Science</italic>, 1280, 1997. <pub-id pub-id-type="doi" xlink:href="10.5555/647965.743841" /></mixed-citation>
				</ref>
				<ref id="ref-00002">
				<mixed-citation>J. Coch. Multimeteo: Multilingual production of weather forecasts. <italic toggle="yes">ELRA Newsletter</italic>, 3(2), 1998.</mixed-citation>
				</ref>
				<ref id="ref-00003">
				<mixed-citation>C. Ebert, D. Glatz, M. Jansche, R. Meyer-Klabunde, and R. Porzel. From conceptualization to formulation in generating spatial descriptions. <italic toggle="yes">Proceedings fo the 5th European Conference on Cognitive Modelling</italic>, pages 96--39, 1996.</mixed-citation>
				</ref>
				<ref id="ref-00004">
				<mixed-citation>L. Ferres, A. Parush, S. Roberts, and G. Lindgaard. Helping people with visual impairments gain access to graphical information through natural language: The igraph system. <italic toggle="yes">Proceedings of ICCHP 2006, Lecture Notes in Computer Science</italic>, 4061, 2006. <pub-id pub-id-type="doi" xlink:href="10.1007/11788713_163" assigning-authority="crossref">10.1007/11788713_163</pub-id> <pub-id pub-id-type="doi" xlink:href="10.1007/11788713_163" /></mixed-citation>
				</ref>
				<ref id="ref-00005">
				<mixed-citation>S. Geldof. Corpus analysis for nlg. <italic toggle="yes">Proceedings of the 9th EWNLG</italic>, 2003.</mixed-citation>
				</ref>
				<ref id="ref-00006">
				<mixed-citation>E. Goldberg, N. Driedger, and R. Kittredge. Using natural-language processing to produce weather forecasts. <italic toggle="yes">IEEE Expert</italic>, 9(2), 1994. <pub-id pub-id-type="doi" xlink:href="10.1109/64.294135" assigning-authority="crossref">10.1109/64.294135</pub-id> <pub-id pub-id-type="doi" xlink:href="10.1109/64.294135" /></mixed-citation>
				</ref>
				<ref id="ref-00007">
				<mixed-citation>R. Kitchin, M. Blades, and R. Golledge. Understanding spatial concepts at the geographic scale without the use of vision. <italic toggle="yes">Human Geography</italic>, 21(2), 1997.</mixed-citation>
				</ref>
				<ref id="ref-00008">
				<mixed-citation>T. Marciniak and M. Strube. Classification-based generation using tag. <italic toggle="yes">Proceedings of Natural Language Generation: 3rd International Conference, Lecture Notes in Artificial Intelligence</italic>, 3123, 2004.</mixed-citation>
				</ref>
				<ref id="ref-00009">
				<mixed-citation>A. Mehnert and P. Jackway. An improved seeded region growing algorithm. <italic toggle="yes">Pattern Recognition Letters</italic>, 18:10, 1997. <pub-id pub-id-type="doi" xlink:href="10.1016/S0167-8655(97)00131-1" assigning-authority="crossref">10.1016/S0167-8655(97)00131-1</pub-id> <pub-id pub-id-type="doi" xlink:href="10.1016/S0167-8655(97)00131-1" /></mixed-citation>
				</ref>
				<ref id="ref-00010">
				<mixed-citation>R. Mitkov. A text-generation system for explaining concepts in geometry. <italic toggle="yes">Proceedings of the 13th Conference on Computational Linguistics</italic>, 1990. <pub-id pub-id-type="doi" xlink:href="10.3115/991146.991239" assigning-authority="crossref">10.3115/991146.991239</pub-id> <pub-id pub-id-type="doi" xlink:href="10.3115/991146.991239" /></mixed-citation>
				</ref>
				<ref id="ref-00011">
				<mixed-citation>H. Novak. Generating a coherent text describing a traffic scene. <italic toggle="yes">Proceedings of the 11th Conference on Computational Linguistics</italic>, 1986. <pub-id pub-id-type="doi" xlink:href="10.3115/991365.991532" assigning-authority="crossref">10.3115/991365.991532</pub-id> <pub-id pub-id-type="doi" xlink:href="10.3115/991365.991532" /></mixed-citation>
				</ref>
				<ref id="ref-00012">
				<mixed-citation>E. Reiter and R. Dale. Building natural language generation systems. Cambridge University Press, 2000. <pub-id pub-id-type="doi" xlink:href="10.5555/331955" /></mixed-citation>
				</ref>
				<ref id="ref-00013">
				<mixed-citation>S. Sripada, E. Reiter, J. Hunter, and J. Yu. A two-stage model for content determination. <italic toggle="yes">Proceedings of the 8th ACL-EWNLG</italic>, 2001. <pub-id pub-id-type="doi" xlink:href="10.3115/1117840.1117842" assigning-authority="crossref">10.3115/1117840.1117842</pub-id> <pub-id pub-id-type="doi" xlink:href="10.3115/1117840.1117842" /></mixed-citation>
				</ref>
				<ref id="ref-00014">
				<mixed-citation>T. Stockman. The design and evaluation of auditory access to spreadsheets. <italic toggle="yes">Proceedigns of the 10th International Conference on Auditory Display</italic>, 2004.</mixed-citation>
				</ref>
				<ref id="ref-00015">
				<mixed-citation>K. Thomas and S. Sripada. Atlas.txt: First steps towards bridging the gap between geo-referenced data and text. <italic toggle="yes">Proceedings of the 11th European Workshop on Natural Language Generation</italic>, 2007.</mixed-citation>
				</ref>
				<ref id="ref-00016">
				<mixed-citation>H. Zhao, C. Plaisant, and B. Shneiderman. I hear the pattern - interactive sonification of geographical data patterns. <italic toggle="yes">Proceedings of ACM SIGCHI Extended Abstracts on Human Factors in Computing Systems</italic>, 2005. <pub-id pub-id-type="doi" xlink:href="10.1145/1056808.1057052" assigning-authority="crossref">10.1145/1056808.1057052</pub-id> <pub-id pub-id-type="doi" xlink:href="10.1145/1056808.1057052" /></mixed-citation>
				</ref>
			</ref-list>
</back>
</book-part>
</book-part-wrapper>
