<?xml version="1.0" encoding="UTF-8"?>
<!DOCTYPE book-part-wrapper PUBLIC "-//NLM//DTD BITS Book Interchange DTD with OASIS and XHTML Tables v2.0 20151225//EN" "BITS-book-oasis2.dtd">
<book-part-wrapper xmlns:xlink="http://www.w3.org/1999/xlink" xmlns:mml="http://www.w3.org/1998/Math/MathML" xmlns:oasis="http://www.niso.org/standards/z39-96/ns/oasis-exchange/table" xmlns:xi="http://www.w3.org/2001/XInclude" xmlns:xsi="http://www.w3.org/2001/XMLSchema-instance" dtd-version="2.0" xml:lang="en" content-type="research-article">
<collection-meta collection-type="book-series">
    <collection-id collection-id-type="doi">10.1145/acmconferences</collection-id>
    <title-group>
        <title>ACM Conferences</title>
    </title-group>
</collection-meta>
	<book-meta>
		<book-id book-id-type="acm-id">1368044</book-id>
		<book-id book-id-type="doi">10.1145/1368044</book-id>
		<book-title-group>
			<book-title>Proceedings of the 2008 international cross-disciplinary conference on Web accessibility (W4A)</book-title>
			<alt-title alt-title-type="acronym">W4A '08</alt-title>
		</book-title-group>
	</book-meta>
	<book-part xmlns:ali="http://www.niso.org/schemas/ali/1.0/" book-part-type="chapter" xml:lang="en">
		<book-part-meta>
			<book-part-id book-part-id-type="acm-id">1368058</book-part-id>
			<book-part-id book-part-id-type="doi">10.1145/1368044.1368058</book-part-id>
	<subj-group subj-group-type="ccs2012">
		<compound-subject>
			<compound-subject-part content-type="code">10003120.10003121</compound-subject-part>
			<compound-subject-part content-type="text">Human-centered computing~Human computer interaction (HCI)</compound-subject-part>
			<compound-subject-part content-type="weight">500</compound-subject-part>
		</compound-subject>
		<compound-subject>
			<compound-subject-part content-type="code">10010405.10010497.10010510.10010515</compound-subject-part>
			<compound-subject-part content-type="text">Applied computing~Document management and text processing~Document preparation~Multi / mixed media creation</compound-subject-part>
			<compound-subject-part content-type="weight">100</compound-subject-part>
		</compound-subject>
		<compound-subject>
			<compound-subject-part content-type="code">10003120.10003121.10003124.10003254</compound-subject-part>
			<compound-subject-part content-type="text">Human-centered computing~Human computer interaction (HCI)~Interaction paradigms~Hypertext / hypermedia</compound-subject-part>
			<compound-subject-part content-type="weight">100</compound-subject-part>
		</compound-subject>
	</subj-group>
			<title-group>
				<title>MokE</title>
				<subtitle>a tool for Mobile-ok evaluation of web content</subtitle>
			</title-group>
<contrib-group>
   <contrib contrib-type="author" id="artseq-00001">
       <contrib-id contrib-id-type="person_id" authenticated="false">P1002298</contrib-id><contrib-id contrib-id-type="profile_id" authenticated="false">81100428597</contrib-id>
       <name name-style="western">
           <surname>Garofalakis</surname>
           <given-names>John</given-names>
       </name>
	<aff>University of Patras, Patras, Greece</aff><aff><institution-wrap><institution-id institution-id-type="profile_id">60031155</institution-id></institution-wrap></aff>
	<role>Author</role>
   </contrib>
   <contrib contrib-type="author" id="artseq-00002">
       <contrib-id contrib-id-type="person_id" authenticated="false">P1002299</contrib-id><contrib-id contrib-id-type="profile_id" authenticated="false">81314485885</contrib-id>
       <name name-style="western">
           <surname>Stefanis</surname>
           <given-names>Vassilios</given-names>
       </name>
	<aff>University of Patras, Patras, Greece</aff><aff><institution-wrap><institution-id institution-id-type="profile_id">60031155</institution-id></institution-wrap></aff>
	<role>Author</role>
   </contrib>
</contrib-group>
   <pub-date date-type="publication">
   <day>21</day>
   <month>04</month>
   <year>2008</year>
   </pub-date>
				<fpage>57</fpage>
				<lpage>64</lpage>
		<permissions>
			<copyright-year>2008</copyright-year>
			<copyright-holder>ACM</copyright-holder>
			<license license-type="acmcopyright">
			<license-p>Permission to make digital or hard copies of all or part of this work for personal or classroom use is granted without fee provided that copies are not made or distributed for profit or commercial advantage and that copies bear this notice and the full citation on the first page. Copyrights for components of this work owned by others than ACM must be honored. Abstracting with credit is permitted. To copy otherwise, or republish, to post on servers or to redistribute to lists, requires prior specific permission and/or a fee. Request permissions from Permissions@acm.org</license-p>
			</license>
		</permissions>
		<self-uri content-type="daisy" xlink:href="1368044.1368058.daisy" />
		<self-uri content-type="pdf" xlink:href="1368044.1368058.pdf" />
	<abstract>
		<p>The ever-growing corpus of web content is now accessible from mobile devices. But is web content ready for mobile access? Which characteristics provide an acceptable user experience when using a mobile device? Based on W3C's MobileOK best practices and tests we present MokE (Mobile OK Evaluator), a tool that helps creators of web content, webmasters and site administrators to evaluate how a mobile user will experience browsing of their content. By making use of W3C's basic tests this tool is comprised of a set of modules that crawl a web site, analyze its content (including a hidden web capability) and provide an evaluation of its appropriateness for mobile access.</p>
	</abstract>
<kwd-group>
<kwd>crawlers</kwd>
<kwd>hidden web</kwd>
<kwd>mobile best practices</kwd>
<kwd>mobile ok tests</kwd>
<kwd>mobile web</kwd>
</kwd-group>
		</book-part-meta>
		
	<back>
<ref-list specific-use="unparsed">
				<ref id="ref-00001">
				<mixed-citation>Barbosa, L., and Freire, J., An Adaptive Crawler for Locating HiddenWeb Entry Points, In Proc. of WWW 2007. <pub-id pub-id-type="doi" xlink:href="10.1145/1242572.1242632" assigning-authority="crossref">10.1145/1242572.1242632</pub-id> <pub-id pub-id-type="doi" xlink:href="10.1145/1242572.1242632" /></mixed-citation>
				</ref>
				<ref id="ref-00002">
				<mixed-citation>Bergman. M., The Deep Web: Surfacing Hidden Value, http://www.press.umich.edu/jep/07-01/bergman.html, 2001.</mixed-citation>
				</ref>
				<ref id="ref-00003">
				<mixed-citation>Boyera, S., The Mobile Web to bridge the Digital Divide, Volume 14/Issue 3, ACM Interaction Magazine, 2007, pp. 12--14. <pub-id pub-id-type="doi" xlink:href="10.1145/1242421.1242433" assigning-authority="crossref">10.1145/1242421.1242433</pub-id> <pub-id pub-id-type="doi" xlink:href="10.1145/1242421.1242433" /></mixed-citation>
				</ref>
				<ref id="ref-00004">
				<mixed-citation>Chang, K., He, B., Li, C., and Zhang, Z., Structured Databases on the Web: Observations and Implications, Technical report, UIUC, 2003.</mixed-citation>
				</ref>
				<ref id="ref-00005">
				<mixed-citation>Cho, J., and Molina, H., Parallel Crawlers, In Proc. of WWW 2002. <pub-id pub-id-type="doi" xlink:href="10.1145/511446.511464" assigning-authority="crossref">10.1145/511446.511464</pub-id> <pub-id pub-id-type="doi" xlink:href="10.1145/511446.511464" /></mixed-citation>
				</ref>
				<ref id="ref-00006">
				<mixed-citation>Cormen, T., Leiserson, C., and Rivest, R., Introduction to Algorithms, 2nd Edition. MIT Press/McGraw Hill, 2001. <pub-id pub-id-type="doi" xlink:href="10.5555/580470" /></mixed-citation>
				</ref>
				<ref id="ref-00007">
				<mixed-citation>Florescu, D., Levy, A., and Mendelzon. A., Database Techniques for the World Wide Web: A Survey, ACM SIGMOD Record, Volume 27, Issue 3, p.p. 59 -- 74, ACM, 1998. <pub-id pub-id-type="doi" xlink:href="10.1145/290593.290605" assigning-authority="crossref">10.1145/290593.290605</pub-id> <pub-id pub-id-type="doi" xlink:href="10.1145/290593.290605" /></mixed-citation>
				</ref>
				<ref id="ref-00008">
				<mixed-citation>Garofalakis, J., and Stefanis, V., Using RSS feeds for effective mobile web browsing, Universal Access in the Information Society Journal, Volume 6, Number 3/November, p.p. 249--257, Springer, 2007. <pub-id pub-id-type="doi" xlink:href="10.1007/s10209-007-0086-8" assigning-authority="crossref">10.1007/s10209-007-0086-8</pub-id> <pub-id pub-id-type="doi" xlink:href="10.1007/s10209-007-0086-8" /></mixed-citation>
				</ref>
				<ref id="ref-00009">
				<mixed-citation>Haumont, S., and Siren, R., dotMobi, a Key Enabler for the Mobile Internet, In Proc. of Workshop on Mobile Internet User Experience, Mobile HCI 2007.</mixed-citation>
				</ref>
				<ref id="ref-00010">
				<mixed-citation>Hsieh, W., Madhavan, J., and Pike, R., Data management projects at Google, In Proc. of ACM SIGMOD, pages 725--726, 2006. <pub-id pub-id-type="doi" xlink:href="10.1145/1142473.1142566" assigning-authority="crossref">10.1145/1142473.1142566</pub-id> <pub-id pub-id-type="doi" xlink:href="10.1145/1142473.1142566" /></mixed-citation>
				</ref>
				<ref id="ref-00011">
				<mixed-citation>Ntoulas, A., Zerfos, P., and Cho, J., Downloading Textual Hidden Web Content Through Keyword Queries, In Proc. of JCDL 2005. <pub-id pub-id-type="doi" xlink:href="10.1145/1065385.1065407" assigning-authority="crossref">10.1145/1065385.1065407</pub-id> <pub-id pub-id-type="doi" xlink:href="10.1145/1065385.1065407" /></mixed-citation>
				</ref>
				<ref id="ref-00012">
				<mixed-citation>Ready.mobi site check, http://ready.mobi</mixed-citation>
				</ref>
				<ref id="ref-00013">
				<mixed-citation>TAW mobileOK Basic checker, http://validadores.tawdis.net/mobileok/en/</mixed-citation>
				</ref>
				<ref id="ref-00014">
				<mixed-citation>W3C mobileOK Checker Beta release, http://validator.w3.org/mobile</mixed-citation>
				</ref>
				<ref id="ref-00015">
				<mixed-citation>W3C, Mobile Web Best Practices 1.0, http://www.w3.org/TR/mobile-bp/</mixed-citation>
				</ref>
				<ref id="ref-00016">
				<mixed-citation>W3C, MobileOK Basic Tests 1.0, http://www.w3.org/TR/mobileOK-basic10-tests/</mixed-citation>
				</ref>
			</ref-list>
</back>
</book-part>
</book-part-wrapper>
