<?xml version="1.0" encoding="UTF-8"?>
<!DOCTYPE book-part-wrapper PUBLIC "-//NLM//DTD BITS Book Interchange DTD with OASIS and XHTML Tables v2.0 20151225//EN" "BITS-book-oasis2.dtd">
<book-part-wrapper xmlns:xlink="http://www.w3.org/1999/xlink" xmlns:mml="http://www.w3.org/1998/Math/MathML" xmlns:oasis="http://www.niso.org/standards/z39-96/ns/oasis-exchange/table" xmlns:xi="http://www.w3.org/2001/XInclude" xmlns:xsi="http://www.w3.org/2001/XMLSchema-instance" dtd-version="2.0" xml:lang="en">
<collection-meta collection-type="book-series">
    <collection-id collection-id-type="doi">10.1145/acmconferences</collection-id>
    <title-group>
        <title>ACM Conferences</title>
    </title-group>
</collection-meta>
	<book-meta>
		<book-id book-id-type="acm-id">990657</book-id>
		<book-id book-id-type="doi">10.1145/990657</book-id>
		<book-title-group>
			<book-title>Proceedings of the 2004 international cross-disciplinary workshop on Web accessibility (W4A)</book-title>
			<alt-title alt-title-type="acronym">W4A '04</alt-title>
		</book-title-group>
	</book-meta>
	<book-part xmlns:ali="http://www.niso.org/schemas/ali/1.0/" book-part-type="chapter" xml:lang="en">
		<book-part-meta>
			<book-part-id book-part-id-type="acm-id">990664</book-part-id>
			<book-part-id book-part-id-type="doi">10.1145/990657.990664</book-part-id>
	<subj-group subj-group-type="ccs2012">
		<compound-subject>
			<compound-subject-part content-type="code">10003120.10003121</compound-subject-part>
			<compound-subject-part content-type="text">Human-centered computing~Human computer interaction (HCI)</compound-subject-part>
			<compound-subject-part content-type="weight">500</compound-subject-part>
		</compound-subject>
		<compound-subject>
			<compound-subject-part content-type="code">10003120.10003121</compound-subject-part>
			<compound-subject-part content-type="text">Human-centered computing~Human computer interaction (HCI)</compound-subject-part>
			<compound-subject-part content-type="weight">100</compound-subject-part>
		</compound-subject>
	</subj-group>
			<title-group>
				<title>An accessible method of hiding HTML content</title>
			</title-group>
<contrib-group>
   <contrib contrib-type="author" id="artseq-00001">
       <contrib-id contrib-id-type="person_id" authenticated="false">P672922</contrib-id><contrib-id contrib-id-type="profile_id" authenticated="false">81410596012</contrib-id>
       <name name-style="western">
           <surname>Bohman</surname>
           <given-names>Paul Ryan</given-names>
       </name>
	<aff>Utah State University, Logan, UT</aff><aff><institution-wrap><institution-id institution-id-type="profile_id">60031706</institution-id></institution-wrap></aff>
	<role>Author</role>
   </contrib>
   <contrib contrib-type="author" id="artseq-00002">
       <contrib-id contrib-id-type="person_id" authenticated="false">P672923</contrib-id><contrib-id contrib-id-type="profile_id" authenticated="false">81100101180</contrib-id>
       <name name-style="western">
           <surname>Anderson</surname>
           <given-names>Shane</given-names>
       </name>
	<aff>Utah State University, Logan, UT</aff><aff><institution-wrap><institution-id institution-id-type="profile_id">60031706</institution-id></institution-wrap></aff>
	<role>Author</role>
   </contrib>
</contrib-group>
   <pub-date date-type="publication">
   <day>18</day>
   <month>05</month>
   <year>2004</year>
   </pub-date>
				<fpage>39</fpage>
				<lpage>43</lpage>
		<permissions>
			<copyright-year>2004</copyright-year>
			<copyright-holder>ACM</copyright-holder>
			<license license-type="acmcopyright">
			<license-p>Permission to make digital or hard copies of all or part of this work for personal or classroom use is granted without fee provided that copies are not made or distributed for profit or commercial advantage and that copies bear this notice and the full citation on the first page. Copyrights for components of this work owned by others than ACM must be honored. Abstracting with credit is permitted. To copy otherwise, or republish, to post on servers or to redistribute to lists, requires prior specific permission and/or a fee. Request permissions from Permissions@acm.org</license-p>
			</license>
		</permissions>
		<self-uri content-type="pdf" xlink:href="990657.990664.pdf" />
	<abstract>
		<p>Though somewhat rare, there are occasions when the accessibility needs of screen reader users appear to be at odds with the needs of visual users. This kind of conflict occurs when Web developers put form elements inside of a data table matrix, when they want to use images as headings instead of text, and in other situations. Adding extra text helps screen reader users, but can complicate the visual layout, thus reducing understandability. One solution is to use CSS to hide the text from sighted users in a way that is still accessible to screen readers. The details of this technique are discussed, along with the technical reasoning behind it.</p>
	</abstract>
<kwd-group>
<kwd>CSS</kwd>
<kwd>hidden text</kwd>
<kwd>screen reader</kwd>
</kwd-group>
		</book-part-meta>
		
	<back>
<ref-list specific-use="unparsed">
				<ref id="ref-00001">
				<mixed-citation>Bowman, Doug (2003). Using background-image to replace text. Retrieved April 29, 2004 from http://www.stopdesign.com/also/articles/replace_text/.</mixed-citation>
				</ref>
				<ref id="ref-00002">
				<mixed-citation>Clark, J. (2003). Facts and opinion about Faherner image replacement. Retrieved April 29, 2004 from http://www.alistapart.com/articles/fir/.</mixed-citation>
				</ref>
				<ref id="ref-00003">
				<mixed-citation>Easton, B. (2003, September). Screenreader visibility. Retrieved April 29, 2004 from http://cssdiscuss.incutio.com/?page=ScreenreaderVisibility.</mixed-citation>
				</ref>
				<ref id="ref-00004">
				<mixed-citation>Rundle, M. (2003, August 5). Accessible image replacement. Retrieved April 29, 2004 from http://phark.typepad.com/phark/2003/08/accessible_imag.html.</mixed-citation>
				</ref>
				<ref id="ref-00005">
				<mixed-citation>Gilder, T. (2003). Gilder image transform technique. Retrieved April 29, 2004 from http://blog.tom.me.uk/2003/08/07/.</mixed-citation>
				</ref>
				<ref id="ref-00006">
				<mixed-citation>U.S. Access Board (2001). Summary of Section 508 Standards. Retrieved April 29, 2004 from http://www.section508.gov/index.cfm?FuseActio n=Content&amp;ID=11#web.</mixed-citation>
				</ref>
				<ref id="ref-00007">
				<mixed-citation>W3C (1999). Web Content Accessibility Guidelines 1.0. Retrieved April 29, 2004 from http://www.w3.org/TR/WCAG10/.</mixed-citation>
				</ref>
			</ref-list>
</back>
</book-part>
</book-part-wrapper>
