<?xml version="1.0" encoding="UTF-8"?>
<!DOCTYPE book-part-wrapper PUBLIC "-//NLM//DTD BITS Book Interchange DTD with OASIS and XHTML Tables v2.0 20151225//EN" "BITS-book-oasis2.dtd">
<book-part-wrapper xmlns:xlink="http://www.w3.org/1999/xlink" xmlns:mml="http://www.w3.org/1998/Math/MathML" xmlns:oasis="http://www.niso.org/standards/z39-96/ns/oasis-exchange/table" xmlns:xi="http://www.w3.org/2001/XInclude" xmlns:xsi="http://www.w3.org/2001/XMLSchema-instance" dtd-version="2.0" xml:lang="en" content-type="short-paper">
<collection-meta collection-type="book-series">
    <collection-id collection-id-type="doi">10.1145/acmotherconferences</collection-id>
    <title-group>
        <title>ACM Other Conferences</title>
    </title-group>
</collection-meta>
	<book-meta>
		<book-id book-id-type="acm-id">3315002</book-id>
		<book-id book-id-type="doi">10.1145/3315002</book-id>
		<book-title-group>
			<book-title>Proceedings of the 16th International Web for All Conference</book-title>
			<alt-title alt-title-type="acronym">W4A '19</alt-title>
		</book-title-group>
	</book-meta>
	<book-part xmlns:ali="http://www.niso.org/schemas/ali/1.0/" book-part-type="chapter" xml:lang="en">
		<book-part-meta>
			<book-part-id book-part-id-type="acm-id">3317566</book-part-id>
			<book-part-id book-part-id-type="doi">10.1145/3315002.3317566</book-part-id>
			<book-part-id book-part-id-type="article-no">24</book-part-id><subj-group subj-group-type="ccs2012"><compound-subject><compound-subject-part content-type="code">10003120.10003121</compound-subject-part><compound-subject-part content-type="text">Human-centered computing / Human computer interaction (HCI)</compound-subject-part></compound-subject><compound-subject><compound-subject-part content-type="code">10003120</compound-subject-part><compound-subject-part content-type="text">Human-centered computing</compound-subject-part></compound-subject></subj-group>
	<subj-group subj-group-type="qualifier-density">
		<compound-subject>
			<compound-subject-part content-type="code">research</compound-subject-part>
			<compound-subject-part content-type="text">Research</compound-subject-part>
		</compound-subject>
	</subj-group>
	<subj-group subj-group-type="qualifier-review_process">
		<compound-subject>
			<compound-subject-part content-type="code">refereed_limited</compound-subject-part>
			<compound-subject-part content-type="text">Refereed limited</compound-subject-part>
		</compound-subject>
	</subj-group>
	<subj-group subj-group-type="qualifier-editorial_treatment">
		<compound-subject>
			<compound-subject-part content-type="code">unedited</compound-subject-part>
			<compound-subject-part content-type="text">Un-edited</compound-subject-part>
		</compound-subject>
	</subj-group>
			<title-group>
				<title>Personalized and Accessible TV Interaction for People with Visual Impairments</title>
			</title-group>
<contrib-group>
   <contrib contrib-type="author" id="artseq-00001">
       <contrib-id contrib-id-type="person_id" authenticated="false">P6916947</contrib-id><contrib-id contrib-id-type="profile_id" authenticated="false">81448599750</contrib-id>
       <name name-style="western">
           <surname>Costa</surname>
           <given-names>Daniel</given-names>
       </name>
	<aff>LASIGE, Departamento de Informática, Universidade de Lisboa, Lisboa, Portugal</aff><aff><institution-wrap><institution-id institution-id-type="profile_id">60002769</institution-id></institution-wrap></aff>
	<email>thewisher@lasige.di.fc.ul.pt</email>
	<role>Author</role>
   </contrib>
   <contrib contrib-type="author" id="artseq-00002">
       <contrib-id contrib-id-type="person_id" authenticated="false">P6916948</contrib-id><contrib-id contrib-id-type="profile_id" authenticated="false">81100217667</contrib-id>
       <name name-style="western">
           <surname>Duarte</surname>
           <given-names>Carlos</given-names>
       </name>
	<aff>LASIGE, Departamento de Informática, Universidade de Lisboa, Lisboa, Portugal</aff><aff><institution-wrap><institution-id institution-id-type="profile_id">60002769</institution-id></institution-wrap></aff>
	<email>caduarte@fc.ul.pt</email>
	<role>Author</role>
   </contrib>
</contrib-group>
   <pub-date date-type="publication">
   <day>13</day>
   <month>05</month>
   <year>2019</year>
   </pub-date>
				<fpage>1</fpage>
				<lpage>4</lpage>
		<permissions>
			<copyright-year>2019</copyright-year>
			<copyright-holder>ACM</copyright-holder>
			<license license-type="acmcopyright">
			<license-p>Permission to make digital or hard copies of all or part of this work for personal or classroom use is granted without fee provided that copies are not made or distributed for profit or commercial advantage and that copies bear this notice and the full citation on the first page. Copyrights for components of this work owned by others than ACM must be honored. Abstracting with credit is permitted. To copy otherwise, or republish, to post on servers or to redistribute to lists, requires prior specific permission and/or a fee. Request permissions from Permissions@acm.org</license-p>
			</license>
		</permissions>
		<self-uri content-type="pdf" xlink:href="3315002.3317566.pdf" />
	<abstract>
		<p>Connected TV refers to any TV or set-top box that can be connected to the Internet providing access to additional content such as TV applications, Web browsing and communication with other devices in the network. These new features turn TV devices into more versatile and interesting platforms, but also clog the screen with more content, making TVs more inaccessible for people with visual impairments.</p> <p>This paper presents the design and implementation of a solution that explores multiple modalities, personalization and allows users to control TV applications from their mobile devices, taking advantage of the accessibility features of the latter.</p>
	</abstract>
<kwd-group>
<kwd>Adaptive system</kwd>
<kwd>Audio user interfaces</kwd>
<kwd>Connected TV</kwd>
<kwd>Human computer interaction</kwd>
<kwd>Personalization</kwd>
<kwd>User centered design</kwd>
<kwd>Visually impaired users</kwd>
</kwd-group>
		</book-part-meta>
		
	<back>
<ref-list specific-use="unparsed">
				<ref id="ref-00001">
				<mixed-citation>S. Azenkot and N. B. Lee. Exploring the use of speech input by blind people on mobile devices. ASSETS '13, pages 11:1--11:8, New York, NY, USA, 2013. ACM. <pub-id pub-id-type="doi" xlink:href="10.1145/2513383.2513440" assigning-authority="crossref">10.1145/2513383.2513440</pub-id> <pub-id pub-id-type="doi" xlink:href="10.1145/2513383.2513440" /></mixed-citation>
				</ref>
				<ref id="ref-00002">
				<mixed-citation>S. Balbo, S. Goschnick, D. Tong, and C. Paris. Leading web usability evaluations to wauter. 01 2005.</mixed-citation>
				</ref>
				<ref id="ref-00003">
				<mixed-citation>A. S. Bhachu. Inclusive technologies for enhancing the accessibility of digital television. SIGACCESS Access. Comput., (99):9--12, Jan. 2011. <pub-id pub-id-type="doi" xlink:href="10.1145/1948954.1948956" assigning-authority="crossref">10.1145/1948954.1948956</pub-id> <pub-id pub-id-type="doi" xlink:href="10.1145/1948954.1948956" /></mixed-citation>
				</ref>
				<ref id="ref-00004">
				<mixed-citation>D. Costa and C. Duarte. Visually impaired people and the emerging connected tv: A comparative study of tv and web applications' accessibility. Univers. Access Inf. Soc., 16(1):197--214, Mar. 2017. <pub-id pub-id-type="doi" xlink:href="10.1007/s10209-016-0451-6" assigning-authority="crossref">10.1007/s10209-016-0451-6</pub-id> <pub-id pub-id-type="doi" xlink:href="10.1007/s10209-016-0451-6" /></mixed-citation>
				</ref>
				<ref id="ref-00005">
				<mixed-citation>C. Duarte, D. Costa, P. Feiteira, and D. Costa. Building an Adaptive Multimodal Framework for Resource Constrained Systems, pages 173--191. Springer London, London, 2015.</mixed-citation>
				</ref>
				<ref id="ref-00006">
				<mixed-citation>C. Duarte, S. Desart, D. Costa, and B. Dumas. Designing multimodal mobile interaction for a text messaging application for visually impaired users. Frontiers in ICT, 4:26, 2017.</mixed-citation>
				</ref>
				<ref id="ref-00007">
				<mixed-citation>D. M. Hilbert and D. F. Redmiles. Extracting usability information from user interface events. ACM Comput. Surv., 32(4):384--421, Dec. 2000. <pub-id pub-id-type="doi" xlink:href="10.1145/371578.371593" assigning-authority="crossref">10.1145/371578.371593</pub-id> <pub-id pub-id-type="doi" xlink:href="10.1145/371578.371593" /></mixed-citation>
				</ref>
				<ref id="ref-00008">
				<mixed-citation>C. Loitsch, G. Weber, N. Kaklanis, K. Votis, and D. Tzovaras. A knowledge-based approach to user interface adaptation from preferences and for special needs. User Modeling and User-Adapted Interaction, 27(3):445--491, Dec 2017. <pub-id pub-id-type="doi" xlink:href="10.1007/s11257-017-9196-z" assigning-authority="crossref">10.1007/s11257-017-9196-z</pub-id> <pub-id pub-id-type="doi" xlink:href="10.1007/s11257-017-9196-z" /></mixed-citation>
				</ref>
				<ref id="ref-00009">
				<mixed-citation>U. Oh, L. Stearns, A. Pradhan, J. E. Froehlich, and L. Findlater. Investigating microinteractions for people with visual impairments and the potential role of on-body interaction. ASSETS '17, pages 22--31, New York, NY, USA, 2017. ACM. <pub-id pub-id-type="doi" xlink:href="10.1145/3132525.3132536" assigning-authority="crossref">10.1145/3132525.3132536</pub-id> <pub-id pub-id-type="doi" xlink:href="10.1145/3132525.3132536" /></mixed-citation>
				</ref>
				<ref id="ref-00010">
				<mixed-citation>R. Oliveira, J. F. de Abreu, and A. M. Almeida. Promoting interactive television (itv) accessibility: an adapted service for users with visual impairments. Universal Access in the Information Society, 16(3):533--544, Aug 2017. <pub-id pub-id-type="doi" xlink:href="10.1007/s10209-016-0482-z" assigning-authority="crossref">10.1007/s10209-016-0482-z</pub-id> <pub-id pub-id-type="doi" xlink:href="10.1007/s10209-016-0482-z" /></mixed-citation>
				</ref>
				<ref id="ref-00011">
				<mixed-citation>R. Oliveira, J. Ferraz de Abreu, and A. M. Almeida. An approach to identify requirements for an itv audio description service. EuroITV '11, pages 227--230, New York, NY, USA, 2011. ACM. <pub-id pub-id-type="doi" xlink:href="10.1145/2000119.2000166" assigning-authority="crossref">10.1145/2000119.2000166</pub-id> <pub-id pub-id-type="doi" xlink:href="10.1145/2000119.2000166" /></mixed-citation>
				</ref>
				<ref id="ref-00012">
				<mixed-citation>S. Raheel. Improving the user experience using an intelligent adaptive user interface in mobile applications. In IMCET'16, pages 64--68, Nov 2016.</mixed-citation>
				</ref>
				<ref id="ref-00013">
				<mixed-citation>I. Shah. Event patterns as indicators of usability problems. Journal of King Saud University -Computer and Information Sciences, 20:31--43, 2008. <pub-id pub-id-type="doi" xlink:href="10.1016/S1319-1578(08)80003-1" assigning-authority="crossref">10.1016/S1319-1578(08)80003-1</pub-id> <pub-id pub-id-type="doi" xlink:href="10.1016/S1319-1578(08)80003-1" /></mixed-citation>
				</ref>
				<ref id="ref-00014">
				<mixed-citation>M. V. Springett and R. N. Griffiths. Accessibility of interactive television for users with low vision: Learning from the web. EuroITV'07, pages 76--85, Berlin, Heidelberg, 2007. Springer-Verlag. <pub-id pub-id-type="doi" xlink:href="10.5555/1763017.1763029" /></mixed-citation>
				</ref>
				<ref id="ref-00015">
				<mixed-citation>E. B. Union. Digital tv accessibility: Report on the current status in european countries. tech report, 2008.</mixed-citation>
				</ref>
			</ref-list>
</back>
</book-part>
</book-part-wrapper>
