<?xml version="1.0" encoding="UTF-8"?>
<!DOCTYPE book-part-wrapper PUBLIC "-//NLM//DTD BITS Book Interchange DTD with OASIS and XHTML Tables v2.0 20151225//EN" "BITS-book-oasis2.dtd">
<book-part-wrapper xmlns:xlink="http://www.w3.org/1999/xlink" xmlns:mml="http://www.w3.org/1998/Math/MathML" xmlns:oasis="http://www.niso.org/standards/z39-96/ns/oasis-exchange/table" xmlns:xi="http://www.w3.org/2001/XInclude" xmlns:xsi="http://www.w3.org/2001/XMLSchema-instance" dtd-version="2.0" xml:lang="en" content-type="abstract">
<collection-meta collection-type="book-series">
    <collection-id collection-id-type="doi">10.1145/acmotherconferences</collection-id>
    <title-group>
        <title>ACM Other Conferences</title>
    </title-group>
</collection-meta>
	<book-meta>
		<book-id book-id-type="acm-id">3315002</book-id>
		<book-id book-id-type="doi">10.1145/3315002</book-id>
		<book-title-group>
			<book-title>Proceedings of the 16th International Web for All Conference</book-title>
			<alt-title alt-title-type="acronym">W4A '19</alt-title>
		</book-title-group>
	</book-meta>
	<book-part xmlns:ali="http://www.niso.org/schemas/ali/1.0/" book-part-type="chapter" xml:lang="en">
		<book-part-meta>
			<book-part-id book-part-id-type="acm-id">3332432</book-part-id>
			<book-part-id book-part-id-type="doi">10.1145/3315002.3332432</book-part-id>
			<book-part-id book-part-id-type="article-no">26</book-part-id>
	<subj-group subj-group-type="ccs2012">
		<compound-subject>
			<compound-subject-part content-type="code">10003456.10003457</compound-subject-part>
			<compound-subject-part content-type="text">Social and professional topics~Professional topics</compound-subject-part>
			<compound-subject-part content-type="weight">500</compound-subject-part>
		</compound-subject>
		<compound-subject>
			<compound-subject-part content-type="code">10003456.10003457.10003490.10003491.10003492</compound-subject-part>
			<compound-subject-part content-type="text">Social and professional topics~Professional topics~Management of computing and information systems~Project and people management~Project management techniques</compound-subject-part>
			<compound-subject-part content-type="weight">500</compound-subject-part>
		</compound-subject>
		<compound-subject>
			<compound-subject-part content-type="code">10003456.10003457.10003490.10003491</compound-subject-part>
			<compound-subject-part content-type="text">Social and professional topics~Professional topics~Management of computing and information systems~Project and people management</compound-subject-part>
			<compound-subject-part content-type="weight">500</compound-subject-part>
		</compound-subject>
		<compound-subject>
			<compound-subject-part content-type="code">10003456.10003457.10003490</compound-subject-part>
			<compound-subject-part content-type="text">Social and professional topics~Professional topics~Management of computing and information systems</compound-subject-part>
			<compound-subject-part content-type="weight">500</compound-subject-part>
		</compound-subject>
	</subj-group>
	<subj-group subj-group-type="qualifier-density">
		<compound-subject>
			<compound-subject-part content-type="code">research</compound-subject-part>
			<compound-subject-part content-type="text">Research</compound-subject-part>
		</compound-subject>
	</subj-group>
	<subj-group subj-group-type="qualifier-review_process">
		<compound-subject>
			<compound-subject-part content-type="code">refereed_limited</compound-subject-part>
			<compound-subject-part content-type="text">Refereed limited</compound-subject-part>
		</compound-subject>
	</subj-group>
	<subj-group subj-group-type="qualifier-editorial_treatment">
		<compound-subject>
			<compound-subject-part content-type="code">unedited</compound-subject-part>
			<compound-subject-part content-type="text">Un-edited</compound-subject-part>
		</compound-subject>
	</subj-group>
			<title-group>
				<title>Comparative Analysis of Web Accessibility Standards and Regulations</title>
			</title-group>
<contrib-group>
   <contrib contrib-type="author" id="artseq-00001">
       <contrib-id contrib-id-type="person_id" authenticated="false">P6916950</contrib-id><contrib-id contrib-id-type="profile_id" authenticated="false">99659458149</contrib-id>
       <name name-style="western">
           <surname>Ladkat</surname>
           <given-names>Shantanu D.</given-names>
       </name>
	<aff>Sinhgad Institute of Management and Computer Application, Pune</aff>
	<email>shan.ladkat@gmail.com</email>
	<role>Author</role>
   </contrib>
</contrib-group>
   <pub-date date-type="publication">
   <day>13</day>
   <month>05</month>
   <year>2019</year>
   </pub-date>
				<fpage>1</fpage>
				<lpage>2</lpage>
		<permissions>
			<copyright-year>2019</copyright-year>
			<copyright-holder>Owner/Author</copyright-holder>
			<license license-type="rightsretained">
			<license-p>Permission to make digital or hard copies of part or all of this work for personal or classroom use is granted without fee provided that copies are not made or distributed for profit or commercial advantage and that copies bear this notice and the full citation on the first page. Copyrights for third-party components of this work must be honored. For all other uses, contact the Owner/Author.</license-p>
			</license>
		</permissions>
		<self-uri content-type="pdf" xlink:href="3315002.3332432.pdf" />
	<abstract>
		<p>Web accessibility is a developing and highly meticulous task. In order to achieve the most satisfactory results, different standards and regulations of web accessibility across various regions and organizations have to be compared and studied.</p> <p>Comparing accessibility standards would be done to address major outcomes like developing a tool which will provide systematic project estimate for specific accessibility standard. A tool such as this will impact managing accessibility projects significantly.</p>
	</abstract>
<kwd-group>
<kwd>Web Accessibility</kwd>
<kwd>accessibility guidelines</kwd>
<kwd>comparative analysis</kwd>
<kwd>compliance</kwd>
</kwd-group>
		<custom-meta-group>
		    <custom-meta>
		        <meta-name>rightslink</meta-name>
		        <meta-value>excluded</meta-value>
		    </custom-meta>
		</custom-meta-group>
		</book-part-meta>
		
	<back>
<ref-list specific-use="unparsed">
				<ref id="ref-00001">
				<mixed-citation>Baowaly, M.K., Hossain, J.M., Bhuiyan, M., 2012. Accessibility analysis and evaluation of government website in developing countries: case study Bangladesh.</mixed-citation>
				</ref>
				<ref id="ref-00002">
				<mixed-citation>Mankoff, J., Fait, H., and Tu Tran., 2005. Is Your Web Page Accessible? A Comparative Study of Methods for Assessing Web Page Accessibility for the Blind. In Proceedings of SIGCHI Conference on Human Factors In Computing Systems (pp.41--50), Portland, USA. <pub-id pub-id-type="doi" xlink:href="10.1145/1054972.1054979" assigning-authority="crossref">10.1145/1054972.1054979</pub-id> <pub-id pub-id-type="doi" xlink:href="10.1145/1054972.1054979" /></mixed-citation>
				</ref>
				<ref id="ref-00003">
				<mixed-citation>Klein, D.W., Kresowik, D., and McCoy., 2005. A Study of the Accessibility of Ten States' Web Services and their Policies on Web Accessibility for People with Disabilities</mixed-citation>
				</ref>
				<ref id="ref-00004">
				<mixed-citation>Richards, J.T., Hanson, V.L., 2004. Web Accessibility: A Broader View. Proceedings of the 13th international conference on World Wide Web. <pub-id pub-id-type="doi" xlink:href="10.1145/988672.988683" assigning-authority="crossref">10.1145/988672.988683</pub-id> <pub-id pub-id-type="doi" xlink:href="10.1145/988672.988683" /></mixed-citation>
				</ref>
				<ref id="ref-00005">
				<mixed-citation>S. Lujana-Mora. 2013. Web Accessibility Among the Countries of the European Union: A Comparative Study. Actual problems of Computer Science., vol. 1, no. 3, pp. 18--27, ECCC Foundation.</mixed-citation>
				</ref>
				<ref id="ref-00006">
				<mixed-citation>Shing-Han Li., Yen, D.C., Wen-HuiLu., Tsun-L Migrating from WCAG 1.0 to WCAG 2.0 -- A comparative study based on Web Content Accessibility Guidelines in Taiwan</mixed-citation>
				</ref>
			</ref-list>
</back>
</book-part>
</book-part-wrapper>
