<?xml version="1.0" encoding="UTF-8"?>
<!DOCTYPE book-part-wrapper PUBLIC "-//NLM//DTD BITS Book Interchange DTD with OASIS and XHTML Tables v2.0 20151225//EN" "BITS-book-oasis2.dtd">
<book-part-wrapper xmlns:xlink="http://www.w3.org/1999/xlink" xmlns:mml="http://www.w3.org/1998/Math/MathML" xmlns:oasis="http://www.niso.org/standards/z39-96/ns/oasis-exchange/table" xmlns:xi="http://www.w3.org/2001/XInclude" xmlns:xsi="http://www.w3.org/2001/XMLSchema-instance" dtd-version="2.0" xml:lang="en" content-type="abstract">
<collection-meta collection-type="book-series">
    <collection-id collection-id-type="doi">10.1145/acmotherconferences</collection-id>
    <title-group>
        <title>ACM Other Conferences</title>
    </title-group>
</collection-meta>
	<book-meta>
		<book-id book-id-type="acm-id">3315002</book-id>
		<book-id book-id-type="doi">10.1145/3315002</book-id>
		<book-title-group>
			<book-title>Proceedings of the 16th International Web for All Conference</book-title>
			<alt-title alt-title-type="acronym">W4A '19</alt-title>
		</book-title-group>
	</book-meta>
	<book-part xmlns:ali="http://www.niso.org/schemas/ali/1.0/" book-part-type="chapter" xml:lang="en">
		<book-part-meta>
			<book-part-id book-part-id-type="acm-id">3332431</book-part-id>
			<book-part-id book-part-id-type="doi">10.1145/3315002.3332431</book-part-id>
			<book-part-id book-part-id-type="article-no">25</book-part-id>
	<subj-group subj-group-type="qualifier-density">
		<compound-subject>
			<compound-subject-part content-type="code">research</compound-subject-part>
			<compound-subject-part content-type="text">Research</compound-subject-part>
		</compound-subject>
	</subj-group>
	<subj-group subj-group-type="qualifier-review_process">
		<compound-subject>
			<compound-subject-part content-type="code">refereed_limited</compound-subject-part>
			<compound-subject-part content-type="text">Refereed limited</compound-subject-part>
		</compound-subject>
	</subj-group>
	<subj-group subj-group-type="qualifier-editorial_treatment">
		<compound-subject>
			<compound-subject-part content-type="code">unedited</compound-subject-part>
			<compound-subject-part content-type="text">Un-edited</compound-subject-part>
		</compound-subject>
	</subj-group>
			<title-group>
				<title>Comprehensive Accessibility of Equations by Visually Impaired</title>
			</title-group>
<contrib-group>
   <contrib contrib-type="author" id="artseq-00001">
       <contrib-id contrib-id-type="person_id" authenticated="false">P6916949</contrib-id><contrib-id contrib-id-type="profile_id" authenticated="false">99659458602</contrib-id>
       <name name-style="western">
           <surname>Bansal</surname>
           <given-names>Akashdeep</given-names>
       </name>
	<aff>Indian Institute of Technology, Delhi, India</aff><aff><institution-wrap><institution-id institution-id-type="profile_id">60032730</institution-id></institution-wrap></aff>
	<email>akashdeep@cse.iitd.ac.in</email>
	<role>Author</role>
   </contrib>
</contrib-group>
   <pub-date date-type="publication">
   <day>13</day>
   <month>05</month>
   <year>2019</year>
   </pub-date>
				<fpage>1</fpage>
				<lpage>2</lpage>
		<permissions>
			<copyright-year>2019</copyright-year>
			<copyright-holder>Owner/Author</copyright-holder>
			<license license-type="rightsretained">
			<license-p>Permission to make digital or hard copies of part or all of this work for personal or classroom use is granted without fee provided that copies are not made or distributed for profit or commercial advantage and that copies bear this notice and the full citation on the first page. Copyrights for third-party components of this work must be honored. For all other uses, contact the Owner/Author.</license-p>
			</license>
		</permissions>
		<self-uri content-type="pdf" xlink:href="3315002.3332431.pdf" />
	<abstract>
		<p>Persons with visual impairments can access digital information through text-to-speech based screen reading software. Still, accessing mathematical equations are challenging due to non-linearity. We propose to improve accessibility of equations by associating a complexity metric with each equation and then use this metric to modify the rendering. For example, this will allow audio rendering of complex equations with appropriate variable substitution. Similarly, different choices of cues can be adopted on the basis of complexity of the equation. Further, personal optimization can be done through cognitive analysis of listening ability, familiarity with the content and educational background of the user.</p>
	</abstract>
<kwd-group>
<kwd>Accessibility</kwd>
<kwd>Auditory Interface</kwd>
<kwd>Education</kwd>
<kwd>Equation</kwd>
<kwd>Persons with Visual Impairments</kwd>
</kwd-group>
		<custom-meta-group>
		    <custom-meta>
		        <meta-name>rightslink</meta-name>
		        <meta-value>excluded</meta-value>
		    </custom-meta>
		</custom-meta-group>
		</book-part-meta>
		
	<back>
<ref-list specific-use="unparsed">
				<ref id="ref-00001">
				<mixed-citation>E. Bates and D. Fitzpatrick. Spoken mathematics using prosody, earcons and spearcons. In International Conference on Computers for Handicapped Persons, pages 407--414. Springer, 2010. <pub-id pub-id-type="doi" xlink:href="10.5555/1880751.1880821" /></mixed-citation>
				</ref>
				<ref id="ref-00002">
				<mixed-citation>L. A. Chang, C. White, and L. Abrahamson. Handbook for spoken mathematics. Livermore, CA: Lawrence Livermore National Laboratory, 1983.</mixed-citation>
				</ref>
				<ref id="ref-00003">
				<mixed-citation>L. Frankel, B. Brownstein, and N. Soiffer. Navigable, customizable tts for algebra. In 28th Annual International Technology and Persons with Disabilities Conference Scientific/Research Proceedings. California State University, Northridge, 2014.</mixed-citation>
				</ref>
				<ref id="ref-00004">
				<mixed-citation>E. Gellenbeck and A. Stefik. Evaluating prosodic cues as a means to disambiguate algebraic expressions: an empirical study. In Proceedings of the 11th international ACM SIGACCESS conference on Computers and accessibility, pages 139--146. ACM, 2009. <pub-id pub-id-type="doi" xlink:href="10.1145/1639642.1639668" assigning-authority="crossref">10.1145/1639642.1639668</pub-id> <pub-id pub-id-type="doi" xlink:href="10.1145/1639642.1639668" /></mixed-citation>
				</ref>
				<ref id="ref-00005">
				<mixed-citation>D. J. Gillan, P. Barraza, A. I. Karshmer, and S. Pazuchanics. Cognitive analysis of equation reading: Application to the development of the math genie. In International Conference on Computers for Handicapped Persons, pages 630--637. Springer, 2004.</mixed-citation>
				</ref>
				<ref id="ref-00006">
				<mixed-citation>E. Murphy, E. Bates, and D. Fitzpatrick. Designing auditory cues to enhance spoken mathematics for visually impaired users. In Proceedings of the 12th international ACM SIGACCESS conference on Computers and accessibility, pages 75--82. ACM, 2010. <pub-id pub-id-type="doi" xlink:href="10.1145/1878803.1878819" assigning-authority="crossref">10.1145/1878803.1878819</pub-id> <pub-id pub-id-type="doi" xlink:href="10.1145/1878803.1878819" /></mixed-citation>
				</ref>
				<ref id="ref-00007">
				<mixed-citation>V. Potluri, S. Rallabandi, P. Srivastava, and K. Prahallad. Significance of paralinguistic cues in the synthesis of mathematical equations. In Proceedings of the 11th International Conference on Natural Language Processing, pages 395--402, 2014.</mixed-citation>
				</ref>
				<ref id="ref-00008">
				<mixed-citation>T. Raman. Audio system for technical readings. Technical report, Cornell University, 1994. <pub-id pub-id-type="doi" xlink:href="10.5555/866685" /></mixed-citation>
				</ref>
				<ref id="ref-00009">
				<mixed-citation>R. D. Stevens, A. D. Edwards, and P. A. Harling. Access to mathematics for visually disabled students through multimodal interaction. Human-computer interaction, 12(1):47--92, 1997. <pub-id pub-id-type="doi" xlink:href="10.1207/s15327051hci1201%262_3" assigning-authority="crossref">10.1207/s15327051hci1201%262_3</pub-id> <pub-id pub-id-type="doi" xlink:href="10.1207/s15327051hci1201%262_3" /></mixed-citation>
				</ref>
			</ref-list>
</back>
</book-part>
</book-part-wrapper>
