<?xml version="1.0" encoding="UTF-8"?>
<!DOCTYPE book-part-wrapper PUBLIC "-//NLM//DTD BITS Book Interchange DTD with OASIS and XHTML Tables v2.0 20151225//EN" "BITS-book-oasis2.dtd">
<book-part-wrapper xmlns:xlink="http://www.w3.org/1999/xlink" xmlns:mml="http://www.w3.org/1998/Math/MathML" xmlns:oasis="http://www.niso.org/standards/z39-96/ns/oasis-exchange/table" xmlns:xi="http://www.w3.org/2001/XInclude" xmlns:xsi="http://www.w3.org/2001/XMLSchema-instance" dtd-version="2.0" xml:lang="en" content-type="short-paper">
<collection-meta collection-type="book-series">
    <collection-id collection-id-type="doi">10.1145/acmotherconferences</collection-id>
    <title-group>
        <title>ACM Other Conferences</title>
    </title-group>
</collection-meta>
	<book-meta>
		<book-id book-id-type="acm-id">3315002</book-id>
		<book-id book-id-type="doi">10.1145/3315002</book-id>
		<book-title-group>
			<book-title>Proceedings of the 16th International Web for All Conference</book-title>
			<alt-title alt-title-type="acronym">W4A '19</alt-title>
		</book-title-group>
	</book-meta>
	<book-part xmlns:ali="http://www.niso.org/schemas/ali/1.0/" book-part-type="chapter" xml:lang="en">
		<book-part-meta>
			<book-part-id book-part-id-type="acm-id">3317558</book-part-id>
			<book-part-id book-part-id-type="doi">10.1145/3315002.3317558</book-part-id>
			<book-part-id book-part-id-type="article-no">6</book-part-id>
	<subj-group subj-group-type="ccs2012">
		<compound-subject>
			<compound-subject-part content-type="code">10003120.10011738.10011774</compound-subject-part>
			<compound-subject-part content-type="text">Human-centered computing~Accessibility~Accessibility design and evaluation methods</compound-subject-part>
			<compound-subject-part content-type="weight">500</compound-subject-part>
		</compound-subject>
	</subj-group>
	<subj-group subj-group-type="qualifier-density">
		<compound-subject>
			<compound-subject-part content-type="code">research</compound-subject-part>
			<compound-subject-part content-type="text">Research</compound-subject-part>
		</compound-subject>
	</subj-group>
	<subj-group subj-group-type="qualifier-review_process">
		<compound-subject>
			<compound-subject-part content-type="code">refereed_limited</compound-subject-part>
			<compound-subject-part content-type="text">Refereed limited</compound-subject-part>
		</compound-subject>
	</subj-group>
	<subj-group subj-group-type="qualifier-editorial_treatment">
		<compound-subject>
			<compound-subject-part content-type="code">unedited</compound-subject-part>
			<compound-subject-part content-type="text">Un-edited</compound-subject-part>
		</compound-subject>
	</subj-group>
			<title-group>
				<title>Combining Semantic Tools for Automatic Evaluation of Alternative Texts</title>
			</title-group>
<contrib-group>
   <contrib contrib-type="author" id="artseq-00001">
       <contrib-id contrib-id-type="person_id" authenticated="false">P6916883</contrib-id><contrib-id contrib-id-type="profile_id" authenticated="false">81100217667</contrib-id>
       <name name-style="western">
           <surname>Duarte</surname>
           <given-names>Carlos</given-names>
       </name>
	<aff>LASIGE, Faculdade de Ciências, Universidade de Lisboa Campo, Grande, Lisboa, Portugal</aff><aff><institution-wrap><institution-id institution-id-type="profile_id">60002769</institution-id></institution-wrap></aff>
	<email>caduarte@fc.ul.pt</email>
	<role>Author</role>
   </contrib>
   <contrib contrib-type="author" id="artseq-00002">
       <contrib-id contrib-id-type="person_id" authenticated="false">P6916884</contrib-id><contrib-id contrib-id-type="profile_id" authenticated="false">99659053979</contrib-id>
       <name name-style="western">
           <surname>Duarte</surname>
           <given-names>Carlos M.</given-names>
       </name>
	<aff>LASIGE, Faculdade de Ciências, Universidade de Lisboa Campo, Grande, Lisboa, Portugal</aff><aff><institution-wrap><institution-id institution-id-type="profile_id">60002769</institution-id></institution-wrap></aff>
	<email>cmduarte@lasige.di.fc.ul.pt</email>
	<role>Author</role>
   </contrib>
   <contrib contrib-type="author" id="artseq-00003">
       <contrib-id contrib-id-type="person_id" authenticated="false">P6916885</contrib-id><contrib-id contrib-id-type="profile_id" authenticated="false">81100160018</contrib-id>
       <name name-style="western">
           <surname>Carriço</surname>
           <given-names>Luís</given-names>
       </name>
	<aff>LASIGE, Faculdade de Ciências, Universidade de Lisboa Campo, Grande, Lisboa, Portugal</aff><aff><institution-wrap><institution-id institution-id-type="profile_id">60002769</institution-id></institution-wrap></aff>
	<email>lmcarrico@fc.ul.pt</email>
	<role>Author</role>
   </contrib>
</contrib-group>
   <pub-date date-type="publication">
   <day>13</day>
   <month>05</month>
   <year>2019</year>
   </pub-date>
				<fpage>1</fpage>
				<lpage>4</lpage>
		<permissions>
			<copyright-year>2019</copyright-year>
			<copyright-holder>Owner/Author</copyright-holder>
			<license license-type="cc by-nd">
			<license-p>This work is licensed under a Creative Commons Attribution-NoDerivs International 4.0 License.</license-p>
			</license>
			<license license-type="open-access">
			<license-p />
			</license>
		</permissions>
		<self-uri content-type="pdf" xlink:href="3315002.3317558.pdf" />
	<abstract>
		<p>Automated accessibility evaluation will have an increasingly important role in the near future due to legal requirements to monitor the accessibility of the websites of public bodies in the European Union. However, automated evaluation tools are still limited in the scope of the conformance testing they are able to perform. Future solutions resorting to AI based techniques might help in addressing some of these limitations. In this paper we present an updated version of an algorithm that classifies the quality, from an accessibility perspective, of alternative texts for images in web pages. We evaluated the proposed algorithm on a set of 149 images and their corresponding alternative texts and found improved performance compared to the initial version of the algorithm.</p>
	</abstract>
<kwd-group>
<kwd>Automatic accessibility evaluation</kwd>
<kwd>algorithm</kwd>
<kwd>alternative text</kwd>
<kwd>images</kwd>
<kwd>semantic analysis</kwd>
</kwd-group>
<funding-group specific-use="FundRef">
	<award-group id="award1">
		<funding-source id="GS1">
			<institution-wrap>
			<institution>Fundação para a Ciência e a Tecnologia</institution>
			</institution-wrap>
		</funding-source>
		<award-id rid="GS1">UID/CEC/00408/2019</award-id>
	</award-group>
	<award-group id="award2">
		<funding-source id="GS2">
			<institution-wrap>
			<institution>Horizon 2020 Framework Programme</institution>
			<institution-id institution-id-type="FundRef">http://dx.doi.org/10.13039/501100007601</institution-id>
			</institution-wrap>
		</funding-source>
		<award-id rid="GS2">GA 780057</award-id>
	</award-group>
</funding-group>
		</book-part-meta>
		
	<back>
<ref-list specific-use="unparsed">
				<ref id="ref-00001">
				<mixed-citation>Abou-Zahra, S., Brewer, J., and Cooper, M. 2018. Artificial Intelligence for Web Accessibility--Conformance Evaluation as a Way Forward? In W4A'18 (Lyon, France). ACM. <pub-id pub-id-type="doi" xlink:href="10.1145/3192714.3192834" assigning-authority="crossref">10.1145/3192714.3192834</pub-id> <pub-id pub-id-type="doi" xlink:href="10.1145/3192714.3192834" /></mixed-citation>
				</ref>
				<ref id="ref-00002">
				<mixed-citation>Altman, D.G. 1990. Practical statistics for medical research. CRC press.</mixed-citation>
				</ref>
				<ref id="ref-00003">
				<mixed-citation>Duarte, C., Matos, I., and Carriço, L. 2018. Semantic Content Analysis Supporting Web Accessibility Evaluation. In W4A'18 (Lyon, France). ACM. <pub-id pub-id-type="doi" xlink:href="10.1145/3192714.3196828" assigning-authority="crossref">10.1145/3192714.3196828</pub-id> <pub-id pub-id-type="doi" xlink:href="10.1145/3192714.3196828" /></mixed-citation>
				</ref>
				<ref id="ref-00004">
				<mixed-citation>European Union. 2016. Directive (EU) 2016/2102 of the European Parliament and of the Council of 26 October 2016 on the accessibility of the websites and mobile applications of public sector bodies. http://data.europa.eu/eli/dir/2016/2102/oj</mixed-citation>
				</ref>
				<ref id="ref-00005">
				<mixed-citation>Grundy, J. 2016. Three common accessibility pitfalls for developers: text alternatives. https://simplyaccessible.com/article/three-pitfalls-text-alternatives/</mixed-citation>
				</ref>
				<ref id="ref-00006">
				<mixed-citation>Marr, B. 2018. How Much Data Do We Create Every Day? The Mind-Blowing Stats Everyone Should Read. https://www.forbes.com/sites/bernardmarr/2018/05/21/how-much-data-do-we-create-every-day-the-mind-blowing-stats-everyone-should-read/#61babda560ba</mixed-citation>
				</ref>
				<ref id="ref-00007">
				<mixed-citation>Moz. 2018. What is Alt Text? Alt Tags for Images. https://moz.com/learn/seo/alt-text</mixed-citation>
				</ref>
				<ref id="ref-00008">
				<mixed-citation>Parmanto, B. and Zeng, X. 2005. Metric for web accessibility evaluation. J. Assoc. Inf. Sci. Tech. 56, 13 (Aug. 2005), 1394--1404. <pub-id pub-id-type="doi" xlink:href="10.1002/asi.20233" assigning-authority="crossref">10.1002/asi.20233</pub-id> <pub-id pub-id-type="doi" xlink:href="10.1002/asi.20233" /></mixed-citation>
				</ref>
				<ref id="ref-00009">
				<mixed-citation>Vigo, M., Brown, J., and Conway, V. 2013. Benchmarking web accessibility evaluation tools: measuring the harm of sole reliance on automated tests. In W4A'13, Rio de Janeiro, Brazil, 2013. <pub-id pub-id-type="doi" xlink:href="10.1145/2461121.2461124" assigning-authority="crossref">10.1145/2461121.2461124</pub-id> <pub-id pub-id-type="doi" xlink:href="10.1145/2461121.2461124" /></mixed-citation>
				</ref>
				<ref id="ref-00010">
				<mixed-citation>WebAIM. 2018. Alternative Text. https://webaim.org/techniques/alttext/</mixed-citation>
				</ref>
				<ref id="ref-00011">
				<mixed-citation>Weber, M. 2018. Browsers and Browser Wars. The SAGE Handbook of Web History. SAGE Publications.</mixed-citation>
				</ref>
				<ref id="ref-00012">
				<mixed-citation>W3C. 2017. Images Concepts. https://www.w3.org/WAI/tutorials/images/</mixed-citation>
				</ref>
			</ref-list>
</back>
</book-part>
</book-part-wrapper>
