<?xml version="1.0" encoding="UTF-8"?>
<!DOCTYPE book-part-wrapper PUBLIC "-//NLM//DTD BITS Book Interchange DTD with OASIS and XHTML Tables v2.0 20151225//EN" "BITS-book-oasis2.dtd">
<book-part-wrapper xmlns:xlink="http://www.w3.org/1999/xlink" xmlns:mml="http://www.w3.org/1998/Math/MathML" xmlns:oasis="http://www.niso.org/standards/z39-96/ns/oasis-exchange/table" xmlns:xi="http://www.w3.org/2001/XInclude" xmlns:xsi="http://www.w3.org/2001/XMLSchema-instance" dtd-version="2.0" xml:lang="en" content-type="research-article">
<collection-meta collection-type="book-series">
    <collection-id collection-id-type="doi">10.1145/acmotherconferences</collection-id>
    <title-group>
        <title>ACM Other Conferences</title>
    </title-group>
</collection-meta>
	<book-meta>
		<book-id book-id-type="acm-id">3315002</book-id>
		<book-id book-id-type="doi">10.1145/3315002</book-id>
		<book-title-group>
			<book-title>Proceedings of the 16th International Web for All Conference</book-title>
			<alt-title alt-title-type="acronym">W4A '19</alt-title>
		</book-title-group>
	</book-meta>
	<book-part xmlns:ali="http://www.niso.org/schemas/ali/1.0/" book-part-type="chapter" xml:lang="en">
		<book-part-meta>
			<book-part-id book-part-id-type="acm-id">3317568</book-part-id>
			<book-part-id book-part-id-type="doi">10.1145/3315002.3317568</book-part-id>
			<book-part-id book-part-id-type="article-no">5</book-part-id>
	<subj-group subj-group-type="ccs2012">
		<compound-subject>
			<compound-subject-part content-type="code">10003120.10011738.10011773</compound-subject-part>
			<compound-subject-part content-type="text">Human-centered computing~Accessibility~Empirical studies in accessibility</compound-subject-part>
			<compound-subject-part content-type="weight">500</compound-subject-part>
		</compound-subject>
		<compound-subject>
			<compound-subject-part content-type="code">10003120.10003121.10011748</compound-subject-part>
			<compound-subject-part content-type="text">Human-centered computing~Human computer interaction (HCI)~Empirical studies in HCI</compound-subject-part>
			<compound-subject-part content-type="weight">500</compound-subject-part>
		</compound-subject>
	</subj-group>
	<subj-group subj-group-type="qualifier-density">
		<compound-subject>
			<compound-subject-part content-type="code">research</compound-subject-part>
			<compound-subject-part content-type="text">Research</compound-subject-part>
		</compound-subject>
	</subj-group>
	<subj-group subj-group-type="qualifier-review_process">
		<compound-subject>
			<compound-subject-part content-type="code">refereed_limited</compound-subject-part>
			<compound-subject-part content-type="text">Refereed limited</compound-subject-part>
		</compound-subject>
	</subj-group>
	<subj-group subj-group-type="qualifier-editorial_treatment">
		<compound-subject>
			<compound-subject-part content-type="code">unedited</compound-subject-part>
			<compound-subject-part content-type="text">Un-edited</compound-subject-part>
		</compound-subject>
	</subj-group>
			<title-group>
				<title>The effect of typeface and font size on reading text on a tablet computer for older and younger people</title>
			</title-group>
<contrib-group>
   <contrib contrib-type="author" id="artseq-00001">
       <contrib-id contrib-id-type="person_id" authenticated="false">P6916881</contrib-id><contrib-id contrib-id-type="profile_id" authenticated="false">99659458304</contrib-id>
       <name name-style="western">
           <surname>Chatrangsan</surname>
           <given-names>Maneerut</given-names>
       </name>
	<aff>Department of Computer Science, University of York, York, United Kingdom</aff><aff><institution-wrap><institution-id institution-id-type="profile_id">60016418</institution-id></institution-wrap></aff>
	<email>mc1363@york.ac.uk</email>
	<role>Author</role>
   </contrib>
   <contrib contrib-type="author" id="artseq-00002">
       <contrib-id contrib-id-type="person_id" authenticated="false">P6916882</contrib-id><contrib-id contrib-id-type="profile_id" authenticated="false">81100022960</contrib-id>
       <name name-style="western">
           <surname>Petrie</surname>
           <given-names>Helen</given-names>
       </name>
	<aff>Department of Computer Science, University of York, York, United Kingdom</aff><aff><institution-wrap><institution-id institution-id-type="profile_id">60016418</institution-id></institution-wrap></aff>
	<email>Helen.Petrie@york.ac.uk</email>
	<role>Author</role>
   </contrib>
</contrib-group>
   <pub-date date-type="publication">
   <day>13</day>
   <month>05</month>
   <year>2019</year>
   </pub-date>
				<fpage>1</fpage>
				<lpage>10</lpage>
		<permissions>
			<copyright-year>2019</copyright-year>
			<copyright-holder>ACM</copyright-holder>
			<license license-type="acmcopyright">
			<license-p>Permission to make digital or hard copies of all or part of this work for personal or classroom use is granted without fee provided that copies are not made or distributed for profit or commercial advantage and that copies bear this notice and the full citation on the first page. Copyrights for components of this work owned by others than ACM must be honored. Abstracting with credit is permitted. To copy otherwise, or republish, to post on servers or to redistribute to lists, requires prior specific permission and/or a fee. Request permissions from Permissions@acm.org</license-p>
			</license>
		</permissions>
		<self-uri content-type="pdf" xlink:href="3315002.3317568.pdf" />
	<abstract>
		<p>This study investigated the effect of typeface and font size on reading on tablet computers with younger and older participants in Thailand and the UK in Thai and English respectively. The effects of two typeface (serif and sans serif) and three font sizes (14, 16 and 18 point) were investigated. Participants skimmed read six texts and answered questions about each text. In both countries, reading time was significantly affected by font size but not by typeface and there were no differences between the age groups. 18 pt was significantly faster to read than 14 or 16 point. Comprehension was significantly better with larger and serif fonts in both countries. Participants in the UK rated the sans serif typeface easier and less tiring to read while Thai participants rated the serif font easier and less tiring to read. On overall preference, more than 50% of the UK participants chose 18 point sans serif, whereas more than 50% of Thai participants chose 18 point serif.</p>
	</abstract>
<kwd-group>
<kwd>Readability of text</kwd>
<kwd>font size</kwd>
<kwd>older readers</kwd>
<kwd>tablet computer</kwd>
<kwd>typeface</kwd>
<kwd>younger readers</kwd>
</kwd-group>
		</book-part-meta>
		
	<back>
<ref-list specific-use="unparsed">
				<ref id="ref-00001">
				<mixed-citation>Barnard, Y., Bradley, M.D., Hodgson, F. and Lloyd, A.D. 2013. Learning to use new technologies by older adults: Perceived difficulties, experimentation behaviour and usability. Computers in Human Behavior, 29 (4). 1715--1724. <pub-id pub-id-type="doi" xlink:href="10.1016/j.chb.2013.02.006" assigning-authority="crossref">10.1016/j.chb.2013.02.006</pub-id> <pub-id pub-id-type="doi" xlink:href="10.1016/j.chb.2013.02.006" /></mixed-citation>
				</ref>
				<ref id="ref-00002">
				<mixed-citation>Bernard, M., Liao, C.H. and Melissa, M. 2001. The effects of font type and size on the legibility and reading time of online text by older adults CHI '01 Extended Abstracts on Human Factors in Computing Systems, ACM, Seattle, Washington. <pub-id pub-id-type="doi" xlink:href="10.1145/634067.634173" assigning-authority="crossref">10.1145/634067.634173</pub-id> <pub-id pub-id-type="doi" xlink:href="10.1145/634067.634173" /></mixed-citation>
				</ref>
				<ref id="ref-00003">
				<mixed-citation>Bernard, M.L., Chaparro, B.S., Mills, M.M. and Halcomb, C.G. 2003. Comparing the effects of text size and format on the readibility of computer-displayed Times New Roman and Arial text. International Journal of Human-Computer Studies, 59 (6). 823--835. <pub-id pub-id-type="doi" xlink:href="10.1016/S1071-5819(03)00121-6" assigning-authority="crossref">10.1016/S1071-5819(03)00121-6</pub-id> <pub-id pub-id-type="doi" xlink:href="10.1016/S1071-5819(03)00121-6" /></mixed-citation>
				</ref>
				<ref id="ref-00004">
				<mixed-citation>Chatrangsan, M. and Petrie, H. 2017. The Usability and Acceptability of Tablet Computers for Older People in Thailand and the United Kingdom. In Proceeding of UAHCI conference on Universal Access in Human-Computer Interaction. Springer International Publishing, 156--170.</mixed-citation>
				</ref>
				<ref id="ref-00005">
				<mixed-citation>Chisnell, D.E., Redish, J.C. and Lee, A. 2006. Understanding older adults as web users. Technical Communication. 39--59.</mixed-citation>
				</ref>
				<ref id="ref-00006">
				<mixed-citation>Cressie, N. and Hawkins, D.M. 1980. Robust estimation of the variogram: I. Journal of the International Association for Mathematical Geology, 12 (2). 115--125.</mixed-citation>
				</ref>
				<ref id="ref-00007">
				<mixed-citation>Darroch, I., Goodman, J., Brewster, S. and Gray, P. 2005. The effect of age and font size on reading text on handheld computers. In Proceedings of IFIP conference on human-computer interaction, Springer, 253--266. <pub-id pub-id-type="doi" xlink:href="10.1007/11555261_23" assigning-authority="crossref">10.1007/11555261_23</pub-id> <pub-id pub-id-type="doi" xlink:href="10.1007/11555261_23" /></mixed-citation>
				</ref>
				<ref id="ref-00008">
				<mixed-citation>Duggan, G.B. and Payne, S.J. 2011. Skim reading by satisficing: evidence from eye tracking. In Proceedings of the SIGCHI Conference on Human Factors in Computing Systems, ACM, Vancouver, BC, Canada, 1141--1150. <pub-id pub-id-type="doi" xlink:href="10.1145/1978942.1979114" assigning-authority="crossref">10.1145/1978942.1979114</pub-id> <pub-id pub-id-type="doi" xlink:href="10.1145/1978942.1979114" /></mixed-citation>
				</ref>
				<ref id="ref-00009">
				<mixed-citation>Electronic Transactions Development Agency (ETDA).2015. Thailand internet user profile 2015, Ministry of Information and Communication Technology. Retrieved December 28, 2018 from https://unctad.org/meetings/en/Contribution/dtl_eweek2016_ETDA_IUP_en.pdf</mixed-citation>
				</ref>
				<ref id="ref-00010">
				<mixed-citation>Electronic Transactions Development Agency (ETDA). 2016. Thailand internet user profile 2016, Ministry of Information and Communication Technology. Retrieved December 28, 2018 from https://www.etda.or.th/publishing-detail/thailand-internet-user-profile-2016.html</mixed-citation>
				</ref>
				<ref id="ref-00011">
				<mixed-citation>Field, A. 2013. Discovering Statistics Using IBM SPSS Statistics. SAGE Publications Ltd. <pub-id pub-id-type="doi" xlink:href="10.5555/2502692" /></mixed-citation>
				</ref>
				<ref id="ref-00012">
				<mixed-citation>Jayroe, T.J. and Wolfram, D. 2012. Internet searching, tablet technology and older adults. Proceedings of the American Society for Information Science and Technology, 49 (1). 1--3.</mixed-citation>
				</ref>
				<ref id="ref-00013">
				<mixed-citation>Kamollimsakul, S. 2014. Web Design Guidelines for Text Presentation for Older People: Empirical Evidence from Thailand and the UK. Department of Computer Science, University of York.</mixed-citation>
				</ref>
				<ref id="ref-00014">
				<mixed-citation>Kurniawan, S. and Zaphiris, P. 2005. Research-derived web design guidelines for older people. In Proceedings of the 7th international ACM SIGACCESS conference on Computers and accessibility, ACM, Baltimore, MD, USA, 129--135. <pub-id pub-id-type="doi" xlink:href="10.1145/1090785.1090810" assigning-authority="crossref">10.1145/1090785.1090810</pub-id> <pub-id pub-id-type="doi" xlink:href="10.1145/1090785.1090810" /></mixed-citation>
				</ref>
				<ref id="ref-00015">
				<mixed-citation>Lege, R.P., Hasegawa, S., Hasegawa, A., Kojima, T. and Miyao, M. 2013. Aging effects on the readability of characters on e-book terminals. In Proceedings of 7th International conference on Universal Access in Human-Computer Interaction (UAHCI). Applications and Services for Quality of Life, Springer, 356--363. <pub-id pub-id-type="doi" xlink:href="10.1007/978-3-642-39194-1_42" assigning-authority="crossref">10.1007/978-3-642-39194-1_42</pub-id> <pub-id pub-id-type="doi" xlink:href="10.1007/978-3-642-39194-1_42" /></mixed-citation>
				</ref>
				<ref id="ref-00016">
				<mixed-citation>O'Hara, K. and Sellen, A. 1997. A comparison of reading paper and on-line documents. In Proceedings of the ACM SIGCHI Conference on Human factors in computing systems, ACM, 335--342. <pub-id pub-id-type="doi" xlink:href="10.1145/258549.258787" assigning-authority="crossref">10.1145/258549.258787</pub-id> <pub-id pub-id-type="doi" xlink:href="10.1145/258549.258787" /></mixed-citation>
				</ref>
				<ref id="ref-00017">
				<mixed-citation>Office for National Statistics. 2018. Internet access - households and individuals, Great Britain: 2018. Retrieved January 4, 2019 from https://www.ons.gov.uk/peoplepopulationandcommunity/householdcharacteristics/homeinternetandsocialmediausage/bulletins/internetaccesshouseholdsandindividuals/2018</mixed-citation>
				</ref>
				<ref id="ref-00018">
				<mixed-citation>Office for National Statistics. 2018. Internet users, UK: 2018. Retrieved January 4, 2019 from https://www.ons.gov.uk/releases/internetusersintheuk2018</mixed-citation>
				</ref>
				<ref id="ref-00019">
				<mixed-citation>Paterson, D.G. and Tinker, M.A. 1931. Studies of typographical factors influencing speed of reading. Journal of Applied Psychology, 15 (3). 241--247.</mixed-citation>
				</ref>
				<ref id="ref-00020">
				<mixed-citation>Paterson, D.G. and Tinker, M.A. Studies of typographical factors influencing speed of reading. II. Size of type. Journal of Applied Psychology, 13 (2). 120--130.</mixed-citation>
				</ref>
				<ref id="ref-00021">
				<mixed-citation>Petrie, H., Kamollimsakul, S. and Power, C. 2013. Web accessibility for older adults: effects of line spacing and text justification on reading web pages. In Proceedings of the 15th International ACM SIGACCESS Conference on Computers and Accessibility, ACM, Bellevue, Washington, 1--2. <pub-id pub-id-type="doi" xlink:href="10.1145/2513383.2513414" assigning-authority="crossref">10.1145/2513383.2513414</pub-id> <pub-id pub-id-type="doi" xlink:href="10.1145/2513383.2513414" /></mixed-citation>
				</ref>
				<ref id="ref-00022">
				<mixed-citation>Rello, L., Pielot, M. and Marcos, M.-C. 2015. Make it big! The effect of font size and line spacing on online readability. In Proceedings of the 2016 CHI conference on Human Factors in Computing Systems. <pub-id pub-id-type="doi" xlink:href="10.1145/2858036.2858204" assigning-authority="crossref">10.1145/2858036.2858204</pub-id> <pub-id pub-id-type="doi" xlink:href="10.1145/2858036.2858204" /></mixed-citation>
				</ref>
				<ref id="ref-00023">
				<mixed-citation>Tullis, T.S., Boynton, J.L. and Hersh, H. 1995. Readability of fonts in the windows environment. In Proceedings of CHI'95 Conference Companion on Human Factors in Computing Systems, ACM, Denver, Colorado, USA, 127--128. <pub-id pub-id-type="doi" xlink:href="10.1145/223355.223463" assigning-authority="crossref">10.1145/223355.223463</pub-id> <pub-id pub-id-type="doi" xlink:href="10.1145/223355.223463" /></mixed-citation>
				</ref>
				<ref id="ref-00024">
				<mixed-citation>United Nations, Department of Economic and Social Affairs. 2017. Population Division World Population Prospects: The 2017 Revision, Key Findings and Advance Tables, New York, 2017. Retrieved December 27, 2018 from https://www.compassion.com/multimedia/world-population-prospects.pdf</mixed-citation>
				</ref>
				<ref id="ref-00025">
				<mixed-citation>Werner, F., Werner, K. and Oberzaucher, J. 2012. Tablets for seniors--an evaluation of a current model (iPad). In Ambient assisted living, Springer, 177--184.</mixed-citation>
				</ref>
				<ref id="ref-00026">
				<mixed-citation>Wright, P. 2014. Digital tablet issues for older adults. Gerontechnology, 13 (2). 306.</mixed-citation>
				</ref>
				<ref id="ref-00027">
				<mixed-citation>Zaphiris, P., Ghiawadwala, M. and Mughal, S. 2005. Age-centered research-based web design guidelines. In Proceedings of CHI'05 extended abstracts on Human factors in computing systems, ACM, 1897--1900. <pub-id pub-id-type="doi" xlink:href="10.1145/1056808.1057050" assigning-authority="crossref">10.1145/1056808.1057050</pub-id> <pub-id pub-id-type="doi" xlink:href="10.1145/1056808.1057050" /></mixed-citation>
				</ref>
			</ref-list>
</back>
</book-part>
</book-part-wrapper>
