<?xml version="1.0" encoding="UTF-8"?>
<!DOCTYPE book-part-wrapper PUBLIC "-//NLM//DTD BITS Book Interchange DTD with OASIS and XHTML Tables v2.0 20151225//EN" "BITS-book-oasis2.dtd">
<book-part-wrapper xmlns:xlink="http://www.w3.org/1999/xlink" xmlns:mml="http://www.w3.org/1998/Math/MathML" xmlns:oasis="http://www.niso.org/standards/z39-96/ns/oasis-exchange/table" xmlns:xi="http://www.w3.org/2001/XInclude" xmlns:xsi="http://www.w3.org/2001/XMLSchema-instance" dtd-version="2.0" xml:lang="en" content-type="research-article">
<collection-meta collection-type="book-series">
    <collection-id collection-id-type="doi">10.1145/acmotherconferences</collection-id>
    <title-group>
        <title>ACM Other Conferences</title>
    </title-group>
</collection-meta>
	<book-meta>
		<book-id book-id-type="acm-id">3315002</book-id>
		<book-id book-id-type="doi">10.1145/3315002</book-id>
		<book-title-group>
			<book-title>Proceedings of the 16th International Web for All Conference</book-title>
			<alt-title alt-title-type="acronym">W4A '19</alt-title>
		</book-title-group>
	</book-meta>
	<book-part xmlns:ali="http://www.niso.org/schemas/ali/1.0/" book-part-type="chapter" xml:lang="en">
		<book-part-meta>
			<book-part-id book-part-id-type="acm-id">3317556</book-part-id>
			<book-part-id book-part-id-type="doi">10.1145/3315002.3317556</book-part-id>
			<book-part-id book-part-id-type="article-no">22</book-part-id>
	<subj-group subj-group-type="ccs2012">
		<compound-subject>
			<compound-subject-part content-type="code">10003120.10011738.10011773</compound-subject-part>
			<compound-subject-part content-type="text">Human-centered computing~Accessibility~Empirical studies in accessibility</compound-subject-part>
			<compound-subject-part content-type="weight">500</compound-subject-part>
		</compound-subject>
	</subj-group>
	<subj-group subj-group-type="qualifier-density">
		<compound-subject>
			<compound-subject-part content-type="code">research</compound-subject-part>
			<compound-subject-part content-type="text">Research</compound-subject-part>
		</compound-subject>
	</subj-group>
	<subj-group subj-group-type="qualifier-review_process">
		<compound-subject>
			<compound-subject-part content-type="code">refereed_limited</compound-subject-part>
			<compound-subject-part content-type="text">Refereed limited</compound-subject-part>
		</compound-subject>
	</subj-group>
	<subj-group subj-group-type="qualifier-editorial_treatment">
		<compound-subject>
			<compound-subject-part content-type="code">unedited</compound-subject-part>
			<compound-subject-part content-type="text">Un-edited</compound-subject-part>
		</compound-subject>
	</subj-group>
			<title-group>
				<title>Addressing the Situational Impairments Encountered by Firefighters through the Design of Alerts</title>
			</title-group>
<contrib-group>
   <contrib contrib-type="author" id="artseq-00001">
       <contrib-id contrib-id-type="person_id" authenticated="false">P6916940</contrib-id><contrib-id contrib-id-type="profile_id" authenticated="false">83358959757</contrib-id>
       <name name-style="western">
           <surname>Wolf</surname>
           <given-names>Flynn</given-names>
       </name>
	<aff>UMBC</aff>
	<email>flynn.wolf@umbc.edu</email>
	<role>Author</role>
   </contrib>
   <contrib contrib-type="author" id="artseq-00002">
       <contrib-id contrib-id-type="person_id" authenticated="false">P6916941</contrib-id><contrib-id contrib-id-type="profile_id" authenticated="false">99659458259</contrib-id>
       <name name-style="western">
           <surname>Soni</surname>
           <given-names>Priyanka</given-names>
       </name>
	<aff>UMBC</aff>
	<email>ps8@umbc.edu</email>
	<role>Author</role>
   </contrib>
   <contrib contrib-type="author" id="artseq-00003">
       <contrib-id contrib-id-type="person_id" authenticated="false">P6916942</contrib-id><contrib-id contrib-id-type="profile_id" authenticated="false">81100464526</contrib-id>
       <name name-style="western">
           <surname>Kuber</surname>
           <given-names>Ravi</given-names>
       </name>
	<aff>UMBC</aff>
	<email>rkuber@umbc.edu</email>
	<role>Author</role>
   </contrib>
   <contrib contrib-type="author" id="artseq-00004">
       <contrib-id contrib-id-type="person_id" authenticated="false">P6916943</contrib-id><contrib-id contrib-id-type="profile_id" authenticated="false">81444600455</contrib-id>
       <name name-style="western">
           <surname>Pawluk</surname>
           <given-names>Dianne</given-names>
       </name>
	<aff>Virginia Commonwealth University</aff><aff><institution-wrap><institution-id institution-id-type="profile_id">60002476</institution-id></institution-wrap></aff>
	<email>dtpawluk@vcu.edu</email>
	<role>Author</role>
   </contrib>
   <contrib contrib-type="author" id="artseq-00005">
       <contrib-id contrib-id-type="person_id" authenticated="false">P6916944</contrib-id><contrib-id contrib-id-type="profile_id" authenticated="false">99659214140</contrib-id>
       <name name-style="western">
           <surname>Turnage</surname>
           <given-names>Brian</given-names>
       </name>
	<aff>City of Richmond Fire and Emergency Services</aff>
	<role>Author</role>
   </contrib>
</contrib-group>
   <pub-date date-type="publication">
   <day>13</day>
   <month>05</month>
   <year>2019</year>
   </pub-date>
				<fpage>1</fpage>
				<lpage>10</lpage>
		<permissions>
			<copyright-year>2019</copyright-year>
			<copyright-holder>ACM</copyright-holder>
			<license license-type="acmcopyright">
			<license-p>Permission to make digital or hard copies of all or part of this work for personal or classroom use is granted without fee provided that copies are not made or distributed for profit or commercial advantage and that copies bear this notice and the full citation on the first page. Copyrights for components of this work owned by others than ACM must be honored. Abstracting with credit is permitted. To copy otherwise, or republish, to post on servers or to redistribute to lists, requires prior specific permission and/or a fee. Request permissions from Permissions@acm.org</license-p>
			</license>
			<ali:free_to_read />
			<license license-type="free">
			<license-p />
			</license>
		</permissions>
		<self-uri content-type="pdf" xlink:href="3315002.3317556.pdf" />
	<abstract>
		<p>Situationally-induced impairments and disabilities (SIIDs) are experienced by a range of users. Firefighters can be impacted when performing tasks under the inhospitable conditions often present at the scene of a fire (e.g. thick smoke and loud noise). In this paper, we describe the steps of an approach to support situational awareness (SA) among firefighters whose visual and auditory channels may be restricted while performing tasks. A structured multi-step approach was adopted to develop meaningful, perceivable cues that could aid in this process. In order to investigate the efficacy of alerts designed using this approach, cues were evaluated under simulated conditions in a lab. Findings revealed the benefits offered by visual signals when facing SIIDs, in contrast to their tactile and auditory counterparts. However, subjective comments revealed that tactile signals, if designed appropriately, may offer promise to support decision making among firefighters who often encounter SIIDs.</p>
	</abstract>
<kwd-group>
<kwd>Accessibility</kwd>
<kwd>Alerts</kwd>
<kwd>Situational Impairments</kwd>
</kwd-group>
<funding-group specific-use="FundRef">
	<award-group id="award1">
		<funding-source id="GS1">
			<institution-wrap>
			<institution>National Institute of Standards and Technology</institution>
			<institution-id institution-id-type="FundRef">http://dx.doi.org/10.13039/100000161</institution-id>
			</institution-wrap>
		</funding-source>
		<award-id rid="GS1">60NANB16D281</award-id>
	</award-group>
</funding-group>
		</book-part-meta>
		
	<back>
<ref-list specific-use="unparsed">
				<ref id="ref-00001">
				<mixed-citation>Abdolrahmani, A., Kuber, R., and Hurst A. 2016. An empirical investigation of the situationally-induced impairments experienced by blind mobile device users. In Proceedings of W4A, ACM, New York, NY, Article No: 21. <pub-id pub-id-type="doi" xlink:href="10.1145/2899475.2899482" assigning-authority="crossref">10.1145/2899475.2899482</pub-id> <pub-id pub-id-type="doi" xlink:href="10.1145/2899475.2899482" /></mixed-citation>
				</ref>
				<ref id="ref-00002">
				<mixed-citation>Anthony, L., Prasad, S., Hurst, A. and Kuber, R. 2012. A participatory design workshop on accessible apps and games with students with learning differences. In Proceedings of the 14th international ACM SIGACCESS Conference on Computers and Accessibility, ACM, New York, NY, 253--254. <pub-id pub-id-type="doi" xlink:href="10.1145/2384916.2384979" assigning-authority="crossref">10.1145/2384916.2384979</pub-id> <pub-id pub-id-type="doi" xlink:href="10.1145/2384916.2384979" /></mixed-citation>
				</ref>
				<ref id="ref-00003">
				<mixed-citation>Betz, M. and Wulf, V. 2014. EmergencyMessenger: a text based communication concept for indoor firefighting. In Proceedings of the 32nd Annual ACM Conference on Human factors in computing systems, ACM, New York, NY, 1515--1524. <pub-id pub-id-type="doi" xlink:href="10.1145/2556288.2557188" assigning-authority="crossref">10.1145/2556288.2557188</pub-id> <pub-id pub-id-type="doi" xlink:href="10.1145/2556288.2557188" /></mixed-citation>
				</ref>
				<ref id="ref-00004">
				<mixed-citation>Carton, A. and Dunne, L. E. 2013. Tactile distance feedback for firefighters: design and preliminary evaluation of a sensory augmentation glove. In Proceedings of the 4th Augmented Human International Conference (pp. 58--64). ACM. <pub-id pub-id-type="doi" xlink:href="10.1145/2459236.2459247" assigning-authority="crossref">10.1145/2459236.2459247</pub-id> <pub-id pub-id-type="doi" xlink:href="10.1145/2459236.2459247" /></mixed-citation>
				</ref>
				<ref id="ref-00005">
				<mixed-citation>Horn, G.P., Kesler, R.M., Motl, R.W., Hsiao-Wecksler, E.T., Klaren, R.E., Ensari, I., Petrucci, M.N., Fernhall, B. and Rosengren, K.S. 2015. Physiological responses to simulated firefighter exercise protocols in varying environments. Ergonomics, 58(6), 1012--1021.</mixed-citation>
				</ref>
				<ref id="ref-00006">
				<mixed-citation>Jiang, X., Chen, N. Y., Hong, J. I., Wang, K., Takayama, L., and Landay, J.A. 2004. Siren: Context-aware computing for firefighting. In Proceedings of the International Conference on Pervasive Computing, Springer, Berlin, Heidelberg, 87--105.</mixed-citation>
				</ref>
				<ref id="ref-00007">
				<mixed-citation>Kane, S.K., Wobbrock, J.O. and Smith, I.E. 2008. Getting off the treadmill: evaluating walking user interfaces for mobile devices in public spaces. In Proceedings of the 10th International Conference on Human Computer Interaction with Mobile Devices and Services, ACM, New York, NY, 109--118. <pub-id pub-id-type="doi" xlink:href="10.1145/1409240.1409253" assigning-authority="crossref">10.1145/1409240.1409253</pub-id> <pub-id pub-id-type="doi" xlink:href="10.1145/1409240.1409253" /></mixed-citation>
				</ref>
				<ref id="ref-00008">
				<mixed-citation>Kristensen, M., Kyng, M. and Palen, L. 2006. Participatory design in emergency medical service: designing for future practice. In Proceedings of the SIGCHI Conference on Human Factors in Computing Systems, ACM, New York, NY, 161--170. <pub-id pub-id-type="doi" xlink:href="10.1145/1124772.1124798" assigning-authority="crossref">10.1145/1124772.1124798</pub-id> <pub-id pub-id-type="doi" xlink:href="10.1145/1124772.1124798" /></mixed-citation>
				</ref>
				<ref id="ref-00009">
				<mixed-citation>Kuber, R., Yu, W. and McAllister, G. 2007. Towards developing assistive haptic feedback for visually impaired internet users. In Proceedings of the SIGCHI Conference on Human Factors in Computing Systems, ACM, New York, NY, 1525--1534. <pub-id pub-id-type="doi" xlink:href="10.1145/1240624.1240854" assigning-authority="crossref">10.1145/1240624.1240854</pub-id> <pub-id pub-id-type="doi" xlink:href="10.1145/1240624.1240854" /></mixed-citation>
				</ref>
				<ref id="ref-00010">
				<mixed-citation>Mizobuchi, S., Chignell, M. and Newton, D. 2005. Mobile text entry: relationship between walking speed and text input task difficulty. In Proceedings of the 7th International Conference on Human Computer Interaction with Mobile Devices and Services, ACM, New York, NY, 122--128. <pub-id pub-id-type="doi" xlink:href="10.1145/1085777.1085798" assigning-authority="crossref">10.1145/1085777.1085798</pub-id> <pub-id pub-id-type="doi" xlink:href="10.1145/1085777.1085798" /></mixed-citation>
				</ref>
				<ref id="ref-00011">
				<mixed-citation>Myles, K. and Kalb, J.T. 2010. Guidelines for head tactile communication (No. ARL-TR-5116). Army Research Lab, Aberdeen Proving Ground MD Human Research and Engineering Directorate. Available: https://apps.dtic.mil/dtic/tr/fulltext/u2/a519112.pdf</mixed-citation>
				</ref>
				<ref id="ref-00012">
				<mixed-citation>Neitzel, R., Hong, O., Quinlan, P. and Hulea, R. 2013. Pilot task-based assessment of noise levels among firefighters. International Journal of Industrial Ergonomics, 43(6), 479--486.</mixed-citation>
				</ref>
				<ref id="ref-00013">
				<mixed-citation>Pascoe, J., Ryan, N. and Morse, D. 2000. Using while moving: HCI issues in fieldwork environments. ACM Transactions on Computer-Human Interaction, 7, 3, 417--437. <pub-id pub-id-type="doi" xlink:href="10.1145/355324.355329" assigning-authority="crossref">10.1145/355324.355329</pub-id> <pub-id pub-id-type="doi" xlink:href="10.1145/355324.355329" /></mixed-citation>
				</ref>
				<ref id="ref-00014">
				<mixed-citation>Pielot, M., Krull, O. and Boll, S. 2010. Where is my team: supporting situation awareness with tactile displays. In Proceedings of the SIGCHI Conference on Human Factors in Computing Systems, ACM, New York, NY, 1705--1714. <pub-id pub-id-type="doi" xlink:href="10.1145/1753326.1753581" assigning-authority="crossref">10.1145/1753326.1753581</pub-id> <pub-id pub-id-type="doi" xlink:href="10.1145/1753326.1753581" /></mixed-citation>
				</ref>
				<ref id="ref-00015">
				<mixed-citation>Qian, H., Kuber, R., Sears, A. and Stanwyck, E. 2014. Determining the efficacy of multi-parameter tactons in the presence of real-world and simulated audio distractors. Interacting with Computers, 26 (6), 572--594.</mixed-citation>
				</ref>
				<ref id="ref-00016">
				<mixed-citation>Qian, H., Kuber, R. and Sears, A. 2013. Developing tactile icons to support mobile users with situationally-induced impairments and disabilities. In Proceedings of the ACM SIGACCESS Conference on Computers and Accessibility, ACM, New York, NY, Article No. 47. <pub-id pub-id-type="doi" xlink:href="10.1145/2513383.2513387" assigning-authority="crossref">10.1145/2513383.2513387</pub-id> <pub-id pub-id-type="doi" xlink:href="10.1145/2513383.2513387" /></mixed-citation>
				</ref>
				<ref id="ref-00017">
				<mixed-citation>Qian, H., Kuber, R. and Sears, A. 2014. Supporting the mobile notification process through tactile cues selected using a paired comparison task. In Extended Abstracts of the SIGCHI Conference on Human Factors in Computing Systems, ACM, New York, NY, 1741--1746. <pub-id pub-id-type="doi" xlink:href="10.1145/2559206.2581133" assigning-authority="crossref">10.1145/2559206.2581133</pub-id> <pub-id pub-id-type="doi" xlink:href="10.1145/2559206.2581133" /></mixed-citation>
				</ref>
				<ref id="ref-00018">
				<mixed-citation>Raj, A.K. and Braithwaite, G. 1999. The tactile situation awareness system in rotary wing aircraft: Flight test results. Current Aeromedical Issues in Rotary Wing Operations, 5.</mixed-citation>
				</ref>
				<ref id="ref-00019">
				<mixed-citation>Ramirez, L., Denef, S. and Dyrks, T. 2009. Towards human-centered support for indoor navigation. In Proceedings of the SIGCHI Conference on Human Factors in Computing Systems, ACM, New York, NY, 1279--1282. <pub-id pub-id-type="doi" xlink:href="10.1145/1518701.1518893" assigning-authority="crossref">10.1145/1518701.1518893</pub-id> <pub-id pub-id-type="doi" xlink:href="10.1145/1518701.1518893" /></mixed-citation>
				</ref>
				<ref id="ref-00020">
				<mixed-citation>Rosson, M.B. and Carroll, J.M. 2002. Usability engineering: scenario-based development of human-computer interaction. Morgan Kaufmann. <pub-id pub-id-type="doi" xlink:href="10.5555/501581" /></mixed-citation>
				</ref>
				<ref id="ref-00021">
				<mixed-citation>Sarsenbayeva, Z., van Berkel, N., Luo, C., Kostakos, V. and Goncalves, J. 2017. Challenges of situational impairments during interaction with mobile devices. In Proceedings of the 29th Australian Conference on Computer-Human Interaction, ACM, New York, NY, 477--481. <pub-id pub-id-type="doi" xlink:href="10.1145/3152771.3156161" assigning-authority="crossref">10.1145/3152771.3156161</pub-id> <pub-id pub-id-type="doi" xlink:href="10.1145/3152771.3156161" /></mixed-citation>
				</ref>
				<ref id="ref-00022">
				<mixed-citation>Saulynas, S., Burgee, L. E. and Kuber, R. 2017. All situational impairments are not created equal. In Proceedings of iConference 2017.</mixed-citation>
				</ref>
				<ref id="ref-00023">
				<mixed-citation>Scaife, M., Rogers, Y., Aldrich, F. and Davies, M. 1997. Designing for or designing with? Informant design for interactive learning environments. In Proceedings of the ACM SIGCHI Conference on Human Factors in Computing Systems, ACM, New York, NY, 343--350. <pub-id pub-id-type="doi" xlink:href="10.1145/258549.258789" assigning-authority="crossref">10.1145/258549.258789</pub-id> <pub-id pub-id-type="doi" xlink:href="10.1145/258549.258789" /></mixed-citation>
				</ref>
				<ref id="ref-00024">
				<mixed-citation>Schildbach, B. and Rukzio, E. 2010. Investigating selection and reading performance on a mobile phone while walking. In Proceedings of the 12th International Conference on Human Computer Interaction with Mobile Devices and Services, ACM, New York, NY, 93--102. <pub-id pub-id-type="doi" xlink:href="10.1145/1851600.1851619" assigning-authority="crossref">10.1145/1851600.1851619</pub-id> <pub-id pub-id-type="doi" xlink:href="10.1145/1851600.1851619" /></mixed-citation>
				</ref>
				<ref id="ref-00025">
				<mixed-citation>Sears, A. Lin, M., Jacko, J. and Xiao, Y. 2003. When computers fade: Pervasive computing and situationally-induced impairments and disabilities. In Proceedings of HCI International, 1298--1302.</mixed-citation>
				</ref>
				<ref id="ref-00026">
				<mixed-citation>Sklar, A. E., and Sarter, N. B. 1999. Good vibrations: Tactile feedback in support of attention allocation and human-automation coordination in event-driven domains. Human Factors, 41(4), 543--552.</mixed-citation>
				</ref>
				<ref id="ref-00027">
				<mixed-citation>Skybrary, 1963. Instantaneous self-assessment of workload technique (ISA). Available: www.skybrary.aero/bookshelf/books/1963.pdf</mixed-citation>
				</ref>
				<ref id="ref-00028">
				<mixed-citation>Stanley, A.A. and Kuchenbecker, K.J. 2011. Design of body-grounded tactile actuators for playback of human physical contact. In Proceedings of WorldHaptics'11, 563--568.</mixed-citation>
				</ref>
				<ref id="ref-00029">
				<mixed-citation>Streefkerk, J.W., Vos, W., and Smets, M. 2012. Evaluating a multimodal interface for firefighting rescue tasks. In Proceedings of the Human Factors and Ergonomics Society Annual Meeting, 56, 1, 277--281.</mixed-citation>
				</ref>
				<ref id="ref-00030">
				<mixed-citation>Tigwell, G.W., Menzies, R. and Flatla, D.R. 2018. Designing for situational visual impairments: supporting early-career designers of mobile content. In Proceedings of Designing Interactive Systems Conference. ACM, New York, NY, 387--399. <pub-id pub-id-type="doi" xlink:href="10.1145/3196709.3196760" assigning-authority="crossref">10.1145/3196709.3196760</pub-id> <pub-id pub-id-type="doi" xlink:href="10.1145/3196709.3196760" /></mixed-citation>
				</ref>
				<ref id="ref-00031">
				<mixed-citation>Toups, Z.O. and Kerne, A. 2007. Implicit coordination in firefighting practice: design implications for teaching fire emergency responders. In Proceedings of the SIGCHI conference on Human Factors in Computing Systems, ACM, New York, NY, 707--716. <pub-id pub-id-type="doi" xlink:href="10.1145/1240624.1240734" assigning-authority="crossref">10.1145/1240624.1240734</pub-id> <pub-id pub-id-type="doi" xlink:href="10.1145/1240624.1240734" /></mixed-citation>
				</ref>
				<ref id="ref-00032">
				<mixed-citation>Van Erp, J.B.F. 2002. Guidelines for the use of vibro-tactile displays in human computer interaction. In Proceedings of Eurohaptics, 18--22.</mixed-citation>
				</ref>
				<ref id="ref-00033">
				<mixed-citation>Van Erp, J.B.F. and McGrath, B. 2008. Tactile actuator technology. Chapter 4: tactile displays for orientation, navigation and communication in air, sea and land environments. Technical Report TR-HFM-122. Available: http://ftp.rta.nato.int/public//PubFullText/RTO/TR/RTO-TR-HFM-122///$$TR-HFM-122-TOC.pdf</mixed-citation>
				</ref>
				<ref id="ref-00034">
				<mixed-citation>Van Erp, J.B.F. and Self, B P. 2008. Introduction to tactile displays in military environments. Tactile Displays for Orientation, Navigation and Communication in Air, Sea, and Land Environments.</mixed-citation>
				</ref>
				<ref id="ref-00035">
				<mixed-citation>Walters, K., Lee, S., Starner, T., Leibrandt, R and Lawo, M. 2010. Touchfire: towards a glove-mounted tactile display for rendering temperature readings for firefighters. In Proceedings of ISWC, 1--4.</mixed-citation>
				</ref>
				<ref id="ref-00036">
				<mixed-citation>Wolf, F. and Kuber, R. 2018. Developing a head-mounted tactile prototype to support situational awareness. International Journal of Human-Computer Studies, 109, 54--67. <pub-id pub-id-type="doi" xlink:href="10.1016/j.ijhcs.2017.08.002" assigning-authority="crossref">10.1016/j.ijhcs.2017.08.002</pub-id> <pub-id pub-id-type="doi" xlink:href="10.1016/j.ijhcs.2017.08.002" /></mixed-citation>
				</ref>
			</ref-list>
</back>
</book-part>
</book-part-wrapper>
