<?xml version="1.0" encoding="UTF-8"?>
<!DOCTYPE book-part-wrapper PUBLIC "-//NLM//DTD BITS Book Interchange DTD with OASIS and XHTML Tables v2.0 20151225//EN" "BITS-book-oasis2.dtd">
<book-part-wrapper xmlns:xlink="http://www.w3.org/1999/xlink" xmlns:mml="http://www.w3.org/1998/Math/MathML" xmlns:oasis="http://www.niso.org/standards/z39-96/ns/oasis-exchange/table" xmlns:xi="http://www.w3.org/2001/XInclude" xmlns:xsi="http://www.w3.org/2001/XMLSchema-instance" dtd-version="2.0" xml:lang="en" content-type="research-article">
<collection-meta collection-type="book-series">
    <collection-id collection-id-type="doi">10.1145/acmotherconferences</collection-id>
    <title-group>
        <title>ACM Other Conferences</title>
    </title-group>
</collection-meta>
	<book-meta>
		<book-id book-id-type="acm-id">3315002</book-id>
		<book-id book-id-type="doi">10.1145/3315002</book-id>
		<book-title-group>
			<book-title>Proceedings of the 16th International Web for All Conference</book-title>
			<alt-title alt-title-type="acronym">W4A '19</alt-title>
		</book-title-group>
	</book-meta>
	<book-part xmlns:ali="http://www.niso.org/schemas/ali/1.0/" book-part-type="chapter" xml:lang="en">
		<book-part-meta>
			<book-part-id book-part-id-type="acm-id">3317559</book-part-id>
			<book-part-id book-part-id-type="doi">10.1145/3315002.3317559</book-part-id>
			<book-part-id book-part-id-type="article-no">2</book-part-id>
	<subj-group subj-group-type="ccs2012">
		<compound-subject>
			<compound-subject-part content-type="code">10003120.10011738.10011773</compound-subject-part>
			<compound-subject-part content-type="text">Human-centered computing~Accessibility~Empirical studies in accessibility</compound-subject-part>
			<compound-subject-part content-type="weight">500</compound-subject-part>
		</compound-subject>
		<compound-subject>
			<compound-subject-part content-type="code">10003120.10011738.10011776</compound-subject-part>
			<compound-subject-part content-type="text">Human-centered computing~Accessibility~Accessibility systems and tools</compound-subject-part>
			<compound-subject-part content-type="weight">500</compound-subject-part>
		</compound-subject>
	</subj-group>
	<subj-group subj-group-type="qualifier-density">
		<compound-subject>
			<compound-subject-part content-type="code">research</compound-subject-part>
			<compound-subject-part content-type="text">Research</compound-subject-part>
		</compound-subject>
	</subj-group>
	<subj-group subj-group-type="qualifier-review_process">
		<compound-subject>
			<compound-subject-part content-type="code">refereed_limited</compound-subject-part>
			<compound-subject-part content-type="text">Refereed limited</compound-subject-part>
		</compound-subject>
	</subj-group>
	<subj-group subj-group-type="qualifier-editorial_treatment">
		<compound-subject>
			<compound-subject-part content-type="code">unedited</compound-subject-part>
			<compound-subject-part content-type="text">Un-edited</compound-subject-part>
		</compound-subject>
	</subj-group>
			<title-group>
				<title>Continuous Web Personalization using Selector-template Pairs</title>
			</title-group>
<contrib-group>
   <contrib contrib-type="author" id="artseq-00001">
       <contrib-id contrib-id-type="person_id" authenticated="false">P6916873</contrib-id><contrib-id contrib-id-type="profile_id" authenticated="false">81460656359</contrib-id>
       <name name-style="western">
           <surname>de Santana</surname>
           <given-names>Vagner Figueredo</given-names>
       </name>
	<aff>IBM Research, IBM, São Paulo, Brazil</aff><aff><institution-wrap><institution-id institution-id-type="profile_id">60011048</institution-id></institution-wrap></aff>
	<email>vagsant@br.ibm.com</email>
	<role>Author</role>
   </contrib>
   <contrib contrib-type="author" id="artseq-00002">
       <contrib-id contrib-id-type="person_id" authenticated="false">P6916874</contrib-id><contrib-id contrib-id-type="profile_id" authenticated="false">81486653798</contrib-id>
       <name name-style="western">
           <surname>Baranauskas</surname>
           <given-names>M. Cecilia C.</given-names>
       </name>
	<aff>Institute of Computing, University of Campinas (UNICAMP), Campinas, Brazil</aff><aff><institution-wrap><institution-id institution-id-type="profile_id">60029570</institution-id></institution-wrap></aff>
	<email>cecilia@ic.unicamp.br</email>
	<role>Author</role>
   </contrib>
</contrib-group>
   <pub-date date-type="publication">
   <day>13</day>
   <month>05</month>
   <year>2019</year>
   </pub-date>
				<fpage>1</fpage>
				<lpage>9</lpage>
		<permissions>
			<copyright-year>2019</copyright-year>
			<copyright-holder>ACM</copyright-holder>
			<license license-type="acmlicensed">
			<license-p>Permission to make digital or hard copies of all or part of this work for personal or classroom use is granted without fee provided that copies are not made or distributed for profit or commercial advantage and that copies bear this notice and the full citation on the first page. Copyrights for components of this work owned by others than the author(s) must be honored. Abstracting with credit is permitted. To copy otherwise, or republish, to post on servers or to redistribute to lists, requires prior specific permission and/or a fee. Request permissions from Permissions@acm.org.</license-p>
			</license>
		</permissions>
		<self-uri content-type="pdf" xlink:href="3315002.3317559.pdf" />
	<abstract>
		<p>Due to the fast growth of the Web and to the interactivity brought by Web 2.0, government, entertainment, and education services are more and more available through the Internet. However, this highly interactive Web still excludes people by not considering capabilities of all users. Although there are techniques and approaches towards Web Accessibility, issues related to different user needs may emerge in unforeseen contexts of use. This paper proposes a personalization approach that considers detailed observational data from usage and generates user interface adjustments (pieces of JavaScript code) from a set of selector-template pairs. Selectors are regular expressions used to identify patterns in event streams and templates are adjustments skeletons, referring user interface elements identified by the selectors. The approach supports continuous personalization of websites aiming to reduce the number of accessibility barriers and usability problems. This work is part of a long-term project and it reports the study conducted "in the wild" with 408 users, during a period of 30 months. The results point that the approach is a scalable solution towards Web personalization by inserting JavaScript pieces of code to tailor websites according to how they are used, on the fly.</p>
	</abstract>
<kwd-group>
<kwd>Tailoring</kwd>
<kwd>accessibility</kwd>
<kwd>usability</kwd>
<kwd>user interface evaluation</kwd>
</kwd-group>
		</book-part-meta>
		
	<back>
<ref-list specific-use="unparsed">
				<ref id="ref-00001">
				<mixed-citation>Abascal, J., Nicolle, C. 2005. Moving towards inclusive design guidelines for socially and ethically aware HCI. Interacting with Computers, 17, 5, 484--505. <pub-id pub-id-type="doi" xlink:href="10.1016/j.intcom.2005.03.002" assigning-authority="crossref">10.1016/j.intcom.2005.03.002</pub-id> <pub-id pub-id-type="doi" xlink:href="10.1016/j.intcom.2005.03.002" /></mixed-citation>
				</ref>
				<ref id="ref-00002">
				<mixed-citation>Apaolaza, A., Harper, S., Jay, C. 2015. Longitudinal Analysis of Low-Level Web Interaction through Micro Behaviours. In Proceedings of the 26th ACM Conference on Hypertext &amp; Social Media (HT '15). ACM, New York, NY, USA, 337--340. <pub-id pub-id-type="doi" xlink:href="10.1145/2700171.2804453" assigning-authority="crossref">10.1145/2700171.2804453</pub-id> <pub-id pub-id-type="doi" xlink:href="10.1145/2700171.2804453" /></mixed-citation>
				</ref>
				<ref id="ref-00003">
				<mixed-citation>Arroyo, E., Selker, T., Wei, W. 2006. Usability tool for analysis of web designs using mouse tracks. Proc. of ACM CHI 2006 Conf. on Human Factors in Computing Systems, 2 of Work-in-progress, 484--489. <pub-id pub-id-type="doi" xlink:href="10.1145/1125451.1125557" assigning-authority="crossref">10.1145/1125451.1125557</pub-id> <pub-id pub-id-type="doi" xlink:href="10.1145/1125451.1125557" /></mixed-citation>
				</ref>
				<ref id="ref-00004">
				<mixed-citation>Atterer, R., Schmidt, A. 2007. Tracking the Interaction of Users with AJAX Applications for Usability Testing. Proc. of ACM SIGCHI 2007, 1347--1350. <pub-id pub-id-type="doi" xlink:href="10.1145/1240624.1240828" assigning-authority="crossref">10.1145/1240624.1240828</pub-id> <pub-id pub-id-type="doi" xlink:href="10.1145/1240624.1240828" /></mixed-citation>
				</ref>
				<ref id="ref-00005">
				<mixed-citation>Atterer, R., Wnuk, M., Schmidt, A. 2006. Knowing the user's every move: user activity tracking for website usability evaluation and implicit interaction. In Proceedings of the 15th international conference on World Wide Web (WWW '06). ACM, New York, NY, USA, 203--212. <pub-id pub-id-type="doi" xlink:href="10.1145/1135777.1135811" assigning-authority="crossref">10.1145/1135777.1135811</pub-id> <pub-id pub-id-type="doi" xlink:href="10.1145/1135777.1135811" /></mixed-citation>
				</ref>
				<ref id="ref-00006">
				<mixed-citation>Bigham, J. P., Cavender, A. C., Brudvik, J. T. 2007. WebinSitu: A Comparative Analysis of Blind and Sighted Browsing Behavior. ACM ASSETS'07. <pub-id pub-id-type="doi" xlink:href="10.1145/1296843.1296854" assigning-authority="crossref">10.1145/1296843.1296854</pub-id> <pub-id pub-id-type="doi" xlink:href="10.1145/1296843.1296854" /></mixed-citation>
				</ref>
				<ref id="ref-00007">
				<mixed-citation>Carta, T., Paternò, F., Santana, V.F. 2011. Web Usability Probe: A Tool for Supporting Remote Usability Evaluation of Web Sites. Proceedings of the INTERACT'11. <pub-id pub-id-type="doi" xlink:href="10.5555/2042283.2042319" /></mixed-citation>
				</ref>
				<ref id="ref-00008">
				<mixed-citation>Chi, E. H. H., Rosien, A., Heer, J. 2002. Lumberjack: Intelligent discovery and analysis of web user traffic composition. WEBKDD, LCNS 2703, 1--16. Springer. <pub-id pub-id-type="doi" xlink:href="10.1007/978-3-540-39663-5_1" assigning-authority="crossref">10.1007/978-3-540-39663-5_1</pub-id> <pub-id pub-id-type="doi" xlink:href="10.1007/978-3-540-39663-5_1" /></mixed-citation>
				</ref>
				<ref id="ref-00009">
				<mixed-citation>Cooley, R., Tan, P., Srivastava, J. 2000. Discovery of interesting usage patterns from Web data. LNCS 1836, 163--182. <pub-id pub-id-type="doi" xlink:href="10.5555/648036.744398" /></mixed-citation>
				</ref>
				<ref id="ref-00010">
				<mixed-citation>Domenech, J. M., Lorenzo, J. 2007. A tool for web usage mining. IDEAL, LNCS 4881, 695--704. Springer. <pub-id pub-id-type="doi" xlink:href="10.5555/1777942.1778014" /></mixed-citation>
				</ref>
				<ref id="ref-00011">
				<mixed-citation>Fenstermacher, K. D., Ginsburg, M. 2002. Mining Client-Side Activity for Personalization. WECWIS, 228--235.</mixed-citation>
				</ref>
				<ref id="ref-00012">
				<mixed-citation>Ghosh, J. 2003. Scalable Clustering. Handbook of Data Mining. Ye, N. (Ed.) Lawrence Erlbaum Associates. Mahwah, New Jersey.</mixed-citation>
				</ref>
				<ref id="ref-00013">
				<mixed-citation>Google Analytics. 2009. Google Analytics. http://www.google.com/analytics/index.html.</mixed-citation>
				</ref>
				<ref id="ref-00014">
				<mixed-citation>Grigera, J., Garrido, A., Rivero, J.M., Rossi, G., 2017. Automatic detection of usability smells in web applications. In: International Journal of Human-Computer Studies, v. 97.</mixed-citation>
				</ref>
				<ref id="ref-00015">
				<mixed-citation>Hay, B., Wets, G., Vanhoof, K. 2004. Mining navigation patterns using a sequence alignment method. Knowledge and Information Systems, 6, 2, 150--163. <pub-id pub-id-type="doi" xlink:href="10.1007/s10115-003-0109-6" assigning-authority="crossref">10.1007/s10115-003-0109-6</pub-id> <pub-id pub-id-type="doi" xlink:href="10.1007/s10115-003-0109-6" /></mixed-citation>
				</ref>
				<ref id="ref-00016">
				<mixed-citation>ISO - International Standard Organization. 1998. ISO-9241 - Ergonomic requirements for office work with display terminals (VDTs), Part 11: Guidance on usability.</mixed-citation>
				</ref>
				<ref id="ref-00017">
				<mixed-citation>Ivory, M. Y., Hearst, M. A. 2001. The state of the art in automating usability evaluation of user interfaces. ACM Comput. Surv., 33, 4, 470--516. <pub-id pub-id-type="doi" xlink:href="10.1145/503112.503114" assigning-authority="crossref">10.1145/503112.503114</pub-id> <pub-id pub-id-type="doi" xlink:href="10.1145/503112.503114" /></mixed-citation>
				</ref>
				<ref id="ref-00018">
				<mixed-citation>Khan, A., Breslav, S. &amp; Hornbæk, K. 2014. Mimic: Visual Analytics of Online Micro-interactions. ACM International Working Conference on Advanced Visual Interfaces (AVI 2014). <pub-id pub-id-type="doi" xlink:href="10.1145/2598153.2598168" assigning-authority="crossref">10.1145/2598153.2598168</pub-id> <pub-id pub-id-type="doi" xlink:href="10.1145/2598153.2598168" /></mixed-citation>
				</ref>
				<ref id="ref-00019">
				<mixed-citation>Mikroyannidis, A., Theodoulidis, B. 2004. A theoretical framework and an implementation architecture for self adaptive web sites. In Web Intelligence, pages 558--561. IEEE Computer Society. <pub-id pub-id-type="doi" xlink:href="10.5555/1025132.1026382" /></mixed-citation>
				</ref>
				<ref id="ref-00020">
				<mixed-citation>Mørch, Anders. 1995. Three Levels of End-User Tailoring: Customization, Integration, and Extension. 3rd Decennial Aarhus Conference, Aarhus, Denmark.</mixed-citation>
				</ref>
				<ref id="ref-00021">
				<mixed-citation>Mobasher, B., Cooley, R., Srivastava, J. 2000. Automatic personalization based on web usage mining. Commun. ACM, 43(8):142--151. <pub-id pub-id-type="doi" xlink:href="10.1145/345124.345169" assigning-authority="crossref">10.1145/345124.345169</pub-id> <pub-id pub-id-type="doi" xlink:href="10.1145/345124.345169" /></mixed-citation>
				</ref>
				<ref id="ref-00022">
				<mixed-citation>Nielsen, J. 2009. Customization of UIs and products. http://www.useit.com/alertbox/customization.html</mixed-citation>
				</ref>
				<ref id="ref-00023">
				<mixed-citation>Paternò, F., Santoro, C. 2008. Remote Usability Evaluation: Discussion of a General Framework and Experiences from Research with a Specific Tool. Maturing Usability. 197--221. Springer-Verlag.</mixed-citation>
				</ref>
				<ref id="ref-00024">
				<mixed-citation>Paternò, F., Schiavone, A. G., and Conti, A. 2017. Customizable automatic detection of bad usability smells in mobile accessed web applications. In Proceedings of the 19th International Conference on Human-Computer Interaction with Mobile Devices and Services (MobileHCI '17). ACM, New York, NY, USA, Article 42, 11 pages. <pub-id pub-id-type="doi" xlink:href="10.1145/3098279.3098558" assigning-authority="crossref">10.1145/3098279.3098558</pub-id> <pub-id pub-id-type="doi" xlink:href="10.1145/3098279.3098558" /></mixed-citation>
				</ref>
				<ref id="ref-00025">
				<mixed-citation>Pierrakos, D., Paliouras, G., Papatheodorou, C., Spyropoulos, C. D. 2003. Web usage mining as a tool for personalization: A survey. User Model. User-Adapt. Interact, 13(4):311--372. <pub-id pub-id-type="doi" xlink:href="10.1023/A:1026238916441" assigning-authority="crossref">10.1023/A:1026238916441</pub-id> <pub-id pub-id-type="doi" xlink:href="10.1023/A:1026238916441" /></mixed-citation>
				</ref>
				<ref id="ref-00026">
				<mixed-citation>Rubin, J. 1994. Handbook Of Usability Testing: How to plan, design, and conduct effective tests. John Wiley &amp; Sons Inc, 1st edition. <pub-id pub-id-type="doi" xlink:href="10.5555/561768" /></mixed-citation>
				</ref>
				<ref id="ref-00027">
				<mixed-citation>Santana, V. F., Baranauskas, M. C. C. 2010. Summarizing Observational Client-side Data to Reveal Web Usage Patterns. In: 25th ACM Symposium On Applied Computing (ACM SAC), 2010, Sierre. v. 2. p. 1219--1223. <pub-id pub-id-type="doi" xlink:href="10.1145/1774088.1774344" assigning-authority="crossref">10.1145/1774088.1774344</pub-id> <pub-id pub-id-type="doi" xlink:href="10.1145/1774088.1774344" /></mixed-citation>
				</ref>
				<ref id="ref-00028">
				<mixed-citation>Santana, V. F., Baranauskas, M. C. C. 2015. WELFIT: A remote evaluation tool for identifying Web usage patterns through client-side logging. International Journal of Human-Computer Studies, Volume 76, 40--49. Elsevier. <pub-id pub-id-type="doi" xlink:href="10.1016/j.ijhcs.2014.12.005" assigning-authority="crossref">10.1016/j.ijhcs.2014.12.005</pub-id> <pub-id pub-id-type="doi" xlink:href="10.1016/j.ijhcs.2014.12.005" /></mixed-citation>
				</ref>
				<ref id="ref-00029">
				<mixed-citation>Santana V.F., Baranauskas M.C.C. 2018. A Taxonomy for Website Evaluation Tools Grounded on Semiotic Framework. In: Universal Access in Human-Computer Interaction. Methods, Technologies, and Users. UAHCI 2018. LNCS, vol 10907. Springer.</mixed-citation>
				</ref>
				<ref id="ref-00030">
				<mixed-citation>Tan, P., Steinbach, M., Kumar, V. 2006. Introduction to Data Mining. Person Education. <pub-id pub-id-type="doi" xlink:href="10.5555/1095618" /></mixed-citation>
				</ref>
				<ref id="ref-00031">
				<mixed-citation>WAI - Web Accessibility Initiative 2005. Introduction do web accessibility. http://www.w3.org/WAI/intro/accessibility.php</mixed-citation>
				</ref>
				<ref id="ref-00032">
				<mixed-citation>WebAIM - Web Accessibility in Mind 2009. Survey of Preferences of Screen Readers Users. http://webaim.org/projects/screenreadersurvey/</mixed-citation>
				</ref>
			</ref-list>
</back>
</book-part>
</book-part-wrapper>
