<?xml version="1.0" encoding="UTF-8"?>
<!DOCTYPE book-part-wrapper PUBLIC "-//NLM//DTD BITS Book Interchange DTD with OASIS and XHTML Tables v2.0 20151225//EN" "BITS-book-oasis2.dtd">
<book-part-wrapper xmlns:xlink="http://www.w3.org/1999/xlink" xmlns:mml="http://www.w3.org/1998/Math/MathML" xmlns:oasis="http://www.niso.org/standards/z39-96/ns/oasis-exchange/table" xmlns:xi="http://www.w3.org/2001/XInclude" xmlns:xsi="http://www.w3.org/2001/XMLSchema-instance" dtd-version="2.0" xml:lang="en" content-type="research-article">
<collection-meta collection-type="book-series">
    <collection-id collection-id-type="doi">10.1145/acmotherconferences</collection-id>
    <title-group>
        <title>ACM Other Conferences</title>
    </title-group>
</collection-meta>
	<book-meta>
		<book-id book-id-type="acm-id">3315002</book-id>
		<book-id book-id-type="doi">10.1145/3315002</book-id>
		<book-title-group>
			<book-title>Proceedings of the 16th International Web for All Conference</book-title>
			<alt-title alt-title-type="acronym">W4A '19</alt-title>
		</book-title-group>
	</book-meta>
	<book-part xmlns:ali="http://www.niso.org/schemas/ali/1.0/" book-part-type="chapter" xml:lang="en">
		<book-part-meta>
			<book-part-id book-part-id-type="acm-id">3317569</book-part-id>
			<book-part-id book-part-id-type="doi">10.1145/3315002.3317569</book-part-id>
			<book-part-id book-part-id-type="article-no">29</book-part-id>
	<subj-group subj-group-type="ccs2012">
		<compound-subject>
			<compound-subject-part content-type="code">10003120.10011738</compound-subject-part>
			<compound-subject-part content-type="text">Human-centered computing~Accessibility</compound-subject-part>
			<compound-subject-part content-type="weight">500</compound-subject-part>
		</compound-subject>
		<compound-subject>
			<compound-subject-part content-type="code">10003120.10003123</compound-subject-part>
			<compound-subject-part content-type="text">Human-centered computing~Interaction design</compound-subject-part>
			<compound-subject-part content-type="weight">500</compound-subject-part>
		</compound-subject>
		<compound-subject>
			<compound-subject-part content-type="code">10003120.10011738.10011775</compound-subject-part>
			<compound-subject-part content-type="text">Human-centered computing~Accessibility~Accessibility technologies</compound-subject-part>
			<compound-subject-part content-type="weight">500</compound-subject-part>
		</compound-subject>
		<compound-subject>
			<compound-subject-part content-type="code">10003120.10011738.10011776</compound-subject-part>
			<compound-subject-part content-type="text">Human-centered computing~Accessibility~Accessibility systems and tools</compound-subject-part>
			<compound-subject-part content-type="weight">500</compound-subject-part>
		</compound-subject>
	</subj-group>
	<subj-group subj-group-type="qualifier-density">
		<compound-subject>
			<compound-subject-part content-type="code">research</compound-subject-part>
			<compound-subject-part content-type="text">Research</compound-subject-part>
		</compound-subject>
	</subj-group>
	<subj-group subj-group-type="qualifier-review_process">
		<compound-subject>
			<compound-subject-part content-type="code">refereed_limited</compound-subject-part>
			<compound-subject-part content-type="text">Refereed limited</compound-subject-part>
		</compound-subject>
	</subj-group>
	<subj-group subj-group-type="qualifier-editorial_treatment">
		<compound-subject>
			<compound-subject-part content-type="code">unedited</compound-subject-part>
			<compound-subject-part content-type="text">Un-edited</compound-subject-part>
		</compound-subject>
	</subj-group>
			<title-group>
				<title>SafeExit4AII</title>
				<subtitle>An Inclusive Indoor Emergency Evacuation System for People With Disabilities</subtitle>
			</title-group>
<contrib-group>
   <contrib contrib-type="author" id="artseq-00001">
       <contrib-id contrib-id-type="person_id" authenticated="false">P6916953</contrib-id><contrib-id contrib-id-type="profile_id" authenticated="false">99659008861</contrib-id>
       <name name-style="western">
           <surname>Cheraghi</surname>
           <given-names>Seyed Ali</given-names>
       </name>
	<aff>Wichita State University, Wichita, KS, USA</aff><aff><institution-wrap><institution-id institution-id-type="profile_id">60017742</institution-id></institution-wrap></aff>
	<email>sxcheraghi@shockers.wichita.edu</email>
	<role>Author</role>
   </contrib>
   <contrib contrib-type="author" id="artseq-00002">
       <contrib-id contrib-id-type="person_id" authenticated="false">P6916954</contrib-id><contrib-id contrib-id-type="profile_id" authenticated="false">99659458476</contrib-id>
       <name name-style="western">
           <surname>Sharma</surname>
           <given-names>Anup</given-names>
       </name>
	<aff>Wichita State University, Wichita, KS, USA</aff><aff><institution-wrap><institution-id institution-id-type="profile_id">60017742</institution-id></institution-wrap></aff>
	<email>axsharma12@shockers.wichita.edu</email>
	<role>Author</role>
   </contrib>
   <contrib contrib-type="author" id="artseq-00003">
       <contrib-id contrib-id-type="person_id" authenticated="false">P6916955</contrib-id><contrib-id contrib-id-type="profile_id" authenticated="false">81100018550</contrib-id>
       <name name-style="western">
           <surname>Namboodiri</surname>
           <given-names>Vinod</given-names>
       </name>
	<aff>Wichita State University, Wichita, KS, USA</aff><aff><institution-wrap><institution-id institution-id-type="profile_id">60017742</institution-id></institution-wrap></aff>
	<email>vinod.namboodiri@wichita.edu</email>
	<role>Author</role>
   </contrib>
   <contrib contrib-type="author" id="artseq-00004">
       <contrib-id contrib-id-type="person_id" authenticated="false">P6916956</contrib-id><contrib-id contrib-id-type="profile_id" authenticated="false">81340487654</contrib-id>
       <name name-style="western">
           <surname>Arsal</surname>
           <given-names>Güler</given-names>
       </name>
	<aff>Envision Research Institute, Wichita, KS, USA</aff>
	<email>Guler.Arsal@envisionus.com</email>
	<role>Author</role>
   </contrib>
</contrib-group>
   <pub-date date-type="publication">
   <day>13</day>
   <month>05</month>
   <year>2019</year>
   </pub-date>
				<fpage>1</fpage>
				<lpage>10</lpage>
		<permissions>
			<copyright-year>2019</copyright-year>
			<copyright-holder>ACM</copyright-holder>
			<license license-type="acmcopyright">
			<license-p>Permission to make digital or hard copies of all or part of this work for personal or classroom use is granted without fee provided that copies are not made or distributed for profit or commercial advantage and that copies bear this notice and the full citation on the first page. Copyrights for components of this work owned by others than ACM must be honored. Abstracting with credit is permitted. To copy otherwise, or republish, to post on servers or to redistribute to lists, requires prior specific permission and/or a fee. Request permissions from Permissions@acm.org</license-p>
			</license>
		</permissions>
		<self-uri content-type="pdf" xlink:href="3315002.3317569.pdf" />
	<abstract>
		<p>Indoor wayfinding has remained a challenge for people with disabilities in unfamiliar environments. With some accessible indoor wayfinding systems coming to the fore recently, a major application of interest is that of emergency evacuation due to natural or man-made threats to safety. Independent emergency evacuations can be particularly challenging for persons with disabilities as there is usually a requirement to quickly gather and use alternative wayfinding information to exit the indoor space safely. This paper presents the design and evaluation of an inclusive emergency evacuation system called SafeExit4All that empowers people with disabilities (in addition to the general population) to independently find a safe exit under emergency scenarios. The Safe-Exit4All application drives an underlying accessible indoor wayfinding system with the necessary emergency evacuation system parameters customized to an individual's preferences and needs for exiting safely from a premise. Upon receiving an emergency alert, a user accesses the SafeExit4All system through an app on their smartphone that has access to real-time information about the threat, and simply follows on-screen turn-by-turn navigation instructions towards the closest safe exit. Human subject evaluations show Safe-Exit4All to be effective not just in terms of reducing evacuation time, but also in providing guidance that results in users taking deterministic, shorter, and safer paths to the exit most suitable for them.</p>
	</abstract>
<kwd-group>
<kwd>Accessibility</kwd>
<kwd>alternative input</kwd>
<kwd>visual impairments</kwd>
</kwd-group>
		</book-part-meta>
		
	<back>
<ref-list specific-use="unparsed">
				<ref id="ref-00001">
				<mixed-citation>Directional sound evacuation. https://www.soundalert.com/way-finding.htm.</mixed-citation>
				</ref>
				<ref id="ref-00002">
				<mixed-citation>Minnesota department of public safety. https://dps.mn.gov/Pages/default.aspx.</mixed-citation>
				</ref>
				<ref id="ref-00003">
				<mixed-citation>Nfpa journal. https://www.nfpa.org/News-and-Research/Publications/NFPA-Journal/2012/November-December-2012/The-Experts/In-Compliance.</mixed-citation>
				</ref>
				<ref id="ref-00004">
				<mixed-citation>shooterdetectionsystems. https://shooterdetectionsystems.com/.</mixed-citation>
				</ref>
				<ref id="ref-00005">
				<mixed-citation>Wayfindr open standard.</mixed-citation>
				</ref>
				<ref id="ref-00006">
				<mixed-citation>D. Ahmetovic, C. Gleason, C. Ruan, K. Kitani, H. Takagi, and C. Asakawa. Navcog: A navigational cognitive assistant for the blind. In Proceedings of the 18th International Conference on Human-Computer Interaction with Mobile Devices and Services, MobileHCI '16, pages 90--99, New York, NY, USA, 2016. ACM. <pub-id pub-id-type="doi" xlink:href="10.1145/2935334.2935361" assigning-authority="crossref">10.1145/2935334.2935361</pub-id> <pub-id pub-id-type="doi" xlink:href="10.1145/2935334.2935361" /></mixed-citation>
				</ref>
				<ref id="ref-00007">
				<mixed-citation>D. Ahmetovic, M. Murata, C. Gleason, E. Brady, H. Takagi, K. Kitani, and C. Asakawa. Achieving practical and accurate indoor navigation for people with visual impairments. In Proceedings of the 14th Web for All Conference on The Future of Accessible Work, W4A '17, pages 31:1--31:10, New York, NY, USA, 2017. ACM. <pub-id pub-id-type="doi" xlink:href="10.1145/3058555.3058560" assigning-authority="crossref">10.1145/3058555.3058560</pub-id> <pub-id pub-id-type="doi" xlink:href="10.1145/3058555.3058560" /></mixed-citation>
				</ref>
				<ref id="ref-00008">
				<mixed-citation>K. E. Boyce, T. J. Shields, and G. W. H. Silcock. Toward the characterization of building occupancies for fire safety engineering: Capability of people with disabilities to read and locate exit signs. Fire Technology, 35(1):79--86, Feb 1999.</mixed-citation>
				</ref>
				<ref id="ref-00009">
				<mixed-citation>S. A. Cheraghi, V. Namboodiri, and L. Walker. Guidebeacon: Beacon-based indoor wayfinding for the blind, visually impaired, and disoriented. IEEE Pervasive Communications (PerCom), 2016.</mixed-citation>
				</ref>
				<ref id="ref-00010">
				<mixed-citation>K. M. Christensen, S. D. Collins, J. M. Holt, and C. N. Phillips. The relationship between the design of the built environment and the ability to egress of individuals with disabilities. Review of Disability Studies, pages 24--34, 2006.</mixed-citation>
				</ref>
				<ref id="ref-00011">
				<mixed-citation>R. Davis and C. Weisbeck. Creating a supportive environment using cues for wayfinding in dementia. Journal of gerontological nursing, 42 3:36--44, 2016.</mixed-citation>
				</ref>
				<ref id="ref-00012">
				<mixed-citation>M. Hashemi and H. A. Karimi. Indoor spatial model and accessibility index for emergency evacuation of people with disabilities. Journal of Computing in Civil Engineering, 30(4):04015056, 2016.</mixed-citation>
				</ref>
				<ref id="ref-00013">
				<mixed-citation>M. Hashemi and H. A. Karimi. Collaborative personalized multi-criteria wayfinding for wheelchair users in outdoors. Transactions in GIS, 21(4):782--795, 2017.</mixed-citation>
				</ref>
				<ref id="ref-00014">
				<mixed-citation>J.-E. Kim, M. Bessho, S. Kobayashi, N. Koshizuka, and K. Sakamura. Navigating visually impaired travelers in a large train station using smartphone and bluetooth low energy. In Proceedings of the 31st Annual ACM Symposium on Applied Computing, SAC '16, pages 604--611, 2016. <pub-id pub-id-type="doi" xlink:href="10.1145/2851613.2851716" assigning-authority="crossref">10.1145/2851613.2851716</pub-id> <pub-id pub-id-type="doi" xlink:href="10.1145/2851613.2851716" /></mixed-citation>
				</ref>
				<ref id="ref-00015">
				<mixed-citation>E. Kuligowski, R. Peacock, E. Wiess, and B. Hoskins. Stair evacuation of older adults and people with mobility impairments. Fire Safety Journal, 62:230--237, 2013.</mixed-citation>
				</ref>
				<ref id="ref-00016">
				<mixed-citation>B. Liu, Y. bao Liu, and X. chuan Wu. Software design principles of intelligent evacuation indication system. Procedia Engineering, 52:214--219, 2013. 2012 International Conference on Performance-based Fire and Fire Protection Engineering.</mixed-citation>
				</ref>
				<ref id="ref-00017">
				<mixed-citation>R. Manduchi and J. Coughlan. (Computer) vision without sight. Communications of the ACM, 55, 2012. <pub-id pub-id-type="doi" xlink:href="10.1145/2063176.2063200" assigning-authority="crossref">10.1145/2063176.2063200</pub-id> <pub-id pub-id-type="doi" xlink:href="10.1145/2063176.2063200" /></mixed-citation>
				</ref>
				<ref id="ref-00018">
				<mixed-citation>A. D. Mishler and M. B. Neider. Improving wayfinding for older users with selective attention deficits. Ergonomics in Design, 25(1):11--16, 2017.</mixed-citation>
				</ref>
				<ref id="ref-00019">
				<mixed-citation>A. Sagun, D. Bouchlaghem, and C. J. Anumba. Computer simulations vs. building guidance to enhance evacuation performance of buildings during emergency events. Simulation Modelling Practice and Theory, 19(3):1007--1019, 2011.</mixed-citation>
				</ref>
				<ref id="ref-00020">
				<mixed-citation>L. Shi, Q. Xie, X. Cheng, L. Chen, Y. Zhou, and R. Zhang. Developing a database for emergency evacuation model. Building and Environment, 44(8):1724--1729, 2009.</mixed-citation>
				</ref>
				<ref id="ref-00021">
				<mixed-citation>J. Xiong, K. Sundaresan, and K. Jamieson. ToneTrack: leveraging frequency-agile radios for time-based indoor wireless localization. In Proceedings of the 21st Annual International Conference on Mobile Computing and Networking, MobiCom '15, pages 537--549, 2015. <pub-id pub-id-type="doi" xlink:href="10.1145/2789168.2790125" assigning-authority="crossref">10.1145/2789168.2790125</pub-id> <pub-id pub-id-type="doi" xlink:href="10.1145/2789168.2790125" /></mixed-citation>
				</ref>
			</ref-list>
</back>
</book-part>
</book-part-wrapper>
