<?xml version="1.0" encoding="UTF-8"?>
<!DOCTYPE book-part-wrapper PUBLIC "-//NLM//DTD BITS Book Interchange DTD with OASIS and XHTML Tables v2.0 20151225//EN" "BITS-book-oasis2.dtd">
<book-part-wrapper xmlns:xlink="http://www.w3.org/1999/xlink" xmlns:mml="http://www.w3.org/1998/Math/MathML" xmlns:oasis="http://www.niso.org/standards/z39-96/ns/oasis-exchange/table" xmlns:xi="http://www.w3.org/2001/XInclude" xmlns:xsi="http://www.w3.org/2001/XMLSchema-instance" dtd-version="2.0" xml:lang="en" content-type="demonstration">
<collection-meta collection-type="book-series">
    <collection-id collection-id-type="doi">10.1145/acmotherconferences</collection-id>
    <title-group>
        <title>ACM Other Conferences</title>
    </title-group>
</collection-meta>
	<book-meta>
		<book-id book-id-type="acm-id">3315002</book-id>
		<book-id book-id-type="doi">10.1145/3315002</book-id>
		<book-title-group>
			<book-title>Proceedings of the 16th International Web for All Conference</book-title>
			<alt-title alt-title-type="acronym">W4A '19</alt-title>
		</book-title-group>
	</book-meta>
	<book-part xmlns:ali="http://www.niso.org/schemas/ali/1.0/" book-part-type="chapter" xml:lang="en">
		<book-part-meta>
			<book-part-id book-part-id-type="acm-id">3332444</book-part-id>
			<book-part-id book-part-id-type="doi">10.1145/3315002.3332444</book-part-id>
			<book-part-id book-part-id-type="article-no">13</book-part-id>
	<subj-group subj-group-type="qualifier-density">
		<compound-subject>
			<compound-subject-part content-type="code">research</compound-subject-part>
			<compound-subject-part content-type="text">Research</compound-subject-part>
		</compound-subject>
	</subj-group>
	<subj-group subj-group-type="qualifier-review_process">
		<compound-subject>
			<compound-subject-part content-type="code">refereed_limited</compound-subject-part>
			<compound-subject-part content-type="text">Refereed limited</compound-subject-part>
		</compound-subject>
	</subj-group>
	<subj-group subj-group-type="qualifier-editorial_treatment">
		<compound-subject>
			<compound-subject-part content-type="code">unedited</compound-subject-part>
			<compound-subject-part content-type="text">Un-edited</compound-subject-part>
		</compound-subject>
	</subj-group>
			<title-group>
				<title>Making Legacy Digital Content Accessible at Source</title>
			</title-group>
<contrib-group>
   <contrib contrib-type="author" id="artseq-00001">
       <contrib-id contrib-id-type="person_id" authenticated="false">P6916907</contrib-id><contrib-id contrib-id-type="profile_id" authenticated="false">99659458139</contrib-id>
       <name name-style="western">
           <surname>Chowdhary</surname>
           <given-names>Sankalan Pal</given-names>
       </name>
	<aff>IIT Delhi</aff><aff><institution-wrap><institution-id institution-id-type="profile_id">60032730</institution-id></institution-wrap></aff>
	<email>Sankalan.Pal.Chowdhury.cs116@cse.iitd.ac.in</email>
	<role>Author</role>
   </contrib>
   <contrib contrib-type="author" id="artseq-00002">
       <contrib-id contrib-id-type="person_id" authenticated="false">P6916908</contrib-id><contrib-id contrib-id-type="profile_id" authenticated="false">99659458734</contrib-id>
       <name name-style="western">
           <surname>Manocha</surname>
           <given-names>Dipendra</given-names>
       </name>
	<aff>Saksham Trust</aff>
	<email>dipendra@saksham.org</email>
	<role>Author</role>
   </contrib>
   <contrib contrib-type="author" id="artseq-00003">
       <contrib-id contrib-id-type="person_id" authenticated="false">P6916909</contrib-id><contrib-id contrib-id-type="profile_id" authenticated="false">81100503978</contrib-id>
       <name name-style="western">
           <surname>Balakrishnan</surname>
           <given-names>M.</given-names>
       </name>
	<aff>IIT Delhi</aff><aff><institution-wrap><institution-id institution-id-type="profile_id">60032730</institution-id></institution-wrap></aff>
	<email>mbala@cse.iitd.ac.in</email>
	<role>Author</role>
   </contrib>
   <contrib contrib-type="author" id="artseq-00004">
       <contrib-id contrib-id-type="person_id" authenticated="false">P6916910</contrib-id><contrib-id contrib-id-type="profile_id" authenticated="false">99659458602</contrib-id>
       <name name-style="western">
           <surname>Bansal</surname>
           <given-names>Akashdeep</given-names>
       </name>
	<aff>IIT Delhi</aff><aff><institution-wrap><institution-id institution-id-type="profile_id">60032730</institution-id></institution-wrap></aff>
	<email>akashdeep@cse.iitd.ac.in</email>
	<role>Author</role>
   </contrib>
   <contrib contrib-type="author" id="artseq-00005">
       <contrib-id contrib-id-type="person_id" authenticated="false">P6916911</contrib-id><contrib-id contrib-id-type="profile_id" authenticated="false">99659458442</contrib-id>
       <name name-style="western">
           <surname>Garg</surname>
           <given-names>Himanshu</given-names>
       </name>
	<aff>IIT Delhi</aff><aff><institution-wrap><institution-id institution-id-type="profile_id">60032730</institution-id></institution-wrap></aff>
	<email>himanshu.garg@cse.iitd.ac.in</email>
	<role>Author</role>
   </contrib>
</contrib-group>
   <pub-date date-type="publication">
   <day>13</day>
   <month>05</month>
   <year>2019</year>
   </pub-date>
				<fpage>1</fpage>
				<lpage>2</lpage>
		<permissions>
			<copyright-year>2019</copyright-year>
			<copyright-holder>Owner/Author</copyright-holder>
			<license license-type="rightsretained">
			<license-p>Permission to make digital or hard copies of part or all of this work for personal or classroom use is granted without fee provided that copies are not made or distributed for profit or commercial advantage and that copies bear this notice and the full citation on the first page. Copyrights for third-party components of this work must be honored. For all other uses, contact the Owner/Author.</license-p>
			</license>
		</permissions>
		<self-uri content-type="pdf" xlink:href="3315002.3332444.pdf" />
	<abstract>
		<p>Nearly three decades have passed since the Unicode standard was first published in 1991. A lot of electronically generated content is still locked inside legacy encodings. This can be attributed to lack of software support for Unicode at the time of content creation. The target output originally was print and this went on unnoticed. Later, to meet the growing demand for digital content, the same content in legacy encodings had to be exported to unsearchable PDF's/EPUB's. Conversion to Unicode has been a challenge because digital publishing applications cannot provide built in conversion support for the multitude of legacy encodings. Conversion tools, even where available, are external to the source application and require manual effort not only for text export/import but also for correcting errors in conversion and changes in document layout.</p> <p>We have tried to address this problem for Devanagari script where the digital publishing application is InDesign[1] or PageMaker and the textual content is in the form of text and not images. InDesign allows import of PageMaker documents and InDesign's scripting allows access and modification of the document content directly. The tools have been successfully used to convert legacy Devanagari content from 5 distinct legacy encodings in over 100 textbooks meant for K-12 schools in India.</p>
	</abstract>
		<custom-meta-group>
		    <custom-meta>
		        <meta-name>rightslink</meta-name>
		        <meta-value>excluded</meta-value>
		    </custom-meta>
		</custom-meta-group>
		</book-part-meta>
		
	<back>
<ref-list specific-use="unparsed">
				<ref id="ref-00001">
				<mixed-citation>Adobe InDesign, https://www.adobe.com/in/products/indesign.html</mixed-citation>
				</ref>
				<ref id="ref-00002">
				<mixed-citation>InDesign Font Converters, https://github.com/assistech-iitdelhi/InDesignFontConverters</mixed-citation>
				</ref>
				<ref id="ref-00003">
				<mixed-citation>Scripts sorted by categories for InDesign, http://kasyan.ho.com.ua/scripts_by_categories.html</mixed-citation>
				</ref>
				<ref id="ref-00004">
				<mixed-citation>Scientific &amp; Technical Hindi, https://sites.google.com/site/technicalhindi/home/converters</mixed-citation>
				</ref>
			</ref-list>
</back>
</book-part>
</book-part-wrapper>
