<?xml version="1.0" encoding="UTF-8"?>
<!DOCTYPE book-part-wrapper PUBLIC "-//NLM//DTD BITS Book Interchange DTD with OASIS and XHTML Tables v2.0 20151225//EN" "BITS-book-oasis2.dtd">
<book-part-wrapper xmlns:xlink="http://www.w3.org/1999/xlink" xmlns:mml="http://www.w3.org/1998/Math/MathML" xmlns:oasis="http://www.niso.org/standards/z39-96/ns/oasis-exchange/table" xmlns:xi="http://www.w3.org/2001/XInclude" xmlns:xsi="http://www.w3.org/2001/XMLSchema-instance" dtd-version="2.0" xml:lang="en" content-type="demonstration">
<collection-meta collection-type="book-series">
    <collection-id collection-id-type="doi">10.1145/acmotherconferences</collection-id>
    <title-group>
        <title>ACM Other Conferences</title>
    </title-group>
</collection-meta>
	<book-meta>
		<book-id book-id-type="acm-id">3315002</book-id>
		<book-id book-id-type="doi">10.1145/3315002</book-id>
		<book-title-group>
			<book-title>Proceedings of the 16th International Web for All Conference</book-title>
			<alt-title alt-title-type="acronym">W4A '19</alt-title>
		</book-title-group>
	</book-meta>
	<book-part xmlns:ali="http://www.niso.org/schemas/ali/1.0/" book-part-type="chapter" xml:lang="en">
		<book-part-meta>
			<book-part-id book-part-id-type="acm-id">3332445</book-part-id>
			<book-part-id book-part-id-type="doi">10.1145/3315002.3332445</book-part-id>
			<book-part-id book-part-id-type="article-no">14</book-part-id>
	<subj-group subj-group-type="ccs2012">
		<compound-subject>
			<compound-subject-part content-type="code">10003120.10011738.10011772</compound-subject-part>
			<compound-subject-part content-type="text">Human-centered computing~Accessibility~Accessibility theory, concepts and paradigms</compound-subject-part>
			<compound-subject-part content-type="weight">500</compound-subject-part>
		</compound-subject>
		<compound-subject>
			<compound-subject-part content-type="code">10003120.10003121.10003125.10010597</compound-subject-part>
			<compound-subject-part content-type="text">Human-centered computing~Human computer interaction (HCI)~Interaction devices~Sound-based input / output</compound-subject-part>
			<compound-subject-part content-type="weight">500</compound-subject-part>
		</compound-subject>
	</subj-group>
	<subj-group subj-group-type="qualifier-density">
		<compound-subject>
			<compound-subject-part content-type="code">research</compound-subject-part>
			<compound-subject-part content-type="text">Research</compound-subject-part>
		</compound-subject>
	</subj-group>
	<subj-group subj-group-type="qualifier-review_process">
		<compound-subject>
			<compound-subject-part content-type="code">refereed_limited</compound-subject-part>
			<compound-subject-part content-type="text">Refereed limited</compound-subject-part>
		</compound-subject>
	</subj-group>
	<subj-group subj-group-type="qualifier-editorial_treatment">
		<compound-subject>
			<compound-subject-part content-type="code">unedited</compound-subject-part>
			<compound-subject-part content-type="text">Un-edited</compound-subject-part>
		</compound-subject>
	</subj-group>
			<title-group>
				<title>Pushpak</title>
				<subtitle>Voice Command-based eBook Navigator</subtitle>
			</title-group>
<contrib-group>
   <contrib contrib-type="author" id="artseq-00001">
       <contrib-id contrib-id-type="person_id" authenticated="false">P6916912</contrib-id><contrib-id contrib-id-type="profile_id" authenticated="false">99659458202</contrib-id>
       <name name-style="western">
           <surname>Holani</surname>
           <given-names>Shradha</given-names>
       </name>
	<aff>Department of Computer Science, Indian Institute of Technology Delhi, India</aff><aff><institution-wrap><institution-id institution-id-type="profile_id">60032730</institution-id></institution-wrap></aff>
	<email>mcs172105@cse.iitd.ac.in</email>
	<role>Author</role>
   </contrib>
   <contrib contrib-type="author" id="artseq-00002">
       <contrib-id contrib-id-type="person_id" authenticated="false">P6916913</contrib-id><contrib-id contrib-id-type="profile_id" authenticated="false">99659458602</contrib-id>
       <name name-style="western">
           <surname>Bansal</surname>
           <given-names>Akashdeep</given-names>
       </name>
	<aff>AssisTech Lab, Indian Institute of Technology Delhi, India</aff><aff><institution-wrap><institution-id institution-id-type="profile_id">60032730</institution-id></institution-wrap></aff>
	<email>akashdeep@cse.iitd.ac.in</email>
	<role>Author</role>
   </contrib>
   <contrib contrib-type="author" id="artseq-00003">
       <contrib-id contrib-id-type="person_id" authenticated="false">P6916914</contrib-id><contrib-id contrib-id-type="profile_id" authenticated="false">81100503978</contrib-id>
       <name name-style="western">
           <surname>Balakrishnan</surname>
           <given-names>M</given-names>
       </name>
	<aff>AssisTech Lab, Indian Institute of Technology Delhi, India</aff><aff><institution-wrap><institution-id institution-id-type="profile_id">60032730</institution-id></institution-wrap></aff>
	<email>mbala@cse.iitd.ac.in</email>
	<role>Author</role>
   </contrib>
</contrib-group>
   <pub-date date-type="publication">
   <day>13</day>
   <month>05</month>
   <year>2019</year>
   </pub-date>
				<fpage>1</fpage>
				<lpage>2</lpage>
		<permissions>
			<copyright-year>2019</copyright-year>
			<copyright-holder>Owner/Author</copyright-holder>
			<license license-type="rightsretained">
			<license-p>Permission to make digital or hard copies of part or all of this work for personal or classroom use is granted without fee provided that copies are not made or distributed for profit or commercial advantage and that copies bear this notice and the full citation on the first page. Copyrights for third-party components of this work must be honored. For all other uses, contact the Owner/Author.</license-p>
			</license>
		</permissions>
		<self-uri content-type="pdf" xlink:href="3315002.3332445.pdf" />
	<abstract>
		<p>Effective utilization of screen reading software requires a user to remember various keystrokes/gestures. For beginners, this requirement increases the learning curve. This is even more challenging on touch screen devices due to limited possible gestures and lack of semantic intuition. In this project, we have implemented a voice command-based eBook navigator to address the challenge of the heavy learning curve, as voice command provides flexibility through the intent understanding module.</p>
	</abstract>
<kwd-group>
<kwd>Accessibility</kwd>
<kwd>Auditory Interface</kwd>
<kwd>Education</kwd>
<kwd>Persons with Visual Impairments</kwd>
<kwd>Touch-screen device</kwd>
</kwd-group>
		<custom-meta-group>
		    <custom-meta>
		        <meta-name>rightslink</meta-name>
		        <meta-value>excluded</meta-value>
		    </custom-meta>
		</custom-meta-group>
		</book-part-meta>
		
	<back>
<ref-list specific-use="unparsed">
				<ref id="ref-00001">
				<mixed-citation>V. Ashok, Y. Borodin, Y. Puzis, and I. Ramakrishnan. Captispeak: a speech-enabled web screen reader. In Proceedings of the 12th Web for All Conference, page 22. ACM, 2015. <pub-id pub-id-type="doi" xlink:href="10.1145/2745555.2746660" assigning-authority="crossref">10.1145/2745555.2746660</pub-id> <pub-id pub-id-type="doi" xlink:href="10.1145/2745555.2746660" /></mixed-citation>
				</ref>
				<ref id="ref-00002">
				<mixed-citation>X. Lei, A. Senior, A. Gruenstein, and J. Sorensen. Accurate and compact large vocabulary speech recognition on mobile devices. 2013.</mixed-citation>
				</ref>
				<ref id="ref-00003">
				<mixed-citation>Microsoft. Language understanding intelligent service LUIS. https://www.luis.ai/.</mixed-citation>
				</ref>
				<ref id="ref-00004">
				<mixed-citation>NVAccess. DictationBridge -- NVDA Add-On. https://github.com/dictationbridge.</mixed-citation>
				</ref>
				<ref id="ref-00005">
				<mixed-citation>Y. Zhong, T. Raman, C. Burkhardt, F. Biadsy, and J. P. Bigham. Justspeak: enabling universal voice control on android. In Proceedings of the 11th Web for All Conference, page 36. ACM, 2014. <pub-id pub-id-type="doi" xlink:href="10.1145/2596695.2596720" assigning-authority="crossref">10.1145/2596695.2596720</pub-id> <pub-id pub-id-type="doi" xlink:href="10.1145/2596695.2596720" /></mixed-citation>
				</ref>
			</ref-list>
</back>
</book-part>
</book-part-wrapper>
