<?xml version="1.0" encoding="UTF-8"?>
<!DOCTYPE book-part-wrapper PUBLIC "-//NLM//DTD BITS Book Interchange DTD with OASIS and XHTML Tables v2.0 20151225//EN" "BITS-book-oasis2.dtd">
<book-part-wrapper xmlns:xlink="http://www.w3.org/1999/xlink" xmlns:mml="http://www.w3.org/1998/Math/MathML" xmlns:oasis="http://www.niso.org/standards/z39-96/ns/oasis-exchange/table" xmlns:xi="http://www.w3.org/2001/XInclude" xmlns:xsi="http://www.w3.org/2001/XMLSchema-instance" dtd-version="2.0" xml:lang="en" content-type="research-article">
<collection-meta collection-type="book-series">
    <collection-id collection-id-type="doi">10.1145/acmotherconferences</collection-id>
    <title-group>
        <title>ACM Other Conferences</title>
    </title-group>
</collection-meta>
	<book-meta>
		<book-id book-id-type="acm-id">3315002</book-id>
		<book-id book-id-type="doi">10.1145/3315002</book-id>
		<book-title-group>
			<book-title>Proceedings of the 16th International Web for All Conference</book-title>
			<alt-title alt-title-type="acronym">W4A '19</alt-title>
		</book-title-group>
	</book-meta>
	<book-part xmlns:ali="http://www.niso.org/schemas/ali/1.0/" book-part-type="chapter" xml:lang="en">
		<book-part-meta>
			<book-part-id book-part-id-type="acm-id">3317561</book-part-id>
			<book-part-id book-part-id-type="doi">10.1145/3315002.3317561</book-part-id>
			<book-part-id book-part-id-type="article-no">31</book-part-id>
	<subj-group subj-group-type="ccs2012">
		<compound-subject>
			<compound-subject-part content-type="code">10003120.10011738.10011775</compound-subject-part>
			<compound-subject-part content-type="text">Human-centered computing~Accessibility~Accessibility technologies</compound-subject-part>
			<compound-subject-part content-type="weight">500</compound-subject-part>
		</compound-subject>
		<compound-subject>
			<compound-subject-part content-type="code">10003120.10003121.10003122.10003334</compound-subject-part>
			<compound-subject-part content-type="text">Human-centered computing~Human computer interaction (HCI)~HCI design and evaluation methods~User studies</compound-subject-part>
			<compound-subject-part content-type="weight">500</compound-subject-part>
		</compound-subject>
		<compound-subject>
			<compound-subject-part content-type="code">10010520.10010553.10003238</compound-subject-part>
			<compound-subject-part content-type="text">Computer systems organization~Embedded and cyber-physical systems~Sensor networks</compound-subject-part>
			<compound-subject-part content-type="weight">500</compound-subject-part>
		</compound-subject>
		<compound-subject>
			<compound-subject-part content-type="code">10002951.10003227.10003236.10003101</compound-subject-part>
			<compound-subject-part content-type="text">Information systems~Information systems applications~Spatial-temporal systems~Location based services</compound-subject-part>
			<compound-subject-part content-type="weight">500</compound-subject-part>
		</compound-subject>
		<compound-subject>
			<compound-subject-part content-type="code">10003456.10010927.10003616</compound-subject-part>
			<compound-subject-part content-type="text">Social and professional topics~User characteristics~People with disabilities</compound-subject-part>
			<compound-subject-part content-type="weight">500</compound-subject-part>
		</compound-subject>
	</subj-group>
	<subj-group subj-group-type="qualifier-density">
		<compound-subject>
			<compound-subject-part content-type="code">research</compound-subject-part>
			<compound-subject-part content-type="text">Research</compound-subject-part>
		</compound-subject>
	</subj-group>
	<subj-group subj-group-type="qualifier-review_process">
		<compound-subject>
			<compound-subject-part content-type="code">refereed_limited</compound-subject-part>
			<compound-subject-part content-type="text">Refereed limited</compound-subject-part>
		</compound-subject>
	</subj-group>
	<subj-group subj-group-type="qualifier-editorial_treatment">
		<compound-subject>
			<compound-subject-part content-type="code">unedited</compound-subject-part>
			<compound-subject-part content-type="text">Un-edited</compound-subject-part>
		</compound-subject>
	</subj-group>
			<title-group>
				<title>Impact of Expertise on Interaction Preferences for Navigation Assistance of Visually Impaired Individuals</title>
			</title-group>
<contrib-group>
   <contrib contrib-type="author" id="artseq-00001">
       <contrib-id contrib-id-type="person_id" authenticated="false">P6916965</contrib-id><contrib-id contrib-id-type="profile_id" authenticated="false">81488672853</contrib-id>
       <name name-style="western">
           <surname>Ahmetovic</surname>
           <given-names>Dragan</given-names>
       </name>
	<aff>Università degli Studi di Torino, Dipartimento di Matematica</aff><aff><institution-wrap><institution-id institution-id-type="profile_id">60012259</institution-id></institution-wrap></aff>
	<email>dragan.ahmetovic@unito.it</email>
	<role>Author</role>
   </contrib>
   <contrib contrib-type="author" id="artseq-00002">
       <contrib-id contrib-id-type="person_id" authenticated="false">P6916966</contrib-id><contrib-id contrib-id-type="profile_id" authenticated="false">81467649970</contrib-id>
       <name name-style="western">
           <surname>Guerreiro</surname>
           <given-names>João</given-names>
       </name>
	<aff>Carnegie Mellon University, Robotics Institute</aff><aff><institution-wrap><institution-id institution-id-type="profile_id">60027950</institution-id></institution-wrap></aff>
	<email>jpvguerreiro@cmu.edu</email>
	<role>Author</role>
   </contrib>
   <contrib contrib-type="author" id="artseq-00003">
       <contrib-id contrib-id-type="person_id" authenticated="false">P6916967</contrib-id><contrib-id contrib-id-type="profile_id" authenticated="false">81549452156</contrib-id>
       <name name-style="western">
           <surname>Ohn-Bar</surname>
           <given-names>Eshed</given-names>
       </name>
	<aff>Max Planck Institute for Intelligent Systems</aff><aff><institution-wrap><institution-id institution-id-type="profile_id">60030569</institution-id></institution-wrap></aff>
	<email>eohn-bar@tuebingen.mpg.de</email>
	<role>Author</role>
   </contrib>
   <contrib contrib-type="author" id="artseq-00004">
       <contrib-id contrib-id-type="person_id" authenticated="false">P6916968</contrib-id><contrib-id contrib-id-type="profile_id" authenticated="false">81331496187</contrib-id>
       <name name-style="western">
           <surname>Kitani</surname>
           <given-names>Kris M.</given-names>
       </name>
	<aff>Carnegie Mellon University, Robotics Institute</aff><aff><institution-wrap><institution-id institution-id-type="profile_id">60027950</institution-id></institution-wrap></aff>
	<email>kkitani@cs.cmu.edu</email>
	<role>Author</role>
   </contrib>
   <contrib contrib-type="author" id="artseq-00005">
       <contrib-id contrib-id-type="person_id" authenticated="false">P6916969</contrib-id><contrib-id contrib-id-type="profile_id" authenticated="false">81100044475</contrib-id>
       <name name-style="western">
           <surname>Asakawa</surname>
           <given-names>Chieko</given-names>
       </name>
	<aff>Carnegie Mellon University, Robotics Institute</aff><aff><institution-wrap><institution-id institution-id-type="profile_id">60027950</institution-id></institution-wrap></aff>
	<email>chiekoa@cs.cmu.edu</email>
	<role>Author</role>
   </contrib>
</contrib-group>
   <pub-date date-type="publication">
   <day>13</day>
   <month>05</month>
   <year>2019</year>
   </pub-date>
				<fpage>1</fpage>
				<lpage>9</lpage>
		<permissions>
			<copyright-year>2019</copyright-year>
			<copyright-holder>ACM</copyright-holder>
			<license license-type="acmlicensed">
			<license-p>Permission to make digital or hard copies of all or part of this work for personal or classroom use is granted without fee provided that copies are not made or distributed for profit or commercial advantage and that copies bear this notice and the full citation on the first page. Copyrights for components of this work owned by others than the author(s) must be honored. Abstracting with credit is permitted. To copy otherwise, or republish, to post on servers or to redistribute to lists, requires prior specific permission and/or a fee. Request permissions from Permissions@acm.org.</license-p>
			</license>
		</permissions>
		<self-uri content-type="pdf" xlink:href="3315002.3317561.pdf" />
	<abstract>
		<p>Navigation assistive technologies have been designed to support individuals with visual impairments during independent mobility by providing sensory augmentation and contextual awareness of their surroundings. Such information is habitually provided through predefned audio-haptic interaction paradigms. However, individual capabilities, preferences and behavior of people with visual impairments are heterogeneous, and may change due to experience, context and necessity. Therefore, the circumstances and modalities for providing navigation assistance need to be personalized to different users, and through time for each user.</p> <p>We conduct a study with 13 blind participants to explore how the desirability of messages provided during assisted navigation varies based on users' navigation preferences and expertise. The participants are guided through two different routes, one without prior knowledge and one previously studied and traversed. The guidance is provided through turn-by-turn instructions, enriched with contextual information about the environment. During navigation and follow-up interviews, we uncover that participants have diversifed needs for navigation instructions based on their abilities and preferences. Our study motivates the design of future navigation systems capable of verbosity level personalization in order to keep the users engaged in the current situational context while minimizing distractions.</p>
	</abstract>
<kwd-group>
<kwd>Personalized Navigation Assistance</kwd>
<kwd>Turn-by-turn Navigation</kwd>
<kwd>User Preferences</kwd>
<kwd>Visual Impairments and Blindness</kwd>
</kwd-group>
		</book-part-meta>
		
	<back>
<ref-list specific-use="unparsed">
				<ref id="ref-00001">
				<mixed-citation>Dragan Ahmetovic, Federico Avanzini, Adriano Baraté, Cristian Bernareggi, Gabriele Galimberti, Luca A Ludovico, Sergio Mascetti, and Giorgio Presti. 2018. Sonifcation of Pathways for People with Visual Impairments. In Proceedings of the 20th International ACM SIGACCESS Conference on Computers and Accessibility. ACM, 379--381. <pub-id pub-id-type="doi" xlink:href="10.1145/3234695.3241005" assigning-authority="crossref">10.1145/3234695.3241005</pub-id> <pub-id pub-id-type="doi" xlink:href="10.1145/3234695.3241005" /></mixed-citation>
				</ref>
				<ref id="ref-00002">
				<mixed-citation>Dragan Ahmetovic, Federico Avanzini, Adriano Baraté, Cristian Bernareggi, Gabriele Galimberti, Luca A Ludovico, Sergio Mascetti, and Giorgio Presti. 2019. Sonifcation of Rotation Instructions to Support Navigation of People with Visual Impairment. In IEEE International Conference on Pervasive Computing and Communications (PerCom). ACM.</mixed-citation>
				</ref>
				<ref id="ref-00003">
				<mixed-citation>Dragan Ahmetovic, Roberto Manduchi, James M Coughlan, and Sergio Mascetti. 2017. Mind your crossings: Mining GIS imagery for crosswalk localization, 11.</mixed-citation>
				</ref>
				<ref id="ref-00004">
				<mixed-citation>Dragan Ahmetovic, Uran Oh, Sergio Mascetti, and Chieko Asakawa. 2018. Turn Right: Analysis of Rotation Errors in Turn-by-Turn Navigation for Individuals with Visual Impairments. In Proceedings of the 20th International ACM SIGACCESS Conference on Computers and Accessibility. ACM, 333--339. <pub-id pub-id-type="doi" xlink:href="10.1145/3234695.3236363" assigning-authority="crossref">10.1145/3234695.3236363</pub-id> <pub-id pub-id-type="doi" xlink:href="10.1145/3234695.3236363" /></mixed-citation>
				</ref>
				<ref id="ref-00005">
				<mixed-citation>BlindSquare. 2018. BlindSquare iOS Application. (2018). Retrieved in January, 2019 from http://blindsquare.com/.</mixed-citation>
				</ref>
				<ref id="ref-00006">
				<mixed-citation>Jeffrey R Blum, Mathieu Bouchard, and Jeremy R Cooperstock. 2011. What's around me? Spatialized audio augmented reality for blind users with a smartphone. In International Conference on Mobile and Ubiquitous Systems: Computing, Networking, and Services. Springer, 49--62.</mixed-citation>
				</ref>
				<ref id="ref-00007">
				<mixed-citation>Stacy M. Branham, Ali Abdolrahmani, William Easley, Morgan Scheuerman, Erick Ronquillo, and Amy Hurst. 2017. "Is Someone There? Do They Have a Gun": How Visual Information About Others Can Improve Personal Safety Management for Blind Individuals. In Proceedings of the 19th International ACM SIGACCESS Conference on Computers and Accessibility (ASSETS '17). ACM, New York, NY, USA, 260--269. <pub-id pub-id-type="doi" xlink:href="10.1145/3132525.3132534" assigning-authority="crossref">10.1145/3132525.3132534</pub-id> <pub-id pub-id-type="doi" xlink:href="10.1145/3132525.3132534" /></mixed-citation>
				</ref>
				<ref id="ref-00008">
				<mixed-citation>Michael Brock and Per Ola Kristensson. 2013. Supporting blind navigation using depth sensing and sonification. In Proc. ACM International Joint Conference on Pervasive and ubiquitous computing adjunct publication (UbiComp '13). ACM, 255--258. <pub-id pub-id-type="doi" xlink:href="10.1145/2494091.2494173" assigning-authority="crossref">10.1145/2494091.2494173</pub-id> <pub-id pub-id-type="doi" xlink:href="10.1145/2494091.2494173" /></mixed-citation>
				</ref>
				<ref id="ref-00009">
				<mixed-citation>Akansel Cosgun, E Akin Sisbot, and Henrik I Christensen. 2014. Evaluation of rotational and directional vibration patterns on a tactile belt for guiding visually impaired people. In Haptics Symposium (HAPTICS). IEEE, 367--370.</mixed-citation>
				</ref>
				<ref id="ref-00010">
				<mixed-citation>James Coughlan and Roberto Manduchi. 2009. Functional assessment of a camera phone-based wayfinding system operated by blind and visually impaired users, 379--397.</mixed-citation>
				</ref>
				<ref id="ref-00011">
				<mixed-citation>Dimitrios Dakopoulos and Nikolaos G Bourbakis. 2010. Wearable obstacle avoidance electronic travel aids for blind: a survey, 25--35. <pub-id pub-id-type="doi" xlink:href="10.1109/TSMCC.2009.2021255" assigning-authority="crossref">10.1109/TSMCC.2009.2021255</pub-id> <pub-id pub-id-type="doi" xlink:href="10.1109/TSMCC.2009.2021255" /></mixed-citation>
				</ref>
				<ref id="ref-00012">
				<mixed-citation>Leicester W Farmer. 1977. Mobility devices., 47--118.</mixed-citation>
				</ref>
				<ref id="ref-00013">
				<mixed-citation>Ronald A Fisher. 1922. On the interpretation of χ 2 from contingency tables, and the calculation of P, 87--94.</mixed-citation>
				</ref>
				<ref id="ref-00014">
				<mixed-citation>Reginald G Golledge, Roberta L Klatzky, and Jack M Loomis. 1996. Cognitive mapping and wayfinding by adults without vision. In The construction of cognitive maps. Springer, 215--246.</mixed-citation>
				</ref>
				<ref id="ref-00015">
				<mixed-citation>João Guerreiro, Dragan Ahmetovic, Kris M Kitani, and Chieko Asakawa. 2017. Virtual navigation for blind people: Building sequential representations of the real-world. In Proceedings of the 19th International ACM SIGACCESS Conference on Computers and Accessibility. ACM, 280--289. <pub-id pub-id-type="doi" xlink:href="10.1145/3132525.3132545" assigning-authority="crossref">10.1145/3132525.3132545</pub-id> <pub-id pub-id-type="doi" xlink:href="10.1145/3132525.3132545" /></mixed-citation>
				</ref>
				<ref id="ref-00016">
				<mixed-citation>João Guerreiro, Dragan Ahmetovic, Daisuke Sato, Kris Kitani, and Chieko Asakawa. 2019. Airport Accessibility and Navigation Assistance for People with Visual Impairments. In Proceedings of the 2019 CHI Conference on Human Factors in Computing Systems (CHI '19). <pub-id pub-id-type="doi" xlink:href="10.1145/3290605.3300246" assigning-authority="crossref">10.1145/3290605.3300246</pub-id> <pub-id pub-id-type="doi" xlink:href="10.1145/3290605.3300246" /></mixed-citation>
				</ref>
				<ref id="ref-00017">
				<mixed-citation>João Guerreiro, Eshed Ohn-Bar, Dragan Ahmetovic, Kris Kitani, and Chieko Asakawa. 2018. How Context and User Behavior Affect Indoor Navigation Assistance for Blind People.</mixed-citation>
				</ref>
				<ref id="ref-00018">
				<mixed-citation>Hideyuki Iwahashi. 1983. Toward white wave - Story of Seiichi Miyake (in Japanese). Traffic Safety Research Center.</mixed-citation>
				</ref>
				<ref id="ref-00019">
				<mixed-citation>Hernisa Kacorri, Sergio Mascetti, Andrea Gerino, Dragan Ahmetovic, Valeria Alampi, Hironobu Takagi, and Chieko Asakawa. 2018a. Insights on Assistive Orientation and Mobility of People with Visual Impairment Based on Large-Scale Longitudinal Data.</mixed-citation>
				</ref>
				<ref id="ref-00020">
				<mixed-citation>Hernisa Kacorri, Eshed Ohn-Bar, Kris M Kitani, and Chieko Asakawa. 2018b. Environmental Factors in Indoor Navigation Based on Real-World Trajectories of Blind Users. In Proceedings of the 2018 CHI Conference on Human Factors in Computing Systems. ACM, 56. <pub-id pub-id-type="doi" xlink:href="10.1145/3173574.3173630" assigning-authority="crossref">10.1145/3173574.3173630</pub-id> <pub-id pub-id-type="doi" xlink:href="10.1145/3173574.3173630" /></mixed-citation>
				</ref>
				<ref id="ref-00021">
				<mixed-citation>Slim Kammoun, Christophe Jouffrais, Tiago Guerreiro, Hugo Nicolau, and Joaquim Jorge. 2012. Guiding blind people with haptic feedback.</mixed-citation>
				</ref>
				<ref id="ref-00022">
				<mixed-citation>Leslie Kay. 1964. An ultrasonic sensing probe as a mobility aid for the blind, 53--59.</mixed-citation>
				</ref>
				<ref id="ref-00023">
				<mixed-citation>Seita Kayukawa, Keita Higuchi, João Guerreiro, Shigeo Morishima, Yoichi Sato, Kris Kitani, and Chieko Asakawa. 2019. BBeep: A Sonic Collision Avoidance System for Blind Travellers and Nearby Pedestrians. In Proceedings of the 2019 CHI Conference on Human Factors in Computing Systems (CHI '19). ACM. <pub-id pub-id-type="doi" xlink:href="10.1145/3290605.3300282" assigning-authority="crossref">10.1145/3290605.3300282</pub-id> <pub-id pub-id-type="doi" xlink:href="10.1145/3290605.3300282" /></mixed-citation>
				</ref>
				<ref id="ref-00024">
				<mixed-citation>Robert M Kitchin. 1994. Cognitive maps: What are they and why study them?, 1--19.</mixed-citation>
				</ref>
				<ref id="ref-00025">
				<mixed-citation>Gordon E Legge, Paul J Beckmann, Bosco S Tjan, Gary Havey, Kevin Kramer, David Rolkosky, Rachel Gage, Muzi Chen, Sravan Puchakayala, and Aravindhan Rangarajan. 2013. Indoor navigation by people with visual impairment using a digital sign system, e76783.</mixed-citation>
				</ref>
				<ref id="ref-00026">
				<mixed-citation>Roberto Manduchi and Sri Kurniawan. 2011. Mobility-related accidents experienced by people with visual impairment, 44--54.</mixed-citation>
				</ref>
				<ref id="ref-00027">
				<mixed-citation>Sergio Mascetti, Dragan Ahmetovic, Andrea Gerino, and Cristian Bernareggi. 2016a. ZebraRecognizer: pedestrian crossing recognition for people with visual impairment or blindness, 405--419. <pub-id pub-id-type="doi" xlink:href="10.1016/j.patcog.2016.05.002" assigning-authority="crossref">10.1016/j.patcog.2016.05.002</pub-id> <pub-id pub-id-type="doi" xlink:href="10.1016/j.patcog.2016.05.002" /></mixed-citation>
				</ref>
				<ref id="ref-00028">
				<mixed-citation>Sergio Mascetti, Dragan Ahmetovic, Andrea Gerino, Cristian Bernareggi, Mario Busso, and Alessandro Rizzi. 2016b. Robust traffic lights detection on mobile devices for pedestrians with visual impairment, 123--135. <pub-id pub-id-type="doi" xlink:href="10.5555/2951132.2951424" /></mixed-citation>
				</ref>
				<ref id="ref-00029">
				<mixed-citation>Andrew J May, Tracy Ross, Steven H Bayer, and Mikko J Tarkiainen. 2003. Pedestrian navigation aids: information requirements and design implications, 331--338. <pub-id pub-id-type="doi" xlink:href="10.1007/s00779-003-0248-5" assigning-authority="crossref">10.1007/s00779-003-0248-5</pub-id> <pub-id pub-id-type="doi" xlink:href="10.1007/s00779-003-0248-5" /></mixed-citation>
				</ref>
				<ref id="ref-00030">
				<mixed-citation>Mei Miao, Martin Spindler, and Gerhard Weber. 2011. Requirements of indoor navigation system from blind users. In Symposium of the Austrian HCI and Usability Engineering Group. Springer, 673--679. <pub-id pub-id-type="doi" xlink:href="10.1007/978-3-642-25364-5_48" assigning-authority="crossref">10.1007/978-3-642-25364-5_48</pub-id> <pub-id pub-id-type="doi" xlink:href="10.1007/978-3-642-25364-5_48" /></mixed-citation>
				</ref>
				<ref id="ref-00031">
				<mixed-citation>Kyle Montague. 2010. Accessible indoor navigation. In Proceedings of the 12th international ACM SIGACCESS conference on Computers and accessibility. ACM, 305--306. <pub-id pub-id-type="doi" xlink:href="10.1145/1878803.1878884" assigning-authority="crossref">10.1145/1878803.1878884</pub-id> <pub-id pub-id-type="doi" xlink:href="10.1145/1878803.1878884" /></mixed-citation>
				</ref>
				<ref id="ref-00032">
				<mixed-citation>Masayuki Murata, Dragan Ahmetovic, Daisuke Sato, Hironobu Takagi, Kris M. Kitani, and Chieko Asakawa. 2018. Smartphone-based Indoor Localization for Blind Navigation across Building Complexes. In IEEE International Conference on Pervasive Computing and Communications (PerCom).</mixed-citation>
				</ref>
				<ref id="ref-00033">
				<mixed-citation>Hugo Nicolau, Joaquim Jorge, and Tiago Guerreiro. 2009. Blobby: how to guide a blind person. In CHI'09 Extended Abstracts on Human Factors in Computing Systems. ACM, 3601--3606. <pub-id pub-id-type="doi" xlink:href="10.1145/1520340.1520541" assigning-authority="crossref">10.1145/1520340.1520541</pub-id> <pub-id pub-id-type="doi" xlink:href="10.1145/1520340.1520541" /></mixed-citation>
				</ref>
				<ref id="ref-00034">
				<mixed-citation>Eshed Ohn-Bar, João Guerreiro, Dragan Ahmetovic, Kris Kitani, and Chieko Asakawa. 2018. Modeling Expertise in Assistive Navigation Interfaces for Blind People. In ACM Conference on Intelligent User Interfaces. <pub-id pub-id-type="doi" xlink:href="10.1145/3172944.3173008" assigning-authority="crossref">10.1145/3172944.3173008</pub-id> <pub-id pub-id-type="doi" xlink:href="10.1145/3172944.3173008" /></mixed-citation>
				</ref>
				<ref id="ref-00035">
				<mixed-citation>Eshed OhnBar, Kris Kitani, and Chieko Asakawa. 2018. Personalized dynamics models for adaptive assistive navigation systems. In Conference on Robot Learning. 16--39.</mixed-citation>
				</ref>
				<ref id="ref-00036">
				<mixed-citation>Karl Pearson. 1895. Note on regression and inheritance in the case of two parents, 240--242.</mixed-citation>
				</ref>
				<ref id="ref-00037">
				<mixed-citation>J. Eduardo Pérez, Myriam Arrue, Masatomo Kobayashi, Hironobu Takagi, and Chieko Asakawa. 2017. Assessment of Semantic Taxonomies for Blind Indoor Navigation Based on a Shopping Center Use Case. In International Cross-Disciplinary Conference on Web Accessibility (W4A). ACM, 19. <pub-id pub-id-type="doi" xlink:href="10.1145/3058555.3058575" assigning-authority="crossref">10.1145/3058555.3058575</pub-id> <pub-id pub-id-type="doi" xlink:href="10.1145/3058555.3058575" /></mixed-citation>
				</ref>
				<ref id="ref-00038">
				<mixed-citation>James W Perry, Allen Kent, and Madeline M Berry. 1955. Machine literature searching x. machine language; factors underlying its design and development, 242--254.</mixed-citation>
				</ref>
				<ref id="ref-00039">
				<mixed-citation>Torben Poulsen. 1982. Acoustic traffic signal for blind pedestrians, 363--376.</mixed-citation>
				</ref>
				<ref id="ref-00040">
				<mixed-citation>Pablo-Alejandro Quinones, Tammy Greene, Rayoung Yang, and Mark Newman. 2011. Supporting visually impaired navigation: a needs-finding study. In CHI' 11 Extended Abstracts on Human Factors in Computing Systems. ACM, 1645--1650. <pub-id pub-id-type="doi" xlink:href="10.1145/1979742.1979822" assigning-authority="crossref">10.1145/1979742.1979822</pub-id> <pub-id pub-id-type="doi" xlink:href="10.1145/1979742.1979822" /></mixed-citation>
				</ref>
				<ref id="ref-00041">
				<mixed-citation>Daisuke Sato, Uran Oh, Kakuya Naito, Hironobu Takagi, Kris Kitani, and Chieko Asakawa. 2017. NavCog3: An Evaluation of a Smartphone-Based Blind Indoor Navigation Assistant with Semantic Features in a Large-Scale Environment. In Proceedings of the 19th International ACM SIGACCESS Conference on Computers and Accessibility. ACM, 10. <pub-id pub-id-type="doi" xlink:href="10.1145/3132525.3132535" assigning-authority="crossref">10.1145/3132525.3132535</pub-id> <pub-id pub-id-type="doi" xlink:href="10.1145/3132525.3132535" /></mixed-citation>
				</ref>
				<ref id="ref-00042">
				<mixed-citation>S Scheggi, A Talarico, and D Prattichizzo. 2014. A remote guidance system for blind and visually impaired people via vibrotactile haptic feedback. In Control and automation (med), 2014 22nd mediterranean conference of. IEEE, 20--23.</mixed-citation>
				</ref>
				<ref id="ref-00043">
				<mixed-citation>Morgan Klaus Scheuerman, William Easley, Ali Abdolrahmani, Amy Hurst, and Stacy Branham. 2017. Learning the Language: The Importance of Studying Written Directions in Designing Navigational Technologies for the Blind. In Proceedings of the 2017 CHI Conference Extended Abstracts on Human Factors in Computing Systems (CHI EA '17). ACM, New York, NY, USA, 2922--2928. <pub-id pub-id-type="doi" xlink:href="10.1145/3027063.3053260" assigning-authority="crossref">10.1145/3027063.3053260</pub-id> <pub-id pub-id-type="doi" xlink:href="10.1145/3027063.3053260" /></mixed-citation>
				</ref>
				<ref id="ref-00044">
				<mixed-citation>Barry M Seemungal, Stefan Glasauer, Michael A Gresty, and Adolfo M Bronstein. 2007. Vestibular perception and navigation in the congenitally blind, 4341--4356.</mixed-citation>
				</ref>
				<ref id="ref-00045">
				<mixed-citation>Simon Ungar. 2000. Cognitive mapping without visual experience.</mixed-citation>
				</ref>
				<ref id="ref-00046">
				<mixed-citation>Wayfindr. 2017. Open Standard for audio-based wayfinding: Version 1.1. (2017). Retrieved in January, 2019 from https://www.wayfindr.net/wp-content/uploads/2017/12/Wayfindr-Open-Standard-Rec-1.1.pdf.</mixed-citation>
				</ref>
				<ref id="ref-00047">
				<mixed-citation>William R Wiener, Richard L Welsh, and Bruce B Blasch. 2010. Foundations of orientation and mobility. American Foundation for the Blind.</mixed-citation>
				</ref>
				<ref id="ref-00048">
				<mixed-citation>Michele A Williams, Caroline Galbraith, Shaun K Kane, and Amy Hurst. 2014. Just let the cane hit it: how the blind and sighted see navigation differently. In Proceedings of the 16th international ACM SIGACCESS conference on Computers &amp; accessibility. ACM, 217--224. <pub-id pub-id-type="doi" xlink:href="10.1145/2661334.2661380" assigning-authority="crossref">10.1145/2661334.2661380</pub-id> <pub-id pub-id-type="doi" xlink:href="10.1145/2661334.2661380" /></mixed-citation>
				</ref>
				<ref id="ref-00049">
				<mixed-citation>Scooter Willis and Sumi Helal. 2005. RFID information grid for blind navigation and wayfinding. In Wearable Computers, 2005. Proceedings. Ninth IEEE International Symposium on. IEEE, 34--37. <pub-id pub-id-type="doi" xlink:href="10.1109/ISWC.2005.46" assigning-authority="crossref">10.1109/ISWC.2005.46</pub-id> <pub-id pub-id-type="doi" xlink:href="10.1109/ISWC.2005.46" /></mixed-citation>
				</ref>
				<ref id="ref-00050">
				<mixed-citation>Koji Yatani, Nikola Banovic, and Khai Truong. 2012. SpaceSense: representing geographical information to visually impaired people using spatial tactile feedback. In Proceedings of the SIGCHI Conference on Human Factors in Computing Systems. ACM, 415--424. <pub-id pub-id-type="doi" xlink:href="10.1145/2207676.2207734" assigning-authority="crossref">10.1145/2207676.2207734</pub-id> <pub-id pub-id-type="doi" xlink:href="10.1145/2207676.2207734" /></mixed-citation>
				</ref>
				<ref id="ref-00051">
				<mixed-citation>Limin Zeng, Markus Simros, and Gerhard Weber. 2017. Camera-based mobile electronic travel aids support for cognitive mapping of unknown spaces. In Proceedings of the 19th International Conference on Human-Computer Interaction with Mobile Devices and Services (MobileHCI '17). ACM, 8. <pub-id pub-id-type="doi" xlink:href="10.1145/3098279.3098563" assigning-authority="crossref">10.1145/3098279.3098563</pub-id> <pub-id pub-id-type="doi" xlink:href="10.1145/3098279.3098563" /></mixed-citation>
				</ref>
			</ref-list>
</back>
</book-part>
</book-part-wrapper>
