<?xml version="1.0" encoding="UTF-8"?>
<!DOCTYPE book-part-wrapper PUBLIC "-//NLM//DTD BITS Book Interchange DTD with OASIS and XHTML Tables v2.0 20151225//EN" "BITS-book-oasis2.dtd">
<book-part-wrapper xmlns:xlink="http://www.w3.org/1999/xlink" xmlns:mml="http://www.w3.org/1998/Math/MathML" xmlns:oasis="http://www.niso.org/standards/z39-96/ns/oasis-exchange/table" xmlns:xi="http://www.w3.org/2001/XInclude" xmlns:xsi="http://www.w3.org/2001/XMLSchema-instance" dtd-version="2.0" xml:lang="en" content-type="keynote">
<collection-meta collection-type="book-series">
    <collection-id collection-id-type="doi">10.1145/acmotherconferences</collection-id>
    <title-group>
        <title>ACM Other Conferences</title>
    </title-group>
</collection-meta>
	<book-meta>
		<book-id book-id-type="acm-id">3315002</book-id>
		<book-id book-id-type="doi">10.1145/3315002</book-id>
		<book-title-group>
			<book-title>Proceedings of the 16th International Web for All Conference</book-title>
			<alt-title alt-title-type="acronym">W4A '19</alt-title>
		</book-title-group>
	</book-meta>
	<book-part xmlns:ali="http://www.niso.org/schemas/ali/1.0/" book-part-type="chapter" xml:lang="en">
		<book-part-meta>
			<book-part-id book-part-id-type="acm-id">3332429</book-part-id>
			<book-part-id book-part-id-type="doi">10.1145/3315002.3332429</book-part-id>
			<book-part-id book-part-id-type="article-no">1</book-part-id>
	<subj-group subj-group-type="ccs2012">
		<compound-subject>
			<compound-subject-part content-type="code">10002944.10011123</compound-subject-part>
			<compound-subject-part content-type="text">General and reference~Cross-computing tools and techniques</compound-subject-part>
			<compound-subject-part content-type="weight">500</compound-subject-part>
		</compound-subject>
		<compound-subject>
			<compound-subject-part content-type="code">10003120.10003121.10003126</compound-subject-part>
			<compound-subject-part content-type="text">Human-centered computing~Human computer interaction (HCI)~HCI theory, concepts and models</compound-subject-part>
			<compound-subject-part content-type="weight">500</compound-subject-part>
		</compound-subject>
		<compound-subject>
			<compound-subject-part content-type="code">10002944.10011123.10011673</compound-subject-part>
			<compound-subject-part content-type="text">General and reference~Cross-computing tools and techniques~Design</compound-subject-part>
			<compound-subject-part content-type="weight">500</compound-subject-part>
		</compound-subject>
	</subj-group>
	<subj-group subj-group-type="qualifier-density">
		<compound-subject>
			<compound-subject-part content-type="code">research</compound-subject-part>
			<compound-subject-part content-type="text">Research</compound-subject-part>
		</compound-subject>
	</subj-group>
	<subj-group subj-group-type="qualifier-review_process">
		<compound-subject>
			<compound-subject-part content-type="code">refereed_limited</compound-subject-part>
			<compound-subject-part content-type="text">Refereed limited</compound-subject-part>
		</compound-subject>
	</subj-group>
	<subj-group subj-group-type="qualifier-editorial_treatment">
		<compound-subject>
			<compound-subject-part content-type="code">unedited</compound-subject-part>
			<compound-subject-part content-type="text">Un-edited</compound-subject-part>
		</compound-subject>
	</subj-group>
			<title-group>
				<title>The Value of Being Different</title>
			</title-group>
<contrib-group>
   <contrib contrib-type="author" id="artseq-00001">
       <contrib-id contrib-id-type="person_id" authenticated="false">P6916872</contrib-id><contrib-id contrib-id-type="profile_id" authenticated="false">81100198038</contrib-id>
       <name name-style="western">
           <surname>Treviranus</surname>
           <given-names>Jutta</given-names>
       </name>
	<aff>OCAD University, West Toronto, Ontario</aff><aff><institution-wrap><institution-id institution-id-type="profile_id">60030874</institution-id></institution-wrap></aff>
	<email>jtreviranus@ocadu.ca</email>
	<role>Author</role>
   </contrib>
</contrib-group>
   <pub-date date-type="publication">
   <day>13</day>
   <month>05</month>
   <year>2019</year>
   </pub-date>
				<fpage>1</fpage>
				<lpage>7</lpage>
		<permissions>
			<copyright-year>2019</copyright-year>
			<copyright-holder>Owner/Author</copyright-holder>
			<license license-type="rightsretained">
			<license-p>Permission to make digital or hard copies of part or all of this work for personal or classroom use is granted without fee provided that copies are not made or distributed for profit or commercial advantage and that copies bear this notice and the full citation on the first page. Copyrights for third-party components of this work must be honored. For all other uses, contact the Owner/Author.</license-p>
			</license>
		</permissions>
		<self-uri content-type="pdf" xlink:href="3315002.3332429.pdf" />
	<abstract>
		<p>A single common characteristic of disability is difference---sufficient difference from the hypothetical average that many things are not made to fit your needs. How do we move from a common accessibility checklist to a system that recognizes our individual differences, our entangled complex lives, and inevitable change? What are the risks and what are the possibilities? How will this benefit the Web?</p> <p>Note: The following is a summary of a keynote delivered in first-person narrative at the Web4All conference, in conjunction with the World Wide Web Conference, during the 30th anniversary of the World Wide Web.</p>
	</abstract>
<kwd-group>
<kwd>Web accessibility</kwd>
<kwd>artificial intelligence</kwd>
<kwd>data analytics</kwd>
<kwd>inclusive design</kwd>
<kwd>platform co-operatives</kwd>
</kwd-group>
		<custom-meta-group>
		    <custom-meta>
		        <meta-name>rightslink</meta-name>
		        <meta-value>excluded</meta-value>
		    </custom-meta>
		</custom-meta-group>
		</book-part-meta>
		
	<back>
<ref-list specific-use="unparsed">
				<ref id="ref-00001">
				<mixed-citation>Treviranus, J., 2018. Sidewalk Toronto and Why Smarter is Not Better. https://medium.com/datadriveninvestor/sidewalk-toronto-and-why-smarter-is-not-better-b233058d01c8</mixed-citation>
				</ref>
				<ref id="ref-00002">
				<mixed-citation>Franklin, U. (1999). The real world of technology. House of Anansi.</mixed-citation>
				</ref>
				<ref id="ref-00003">
				<mixed-citation>Quetelet, A. (1842). A Treatise on Man and the Development of His Faculties</mixed-citation>
				</ref>
				<ref id="ref-00004">
				<mixed-citation>Darwin, C. (2010). The works of Charles Darwin, Volume 16: The origin of species, 1876 (Vol. 16). NYU Press.</mixed-citation>
				</ref>
				<ref id="ref-00005">
				<mixed-citation>Pareto, V. Cours d'Économie Politique Professé a l'Université de Lausanne. Vol. I, 1896; Vol. II, 1897.</mixed-citation>
				</ref>
				<ref id="ref-00006">
				<mixed-citation>Koch, R. (2005). The 80/20 individual: How to build on the 20% of what you do best. Crown Business.</mixed-citation>
				</ref>
				<ref id="ref-00007">
				<mixed-citation>Dewey, M. (1876) Classification and subject index for cataloguing and arranging the books and pamphlets of a library, Hartford, Conn.: Case, Lockwood, &amp; Brainard Company</mixed-citation>
				</ref>
				<ref id="ref-00008">
				<mixed-citation>Wiegand, W. (1996). Dewey Declassified: A Revelatory Look at the "Irrepressible Reformer". American Libraries, 27(1), 54--60.</mixed-citation>
				</ref>
				<ref id="ref-00009">
				<mixed-citation>Treviranus, J. 2014a. Leveraging the Web as a Platform for Economic Inclusion. Behavioral Sciences &amp; the Law, 32, 94--103.</mixed-citation>
				</ref>
				<ref id="ref-00010">
				<mixed-citation>Treviranus, J. (2019) The Injustice of Democracy and Scientific Evidence. https://medium.com/@jutta.trevira/the-injustice-of-democracy-and-scientific-evidence-7ec85b5cc82a</mixed-citation>
				</ref>
				<ref id="ref-00011">
				<mixed-citation>The Complete Writings of James Russell Lowell, edited by Charles Eliot Norton</mixed-citation>
				</ref>
				<ref id="ref-00012">
				<mixed-citation>Deacon, T. W. (1998). The symbolic species: The co-evolution of language and the brain. WW Norton &amp; Company.</mixed-citation>
				</ref>
				<ref id="ref-00013">
				<mixed-citation>Page, S. E. (2008). The Difference: How the Power of Diversity Creates Better Groups, Firms, Schools, and Societies-New Edition. Princeton University Press. <pub-id pub-id-type="doi" xlink:href="10.5555/1296125" /></mixed-citation>
				</ref>
				<ref id="ref-00014">
				<mixed-citation>Rose, T. (2015). The end of average: how we succeed in a world that values sameness.</mixed-citation>
				</ref>
				<ref id="ref-00015">
				<mixed-citation>Smith, B. C. (2009). Lecture Slides. University of Toronto.</mixed-citation>
				</ref>
				<ref id="ref-00016">
				<mixed-citation>Wright, D., &amp; Meadows, D. H. (2012). Thinking in systems: a primer. Routledge.</mixed-citation>
				</ref>
				<ref id="ref-00017">
				<mixed-citation>https://floeproject.org/</mixed-citation>
				</ref>
				<ref id="ref-00018">
				<mixed-citation>https://fluidproject.org/</mixed-citation>
				</ref>
				<ref id="ref-00019">
				<mixed-citation>https://raisingthefloor.org/who-we-are/our-approach/</mixed-citation>
				</ref>
				<ref id="ref-00020">
				<mixed-citation>https://platform.coop/</mixed-citation>
				</ref>
			</ref-list>
</back>
</book-part>
</book-part-wrapper>
