<?xml version="1.0" encoding="UTF-8"?>
<!DOCTYPE book-part-wrapper PUBLIC "-//NLM//DTD BITS Book Interchange DTD with OASIS and XHTML Tables v2.0 20151225//EN" "BITS-book-oasis2.dtd">
<book-part-wrapper xmlns:xlink="http://www.w3.org/1999/xlink" xmlns:mml="http://www.w3.org/1998/Math/MathML" xmlns:oasis="http://www.niso.org/standards/z39-96/ns/oasis-exchange/table" xmlns:xi="http://www.w3.org/2001/XInclude" xmlns:xsi="http://www.w3.org/2001/XMLSchema-instance" dtd-version="2.0" xml:lang="en" content-type="research-article">
<collection-meta collection-type="book-series">
    <collection-id collection-id-type="doi">10.1145/acmotherconferences</collection-id>
    <title-group>
        <title>ACM Other Conferences</title>
    </title-group>
</collection-meta>
	<book-meta>
		<book-id book-id-type="acm-id">3315002</book-id>
		<book-id book-id-type="doi">10.1145/3315002</book-id>
		<book-title-group>
			<book-title>Proceedings of the 16th International Web for All Conference</book-title>
			<alt-title alt-title-type="acronym">W4A '19</alt-title>
		</book-title-group>
	</book-meta>
	<book-part xmlns:ali="http://www.niso.org/schemas/ali/1.0/" book-part-type="chapter" xml:lang="en">
		<book-part-meta>
			<book-part-id book-part-id-type="acm-id">3317554</book-part-id>
			<book-part-id book-part-id-type="doi">10.1145/3315002.3317554</book-part-id>
			<book-part-id book-part-id-type="article-no">20</book-part-id>
	<subj-group subj-group-type="ccs2012">
		<compound-subject>
			<compound-subject-part content-type="code">10003120.10003121</compound-subject-part>
			<compound-subject-part content-type="text">Human-centered computing~Human computer interaction (HCI)</compound-subject-part>
			<compound-subject-part content-type="weight">500</compound-subject-part>
		</compound-subject>
		<compound-subject>
			<compound-subject-part content-type="code">10003120.10003121.10003122.10003334</compound-subject-part>
			<compound-subject-part content-type="text">Human-centered computing~Human computer interaction (HCI)~HCI design and evaluation methods~User studies</compound-subject-part>
			<compound-subject-part content-type="weight">500</compound-subject-part>
		</compound-subject>
		<compound-subject>
			<compound-subject-part content-type="code">10002951.10003260.10003300</compound-subject-part>
			<compound-subject-part content-type="text">Information systems~World Wide Web~Web interfaces</compound-subject-part>
			<compound-subject-part content-type="weight">500</compound-subject-part>
		</compound-subject>
		<compound-subject>
			<compound-subject-part content-type="code">10003120.10003121.10003122.10011749</compound-subject-part>
			<compound-subject-part content-type="text">Human-centered computing~Human computer interaction (HCI)~HCI design and evaluation methods~Laboratory experiments</compound-subject-part>
			<compound-subject-part content-type="weight">500</compound-subject-part>
		</compound-subject>
		<compound-subject>
			<compound-subject-part content-type="code">10002951.10003260</compound-subject-part>
			<compound-subject-part content-type="text">Information systems~World Wide Web</compound-subject-part>
			<compound-subject-part content-type="weight">500</compound-subject-part>
		</compound-subject>
		<compound-subject>
			<compound-subject-part content-type="code">10003120.10003121.10003122.10010854</compound-subject-part>
			<compound-subject-part content-type="text">Human-centered computing~Human computer interaction (HCI)~HCI design and evaluation methods~Usability testing</compound-subject-part>
			<compound-subject-part content-type="weight">500</compound-subject-part>
		</compound-subject>
	</subj-group>
	<subj-group subj-group-type="qualifier-density">
		<compound-subject>
			<compound-subject-part content-type="code">research</compound-subject-part>
			<compound-subject-part content-type="text">Research</compound-subject-part>
		</compound-subject>
	</subj-group>
	<subj-group subj-group-type="qualifier-review_process">
		<compound-subject>
			<compound-subject-part content-type="code">refereed_limited</compound-subject-part>
			<compound-subject-part content-type="text">Refereed limited</compound-subject-part>
		</compound-subject>
	</subj-group>
	<subj-group subj-group-type="qualifier-editorial_treatment">
		<compound-subject>
			<compound-subject-part content-type="code">unedited</compound-subject-part>
			<compound-subject-part content-type="text">Un-edited</compound-subject-part>
		</compound-subject>
	</subj-group>
			<title-group>
				<title>It's All About the Message</title>
				<subtitle>Visual Experience is a Precursor to Accurate Auditory Interaction</subtitle>
			</title-group>
<contrib-group>
   <contrib contrib-type="author" id="artseq-00001">
       <contrib-id contrib-id-type="person_id" authenticated="false">P6916932</contrib-id><contrib-id contrib-id-type="profile_id" authenticated="false">81100139139</contrib-id>
       <name name-style="western">
           <surname>Harper</surname>
           <given-names>Simon</given-names>
       </name>
	<aff>School of Computer Science, University of Manchester, Manchester, UK</aff><aff><institution-wrap><institution-id institution-id-type="profile_id">60003771</institution-id></institution-wrap></aff>
	<email>simon.harper@manchester.ac.uk</email>
	<role>Author</role>
   </contrib>
   <contrib contrib-type="author" id="artseq-00002">
       <contrib-id contrib-id-type="person_id" authenticated="false">P6916933</contrib-id><contrib-id contrib-id-type="profile_id" authenticated="false">81758716957</contrib-id>
       <name name-style="western">
           <surname>Eraslan</surname>
           <given-names>Sukru</given-names>
       </name>
	<aff>Middle East Technical University, Northern Cyprus, Campus, Kalkanlı, Güzelyurt, Turkey</aff><aff><institution-wrap><institution-id institution-id-type="profile_id">60004305</institution-id></institution-wrap></aff>
	<email>seraslan@metu.edu.tr</email>
	<role>Author</role>
   </contrib>
   <contrib contrib-type="author" id="artseq-00003">
       <contrib-id contrib-id-type="person_id" authenticated="false">P6916934</contrib-id><contrib-id contrib-id-type="profile_id" authenticated="false">81100378126</contrib-id>
       <name name-style="western">
           <surname>Yesilada</surname>
           <given-names>Yeliz</given-names>
       </name>
	<aff>Middle East Technical University, Northern Cyprus, Campus, Kalkanlı, Güzelyurt, Turkey</aff><aff><institution-wrap><institution-id institution-id-type="profile_id">60004305</institution-id></institution-wrap></aff>
	<email>yyeliz@metu.edu.tr</email>
	<role>Author</role>
   </contrib>
</contrib-group>
   <pub-date date-type="publication">
   <day>13</day>
   <month>05</month>
   <year>2019</year>
   </pub-date>
				<fpage>1</fpage>
				<lpage>8</lpage>
		<permissions>
			<copyright-year>2019</copyright-year>
			<copyright-holder>ACM</copyright-holder>
			<license license-type="acmcopyright">
			<license-p>Permission to make digital or hard copies of all or part of this work for personal or classroom use is granted without fee provided that copies are not made or distributed for profit or commercial advantage and that copies bear this notice and the full citation on the first page. Copyrights for components of this work owned by others than ACM must be honored. Abstracting with credit is permitted. To copy otherwise, or republish, to post on servers or to redistribute to lists, requires prior specific permission and/or a fee. Request permissions from Permissions@acm.org</license-p>
			</license>
		</permissions>
		<self-uri content-type="pdf" xlink:href="3315002.3317554.pdf" />
	<abstract>
		<p>Anecdotal evidence suggests there is a disjoint between the interaction experiences of sighted and visually disabled web users. However, we propose the converse and suggest that this disjoint is created by the lack of understanding of the interplay between the two domains. Current research shows that there is one single locus of attention at a given time in the context of web interaction, and therefore sighted users form a serialisation of the things they look at and pay attention - an exemplar of which can be seen in eye movement sequences of users. We also suggest that web designers have a narrative in mind to be experienced by users, and they create a visual sequence they wish their audience to perceive for supporting this narrative. However, this sequence is typically lost when we move from visual presentations to auditory ones. Current audio interactions centre around page linearisation based on the sequence of the underlying source code. This linearisation typically falls short of the kind of comprehensive interaction which can be expected in the visual domain. In this paper, we use an eye tracking dataset to illustrate that the linearisation of web page component based on the underlying source code differs from what is experienced by sighted users. We then show that the web experience of visually disabled users can be improved by re-ordering the most commonly used web page components based on the order in which they are used. We also suggest that it is critical to conduct formative experimentation with sighted users to establish a visual narrative and serialisation, thereby informing the design of the auditory conversation.</p>
	</abstract>
<kwd-group>
<kwd>Eye Tracking</kwd>
<kwd>STA; Experiential Transcoding</kwd>
<kwd>Scanpath Trend Analysis</kwd>
<kwd>Visual Elements</kwd>
<kwd>Web Pages</kwd>
</kwd-group>
		</book-part-meta>
		
	<back>
<ref-list specific-use="unparsed">
				<ref id="ref-00001">
				<mixed-citation>M. E. Akpınar and Y. Yeşilada. Vision Based Page Segmentation Algorithm: Extended and Perceived Success, pages 238--252. Springer, Cham, 2013. <pub-id pub-id-type="doi" xlink:href="10.1007/978-3-319-04244-2_22" assigning-authority="crossref">10.1007/978-3-319-04244-2_22</pub-id> <pub-id pub-id-type="doi" xlink:href="10.1007/978-3-319-04244-2_22" /></mixed-citation>
				</ref>
				<ref id="ref-00002">
				<mixed-citation>M. E. Akpınar and Y. Yeşilada. "old habits die hard!": Eyetracking based experiential transcoding: A study with mobile users. In Proceedings of the 12th Web for All Conference, W4A '15, pages 12:1--12:5, New York, NY, USA, 2015. ACM. <pub-id pub-id-type="doi" xlink:href="10.1145/2745555.2746646" assigning-authority="crossref">10.1145/2745555.2746646</pub-id> <pub-id pub-id-type="doi" xlink:href="10.1145/2745555.2746646" /></mixed-citation>
				</ref>
				<ref id="ref-00003">
				<mixed-citation>C. Asakawa and H. Takagi. Transcoding. In S. Harper and Y. Yesilada, editors, Web Accessibility: A Foundation for Research, Human-Computer Interaction Series, chapter 14, pages 231--260. Springer, London, 1st edition, September 2008.</mixed-citation>
				</ref>
				<ref id="ref-00004">
				<mixed-citation>C. Ehmke and S. Wilson. Identifying web usability problems from eye-tracking data. In Proceedings of the 21st British HCI Group Annual Conference on People and Computers: HCI...But Not As We Know It - Volume 1, BCS-HCI '07, pages 119--128. British Computer Society, 2007. <pub-id pub-id-type="doi" xlink:href="10.5555/1531294.1531311" /></mixed-citation>
				</ref>
				<ref id="ref-00005">
				<mixed-citation>S. Eraslan and Y. Yesilada. Patterns in Eyetracking Scanpaths and the Affecting Factors. Journal of Web Engineering, 14(4&amp;5):363--385, 2015. <pub-id pub-id-type="doi" xlink:href="10.5555/2871274.2871276" /></mixed-citation>
				</ref>
				<ref id="ref-00006">
				<mixed-citation>S. Eraslan, Y. Yesilada, and S. Harper. Identifying Patterns in Eyetracking Scanpaths in Terms of Visual Elements of Web Pages. In S. Casteleyn, G. Rossi, and M. Winckler, editors, Web Engineering, volume 8541 of LNCS, pages 163--180. Springer, 2014.</mixed-citation>
				</ref>
				<ref id="ref-00007">
				<mixed-citation>S. Eraslan, Y. Yesilada, and S. Harper. Scanpath trend analysis on web pages: Clustering eye tracking scanpaths. ACM Trans. Web, 10(4):20:1--20:35, Nov. 2016. <pub-id pub-id-type="doi" xlink:href="10.1145/2970818" assigning-authority="crossref">10.1145/2970818</pub-id> <pub-id pub-id-type="doi" xlink:href="10.1145/2970818" /></mixed-citation>
				</ref>
				<ref id="ref-00008">
				<mixed-citation>J. H. Goldberg, M. J. Stimson, M. Lewenstein, N. Scott, and A. M. Wichansky. Eye tracking in web search tasks: Design implications. In Proceedings of the 2002 Symposium on Eye Tracking Research &amp; Applications, ETRA '02, pages 51--58, New York, NY, USA, 2002. ACM. <pub-id pub-id-type="doi" xlink:href="10.1145/507072.507082" assigning-authority="crossref">10.1145/507072.507082</pub-id> <pub-id pub-id-type="doi" xlink:href="10.1145/507072.507082" /></mixed-citation>
				</ref>
				<ref id="ref-00009">
				<mixed-citation>R. Hoffmann and K. Krauss. A critical evaluation of literature on visual aesthetics for the web. In Proceedings of the 2004 Annual Research Conference of the South African Institute of Computer Scientists and Information Technologists on IT Research in Developing Countries, SAICSIT '04, pages 205--209, Republic of South Africa, 2004. South African Institute for Computer Scientists and Information Technologists. <pub-id pub-id-type="doi" xlink:href="10.5555/1035053.1035077" /></mixed-citation>
				</ref>
				<ref id="ref-00010">
				<mixed-citation>L. Itti, C. Koch, and E. Niebur. A model of saliency-based visual attention for rapid scene analysis. IEEE Transactions on Pattern Analysis and Machine Intelligence, 20(11):1254--1259, Nov 1998. <pub-id pub-id-type="doi" xlink:href="10.1109/34.730558" assigning-authority="crossref">10.1109/34.730558</pub-id> <pub-id pub-id-type="doi" xlink:href="10.1109/34.730558" /></mixed-citation>
				</ref>
				<ref id="ref-00011">
				<mixed-citation>C. Jay, R. Stevens, M. Glencross, A. Chalmers, and C. Yang. How people use presentation to search for a link: expanding the understanding of accessibility on the web. Universal Access in the Information Society, 6(3):307--320, Nov 2007. <pub-id pub-id-type="doi" xlink:href="10.1007/s10209-007-0089-5" assigning-authority="crossref">10.1007/s10209-007-0089-5</pub-id> <pub-id pub-id-type="doi" xlink:href="10.1007/s10209-007-0089-5" /></mixed-citation>
				</ref>
				<ref id="ref-00012">
				<mixed-citation>S. Josephson and M. E. Holmes. Visual attention to repeated internet images: Testing the scanpath theory on the world wide web. In Proceedings of the 2002 Symposium on Eye Tracking Research &amp; Applications, ETRA '02, pages 43--49. ACM, 2002. <pub-id pub-id-type="doi" xlink:href="10.1145/507072.507081" assigning-authority="crossref">10.1145/507072.507081</pub-id> <pub-id pub-id-type="doi" xlink:href="10.1145/507072.507081" /></mixed-citation>
				</ref>
				<ref id="ref-00013">
				<mixed-citation>K. Krauss. Visual aesthetics and its effect on communication intent: a theoretical study and website evaluation. Alternation, 12(1a):305--329, 2005.</mixed-citation>
				</ref>
				<ref id="ref-00014">
				<mixed-citation>G. Marchionini. Exploratory search: From finding to understanding. Commun. ACM, 49(4):41--46, Apr. 2006. <pub-id pub-id-type="doi" xlink:href="10.1145/1121949.1121979" assigning-authority="crossref">10.1145/1121949.1121979</pub-id> <pub-id pub-id-type="doi" xlink:href="10.1145/1121949.1121979" /></mixed-citation>
				</ref>
				<ref id="ref-00015">
				<mixed-citation>J. D. McCarthy, M. A. Sasse, and J. Riegelsberger. Could i have the menu please? an eye tracking study of design conventions. In E. O'Neill, P. Palanque, and P. Johnson, editors, People and Computers XVII --- Designing for Society, pages 401--414, London, 2004. Springer London.</mixed-citation>
				</ref>
				<ref id="ref-00016">
				<mixed-citation>E. Michailidou, S. Harper, and S. Bechhofer. Visual complexity and aesthetic perception of web pages. In Proceedings of the 26th Annual ACM International Conference on Design of Communication, SIGDOC '08, pages 215--224, New York, NY, USA, 2008. ACM. <pub-id pub-id-type="doi" xlink:href="10.1145/1456536.1456581" assigning-authority="crossref">10.1145/1456536.1456581</pub-id> <pub-id pub-id-type="doi" xlink:href="10.1145/1456536.1456581" /></mixed-citation>
				</ref>
				<ref id="ref-00017">
				<mixed-citation>J. Raskin. The humane interface (book excerpt). Ubiquity, 2000(May), May 2000. <pub-id pub-id-type="doi" xlink:href="10.1145/341836.342022" assigning-authority="crossref">10.1145/341836.342022</pub-id> <pub-id pub-id-type="doi" xlink:href="10.1145/341836.342022" /></mixed-citation>
				</ref>
				<ref id="ref-00018">
				<mixed-citation>H. Takagi, C. Asakawa, K. Fukuda, and J. Maeda. Accessibility designer: Visualizing usability for the blind. In Proceedings of the 6th International ACM SIGACCESS Conference on Computers and Accessibility, Assets '04, pages 177--184, New York, NY, USA, 2004. ACM. <pub-id pub-id-type="doi" xlink:href="10.1145/1028630.1028662" assigning-authority="crossref">10.1145/1028630.1028662</pub-id> <pub-id pub-id-type="doi" xlink:href="10.1145/1028630.1028662" /></mixed-citation>
				</ref>
				<ref id="ref-00019">
				<mixed-citation>Y. Yesilada, S. Harper, and S. Eraslan. Experiential transcoding: An eyetracking approach. In Proceedings of the 10th International Cross-Disciplinary Conference on Web Accessibility, W4A '13, pages 30:1--30:4, New York, NY, USA, 2013. ACM. <pub-id pub-id-type="doi" xlink:href="10.1145/2461121.2461134" assigning-authority="crossref">10.1145/2461121.2461134</pub-id> <pub-id pub-id-type="doi" xlink:href="10.1145/2461121.2461134" /></mixed-citation>
				</ref>
				<ref id="ref-00020">
				<mixed-citation>H. Zettl. Sight, Sound, Motion: Applied Media Aesthetics. Wadsworth series in broadcast and production. Cengage Learning, 2013.</mixed-citation>
				</ref>
			</ref-list>
</back>
</book-part>
</book-part-wrapper>
