<?xml version="1.0" encoding="UTF-8"?>
<!DOCTYPE book-part-wrapper PUBLIC "-//NLM//DTD BITS Book Interchange DTD with OASIS and XHTML Tables v2.0 20151225//EN" "BITS-book-oasis2.dtd">
<book-part-wrapper xmlns:xlink="http://www.w3.org/1999/xlink" xmlns:mml="http://www.w3.org/1998/Math/MathML" xmlns:oasis="http://www.niso.org/standards/z39-96/ns/oasis-exchange/table" xmlns:xi="http://www.w3.org/2001/XInclude" xmlns:xsi="http://www.w3.org/2001/XMLSchema-instance" dtd-version="2.0" xml:lang="en" content-type="research-article">
<collection-meta collection-type="book-series">
    <collection-id collection-id-type="doi">10.1145/acmotherconferences</collection-id>
    <title-group>
        <title>ACM Other Conferences</title>
    </title-group>
</collection-meta>
	<book-meta>
		<book-id book-id-type="acm-id">3315002</book-id>
		<book-id book-id-type="doi">10.1145/3315002</book-id>
		<book-title-group>
			<book-title>Proceedings of the 16th International Web for All Conference</book-title>
			<alt-title alt-title-type="acronym">W4A '19</alt-title>
		</book-title-group>
	</book-meta>
	<book-part xmlns:ali="http://www.niso.org/schemas/ali/1.0/" book-part-type="chapter" xml:lang="en">
		<book-part-meta>
			<book-part-id book-part-id-type="acm-id">3317571</book-part-id>
			<book-part-id book-part-id-type="doi">10.1145/3315002.3317571</book-part-id>
			<book-part-id book-part-id-type="article-no">33</book-part-id>
	<subj-group subj-group-type="ccs2012">
		<compound-subject>
			<compound-subject-part content-type="code">10003120.10011738.10011775</compound-subject-part>
			<compound-subject-part content-type="text">Human-centered computing~Accessibility~Accessibility technologies</compound-subject-part>
			<compound-subject-part content-type="weight">500</compound-subject-part>
		</compound-subject>
		<compound-subject>
			<compound-subject-part content-type="code">10003120.10003123.10011759</compound-subject-part>
			<compound-subject-part content-type="text">Human-centered computing~Interaction design~Empirical studies in interaction design</compound-subject-part>
			<compound-subject-part content-type="weight">500</compound-subject-part>
		</compound-subject>
	</subj-group>
	<subj-group subj-group-type="qualifier-density">
		<compound-subject>
			<compound-subject-part content-type="code">research</compound-subject-part>
			<compound-subject-part content-type="text">Research</compound-subject-part>
		</compound-subject>
	</subj-group>
	<subj-group subj-group-type="qualifier-review_process">
		<compound-subject>
			<compound-subject-part content-type="code">refereed_limited</compound-subject-part>
			<compound-subject-part content-type="text">Refereed limited</compound-subject-part>
		</compound-subject>
	</subj-group>
	<subj-group subj-group-type="qualifier-editorial_treatment">
		<compound-subject>
			<compound-subject-part content-type="code">unedited</compound-subject-part>
			<compound-subject-part content-type="text">Un-edited</compound-subject-part>
		</compound-subject>
	</subj-group>
			<title-group>
				<title>Designing Personalized Therapy Tools for People with Dementia</title>
			</title-group>
<contrib-group>
   <contrib contrib-type="author" id="artseq-00001">
       <contrib-id contrib-id-type="person_id" authenticated="false">P6916972</contrib-id><contrib-id contrib-id-type="profile_id" authenticated="false">99659260373</contrib-id>
       <name name-style="western">
           <surname>Alves</surname>
           <given-names>Sérgio</given-names>
       </name>
	<aff>LASIGE, Faculdade de Ciências, Universidade de Lisboa</aff><aff><institution-wrap><institution-id institution-id-type="profile_id">60106051</institution-id></institution-wrap></aff>
	<email>salves@lasige.di.fc.ul.pt</email>
	<role>Author</role>
   </contrib>
   <contrib contrib-type="author" id="artseq-00002">
       <contrib-id contrib-id-type="person_id" authenticated="false">P6916973</contrib-id><contrib-id contrib-id-type="profile_id" authenticated="false">99659211582</contrib-id>
       <name name-style="western">
           <surname>Brito</surname>
           <given-names>Filipa</given-names>
       </name>
	<aff>ISAMB, Faculdade de Medicina, Universidade de Lisboa</aff><aff><institution-wrap><institution-id institution-id-type="profile_id">60106051</institution-id></institution-wrap></aff>
	<email>filipa.r.brito@gmail.com</email>
	<role>Author</role>
   </contrib>
   <contrib contrib-type="author" id="artseq-00003">
       <contrib-id contrib-id-type="person_id" authenticated="false">P6916974</contrib-id><contrib-id contrib-id-type="profile_id" authenticated="false">99659261613</contrib-id>
       <name name-style="western">
           <surname>Cordeiro</surname>
           <given-names>Andreia</given-names>
       </name>
	<aff>Liga dos Amigos da Terceira Idade</aff>
	<email>andreia.p.cordeiro@gmail.com</email>
	<role>Author</role>
   </contrib>
   <contrib contrib-type="author" id="artseq-00004">
       <contrib-id contrib-id-type="person_id" authenticated="false">P6916975</contrib-id><contrib-id contrib-id-type="profile_id" authenticated="false">81100160018</contrib-id>
       <name name-style="western">
           <surname>Carriço</surname>
           <given-names>Luís</given-names>
       </name>
	<aff>LASIGE, Faculdade de Ciências, Universidade de Lisboa</aff><aff><institution-wrap><institution-id institution-id-type="profile_id">60106051</institution-id></institution-wrap></aff>
	<email>lmc@di.fc.ul.pt</email>
	<role>Author</role>
   </contrib>
   <contrib contrib-type="author" id="artseq-00005">
       <contrib-id contrib-id-type="person_id" authenticated="false">P6916976</contrib-id><contrib-id contrib-id-type="profile_id" authenticated="false">81350573788</contrib-id>
       <name name-style="western">
           <surname>Guerreiro</surname>
           <given-names>Tiago</given-names>
       </name>
	<aff>LASIGE, Faculdade de Ciências, Universidade de Lisboa</aff><aff><institution-wrap><institution-id institution-id-type="profile_id">60106051</institution-id></institution-wrap></aff>
	<email>tjvg@di.fc.ul.pt</email>
	<role>Author</role>
   </contrib>
</contrib-group>
   <pub-date date-type="publication">
   <day>13</day>
   <month>05</month>
   <year>2019</year>
   </pub-date>
				<fpage>1</fpage>
				<lpage>10</lpage>
		<permissions>
			<copyright-year>2019</copyright-year>
			<copyright-holder>ACM</copyright-holder>
			<license license-type="acmlicensed">
			<license-p>Permission to make digital or hard copies of all or part of this work for personal or classroom use is granted without fee provided that copies are not made or distributed for profit or commercial advantage and that copies bear this notice and the full citation on the first page. Copyrights for components of this work owned by others than the author(s) must be honored. Abstracting with credit is permitted. To copy otherwise, or republish, to post on servers or to redistribute to lists, requires prior specific permission and/or a fee. Request permissions from Permissions@acm.org.</license-p>
			</license>
		</permissions>
		<self-uri content-type="pdf" xlink:href="3315002.3317571.pdf" />
	<abstract>
		<p>Non-pharmacological interventions for people with dementia benefit from the usage of personalized materials. These are not always easy to obtain. In a set of formative studies, we looked at how clinical staff and families recur to the usage of biographical elements to stimulate and foster the self-identity of people with dementia. Results showed that these stakeholders cherish biographically-rich information although it is often hard to obtain relevant materials. We present the iterative design of Scrapbook, a web platform that supports psychologists in the process of collecting meaningful information about a person, and applying it in reminiscence and cognitive stimulation sessions. A 3-phase deployment in a clinical setting allowed us to evolve the platform to respond to stakeholder requirements. Findings include a positive view of the developed features (e.g., biography-enriched games, caregiver app, group therapy) but also an underwhelming usage of the platform. We discuss the adoption, usage patterns, and feedback collected from clinicians, seeking to inform the design of personalized, i.e. biographically-rich, tools for therapy settings.</p>
	</abstract>
<kwd-group>
<kwd>Cognitive Stimulation</kwd>
<kwd>Dementia</kwd>
<kwd>Personalization</kwd>
</kwd-group>
<funding-group specific-use="FundRef">
	<award-group id="award1">
		<funding-source id="GS1">
			<institution-wrap>
			<institution>Fundação para a Ciência e a Tecnologia</institution>
			</institution-wrap>
		</funding-source>
		<award-id rid="GS1">LISBOA-01-0145-FEDER-030347,UID/CEC/00408/2019</award-id>
	</award-group>
</funding-group>
		</book-part-meta>
		
	<back>
<ref-list specific-use="unparsed">
				<ref id="ref-00001">
				<mixed-citation>Sérgio Alves, Filipa Brito, Andreia Cordeiro, Luis Carriço, and Tiago Guerreiro. 2018. Enabling Biographical Cognitive Stimulation for People with Dementia. In Extended Abstracts of the 2018 CHI Conference on Human Factors in Computing Systems (CHI EA '18). ACM, New York, NY, USA, Article LBW045, 6 pages. <pub-id pub-id-type="doi" xlink:href="10.1145/3170427.3188693" assigning-authority="crossref">10.1145/3170427.3188693</pub-id> <pub-id pub-id-type="doi" xlink:href="10.1145/3170427.3188693" /></mixed-citation>
				</ref>
				<ref id="ref-00002">
				<mixed-citation>Ron M Baecker, Elsa Marziali, Sarah Chatland, Kante Easley, Masashi Crete, and Martin Yeung. 2006. Multimedia biographies for individuals with Alzheimer's disease and their families. In Proceedings of the World Congress on Internet in Medicine (MEDNET).</mixed-citation>
				</ref>
				<ref id="ref-00003">
				<mixed-citation>Robert N Butler. 1963. The life review: An interpretation of reminiscence in the aged. Psychiatry 26, 1 (1963), 65--76.</mixed-citation>
				</ref>
				<ref id="ref-00004">
				<mixed-citation>Thecla Damianakis, Masashi Crete-Nishihata, Karen L Smith, Ronald M Baecker, and Elsa Marziali. 2009. The psychosocial impacts of multimedia biographies on persons with cognitive impairments. The Gerontologist 50, 1 (2009), 23--35.</mixed-citation>
				</ref>
				<ref id="ref-00005">
				<mixed-citation>Richard J Davies, Chris D Nugent, Mark P Donnelly, Marike Hettinga, Franka J Meiland, Ferial Moelaert, Maurice D Mulvenna, Johan E Bengtsson, David Craig, and R-M Dröes. 2009. A user driven approach to develop a cognitive prosthetic to address the unmet needs of people with mild dementia. Pervasive and Mobile Computing 5, 3 (2009), 253--267. <pub-id pub-id-type="doi" xlink:href="10.1016/j.pmcj.2008.07.002" assigning-authority="crossref">10.1016/j.pmcj.2008.07.002</pub-id> <pub-id pub-id-type="doi" xlink:href="10.1016/j.pmcj.2008.07.002" /></mixed-citation>
				</ref>
				<ref id="ref-00006">
				<mixed-citation>William Gaver, Andy Boucher, John Bowers, Mark Blythe, Nadine Jarvis, David Cameron, Tobie Kerridge, Alex Wilkie, Robert Phillips, and Peter Wright. 2011. The photostroller: supporting diverse care home residents in engaging with the world. In Proceedings of the SIGCHI Conference on Human Factors in Computing Systems. ACM, 1757--1766. <pub-id pub-id-type="doi" xlink:href="10.1145/1978942.1979198" assigning-authority="crossref">10.1145/1978942.1979198</pub-id> <pub-id pub-id-type="doi" xlink:href="10.1145/1978942.1979198" /></mixed-citation>
				</ref>
				<ref id="ref-00007">
				<mixed-citation>Gary Gowans, Jim Campbell, Norm Alm, Richard Dye, Arlene Astell, and Maggie Ellis. 2004. Designing a multimedia conversation aid for reminiscence therapy in dementia care environments. In CHI'04 Extended Abstracts on Human Factors in Computing Systems. ACM, 825--836. <pub-id pub-id-type="doi" xlink:href="10.1145/985921.985943" assigning-authority="crossref">10.1145/985921.985943</pub-id> <pub-id pub-id-type="doi" xlink:href="10.1145/985921.985943" /></mixed-citation>
				</ref>
				<ref id="ref-00008">
				<mixed-citation>Vigdis Abrahamsen Grøndahl, Mona Persenius, Carina Bååth, and Ann Karin Helgesen. 2017. The use of life stories and its influence on persons with dementia, their relatives and staff--a systematic mixed studies review. BMC nursing 16, 1 (2017), 28.</mixed-citation>
				</ref>
				<ref id="ref-00009">
				<mixed-citation>Marcello Ienca, Jotterand Fabrice, Bernice Elger, Maurizio Caon, Alessandro Scoccia Pappagallo, Reto W Kressig, and Tenzin Wangmo. 2017. Intelligent assistive technology for Alzheimer's disease and other dementias: a systematic review. Journal of Alzheimer's Disease 56, 4 (2017), 1301--1340.</mixed-citation>
				</ref>
				<ref id="ref-00010">
				<mixed-citation>Ursula Kellett, Wendy Moyle, Margaret McAllister, Christopher King, and Fran Gallagher. 2010. Life stories and biography: a means of connecting family and staff to people with dementia. Journal of Clinical Nursing 19, 11-12 (2010), 1707--1715.</mixed-citation>
				</ref>
				<ref id="ref-00011">
				<mixed-citation>Steve Lauriks, Annika Reinersmann, Henriëtte Geralde Van der Roest, FJM Meiland, Richard J Davies, Ferial Moelaert, Maurice D Mulvenna, Chris D Nugent, and Rose-Marie Dröes. 2007. Review of ICT-based services for identified unmet needs in people with dementia. Ageing research reviews 6, 3 (2007), 223--246.</mixed-citation>
				</ref>
				<ref id="ref-00012">
				<mixed-citation>Amanda Lazar, Hilaire Thompson, and George Demiris. 2014. A systematic review of the use of technology for reminiscence therapy. Health education &amp; behavior 41, 1 suppl (2014), 51S--61S.</mixed-citation>
				</ref>
				<ref id="ref-00013">
				<mixed-citation>João Martins, José Carilho, Oliver Schnell, Carlos Duarte, Francisco M. Couto, Luís Carriço, and Tiago Guerreiro. 2014. Friendsourcing the Unmet Needs of People with Dementia. In Proceedings of the 11th Web for All Conference (W4A '14). ACM, New York, NY, USA, Article 35, 4 pages. <pub-id pub-id-type="doi" xlink:href="10.1145/2596695.2596716" assigning-authority="crossref">10.1145/2596695.2596716</pub-id> <pub-id pub-id-type="doi" xlink:href="10.1145/2596695.2596716" /></mixed-citation>
				</ref>
				<ref id="ref-00014">
				<mixed-citation>Michael Massimi, Emma Berry, Georgina Browne, Gavin Smyth, Peter Watson, and Ronald M Baecker. 2008. An exploratory case study of the impact of ambient biographical displays on identity in a patient with Alzheimer's disease. Neuropsychological rehabilitation 18, 5-6 (2008), 742--765.</mixed-citation>
				</ref>
				<ref id="ref-00015">
				<mixed-citation>Roisin McNaney, John Vines, Jamie Mercer, Leon Mexter, Daniel Welsh, and Tony Young. 2017. DemYouth: Co-Designing and Enacting Tools to Support Young People's Engagement with People with Dementia. In Proceedings of the 2017 CHI Conference on Human Factors in Computing Systems. ACM, 1313--1325. <pub-id pub-id-type="doi" xlink:href="10.1145/3025453.3025558" assigning-authority="crossref">10.1145/3025453.3025558</pub-id> <pub-id pub-id-type="doi" xlink:href="10.1145/3025453.3025558" /></mixed-citation>
				</ref>
				<ref id="ref-00016">
				<mixed-citation>Eberhard Nieschlagf and Hermann M Behre. 2010. Anamnesis and physical examination. In Andrology. Springer, 93--100.</mixed-citation>
				</ref>
				<ref id="ref-00017">
				<mixed-citation>Martha E Pollack, Laura Brown, Dirk Colbry, Colleen E McCarthy, Cheryl Orosz, Bart Peintner, Sailesh Ramakrishnan, and Ioannis Tsamardinos. 2003. Autominder: An intelligent cognitive orthotic system for people with memory impairment. Robotics and Autonomous Systems 44, 3-4 (2003), 273--282.</mixed-citation>
				</ref>
				<ref id="ref-00018">
				<mixed-citation>Louise Robinson, Katie Brittain, Stephen Lindsay, Dan Jackson, and Patrick Olivier. 2009. Keeping In Touch Everyday (KITE) project: developing assistive technologies with people with dementia and their carers to promote independence. International Psychogeriatrics 21, 3 (2009), 494--502.</mixed-citation>
				</ref>
				<ref id="ref-00019">
				<mixed-citation>Vardit Sarne-Fleischmann, Noam Tractinsky, Tzvi Dwolatzky, and Inbal Rief. 2011. Personalized reminiscence therapy for patients with Alzheimer's disease using a computerized system. In Proceedings of the 4th International Conference on PErvasive Technologies Related to Assistive Environments. ACM, 48. <pub-id pub-id-type="doi" xlink:href="10.1145/2141622.2141679" assigning-authority="crossref">10.1145/2141622.2141679</pub-id> <pub-id pub-id-type="doi" xlink:href="10.1145/2141622.2141679" /></mixed-citation>
				</ref>
				<ref id="ref-00020">
				<mixed-citation>Frank Sposaro, Justin Danielson, and Gary Tyson. 2010. iWander: An Android application for dementia patients. In Engineering in Medicine and Biology Society (EMBC), 2010 annual international conference of the IEEE. IEEE, 3875--3878.</mixed-citation>
				</ref>
				<ref id="ref-00021">
				<mixed-citation>Ponnusamy Subramaniam and Bob Woods. 2012. The impact of individual reminiscence therapy for people with dementia: systematic review. Expert Review of Neurotherapeutics 12, 5 (2012), 545--555.</mixed-citation>
				</ref>
				<ref id="ref-00022">
				<mixed-citation>Ponnusamy Subramaniam and Bob Woods. 2016. Digital life storybooks for people with dementia living in care homes: an evaluation. Clinical interventions in aging 11 (2016), 1263.</mixed-citation>
				</ref>
				<ref id="ref-00023">
				<mixed-citation>Gemma Webster, Deborah I Fels, Gary Gowans, and Vicki L Hanson. 2011. Portraits of individuals with dementia: views of care managers. In Proceedings of the 25th BCS Conference on Human-Computer Interaction. British Computer Society, 331--340. <pub-id pub-id-type="doi" xlink:href="10.5555/2305316.2305374" /></mixed-citation>
				</ref>
				<ref id="ref-00024">
				<mixed-citation>Daniel Welsh, Kellie Morrissey, Sarah Foley, Roisin McNaney, Christos Salis, John McCarthy, and John Vines. 2018. Ticket to Talk: Supporting Conversation between Young People and People with Dementia through Digital Media. In Proceedings of the 2018 CHI Conference on Human Factors in Computing Systems. ACM, 375. <pub-id pub-id-type="doi" xlink:href="10.1145/3173574.3173949" assigning-authority="crossref">10.1145/3173574.3173949</pub-id> <pub-id pub-id-type="doi" xlink:href="10.1145/3173574.3173949" /></mixed-citation>
				</ref>
			</ref-list>
</back>
</book-part>
</book-part-wrapper>
