<?xml version="1.0" encoding="UTF-8"?>
<!DOCTYPE book-part-wrapper PUBLIC "-//NLM//DTD BITS Book Interchange DTD with OASIS and XHTML Tables v2.0 20151225//EN" "BITS-book-oasis2.dtd">
<book-part-wrapper xmlns:xlink="http://www.w3.org/1999/xlink" xmlns:mml="http://www.w3.org/1998/Math/MathML" xmlns:oasis="http://www.niso.org/standards/z39-96/ns/oasis-exchange/table" xmlns:xi="http://www.w3.org/2001/XInclude" xmlns:xsi="http://www.w3.org/2001/XMLSchema-instance" dtd-version="2.0" xml:lang="en" content-type="demonstration">
<collection-meta collection-type="book-series">
    <collection-id collection-id-type="doi">10.1145/acmotherconferences</collection-id>
    <title-group>
        <title>ACM Other Conferences</title>
    </title-group>
</collection-meta>
	<book-meta>
		<book-id book-id-type="acm-id">3315002</book-id>
		<book-id book-id-type="doi">10.1145/3315002</book-id>
		<book-title-group>
			<book-title>Proceedings of the 16th International Web for All Conference</book-title>
			<alt-title alt-title-type="acronym">W4A '19</alt-title>
		</book-title-group>
	</book-meta>
	<book-part xmlns:ali="http://www.niso.org/schemas/ali/1.0/" book-part-type="chapter" xml:lang="en">
		<book-part-meta>
			<book-part-id book-part-id-type="acm-id">3332441</book-part-id>
			<book-part-id book-part-id-type="doi">10.1145/3315002.3332441</book-part-id>
			<book-part-id book-part-id-type="article-no">10</book-part-id>
	<subj-group subj-group-type="ccs2012">
		<compound-subject>
			<compound-subject-part content-type="code">10003120.10003121</compound-subject-part>
			<compound-subject-part content-type="text">Human-centered computing~Human computer interaction (HCI)</compound-subject-part>
			<compound-subject-part content-type="weight">500</compound-subject-part>
		</compound-subject>
		<compound-subject>
			<compound-subject-part content-type="code">10003120.10003121.10003125.10011752</compound-subject-part>
			<compound-subject-part content-type="text">Human-centered computing~Human computer interaction (HCI)~Interaction devices~Haptic devices</compound-subject-part>
			<compound-subject-part content-type="weight">500</compound-subject-part>
		</compound-subject>
		<compound-subject>
			<compound-subject-part content-type="code">10003120.10003121.10003125</compound-subject-part>
			<compound-subject-part content-type="text">Human-centered computing~Human computer interaction (HCI)~Interaction devices</compound-subject-part>
			<compound-subject-part content-type="weight">500</compound-subject-part>
		</compound-subject>
	</subj-group>
	<subj-group subj-group-type="qualifier-density">
		<compound-subject>
			<compound-subject-part content-type="code">research</compound-subject-part>
			<compound-subject-part content-type="text">Research</compound-subject-part>
		</compound-subject>
	</subj-group>
	<subj-group subj-group-type="qualifier-review_process">
		<compound-subject>
			<compound-subject-part content-type="code">refereed_limited</compound-subject-part>
			<compound-subject-part content-type="text">Refereed limited</compound-subject-part>
		</compound-subject>
	</subj-group>
	<subj-group subj-group-type="qualifier-editorial_treatment">
		<compound-subject>
			<compound-subject-part content-type="code">unedited</compound-subject-part>
			<compound-subject-part content-type="text">Un-edited</compound-subject-part>
		</compound-subject>
	</subj-group>
			<title-group>
				<title>Feel-It</title>
				<subtitle>Personalized Audio-Tactile Web Browsing</subtitle>
			</title-group>
<contrib-group>
   <contrib contrib-type="author" id="artseq-00001">
       <contrib-id contrib-id-type="person_id" authenticated="false">P6916896</contrib-id><contrib-id contrib-id-type="profile_id" authenticated="false">99659080171</contrib-id>
       <name name-style="western">
           <surname>Borodin</surname>
           <given-names>Anatoliy</given-names>
       </name>
	<aff>Department of Computer Science, Stony Brook University, Stony Brook, NY, USA</aff><aff><institution-wrap><institution-id institution-id-type="profile_id">60026415</institution-id></institution-wrap></aff>
	<email>anatoliy.borodin@stonybrook.edu</email>
	<role>Author</role>
   </contrib>
   <contrib contrib-type="author" id="artseq-00002">
       <contrib-id contrib-id-type="person_id" authenticated="false">P6916897</contrib-id><contrib-id contrib-id-type="profile_id" authenticated="false">81319489112</contrib-id>
       <name name-style="western">
           <surname>Borodin</surname>
           <given-names>Yevgen</given-names>
       </name>
	<aff>Department of Computer Science, Stony Brook University, Stony Brook, NY, USA</aff><aff><institution-wrap><institution-id institution-id-type="profile_id">60026415</institution-id></institution-wrap></aff>
	<email>borodin@stonybrook.edu</email>
	<role>Author</role>
   </contrib>
   <contrib contrib-type="author" id="artseq-00003">
       <contrib-id contrib-id-type="person_id" authenticated="false">P6916898</contrib-id><contrib-id contrib-id-type="profile_id" authenticated="false">81548637556</contrib-id>
       <name name-style="western">
           <surname>Soviak</surname>
           <given-names>Andrii</given-names>
       </name>
	<aff>Department of Computer Science, Stony Brook University, Stony Brook, NY, USA</aff><aff><institution-wrap><institution-id institution-id-type="profile_id">60026415</institution-id></institution-wrap></aff>
	<email>asoviak@stonybrook.edu</email>
	<role>Author</role>
   </contrib>
   <contrib contrib-type="author" id="artseq-00004">
       <contrib-id contrib-id-type="person_id" authenticated="false">P6916899</contrib-id><contrib-id contrib-id-type="profile_id" authenticated="false">88158989757</contrib-id>
       <name name-style="western">
           <surname>Ashok</surname>
           <given-names>Vikas</given-names>
       </name>
	<aff>Department of Computer Science, Stony Brook University, Stony Brook, NY, USA</aff><aff><institution-wrap><institution-id institution-id-type="profile_id">60026415</institution-id></institution-wrap></aff>
	<email>vganjiguntea@stonybrook.edu</email>
	<role>Author</role>
   </contrib>
   <contrib contrib-type="author" id="artseq-00005">
       <contrib-id contrib-id-type="person_id" authenticated="false">P6916900</contrib-id><contrib-id contrib-id-type="profile_id" authenticated="false">99659458977</contrib-id>
       <name name-style="western">
           <surname>Disfani</surname>
           <given-names>Shirin</given-names>
       </name>
	<aff>Department of Computer Science, Stony Brook University, Stony Brook, NY, USA</aff><aff><institution-wrap><institution-id institution-id-type="profile_id">60026415</institution-id></institution-wrap></aff>
	<email>sfeizdisfani@stonybrook.edu</email>
	<role>Author</role>
   </contrib>
   <contrib contrib-type="author" id="artseq-00006">
       <contrib-id contrib-id-type="person_id" authenticated="false">P6916901</contrib-id><contrib-id contrib-id-type="profile_id" authenticated="false">81452611166</contrib-id>
       <name name-style="western">
           <surname>Ramakrishnan</surname>
           <given-names>I. V.</given-names>
       </name>
	<aff>Department of Computer Science, Stony Brook University, Stony Brook, NY, USA</aff><aff><institution-wrap><institution-id institution-id-type="profile_id">60026415</institution-id></institution-wrap></aff>
	<email>ram@stonybrook.edu</email>
	<role>Author</role>
   </contrib>
</contrib-group>
   <pub-date date-type="publication">
   <day>13</day>
   <month>05</month>
   <year>2019</year>
   </pub-date>
				<fpage>1</fpage>
				<lpage>2</lpage>
		<permissions>
			<copyright-year>2019</copyright-year>
			<copyright-holder>Owner/Author</copyright-holder>
			<license license-type="rightsretained">
			<license-p>Permission to make digital or hard copies of part or all of this work for personal or classroom use is granted without fee provided that copies are not made or distributed for profit or commercial advantage and that copies bear this notice and the full citation on the first page. Copyrights for third-party components of this work must be honored. For all other uses, contact the Owner/Author.</license-p>
			</license>
		</permissions>
		<self-uri content-type="pdf" xlink:href="3315002.3332441.pdf" />
	<abstract>
		<p>Web browsing is a tedious exploratory process for blind people who have to primarily rely on the screen reader's keyboard shortcuts or gestures and the serial audio readout of the textual content to navigate web pages. In contrast, sighted users can review the 2D structure of the page and use the mouse or touch he screen to focus on any part of the page. In this paper, we describe the Feel-It system for audio-tactile web browsing. Feel-It uses a combination of hardware and software to provide a usable personalized web browsing experience for blind computer users.</p>
	</abstract>
<kwd-group>
<kwd>H.5.2. Information interfaces and presentation: User Interfaces -- ergonomics</kwd>
<kwd>haptic I/O</kwd>
<kwd>interaction styles</kwd>
</kwd-group>
		<custom-meta-group>
		    <custom-meta>
		        <meta-name>rightslink</meta-name>
		        <meta-value>excluded</meta-value>
		    </custom-meta>
		</custom-meta-group>
		</book-part-meta>
		
	<back>
<ref-list specific-use="unparsed">
				<ref id="ref-00001">
				<mixed-citation>2016. Opencv. Retrieved from opencv.org.</mixed-citation>
				</ref>
				<ref id="ref-00002">
				<mixed-citation>Álvarez, M., Pan, A., Raposo, J., Bellas, F., and Cacheda, F., 2010. Finding and Extracting Data Records from Web Pages. Journal of Signal Processing Systems <pub-id pub-id-type="doi" xlink:href="10.1007/s11265-008-0270-y" assigning-authority="crossref">10.1007/s11265-008-0270-y</pub-id> <pub-id pub-id-type="doi" xlink:href="10.1007/s11265-008-0270-y" /></mixed-citation>
				</ref>
				<ref id="ref-00003">
				<mixed-citation>Asakawa, C., Takagi, H., Ino, S., and Ifukube, T., 2002. Auditory and Tactile Interfaces for Representing the Visual Effects on the Web. In Proceedings of the fifth international ACM conference on Assistive technologies. <pub-id pub-id-type="doi" xlink:href="10.1145/638249.638263" assigning-authority="crossref">10.1145/638249.638263</pub-id> <pub-id pub-id-type="doi" xlink:href="10.1145/638249.638263" /></mixed-citation>
				</ref>
				<ref id="ref-00004">
				<mixed-citation>Cai, D., Yu, S., Wen, J.-R., and Ma, W.-Y., 2004. Vips: A Vision Based Page Segmentation Algorithm. Microsoft technical report.</mixed-citation>
				</ref>
				<ref id="ref-00005">
				<mixed-citation>JAWS, 2013. Screen Reader from Freedom Scientific. http://www.freedomscientific.com/products/fs/jaws-product-page.asp.</mixed-citation>
				</ref>
				<ref id="ref-00006">
				<mixed-citation>NVDA, 2011. Non-Visual Desktop Access.</mixed-citation>
				</ref>
				<ref id="ref-00007">
				<mixed-citation>Senseg, 2011. Senseg's Tixel Technology. Retrieved from http://senseg.com/technology/senseg-technology.</mixed-citation>
				</ref>
				<ref id="ref-00008">
				<mixed-citation>TactusTechnology, 2015. Phorm Case for Ipad. Retrieved from http://www.getphorm.com/.</mixed-citation>
				</ref>
				<ref id="ref-00009">
				<mixed-citation>Völkel, T., Weber, G., and Baumann, U., 2008. Tactile Graphics Revised: The Novel Brailledis 9000 Pin- Matrix Device with Multitouch Input Computers Helping People with Special Needs. Springer Berlin. <pub-id pub-id-type="doi" xlink:href="10.1007/978-3-540-70540-6_124" assigning-authority="crossref">10.1007/978-3-540-70540-6_124</pub-id> <pub-id pub-id-type="doi" xlink:href="10.1007/978-3-540-70540-6_124" /></mixed-citation>
				</ref>
			</ref-list>
</back>
</book-part>
</book-part-wrapper>
