<?xml version="1.0" encoding="UTF-8"?>
<!DOCTYPE book-part-wrapper PUBLIC "-//NLM//DTD BITS Book Interchange DTD with OASIS and XHTML Tables v2.0 20151225//EN" "BITS-book-oasis2.dtd">
<book-part-wrapper xmlns:xlink="http://www.w3.org/1999/xlink" xmlns:mml="http://www.w3.org/1998/Math/MathML" xmlns:oasis="http://www.niso.org/standards/z39-96/ns/oasis-exchange/table" xmlns:xi="http://www.w3.org/2001/XInclude" xmlns:xsi="http://www.w3.org/2001/XMLSchema-instance" dtd-version="2.0" xml:lang="en" content-type="demonstration">
<collection-meta collection-type="book-series">
    <collection-id collection-id-type="doi">10.1145/acmotherconferences</collection-id>
    <title-group>
        <title>ACM Other Conferences</title>
    </title-group>
</collection-meta>
	<book-meta>
		<book-id book-id-type="acm-id">3315002</book-id>
		<book-id book-id-type="doi">10.1145/3315002</book-id>
		<book-title-group>
			<book-title>Proceedings of the 16th International Web for All Conference</book-title>
			<alt-title alt-title-type="acronym">W4A '19</alt-title>
		</book-title-group>
	</book-meta>
	<book-part xmlns:ali="http://www.niso.org/schemas/ali/1.0/" book-part-type="chapter" xml:lang="en">
		<book-part-meta>
			<book-part-id book-part-id-type="acm-id">3332446</book-part-id>
			<book-part-id book-part-id-type="doi">10.1145/3315002.3332446</book-part-id>
			<book-part-id book-part-id-type="article-no">15</book-part-id>
	<subj-group subj-group-type="ccs2012">
		<compound-subject>
			<compound-subject-part content-type="code">10010520.10010553.10010562.10010564</compound-subject-part>
			<compound-subject-part content-type="text">Computer systems organization~Embedded and cyber-physical systems~Embedded systems~Embedded software</compound-subject-part>
			<compound-subject-part content-type="weight">500</compound-subject-part>
		</compound-subject>
		<compound-subject>
			<compound-subject-part content-type="code">10010520.10010553.10010562.10010563</compound-subject-part>
			<compound-subject-part content-type="text">Computer systems organization~Embedded and cyber-physical systems~Embedded systems~Embedded hardware</compound-subject-part>
			<compound-subject-part content-type="weight">500</compound-subject-part>
		</compound-subject>
	</subj-group>
	<subj-group subj-group-type="qualifier-density">
		<compound-subject>
			<compound-subject-part content-type="code">research</compound-subject-part>
			<compound-subject-part content-type="text">Research</compound-subject-part>
		</compound-subject>
	</subj-group>
	<subj-group subj-group-type="qualifier-review_process">
		<compound-subject>
			<compound-subject-part content-type="code">refereed_limited</compound-subject-part>
			<compound-subject-part content-type="text">Refereed limited</compound-subject-part>
		</compound-subject>
	</subj-group>
	<subj-group subj-group-type="qualifier-editorial_treatment">
		<compound-subject>
			<compound-subject-part content-type="code">unedited</compound-subject-part>
			<compound-subject-part content-type="text">Un-edited</compound-subject-part>
		</compound-subject>
	</subj-group>
			<title-group>
				<title>Synesthesia Vision integration with Recife's Public Transport</title>
			</title-group>
<contrib-group>
   <contrib contrib-type="author" id="artseq-00001">
       <contrib-id contrib-id-type="person_id" authenticated="false">P6916915</contrib-id><contrib-id contrib-id-type="profile_id" authenticated="false">99659458867</contrib-id>
       <name name-style="western">
           <surname>Ferreira</surname>
           <given-names>Aida A.</given-names>
       </name>
	<aff>IFPE, Av. Prof. Luis Freire, Brazil</aff>
	<email>aidaferreira@recife.ifpe.edu.br</email>
	<role>Author</role>
   </contrib>
   <contrib contrib-type="author" id="artseq-00002">
       <contrib-id contrib-id-type="person_id" authenticated="false">P6916916</contrib-id><contrib-id contrib-id-type="profile_id" authenticated="false">99659181831</contrib-id>
       <name name-style="western">
           <surname>Brito</surname>
           <given-names>Gilmar</given-names>
       </name>
	<aff>IFPE, Av. Prof. Luis Freire, Brazil</aff>
	<email>gilmarbrito10@gmail.com</email>
	<role>Author</role>
   </contrib>
   <contrib contrib-type="author" id="artseq-00003">
       <contrib-id contrib-id-type="person_id" authenticated="false">P6916917</contrib-id><contrib-id contrib-id-type="profile_id" authenticated="false">99659532195</contrib-id>
       <name name-style="western">
           <surname>Silva</surname>
           <given-names>Lydia Nascimento da</given-names>
       </name>
	<aff>IFPE, Av. Prof. Luis Freire, Brazil</aff>
	<email>lns@a.recife.ifpe.edu.br</email>
	<role>Author</role>
   </contrib>
   <contrib contrib-type="author" id="artseq-00004">
       <contrib-id contrib-id-type="person_id" authenticated="false">P6916918</contrib-id><contrib-id contrib-id-type="profile_id" authenticated="false">99659458338</contrib-id>
       <name name-style="western">
           <surname>Mouzinho</surname>
           <given-names>João Victor</given-names>
       </name>
	<aff>IFPE</aff>
	<email>jvcm@a.recife.ifpe.edu.br</email>
	<role>Author</role>
   </contrib>
   <contrib contrib-type="author" id="artseq-00005">
       <contrib-id contrib-id-type="person_id" authenticated="false">P6916919</contrib-id><contrib-id contrib-id-type="profile_id" authenticated="false">99659458680</contrib-id>
       <name name-style="western">
           <surname>Morais</surname>
           <given-names>Ryan</given-names>
       </name>
	<aff>IFPE</aff>
	<email>ryan.morais2206@gmail.com</email>
	<role>Author</role>
   </contrib>
   <contrib contrib-type="author" id="artseq-00006">
       <contrib-id contrib-id-type="person_id" authenticated="false">P6916920</contrib-id><contrib-id contrib-id-type="profile_id" authenticated="false">99659458854</contrib-id>
       <name name-style="western">
           <surname>Pereira</surname>
           <given-names>Jonathan Romualdo</given-names>
       </name>
	<aff>IFPE</aff>
	<email>jrsap@a.recife.ifpe.edu.br</email>
	<role>Author</role>
   </contrib>
</contrib-group>
   <pub-date date-type="publication">
   <day>13</day>
   <month>05</month>
   <year>2019</year>
   </pub-date>
				<fpage>1</fpage>
				<lpage>2</lpage>
		<permissions>
			<copyright-year>2019</copyright-year>
			<copyright-holder>Owner/Author</copyright-holder>
			<license license-type="rightsretained">
			<license-p>Permission to make digital or hard copies of part or all of this work for personal or classroom use is granted without fee provided that copies are not made or distributed for profit or commercial advantage and that copies bear this notice and the full citation on the first page. Copyrights for third-party components of this work must be honored. For all other uses, contact the Owner/Author.</license-p>
			</license>
		</permissions>
		<self-uri content-type="pdf" xlink:href="3315002.3332446.pdf" />
	<abstract>
		<p>The metropolitan region of Recife/Brazil presents a scenario where buses routes, lines and schedules are transmitted only visually, limiting the independence in the use of public transportation by visually impaired people. In order to make information about buses schedules in the metropolitan area of Recife accessible to people with visual impairment, an integration was developed between the Synesthesia Vision project and the public transport control system of the metropolitan region of Recife. Synesthesia Vision main subject is the development of technological solutions to help the locomotion of people with visual impairment with freedom and security. The Synesthesia Vision project consists of two subsystems: sensory glasses and a mobile application. Sensory glasses are able to convert obstacles in the way of the user into 3D sound information that can be heard and positioned by their users. The mobile application is responsible by the sensory glasses control and it provides additional information about the environment, such as weather forecasting, the brightness of the environment and buses schedules and arrivals. The Synesthesia Vision project is based on two basic concepts: ubiquitous computing (constant presence of information technology in ordinary people) and intelligent cities (use of technology to develop cities for people). The Synesthesia Vision integration with Recife's public transport control system increased the autonomy and freedom of movement of the blind, because the system, besides warning about obstacles in the way of the user, is able to alert, through sound warnings, about the schedules and arrivals of buses in the bus stop where the user of the system is. The results achieved were promising because volunteers indicated that the device gave more security to walk and go alone to buses stops.</p>
	</abstract>
<kwd-group>
<kwd>Internet of Things</kwd>
<kwd>Public Urban Transportation</kwd>
<kwd>Smart Cities</kwd>
<kwd>Smartphone Application</kwd>
<kwd>Visually Impaired</kwd>
</kwd-group>
		<custom-meta-group>
		    <custom-meta>
		        <meta-name>rightslink</meta-name>
		        <meta-value>excluded</meta-value>
		    </custom-meta>
		</custom-meta-group>
		</book-part-meta>
	</book-part>
</book-part-wrapper>
