<?xml version="1.0" encoding="UTF-8"?>
<!DOCTYPE book-part-wrapper PUBLIC "-//NLM//DTD BITS Book Interchange DTD with OASIS and XHTML Tables v2.0 20151225//EN" "BITS-book-oasis2.dtd">
<book-part-wrapper xmlns:xlink="http://www.w3.org/1999/xlink" xmlns:mml="http://www.w3.org/1998/Math/MathML" xmlns:oasis="http://www.niso.org/standards/z39-96/ns/oasis-exchange/table" xmlns:xi="http://www.w3.org/2001/XInclude" xmlns:xsi="http://www.w3.org/2001/XMLSchema-instance" dtd-version="2.0" xml:lang="en" content-type="demonstration">
<collection-meta collection-type="book-series">
    <collection-id collection-id-type="doi">10.1145/acmotherconferences</collection-id>
    <title-group>
        <title>ACM Other Conferences</title>
    </title-group>
</collection-meta>
	<book-meta>
		<book-id book-id-type="acm-id">3315002</book-id>
		<book-id book-id-type="doi">10.1145/3315002</book-id>
		<book-title-group>
			<book-title>Proceedings of the 16th International Web for All Conference</book-title>
			<alt-title alt-title-type="acronym">W4A '19</alt-title>
		</book-title-group>
	</book-meta>
	<book-part xmlns:ali="http://www.niso.org/schemas/ali/1.0/" book-part-type="chapter" xml:lang="en">
		<book-part-meta>
			<book-part-id book-part-id-type="acm-id">3332440</book-part-id>
			<book-part-id book-part-id-type="doi">10.1145/3315002.3332440</book-part-id>
			<book-part-id book-part-id-type="article-no">9</book-part-id>
	<subj-group subj-group-type="ccs2012">
		<compound-subject>
			<compound-subject-part content-type="code">10010405.10010489</compound-subject-part>
			<compound-subject-part content-type="text">Applied computing~Education</compound-subject-part>
			<compound-subject-part content-type="weight">500</compound-subject-part>
		</compound-subject>
		<compound-subject>
			<compound-subject-part content-type="code">10003120.10011738</compound-subject-part>
			<compound-subject-part content-type="text">Human-centered computing~Accessibility</compound-subject-part>
			<compound-subject-part content-type="weight">500</compound-subject-part>
		</compound-subject>
	</subj-group>
	<subj-group subj-group-type="qualifier-density">
		<compound-subject>
			<compound-subject-part content-type="code">research</compound-subject-part>
			<compound-subject-part content-type="text">Research</compound-subject-part>
		</compound-subject>
	</subj-group>
	<subj-group subj-group-type="qualifier-review_process">
		<compound-subject>
			<compound-subject-part content-type="code">refereed_limited</compound-subject-part>
			<compound-subject-part content-type="text">Refereed limited</compound-subject-part>
		</compound-subject>
	</subj-group>
	<subj-group subj-group-type="qualifier-editorial_treatment">
		<compound-subject>
			<compound-subject-part content-type="code">unedited</compound-subject-part>
			<compound-subject-part content-type="text">Un-edited</compound-subject-part>
		</compound-subject>
	</subj-group>
			<title-group>
				<title>Evaluation of a Prototype Interactive Working Memory Application for Children with Learning Disabilities</title>
			</title-group>
<contrib-group>
   <contrib contrib-type="author" id="artseq-00001">
       <contrib-id contrib-id-type="person_id" authenticated="false">P6916894</contrib-id><contrib-id contrib-id-type="profile_id" authenticated="false">81317498863</contrib-id>
       <name name-style="western">
           <surname>Pearson</surname>
           <given-names>Elaine</given-names>
       </name>
	<aff>Teesside University, England, UK</aff><aff><institution-wrap><institution-id institution-id-type="profile_id">60025655</institution-id></institution-wrap></aff>
	<email>e.pearson@tees.ac.ul</email>
	<role>Author</role>
   </contrib>
   <contrib contrib-type="author" id="artseq-00002">
       <contrib-id contrib-id-type="person_id" authenticated="false">P6916895</contrib-id><contrib-id contrib-id-type="profile_id" authenticated="false">99659365747</contrib-id>
       <name name-style="western">
           <surname>Shaban</surname>
           <given-names>Adel</given-names>
       </name>
	<aff>Teesside University, England, UK</aff><aff><institution-wrap><institution-id institution-id-type="profile_id">60025655</institution-id></institution-wrap></aff>
	<email>a.shaban@tees.ac.ul</email>
	<role>Author</role>
   </contrib>
</contrib-group>
   <pub-date date-type="publication">
   <day>13</day>
   <month>05</month>
   <year>2019</year>
   </pub-date>
				<fpage>1</fpage>
				<lpage>2</lpage>
		<permissions>
			<copyright-year>2019</copyright-year>
			<copyright-holder>Owner/Author</copyright-holder>
			<license license-type="rightsretained">
			<license-p>Permission to make digital or hard copies of part or all of this work for personal or classroom use is granted without fee provided that copies are not made or distributed for profit or commercial advantage and that copies bear this notice and the full citation on the first page. Copyrights for third-party components of this work must be honored. For all other uses, contact the Owner/Author.</license-p>
			</license>
		</permissions>
		<self-uri content-type="pdf" xlink:href="3315002.3332440.pdf" />
	<abstract>
		<p>This study reports on the evaluation of a working memory application to support children with learning disabilities, designed according to a framework based on guidelines derived from HCI concepts, cognitive load theories, and gamification techniques. The purpose of the evaluation was to examine the extent to which the prototype met the heuristics derived from the guidelines and to identify improvements for the final application. It was important to assess the effectiveness of the framework in practice. Evaluation was carried out by twelve expert reviewers through interaction with the prototype, examination of the guidelines and completion of an online survey. The results suggest that the guidelines are consistent and appropriately applied but also suggested improvements for the final application before testing it with children.</p>
	</abstract>
<kwd-group>
<kwd>Cognitive load</kwd>
<kwd>Design guidelines</kwd>
<kwd>Gamification</kwd>
<kwd>HCI</kwd>
<kwd>Learning disabilities</kwd>
<kwd>Working memory applications</kwd>
</kwd-group>
		<custom-meta-group>
		    <custom-meta>
		        <meta-name>rightslink</meta-name>
		        <meta-value>excluded</meta-value>
		    </custom-meta>
		</custom-meta-group>
		</book-part-meta>
		
	<back>
<ref-list specific-use="unparsed">
				<ref id="ref-00001">
				<mixed-citation>Cook, A.E. 2009. Measurement of Cognitive Load During Multimedia Learning Activities. Cognitive Effects of Multimedia Learning. 34--50.</mixed-citation>
				</ref>
				<ref id="ref-00002">
				<mixed-citation>Cowan, N. and Alloway, T. 2008. The development of working memory in childhood. The development of memory in infancy and childhood. Psychology Press. 303--342</mixed-citation>
				</ref>
				<ref id="ref-00003">
				<mixed-citation>Shaban, A &amp; Pearson, E., 2019. "A Learning Design Framework to Support Children with Learning Disabilities Incorporating Gamification Techniques" in press. <pub-id pub-id-type="doi" xlink:href="10.1145/3290607.3312806" assigning-authority="crossref">10.1145/3290607.3312806</pub-id> <pub-id pub-id-type="doi" xlink:href="10.1145/3290607.3312806" /></mixed-citation>
				</ref>
				<ref id="ref-00004">
				<mixed-citation>Gathercole, S.E., Pickering, S.J., Knight, C. and Stegmann, Z. 2004. Working memory skills and educational attainment: evidence from national curriculum assessments at 7 and 14 years of age. Applied Cognitive Psychology. 18, 1 (Jan. 2004), 1--16.</mixed-citation>
				</ref>
				<ref id="ref-00005">
				<mixed-citation>Lumsden, J., Edwards, E.A., Lawrence, N.S., Coyle, D. and Munafò, M.R. 2016. Gamification of Cognitive Assessment and Cognitive Training: A Systematic Review of Applications and Efficacy. JMIR serious games. 4, 2 (Jul. 2016), e11.</mixed-citation>
				</ref>
				<ref id="ref-00006">
				<mixed-citation>Maehler, C. and Schuchardt, K. 2016. Working memory in children with specific learning disorders and/or attention deficits. Learning and Individual Differences. 49, (Jul. 2016), 341--347.</mixed-citation>
				</ref>
				<ref id="ref-00007">
				<mixed-citation>Pereira, G., Ninaus, M., Prada, R., Wood, G., Neuper, C. and Paiva, A. 2015. Free Your Brain a Working Memory Training Game. Games and Learning Alliance (2015), 132--141. <pub-id pub-id-type="doi" xlink:href="10.1007/978-3-319-22960-7_13" assigning-authority="crossref">10.1007/978-3-319-22960-7_13</pub-id> <pub-id pub-id-type="doi" xlink:href="10.1007/978-3-319-22960-7_13" /></mixed-citation>
				</ref>
			</ref-list>
</back>
</book-part>
</book-part-wrapper>
