<?xml version="1.0" encoding="UTF-8"?>
<!DOCTYPE book-part-wrapper PUBLIC "-//NLM//DTD BITS Book Interchange DTD with OASIS and XHTML Tables v2.0 20151225//EN" "BITS-book-oasis2.dtd">
<book-part-wrapper xmlns:xlink="http://www.w3.org/1999/xlink" xmlns:mml="http://www.w3.org/1998/Math/MathML" xmlns:oasis="http://www.niso.org/standards/z39-96/ns/oasis-exchange/table" xmlns:xi="http://www.w3.org/2001/XInclude" xmlns:xsi="http://www.w3.org/2001/XMLSchema-instance" dtd-version="2.0" xml:lang="en" content-type="research-article">
<collection-meta collection-type="book-series">
    <collection-id collection-id-type="doi">10.1145/acmconferences</collection-id>
    <title-group>
        <title>ACM Conferences</title>
    </title-group>
</collection-meta>
	<book-meta>
		<book-id book-id-type="acm-id">3371300</book-id>
		<book-id book-id-type="doi">10.1145/3371300</book-id>
		<book-title-group>
			<book-title>Proceedings of the 17th International Web for All Conference</book-title>
			<alt-title alt-title-type="acronym">W4A '20</alt-title>
		</book-title-group>
	</book-meta>
	<book-part xmlns:ali="http://www.niso.org/schemas/ali/1.0/" book-part-type="chapter" xml:lang="en">
		<book-part-meta>
			<book-part-id book-part-id-type="acm-id">3383335</book-part-id>
			<book-part-id book-part-id-type="doi">10.1145/3371300.3383335</book-part-id>
			<book-part-id book-part-id-type="article-no">2</book-part-id>
	<subj-group subj-group-type="ccs2012">
		<compound-subject>
			<compound-subject-part content-type="code">10003120.10011738.10011772</compound-subject-part>
			<compound-subject-part content-type="text">Human-centered computing~Accessibility~Accessibility theory, concepts and paradigms</compound-subject-part>
			<compound-subject-part content-type="weight">500</compound-subject-part>
		</compound-subject>
		<compound-subject>
			<compound-subject-part content-type="code">10002944.10011122.10003459</compound-subject-part>
			<compound-subject-part content-type="text">General and reference~Document types~Computing standards, RFCs and guidelines</compound-subject-part>
			<compound-subject-part content-type="weight">500</compound-subject-part>
		</compound-subject>
		<compound-subject>
			<compound-subject-part content-type="code">10003120.10003121.10003126</compound-subject-part>
			<compound-subject-part content-type="text">Human-centered computing~Human computer interaction (HCI)~HCI theory, concepts and models</compound-subject-part>
			<compound-subject-part content-type="weight">500</compound-subject-part>
		</compound-subject>
		<compound-subject>
			<compound-subject-part content-type="code">10003120.10011738.10011774</compound-subject-part>
			<compound-subject-part content-type="text">Human-centered computing~Accessibility~Accessibility design and evaluation methods</compound-subject-part>
			<compound-subject-part content-type="weight">500</compound-subject-part>
		</compound-subject>
	</subj-group>
			<title-group>
				<title>The case for 'health related impairments and disabilities'</title>
			</title-group>
<contrib-group>
   <contrib contrib-type="author" id="artseq-00001">
       <contrib-id contrib-id-type="person_id" authenticated="false">P7020880</contrib-id><contrib-id contrib-id-type="profile_id" authenticated="false">81100139139</contrib-id>
       <name name-style="western">
           <surname>Harper</surname>
           <given-names>Simon</given-names>
       </name>
	<aff>University of Manchester, Manchester, UK</aff><aff><institution-wrap><institution-id institution-id-type="profile_id">60003771</institution-id></institution-wrap></aff>
	<email>simon.harper@manchester.ac.uk</email>
	<role>Author</role>
   </contrib>
   <contrib contrib-type="author" id="artseq-00002">
       <contrib-id contrib-id-type="person_id" authenticated="false">P7020881</contrib-id><contrib-id contrib-id-type="profile_id" authenticated="false">99659053209</contrib-id>
       <name name-style="western">
           <surname>Mueller</surname>
           <given-names>Julia</given-names>
       </name>
	<aff>University of Manchester, Manchester, UK</aff><aff><institution-wrap><institution-id institution-id-type="profile_id">60003771</institution-id></institution-wrap></aff>
	<email>julia.mueller@manchester.ac.uk</email>
	<role>Author</role>
   </contrib>
   <contrib contrib-type="author" id="artseq-00003">
       <contrib-id contrib-id-type="person_id" authenticated="false">P7020882</contrib-id><contrib-id contrib-id-type="profile_id" authenticated="false">99659053353</contrib-id>
       <name name-style="western">
           <surname>Davies</surname>
           <given-names>Alan</given-names>
       </name>
	<aff>University of Manchester, Manchester, UK</aff><aff><institution-wrap><institution-id institution-id-type="profile_id">60003771</institution-id></institution-wrap></aff>
	<email>alan.davies-2@manchester.ac.uk</email>
	<role>Author</role>
   </contrib>
   <contrib contrib-type="author" id="artseq-00004">
       <contrib-id contrib-id-type="person_id" authenticated="false">P7020883</contrib-id><contrib-id contrib-id-type="profile_id" authenticated="false">81416594384</contrib-id>
       <name name-style="western">
           <surname>Nicolau</surname>
           <given-names>Hugo</given-names>
       </name>
	<aff>NESC-ID, Lisboa</aff>
	<email>hman@inesc-id.pt</email>
	<role>Author</role>
   </contrib>
   <contrib contrib-type="author" id="artseq-00005">
       <contrib-id contrib-id-type="person_id" authenticated="false">P7020884</contrib-id><contrib-id contrib-id-type="profile_id" authenticated="false">81758716957</contrib-id>
       <name name-style="western">
           <surname>Eraslan</surname>
           <given-names>Sukru</given-names>
       </name>
	<aff>University of Manchester, Manchester, UK</aff><aff><institution-wrap><institution-id institution-id-type="profile_id">60003771</institution-id></institution-wrap></aff>
	<email>sukru.eraslan@manchester.ac.uk</email>
	<role>Author</role>
   </contrib>
   <contrib contrib-type="author" id="artseq-00006">
       <contrib-id contrib-id-type="person_id" authenticated="false">P7020885</contrib-id><contrib-id contrib-id-type="profile_id" authenticated="false">81100378126</contrib-id>
       <name name-style="western">
           <surname>Yesilada</surname>
           <given-names>Yeliz</given-names>
       </name>
	<aff>Middle East Technical Univesity, Turkey</aff><aff><institution-wrap><institution-id institution-id-type="profile_id">60004305</institution-id></institution-wrap></aff>
	<email>yyeliz@metu.edu.tr</email>
	<role>Author</role>
   </contrib>
</contrib-group>
   <pub-date date-type="publication">
   <day>20</day>
   <month>04</month>
   <year>2020</year>
   </pub-date>
				<fpage>1</fpage>
				<lpage>7</lpage>
		<permissions>
			<copyright-year>2020</copyright-year>
			<copyright-holder>ACM</copyright-holder>
			<license license-type="acmlicensed">
			<license-p>Permission to make digital or hard copies of all or part of this work for personal or classroom use is granted without fee provided that copies are not made or distributed for profit or commercial advantage and that copies bear this notice and the full citation on the first page. Copyrights for components of this work owned by others than the author(s) must be honored. Abstracting with credit is permitted. To copy otherwise, or republish, to post on servers or to redistribute to lists, requires prior specific permission and/or a fee. Request permissions from Permissions@acm.org.</license-p>
			</license>
		</permissions>
		<self-uri content-type="pdf" xlink:href="3371300.3383335.pdf" />
	<abstract>
		<p>Health conditions, both chronic and acute, are often accompanied by disability-like impairments that might affect mobility, cognition, or perception. These impairments are often pernicious because they are difficult to isolate, vary in intensity and extent over time, and are under-investigated. Here, we make the case that solutions to these impairments are often impervious to traditional accessibility solutions and thinking, and that new solutions are needed. We present argumentation and case-studies, which build the case for a different category of impairments called 'Health-Related Impairments and Disabilities' (HIID). The distinction between traditionally defined disabilities and HIIDs are important because an understanding that this category of impairments is fundamentally different both in cause and nature, affects the effectiveness of the accessibility solutions we provide. Here, we intended to outline the 'problem'<sup>1</sup> space and elaborate on the four main characteristics of HIIDs (as we see them) to provide delineation and clarity. This is the only way that robust solutions within this problem space can be enacted, being: (1) Combinatorial Impairments; (2) Dynamic Impairments varying in Magnitude and Extent; (3) Impairments as a Comorbidity; and (4) Socio-Technical. It is our intention to outline these characteristics with third-party cases to serve as exemplars of the problems faced. We do not provide research solutions, or indeed any novel empirical evidence. But rather, define a place for discussions to begin. Therefore, this work is better understood as a position paper or a call-to-action. Simply, we make the case that addressing the disability (caused by the underlying illness) is often ineffective; what we need to do is address the illness directly which will in turn address the disability through their transitory relationship.</p>
	</abstract>
<kwd-group>
<kwd>call-to-action</kwd>
<kwd>co-morbidity</kwd>
<kwd>health</kwd>
<kwd>impairment</kwd>
</kwd-group>
<funding-group specific-use="FundRef">
	<award-group id="award1">
		<funding-source id="GS1">
			<institution-wrap>
			<institution>EPSRC</institution>
			</institution-wrap>
		</funding-source>
		<award-id rid="GS1">EP/K005294/1 - R114041</award-id>
	</award-group>
</funding-group>
		</book-part-meta>
		
	<back>
<ref-list specific-use="unparsed">
				<ref id="ref-00001">
				<mixed-citation>[n. d.]. Levodopa | Parkinson's UK. https://www.parkinsons.org.uk/information-and-support/levodopa</mixed-citation>
				</ref>
				<ref id="ref-00002">
				<mixed-citation>2019. Using automated computer vision and machine learning to code facial expressions of affect and arousal: Implications for emotion dysregulation research. <italic toggle="yes">Development and Psychopathology</italic> 31, 3 (2019), 871--886. <pub-id pub-id-type="doi" xlink:href="10.1017/S0954579419000312" assigning-authority="crossref">10.1017/S0954579419000312</pub-id></mixed-citation>
				</ref>
				<ref id="ref-00003">
				<mixed-citation>Ukachukwu Abaraogu, Elochukwu Ezenwankwo, Philippa Dall, Garry Tew, Wesley Stuart, Julie Brittenden, and Chris Seenan. 2018. Barriers and enablers to walking in individuals with intermittent claudication: A systematic review to conceptualize a relevant and patient-centered program. <italic toggle="yes">PLoS ONE</italic> 13, 7 (2018), 1--20. <pub-id pub-id-type="doi" xlink:href="10.1371/journal.pone.0201095" assigning-authority="crossref">10.1371/journal.pone.0201095</pub-id></mixed-citation>
				</ref>
				<ref id="ref-00004">
				<mixed-citation>S. Attarian, E. Salort-Campana, K. Nguyen, A. Behin, and J. Andoni Urtizberea. 2012. Recommendations for the management of facioscapulohumeral muscular dystrophy in 2011. <italic toggle="yes">Revue Neurologique</italic> 168, 12 (2012), 910--918. <pub-id pub-id-type="doi" xlink:href="10.1016/j.neurol.2011.11.008" assigning-authority="crossref">10.1016/j.neurol.2011.11.008</pub-id></mixed-citation>
				</ref>
				<ref id="ref-00005">
				<mixed-citation>Kevin Cassar. 2006. Clinical Review Intermittent claudication. <italic toggle="yes">Bmj journals</italic> 333, 11 (2006), 1002--1005. <pub-id pub-id-type="doi" xlink:href="10.1136/bmj.39001.562813.DE" assigning-authority="crossref">10.1136/bmj.39001.562813.DE</pub-id></mixed-citation>
				</ref>
				<ref id="ref-00006">
				<mixed-citation>Alan Davies and Alwyn Scott. 2015. <italic toggle="yes">Starting to read ECGs: A Comprehensive Guide to Theory and Practice.</italic> Springer-Verlag, London. 207 pages. <pub-id pub-id-type="doi" xlink:href="10.1007/978-1-4471-4965-1" assigning-authority="crossref">10.1007/978-1-4471-4965-1</pub-id></mixed-citation>
				</ref>
				<ref id="ref-00007">
				<mixed-citation>G Deuschl, J Raethjen, R Baron, M Lindemann, and H Wilms. 2000. The patho-physiology of parkinsonian tremor: a review. <italic toggle="yes">J Neurol</italic> 247, (Suppl 5) (2000).</mixed-citation>
				</ref>
				<ref id="ref-00008">
				<mixed-citation>Andrey Dovzhenok and Leonid L. Rubchinsky. 2012. On the Origin of Tremor in ParkinsonâĂ&amp;Zacute;s Disease. <italic toggle="yes">PLoS ONE 7</italic>, 7 (7 2012), e41598. <pub-id pub-id-type="doi" xlink:href="10.1371/journal.pone.0041598" assigning-authority="crossref">10.1371/journal.pone.0041598</pub-id></mixed-citation>
				</ref>
				<ref id="ref-00009">
				<mixed-citation>M D Eisner, P D Blanc, T A Omachi, E H Yelin, S Sidney, P P Katz, L M Ackerson, G Sanchez, Irina Tolstykh, and C Iribarren. 2011. Socioeconomic status, race and COPD health outcomes. <italic toggle="yes">Journal of epidemiology and community health</italic> 65, 1 (jan 2011), 26--34. <pub-id pub-id-type="doi" xlink:href="10.1136/jech.2009.089722" assigning-authority="crossref">10.1136/jech.2009.089722</pub-id></mixed-citation>
				</ref>
				<ref id="ref-00010">
				<mixed-citation>Julia Fisher and Meena Upadhyaya. 1997. Molecular genetics of facioscapulohumeral muscular dystrophy (FSHD). <italic toggle="yes">Neuromuscular Disorders</italic> 7, 1 (1997), 55--62. <pub-id pub-id-type="doi" xlink:href="10.1016/S0960-8966(96)00400-2" assigning-authority="crossref">10.1016/S0960-8966(96)00400-2</pub-id></mixed-citation>
				</ref>
				<ref id="ref-00011">
				<mixed-citation>Christina Fitzmaurice, Daniel Dicker, Amanda Pain, Hannah Hamavid, Maziar Moradi-Lakeh, Michael F MacIntyre, Christine Allen, Gillian Hansen, Rachel Woodbrook, Charles Wolfe, Randah R Hamadeh, Ami Moore, Andrea Werdecker, Bradford D Gessner, Braden Te Ao, Brian McMahon, Chante Karimkhani, Chuanhua Yu, Graham S Cooke, David C Schwebel, David O Carpenter, David M Pereira, Denis Nash, Dhruv S Kazi, Diego De Leo, Dietrich Plass, Kingsley N Ukwaja, George D Thurston, KimYunJin, Edgar P Simard, Edward Mills, Eun-Kee Park, Ferrán Catalá-López, Gabrielle DeVeber, Carolyn Gotay, Gulfaraz Khan, H Dean Hosgood, Itamar S Santos, Janet L Leasher, Jasvinder Singh, James Leigh, Jost Jonas, Juan Sanabria, Justin Beardsley, Kathryn H Jacobsen, Ken Takahashi, Richard C Franklin, Luca Ronfani, Marcella Montico, Luigi Naldi, Marcello Tonelli, Johanna Geleijnse, Max Petzold, Mark G Shrime, Mustafa Younis, Naohiro Yonemoto, Nicholas Breitborde, Paul Yip, Farshad Pourmalek, Paulo A Lotufo, Alireza Esteghamati, Graeme J Hankey, Raghib Ali, Raimundas Lunevicius, Reza Malekzadeh, Robert Dellavalle, Robert Weintraub, Robyn Lucas, Roderick Hay, David Rojas-Rueda, Ronny Westerman, Sadaf G Sepanlou, Sandra Nolte, Scott Patten, Scott Weichenthal, Semaw Ferede Abera, Seyed-Mohammad Fereshtehnejad, Ivy Shiue, Tim Driscoll, Tommi Vasankari, Ubai Alsharif, Vafa Rahimi-Movaghar, Vasiliy V Vlassov, W S Marcenes, Wubegzier Mekonnen, Yohannes Adama Melaku, Yuichiro Yano, Al Artaman, Ismael Campos, Jennifer MacLachlan, Ulrich Mueller, Daniel Kim, Matias Trillini, Babak Eshrati, Hywel C Williams, Kenji Shibuya, Rakhi Dandona, Kinnari Murthy, Benjamin Cowie, Azmeraw T Amare, Carl Abelardo Antonio, Carlos Castañeda-Orjuela, Coen H van Gool, Francesco Violante, In-Hwan Oh, Kedede Deribe, Kjetil Soreide, Luke Knibbs, Maia Kereselidze, Mark Green, Rosario Cardenas, Nobhojit Roy, Taavi Tillman, Yongmei Li, Hans Krueger, Lorenzo Monasta, Subhojit Dey, Sara Sheikhbahaei, Nima Hafezi-Nejad, G Anil Kumar, Chandrashekhar T Sreeramareddy, Lalit Dandona, Haidong Wang, Stein Emil Vollset, Ali Mokdad, Joshua A Salomon, Rafael Lozano, Theo Vos, Mohammad Forouzanfar, Alan Lopez, Christopher Murray, and Mohsen Naghavi. 2015. The Global Burden of Cancer 2013. <italic toggle="yes">JAMA oncology</italic> 1, 4 (jul 2015), 505--27. <pub-id pub-id-type="doi" xlink:href="10.1001/jamaoncol.2015.0735" assigning-authority="crossref">10.1001/jamaoncol.2015.0735</pub-id></mixed-citation>
				</ref>
				<ref id="ref-00012">
				<mixed-citation>Terri R Fried, Carlos A Vaz Fragoso, and Michael W Rabow. 2012. Caring for the older person with chronic obstructive pulmonary disease. <italic toggle="yes">JAMA</italic> 308, 12 (sep 2012), 1254--63. <pub-id pub-id-type="doi" xlink:href="10.1001/jama.2012.12422" assigning-authority="crossref">10.1001/jama.2012.12422</pub-id></mixed-citation>
				</ref>
				<ref id="ref-00013">
				<mixed-citation>Amy Elizabeth Harwood, Edward Broadbent, Joshua Phillip Totty, George Edward Smith, and Ian Clifford Chetter. 2017. Intermittent claudication a real pain in the calf - Patient experience of diagnosis and treatment with a supervised exercise program. <italic toggle="yes">Journal of Vascular Nursing</italic> 35, 3 (2017), 131--135. <pub-id pub-id-type="doi" xlink:href="10.1016/j.jvn.2017.03.001" assigning-authority="crossref">10.1016/j.jvn.2017.03.001</pub-id></mixed-citation>
				</ref>
				<ref id="ref-00014">
				<mixed-citation>HUGO MIGUEL ALEIXO NICOLAU. 2013. <italic toggle="yes">Disabled âĂ&amp;Yuml;RâĂ&amp;Zacute; All: Bridging the Gap between Health-and Situationally-Induced Impairments and Disabilities.</italic> Ph.D. Dissertation. UNIVERSIDADE TÉCNICA DE LISBOA INSTITUTO SUPERIOR TÉCNICO. http://web.tecnico.ulisboa.pt/hugo.nicolau/publications/2013/Nicolau-UTL-2013.pdf</mixed-citation>
				</ref>
				<ref id="ref-00015">
				<mixed-citation>Keiko Ishihara, Shigekazu Ishihara, Mitsuo Nagamachi, Sugaru Hiramatsu, and Hirokazu Osaki. 2001. Age-related decline in color perception and difficulties with daily activitiesâĂŞmeasurement, questionnaire, optical and computer-graphics simulation studies. <italic toggle="yes">International Journal of Industrial Ergonomics</italic> 28, 3 (2001), 153--163. <pub-id pub-id-type="doi" xlink:href="10.1016/S0169-8141(01)00028-2" assigning-authority="crossref">10.1016/S0169-8141(01)00028-2</pub-id></mixed-citation>
				</ref>
				<ref id="ref-00016">
				<mixed-citation>MaytÃl' Castro Jiménez and Francois J.G. Vingerhoets. 2012. Tremor revisited: Treatment of PD tremor. <italic toggle="yes">Parkinsonism &amp; Related Disorders</italic> 18 (1 2012), S93--S95. <pub-id pub-id-type="doi" xlink:href="10.1016/S1353-8020(11)70030-X" assigning-authority="crossref">10.1016/S1353-8020(11)70030-X</pub-id></mixed-citation>
				</ref>
				<ref id="ref-00017">
				<mixed-citation>Shaun K. Kane, Chandrika Jayant, Jacob O. Wobbrock, and Richard E. Ladner. 2009. Freedom to Roam: A Study of Mobile Device Adoption and Accessibility for People with Visual and Motor Disabilities. In <italic toggle="yes">Proceedings of the 11th International ACM SIGACCESS Conference on Computers and Accessibility (Assets '09).</italic> ACM, New York, NY, USA, 115--122. <pub-id pub-id-type="doi" xlink:href="10.1145/1639642.1639663" assigning-authority="crossref">10.1145/1639642.1639663</pub-id></mixed-citation>
				</ref>
				<ref id="ref-00018">
				<mixed-citation>Caroline J Ketcham and George E Stelmach. 2001. Age-related declines in motor control. <italic toggle="yes">Handbook of the psychology of aging</italic> 5 (2001), 313--348.</mixed-citation>
				</ref>
				<ref id="ref-00019">
				<mixed-citation>MDUK. 2019. Muscular Dystrophy UK. https://www.musculardystrophyuk.org/about-muscle-wasting-conditions/facioscapulohumeral-muscular-dystrophy-fsh/</mixed-citation>
				</ref>
				<ref id="ref-00020">
				<mixed-citation>Julia Mueller, Alan Davies, Caroline Jay, Simon Harper, Fiona Blackhall, Yvonne Summers, Amelie Harle, and Chris Todd. 2019. Developing and testing a web-based intervention to encourage early help-seeking in people with symptoms associated with lung cancer. <italic toggle="yes">British Journal of Health Psychology</italic> 24, 1 (2019), 31--65. <pub-id pub-id-type="doi" xlink:href="10.1111/bjhp.12325" assigning-authority="crossref">10.1111/bjhp.12325</pub-id></mixed-citation>
				</ref>
				<ref id="ref-00021">
				<mixed-citation>J. Mueller, C. Jay, S. Harper, and C. Todd. 2017. The role of web-based health information in help-seeking behavior prior to a diagnosis of lung cancer: A mixed-methods study. <italic toggle="yes">Journal of Medical Internet Research</italic> 19, 6 (2017). <pub-id pub-id-type="doi" xlink:href="10.2196/jmir.6336" assigning-authority="crossref">10.2196/jmir.6336</pub-id></mixed-citation>
				</ref>
				<ref id="ref-00022">
				<mixed-citation>Maia Naftali and Leah Findlater. 2014. Accessibility in Context: Understanding the Truly Mobile Experience of Smartphone Users with Motor Impairments. In <italic toggle="yes">Proceedings of the 16th International ACM SIGACCESS Conference on Computers &amp; Accessibility (ASSETS '14).</italic> ACM, New York, NY, USA, 209--216. <pub-id pub-id-type="doi" xlink:href="10.1145/2661334.2661372" assigning-authority="crossref">10.1145/2661334.2661372</pub-id></mixed-citation>
				</ref>
				<ref id="ref-00023">
				<mixed-citation>Hugo Nicolau, João Guerreiro, and Tiago João Vieira Guerreiro. 2014. Stressing the Boundaries of Mobile Accessibility. <italic toggle="yes">CoRR</italic> abs/1402.1001 (2014). arXiv:1402.1001 http://arxiv.org/abs/1402.1001</mixed-citation>
				</ref>
				<ref id="ref-00024">
				<mixed-citation>Samuel J. Parsons, Andrew McMurtrie, Stephen Cooke, Birender Balain, and David Jaffray. 2009. Facioscapulohumeral muscular dystrophy assessment and treatment. <italic toggle="yes">Orthopaedics and Trauma</italic> 23, 3 (2009), 180--185. <pub-id pub-id-type="doi" xlink:href="10.1016/j.mporth.2009.03.001" assigning-authority="crossref">10.1016/j.mporth.2009.03.001</pub-id></mixed-citation>
				</ref>
				<ref id="ref-00025">
				<mixed-citation>RW Picard. 1997. <italic toggle="yes">Affective Computing.</italic> Technical Report 321. MIT. 1--6 pages. <pub-id pub-id-type="doi" xlink:href="10.1109/IISA.2017.8316379" assigning-authority="crossref">10.1109/IISA.2017.8316379</pub-id></mixed-citation>
				</ref>
				<ref id="ref-00026">
				<mixed-citation>Rosalind W. Picard. 2003. Affective computing: Challenges. <italic toggle="yes">International Journal of Human Computer Studies</italic> 59, 1-2 (2003), 55--64. <pub-id pub-id-type="doi" xlink:href="10.1016/S1071-5819(03)00052-1" assigning-authority="crossref">10.1016/S1071-5819(03)00052-1</pub-id></mixed-citation>
				</ref>
				<ref id="ref-00027">
				<mixed-citation>Andrew Sears and Mark Young. 2003. The Human-computer Interaction Handbook. L. Erlbaum Associates Inc., Hillsdale, NJ, USA, Chapter Physical D, 482--503. http://dl.acm.org/citation.cfm?id=772072.772105</mixed-citation>
				</ref>
				<ref id="ref-00028">
				<mixed-citation>Lin M Jacko J Sears A. and Y Xiao. 2003. When Computers Fade ...Pervasive Computing and Situationally-Induced Impairments and Disabilities. In <italic toggle="yes">Proceedings of HCII 2003.</italic> 1298--1302.</mixed-citation>
				</ref>
				<ref id="ref-00029">
				<mixed-citation>Lindsey A Torre, Rebecca L Siegel, and Ahmedin Jemal. 2016. Lung Cancer Statistics. <italic toggle="yes">Advances in experimental medicine and biology</italic> 893 (jan 2016), 1--19. <pub-id pub-id-type="doi" xlink:href="10.1007/978-3-319-24223-1_1" assigning-authority="crossref">10.1007/978-3-319-24223-1_1</pub-id></mixed-citation>
				</ref>
			</ref-list>
</back>
</book-part>
</book-part-wrapper>
