<?xml version="1.0" encoding="UTF-8"?>
<!DOCTYPE book-part-wrapper PUBLIC "-//NLM//DTD BITS Book Interchange DTD with OASIS and XHTML Tables v2.0 20151225//EN" "BITS-book-oasis2.dtd">
<book-part-wrapper xmlns:xlink="http://www.w3.org/1999/xlink" xmlns:mml="http://www.w3.org/1998/Math/MathML" xmlns:oasis="http://www.niso.org/standards/z39-96/ns/oasis-exchange/table" xmlns:xi="http://www.w3.org/2001/XInclude" xmlns:xsi="http://www.w3.org/2001/XMLSchema-instance" dtd-version="2.0" xml:lang="en" content-type="research-article">
<collection-meta collection-type="book-series">
    <collection-id collection-id-type="doi">10.1145/acmconferences</collection-id>
    <title-group>
        <title>ACM Conferences</title>
    </title-group>
</collection-meta>
	<book-meta>
		<book-id book-id-type="acm-id">3371300</book-id>
		<book-id book-id-type="doi">10.1145/3371300</book-id>
		<book-title-group>
			<book-title>Proceedings of the 17th International Web for All Conference</book-title>
			<alt-title alt-title-type="acronym">W4A '20</alt-title>
		</book-title-group>
	</book-meta>
	<book-part xmlns:ali="http://www.niso.org/schemas/ali/1.0/" book-part-type="chapter" xml:lang="en">
		<book-part-meta>
			<book-part-id book-part-id-type="acm-id">3383341</book-part-id>
			<book-part-id book-part-id-type="doi">10.1145/3371300.3383341</book-part-id>
			<book-part-id book-part-id-type="article-no">12</book-part-id>
	<subj-group subj-group-type="ccs2012">
		<compound-subject>
			<compound-subject-part content-type="code">10003120.10003121.10003122</compound-subject-part>
			<compound-subject-part content-type="text">Human-centered computing~Human computer interaction (HCI)~HCI design and evaluation methods</compound-subject-part>
			<compound-subject-part content-type="weight">500</compound-subject-part>
		</compound-subject>
		<compound-subject>
			<compound-subject-part content-type="code">10003120.10011738.10011773</compound-subject-part>
			<compound-subject-part content-type="text">Human-centered computing~Accessibility~Empirical studies in accessibility</compound-subject-part>
			<compound-subject-part content-type="weight">500</compound-subject-part>
		</compound-subject>
		<compound-subject>
			<compound-subject-part content-type="code">10003120.10003123.10010860</compound-subject-part>
			<compound-subject-part content-type="text">Human-centered computing~Interaction design~Interaction design process and methods</compound-subject-part>
			<compound-subject-part content-type="weight">500</compound-subject-part>
		</compound-subject>
	</subj-group>
			<title-group>
				<title>Evaluation of user experience and cognitive load of a gamified cognitive training application for children with learning disabilities</title>
			</title-group>
<contrib-group>
   <contrib contrib-type="author" id="artseq-00001">
       <contrib-id contrib-id-type="person_id" authenticated="false">P7020914</contrib-id><contrib-id contrib-id-type="profile_id" authenticated="false">99659365747</contrib-id>
       <name name-style="western">
           <surname>Shaban</surname>
           <given-names>Adel</given-names>
       </name>
	<aff>Teesside University, England, UK</aff><aff><institution-wrap><institution-id institution-id-type="profile_id">60025655</institution-id></institution-wrap></aff>
	<email>A.shaban@tees.ac.uk</email>
	<role>Author</role>
   </contrib>
   <contrib contrib-type="author" id="artseq-00002">
       <contrib-id contrib-id-type="person_id" authenticated="false">P7020915</contrib-id><contrib-id contrib-id-type="profile_id" authenticated="false">81317498863</contrib-id>
       <name name-style="western">
           <surname>Pearson</surname>
           <given-names>Elaine</given-names>
       </name>
	<aff>Teesside University, England, UK</aff><aff><institution-wrap><institution-id institution-id-type="profile_id">60025655</institution-id></institution-wrap></aff>
	<email>E.pearson@tees.ac.uk</email>
	<role>Author</role>
   </contrib>
</contrib-group>
   <pub-date date-type="publication">
   <day>20</day>
   <month>04</month>
   <year>2020</year>
   </pub-date>
				<fpage>1</fpage>
				<lpage>10</lpage>
		<permissions>
			<copyright-year>2020</copyright-year>
			<copyright-holder>ACM</copyright-holder>
			<license license-type="acmcopyright">
			<license-p>Permission to make digital or hard copies of all or part of this work for personal or classroom use is granted without fee provided that copies are not made or distributed for profit or commercial advantage and that copies bear this notice and the full citation on the first page. Copyrights for components of this work owned by others than ACM must be honored. Abstracting with credit is permitted. To copy otherwise, or republish, to post on servers or to redistribute to lists, requires prior specific permission and/or a fee. Request permissions from Permissions@acm.org</license-p>
			</license>
		</permissions>
		<self-uri content-type="pdf" xlink:href="3371300.3383341.pdf" />
	<abstract>
		<p>This study presents a gamified application for children with learning disabilities, designed to train and improve working memory. The application takes the form of a treasure hunt, and is designed according to a framework incorporating guidelines derived from accessibility, usability and cognitive load theory, and from gamification techniques. The aim is to exploit working memory capacity, motivate and engage the child in working memory training activities. The main focus of this study is the evaluation of the user experience and the cognitive load level of this gamified application. A sample of 12 Egyptian children with learning disabilities completed a five-week training period using the application, followed by an evaluation process. The evaluation took the form of a simple usability survey, an unstructured observation, and a cognitive load measurement scale. The purpose was to evaluate the children's perceived experience and assess the level of cognitive load experienced in each of the activities. The results revealed that all the children enjoyed playing the gamified application, were eager to participate in the daily training, and the cognitive load experienced during the training was found to be generally appropriate - although some areas for improvement were identified. Finally, the experiments identified a correlation between user experience, cognitive load and training performance.</p>
	</abstract>
<kwd-group>
<kwd>cognitive load theory</kwd>
<kwd>evaluation</kwd>
<kwd>usability</kwd>
<kwd>user experience</kwd>
</kwd-group>
		</book-part-meta>
		
	<back>
<ref-list specific-use="unparsed">
				<ref id="ref-00001">
				<mixed-citation>Michael J. Albers. 2011. Tapping As a Measure of Cognitive Load and Website Usability. In Proceedings of the 29th ACM International Conference on Design of Communication (SIGDOC '11), 25--32. <pub-id pub-id-type="doi" xlink:href="10.1145/2038476.2038481" assigning-authority="crossref">10.1145/2038476.2038481</pub-id></mixed-citation>
				</ref>
				<ref id="ref-00002">
				<mixed-citation>Raluca Budiu. 2018. Working Memory and External Memory. Nielsen Norman Group. Retrieved January 2, 2019 from https://www.nngroup.com/articles/working-memory-external-memory/</mixed-citation>
				</ref>
				<ref id="ref-00003">
				<mixed-citation>Anne E. Cook. 2009. Measurement of Cognitive Load During Multimedia Learning Activities. In Cognitive Effects of Multimedia Learning. 34--50. Retrieved January 17, 2018 from https://www.igi-global.com/chapter/measurement-cognitive-load-during-multimedia/6604</mixed-citation>
				</ref>
				<ref id="ref-00004">
				<mixed-citation>Graham Cooper. 1998. Research into cognitive load theory and instructional design at UNSW. Retrieved from: https://www.researchgate.net/publication/264878140_Research_into_Cognitive_Load_Theory_and_Instructional_Design_at_UNSW</mixed-citation>
				</ref>
				<ref id="ref-00005">
				<mixed-citation>Sebastian Deterding. 2012. Gamification: Designing for Motivation. Interactions 19, 4 (July 2012), 14--17. <pub-id pub-id-type="doi" xlink:href="10.1145/2212877.2212883" assigning-authority="crossref">10.1145/2212877.2212883</pub-id></mixed-citation>
				</ref>
				<ref id="ref-00006">
				<mixed-citation>Marta González, Llúcia Masip, Antoni Granollers, and Marta Oliva. 2009. Quantitative analysis in a heuristic evaluation experiment. Adv. Eng. Softw. 40, 12 (December 2009), 1271--1278. <pub-id pub-id-type="doi" xlink:href="10.1016/j.advengsoft.2009.01.027" assigning-authority="crossref">10.1016/j.advengsoft.2009.01.027</pub-id></mixed-citation>
				</ref>
				<ref id="ref-00007">
				<mixed-citation>J. Hamari, J. Koivisto, and H. Sarsa. 2014. Does Gamification Work? - A Literature Review of Empirical Studies on Gamification. In 2014 47th Hawaii International Conference on System Sciences, 3025--3034. <pub-id pub-id-type="doi" xlink:href="10.1109/HICSS.2014.377" assigning-authority="crossref">10.1109/HICSS.2014.377</pub-id></mixed-citation>
				</ref>
				<ref id="ref-00008">
				<mixed-citation>Michael D. Hanus and Jesse Fox. 2015. Assessing the effects of gamification in the classroom: A longitudinal study on intrinsic motivation, social comparison, satisfaction, effort, and academic performance. Comput. Educ. 80, (January 2015), 152--161. <pub-id pub-id-type="doi" xlink:href="10.1016/j.compedu.2014.08.019" assigning-authority="crossref">10.1016/j.compedu.2014.08.019</pub-id></mixed-citation>
				</ref>
				<ref id="ref-00009">
				<mixed-citation>Setia Hermawati and Glyn Lawson. 2016. Establishing usability heuristics for heuristics evaluation in a specific domain: Is there a consensus? Appl. Ergon. 56, (September 2016), 34--51. <pub-id pub-id-type="doi" xlink:href="10.1016/j.apergo.2015.11.016" assigning-authority="crossref">10.1016/j.apergo.2015.11.016</pub-id></mixed-citation>
				</ref>
				<ref id="ref-00010">
				<mixed-citation>Nina Hollender, Cristian Hofmann, Michael Deneke, and Bernhard Schmitz. 2010. Integrating cognitive load theory and concepts of human-computer interaction. Comput. Hum. Behav. 26, 6 (November 2010), 1278--1288. <pub-id pub-id-type="doi" xlink:href="10.1016/j.chb.2010.05.031" assigning-authority="crossref">10.1016/j.chb.2010.05.031</pub-id></mixed-citation>
				</ref>
				<ref id="ref-00011">
				<mixed-citation>Charles Hulme and Monica Melby-Lervåg. 2012. Current evidence does not support the claims made for CogMed working memory training. J. Appl. Res. Mem. Cogn. 1, 3 (September 2012), 197--200. <pub-id pub-id-type="doi" xlink:href="10.1016/j.jarmac.2012.06.006" assigning-authority="crossref">10.1016/j.jarmac.2012.06.006</pub-id></mixed-citation>
				</ref>
				<ref id="ref-00012">
				<mixed-citation>Robin Hunicke, Marc LeBlanc, and Robert Zubek. 2004. MDA: A formal approach to game design and game research. In Proceedings of the AAAI Workshop on Challenges in Game AI, 1722.</mixed-citation>
				</ref>
				<ref id="ref-00013">
				<mixed-citation>Ming-Yueh Hwang, Jon-Chao Hong, Hao-Yueh Cheng, Yu-Chi Peng, and Nien-Chen Wu. 2013. Gender differences in cognitive load and competition anxiety affect 6th grade students' attitude toward playing and intention to play at a sequential or synchronous game. Comput. Educ. 60, 1 (January 2013), 254--263. <pub-id pub-id-type="doi" xlink:href="10.1016/j.compedu.2012.06.014" assigning-authority="crossref">10.1016/j.compedu.2012.06.014</pub-id></mixed-citation>
				</ref>
				<ref id="ref-00014">
				<mixed-citation>Stacey Joseph. 2013. Measuring cognitive load: A comparison of self-report and physiological methods. Thesis. Arizona State University Tempe, AZ.</mixed-citation>
				</ref>
				<ref id="ref-00015">
				<mixed-citation>Benjamin Katz, Susanne Jaeggi, Martin Buschkuehl, Alyse Stegman, and Priti Shah. 2014. Differential effect of motivational features on training improvements in school-based cognitive training. Front. Hum. Neurosci. 8, (2014). <pub-id pub-id-type="doi" xlink:href="10.3389/fnhum.2014.00242" assigning-authority="crossref">10.3389/fnhum.2014.00242</pub-id></mixed-citation>
				</ref>
				<ref id="ref-00016">
				<mixed-citation>Melina Klepsch, Florian Schmitz, and Tina Seufert. 2017. Development and Validation of Two Instruments Measuring Intrinsic, Extraneous, and Germane Cognitive Load. Front. Psychol. 8, (2017). <pub-id pub-id-type="doi" xlink:href="10.3389/fpsyg.2017.01997" assigning-authority="crossref">10.3389/fpsyg.2017.01997</pub-id></mixed-citation>
				</ref>
				<ref id="ref-00017">
				<mixed-citation>Luca Longo. 2017. Subjective Usability, Mental Workload Assessments and Their Impact on Objective Human Performance. In INTERACT. <pub-id pub-id-type="doi" xlink:href="10.1007/978-3-319-67684-5_13" assigning-authority="crossref">10.1007/978-3-319-67684-5_13</pub-id></mixed-citation>
				</ref>
				<ref id="ref-00018">
				<mixed-citation>Luca Longo. 2018. Experienced mental workload, perception of usability, their interaction and impact on task performance. PLOS ONE 13, 8 (August 2018), e0199661. <pub-id pub-id-type="doi" xlink:href="10.1371/journal.pone.0199661" assigning-authority="crossref">10.1371/journal.pone.0199661</pub-id></mixed-citation>
				</ref>
				<ref id="ref-00019">
				<mixed-citation>Luca Longo, Fabio Rusconi, Lucia Noce, and Stephen Barrett. 2012. The Importance of Human Mental Workload in Web Design. Conf. Pap. (January 2012). Retrieved from https://arrow.dit.ie/scschcomcon/179</mixed-citation>
				</ref>
				<ref id="ref-00020">
				<mixed-citation>Jeffrey MacCormack and Ian Matheson. 2015. Understanding Working Memory and Learning Disabilities. LD@school. Retrieved August 30, 2019 from https://www.ldatschool.ca/understanding-working-memory-and-lds/</mixed-citation>
				</ref>
				<ref id="ref-00021">
				<mixed-citation>Claudia Maehler and Kirsten Schuchardt. 2016. Working memory in children with specific learning disorders and/or attention deficits. Learn. Individ. Differ. 49, (July 2016), 341--347. <pub-id pub-id-type="doi" xlink:href="10.1016/j.lindif.2016.05.007" assigning-authority="crossref">10.1016/j.lindif.2016.05.007</pub-id></mixed-citation>
				</ref>
				<ref id="ref-00022">
				<mixed-citation>Steve Nebel, Sascha Schneider, and Günter Daniel Rey. 2016. From duels to classroom competition: Social competition and learning in educational videogames within different group sizes. Comput. Hum. Behav. 55, (February 2016), 384--398. <pub-id pub-id-type="doi" xlink:href="10.1016/j.chb.2015.09.035" assigning-authority="crossref">10.1016/j.chb.2015.09.035</pub-id></mixed-citation>
				</ref>
				<ref id="ref-00023">
				<mixed-citation>Jakob Nielsen. 2000. Ecommerce UX Research Report | Nielsen Norman Group. Nielsen Norman Group. Retrieved August 12, 2019 from https://www.nngroup.com/reports/ecommerce-user-experience/</mixed-citation>
				</ref>
				<ref id="ref-00024">
				<mixed-citation>Manuel Ninaus, Gonçalo Pereira, René Stefitz, Rui Prada, Ana Paiva, Christa Neuper, and Guilherme Wood. 2015. Game elements improve performance in a working memory training task. Int. J. Serious Games 2, (February 2015). <pub-id pub-id-type="doi" xlink:href="10.17083/ijsg.v2i1.60" assigning-authority="crossref">10.17083/ijsg.v2i1.60</pub-id></mixed-citation>
				</ref>
				<ref id="ref-00025">
				<mixed-citation>Jon Ottersen and Katja M. Grill. 2015. Benefits of extending and adjusting the level of difficulty on computerized cognitive training for children with intellectual disabilities. Front. Psychol. 6, (2015), 1233. <pub-id pub-id-type="doi" xlink:href="10.3389/fpsyg.2015.01233" assigning-authority="crossref">10.3389/fpsyg.2015.01233</pub-id></mixed-citation>
				</ref>
				<ref id="ref-00026">
				<mixed-citation>Adrian M. Owen, Adam Hampshire, Jessica A. Grahn, Robert Stenton, Said Dajani, Alistair S. Burns, Robert J. Howard, and Clive G. Ballard. 2010. Putting brain training to the test. Nature 465, 7299 (June 2010), 775--778. <pub-id pub-id-type="doi" xlink:href="10.1038/nature09042" assigning-authority="crossref">10.1038/nature09042</pub-id></mixed-citation>
				</ref>
				<ref id="ref-00027">
				<mixed-citation>Fred G. Paas. 1992. Training strategies for attaining transfer of problem-solving skill in statistics: A cognitive-load approach. J. Educ. Psychol. 84, 4 (1992), 429--434. <pub-id pub-id-type="doi" xlink:href="10.1037/0022-0663.84.4.429" assigning-authority="crossref">10.1037/0022-0663.84.4.429</pub-id></mixed-citation>
				</ref>
				<ref id="ref-00028">
				<mixed-citation>Elaine Pearson and Adel Shaban. 2019. Evaluation of a Prototype Interactive Working Memory Application for Children with Learning Disabilities. In Proceedings of the 16th Web For All 2019 Personalization - Personalizing the Web (W4A '19). <pub-id pub-id-type="doi" xlink:href="10.1145/3315002.3332440" assigning-authority="crossref">10.1145/3315002.3332440</pub-id></mixed-citation>
				</ref>
				<ref id="ref-00029">
				<mixed-citation>Gonçalo Pereira, Manuel Ninaus, Rui Prada, Guilherme Wood, Christa Neuper, and Ana Paiva. 2015. Free Your Brain a Working Memory Training Game. In Games and Learning Alliance (Lecture Notes in Computer Science), 132--141.</mixed-citation>
				</ref>
				<ref id="ref-00030">
				<mixed-citation>Pier J.M. Prins, Sebastiaan Dovis, Albert Ponsioen, Esther ten Brink, and Saskia van der Oord. 2010. Does Computerized Working Memory Training with Game Elements Enhance Motivation and Training Efficacy in Children with ADHD? Cyberpsychology Behav. Soc. Netw. 14, 3 (July 2010), 115--122. <pub-id pub-id-type="doi" xlink:href="10.1089/cyber.2009.0206" assigning-authority="crossref">10.1089/cyber.2009.0206</pub-id></mixed-citation>
				</ref>
				<ref id="ref-00031">
				<mixed-citation>H. M. Reis, S. S. Borges, V. H. S. Durelli, L. Fernando de S. Moro, A. A. F. Brandão, E. F. Barbosa, L. O. Brandão, S. Isotani, P. A. Jaques, and I. I. Bittencourt. 2012. Towards Reducing Cognitive Load and Enhancing Usability through a Reduced Graphical User Interface for a Dynamic Geometry System: An Experimental Study. In 2012 IEEE International Symposium on Multimedia, 445--450. <pub-id pub-id-type="doi" xlink:href="10.1109/ISM.2012.91" assigning-authority="crossref">10.1109/ISM.2012.91</pub-id></mixed-citation>
				</ref>
				<ref id="ref-00032">
				<mixed-citation>Carolina Rico-Olarte, Diego M. López, and Sara Kepplinger. 2017. User Experience Evaluation Methods in Games for Children with Cognitive Disabilities: A Systematic Review. Retrieved from:https://pdfs.semanticscholar.org/398f/aadfea11b3e9f71ef75ce273483c86e92da9.pdf?_ga=2.6024176.2147180683.1576532293-616405693.1573249525</mixed-citation>
				</ref>
				<ref id="ref-00033">
				<mixed-citation>Karen Robson, Kirk Plangger, Jan H. Kietzmann, Ian McCarthy, and Leyland Pitt. 2015. Is it all a game? Understanding the principles of gamification. Bus. Horiz. 58, 4 (July 2015), 411--420. <pub-id pub-id-type="doi" xlink:href="10.1016/j.bushor.2015.03.006" assigning-authority="crossref">10.1016/j.bushor.2015.03.006</pub-id></mixed-citation>
				</ref>
				<ref id="ref-00034">
				<mixed-citation>Richard E. Mayer, and Roxana Moreno. 2003. Nine Ways to Reduce Cognitive Load in Multimedia Learning. Educational Psychologist.38(1), 43--52. <pub-id pub-id-type="doi" xlink:href="10.1207/S15326985EP3801_6" assigning-authority="crossref">10.1207/S15326985EP3801_6</pub-id></mixed-citation>
				</ref>
				<ref id="ref-00035">
				<mixed-citation>Muhamad Risqi Utama Saputra. 2015. LexiPal: Design, Implementation and Evaluation of Gamification on Learning Application for Dyslexia. Int. J. Comput. Appl. 131, 7 (December 2015), 37--43.</mixed-citation>
				</ref>
				<ref id="ref-00036">
				<mixed-citation>You-Jin Seo and Honguk Woo. 2010. The identification, implementation, and evaluation of critical user interface design features of computer-assisted instruction programs in mathematics for students with learning disabilities - ScienceDirect. Computers &amp; Education 55, 1 (August 2010), 363--377. DOI:https://doi.org/ <pub-id pub-id-type="doi" xlink:href="10.1016/j.compedu.2010.02.002" assigning-authority="crossref">10.1016/j.compedu.2010.02.002</pub-id></mixed-citation>
				</ref>
				<ref id="ref-00037">
				<mixed-citation>Adel Shaban and Elaine Pearson. 2019. A Learning Design Framework to Support Children with Learning Disabilities Incorporating Gamification Techniques. In Extended Abstracts of the 2019 CHI Conference on Human Factors in Computing Systems (CHI EA '19), LBW0284:1--LBW0284:6. <pub-id pub-id-type="doi" xlink:href="10.1145/3290607.3312806" assigning-authority="crossref">10.1145/3290607.3312806</pub-id></mixed-citation>
				</ref>
				<ref id="ref-00038">
				<mixed-citation>Zach Shipstead, Kenny L. Hicks, and Randall W. Engle. 2012. Cogmed working memory training: Does the evidence support the claims? J. Appl. Res. Mem. Cogn. 1, 3 (September 2012), 185--193. <pub-id pub-id-type="doi" xlink:href="10.1016/j.jarmac.2012.06.003" assigning-authority="crossref">10.1016/j.jarmac.2012.06.003</pub-id></mixed-citation>
				</ref>
				<ref id="ref-00039">
				<mixed-citation>Stefan Stieglitz, Christoph Lattemann, Susanne Robra-Bissantz, Rüdiger Zarnekow, and Tobias Brockmann (Eds.). 2017. Gamification: Using Game Elements in Serious Contexts. Springer International Publishing. Retrieved January 12, 2019 from //www.springer.com/gb/book/9783319455556</mixed-citation>
				</ref>
				<ref id="ref-00040">
				<mixed-citation>H. Lee Swanson and Linda S. Siegel. 2001. Learning disabilities as a working memory deficit. ResearchGate 7, 1 (2001), 1--48.</mixed-citation>
				</ref>
				<ref id="ref-00041">
				<mixed-citation>H. Lee Swanson and Leilani Sáez. 2003. Memory Difficulties in Children and Adults with Learning Disabilities. In Handbook of Learning Disabilities. The Guilford Press, New York.</mixed-citation>
				</ref>
				<ref id="ref-00042">
				<mixed-citation>Janet Patton Tracy, and Michael J. Albers. 2007. Measuring Cognitive Load to Test the Usability of Websites. University of Memphis. Retrieved from: https://books.google.co.uk/books?id=IhPBtgAACAAJ</mixed-citation>
				</ref>
				<ref id="ref-00043">
				<mixed-citation>Zeynep Turan, Zeynep Avinc, Kadir Kara, and Yuksel Goktas. 2016. Gamification and Education: Achievements, Cognitive Loads, and Views of Students. Int. J. Emerg. Technol. Learn. IJET 11, 07 (July 2016), 64--69.</mixed-citation>
				</ref>
				<ref id="ref-00044">
				<mixed-citation>Dimitrios A. Zisimopoulos and Evangelia P. Galanaki. 2009. Academic Intrinsic Motivation and Perceived Academic Competence in Greek Elementary Students with and without Learning Disabilities. Learn. Disabil. Res. Pract. 24, 1 (2009), 33--43. <pub-id pub-id-type="doi" xlink:href="10.1111/j.1540-5826.2008.01275.x" assigning-authority="crossref">10.1111/j.1540-5826.2008.01275.x</pub-id></mixed-citation>
				</ref>
			</ref-list>
</back>
</book-part>
</book-part-wrapper>
