<?xml version="1.0" encoding="UTF-8"?>
<!DOCTYPE book-part-wrapper PUBLIC "-//NLM//DTD BITS Book Interchange DTD with OASIS and XHTML Tables v2.0 20151225//EN" "BITS-book-oasis2.dtd">
<book-part-wrapper xmlns:xlink="http://www.w3.org/1999/xlink" xmlns:mml="http://www.w3.org/1998/Math/MathML" xmlns:oasis="http://www.niso.org/standards/z39-96/ns/oasis-exchange/table" xmlns:xi="http://www.w3.org/2001/XInclude" xmlns:xsi="http://www.w3.org/2001/XMLSchema-instance" dtd-version="2.0" xml:lang="en" content-type="invited-talk">
<collection-meta collection-type="book-series">
    <collection-id collection-id-type="doi">10.1145/acmconferences</collection-id>
    <title-group>
        <title>ACM Conferences</title>
    </title-group>
</collection-meta>
	<book-meta>
		<book-id book-id-type="acm-id">3371300</book-id>
		<book-id book-id-type="doi">10.1145/3371300</book-id>
		<book-title-group>
			<book-title>Proceedings of the 17th International Web for All Conference</book-title>
			<alt-title alt-title-type="acronym">W4A '20</alt-title>
		</book-title-group>
	</book-meta>
	<book-part xmlns:ali="http://www.niso.org/schemas/ali/1.0/" book-part-type="chapter" xml:lang="en">
		<book-part-meta>
			<book-part-id book-part-id-type="acm-id">3385335</book-part-id>
			<book-part-id book-part-id-type="doi">10.1145/3371300.3385335</book-part-id>
			<book-part-id book-part-id-type="article-no">10</book-part-id>
	<subj-group subj-group-type="ccs2012">
		<compound-subject>
			<compound-subject-part content-type="code">10003120.10003123.10010860.10010859</compound-subject-part>
			<compound-subject-part content-type="text">Human-centered computing~Interaction design~Interaction design process and methods~User centered design</compound-subject-part>
			<compound-subject-part content-type="weight">500</compound-subject-part>
		</compound-subject>
		<compound-subject>
			<compound-subject-part content-type="code">10002951.10003227.10003351.10003269</compound-subject-part>
			<compound-subject-part content-type="text">Information systems~Information systems applications~Data mining~Collaborative filtering</compound-subject-part>
			<compound-subject-part content-type="weight">500</compound-subject-part>
		</compound-subject>
		<compound-subject>
			<compound-subject-part content-type="code">10002951.10003260.10003261.10003271</compound-subject-part>
			<compound-subject-part content-type="text">Information systems~World Wide Web~Web searching and information discovery~Personalization</compound-subject-part>
			<compound-subject-part content-type="weight">500</compound-subject-part>
		</compound-subject>
		<compound-subject>
			<compound-subject-part content-type="code">10002951.10003260.10003261</compound-subject-part>
			<compound-subject-part content-type="text">Information systems~World Wide Web~Web searching and information discovery</compound-subject-part>
			<compound-subject-part content-type="weight">500</compound-subject-part>
		</compound-subject>
	</subj-group>
			<title-group>
				<title>Bias on the web and beyond</title>
				<subtitle>an accessibility point of view</subtitle>
			</title-group>
<contrib-group>
   <contrib contrib-type="author" id="artseq-00001">
       <contrib-id contrib-id-type="person_id" authenticated="false">P7020908</contrib-id><contrib-id contrib-id-type="profile_id" authenticated="false">81100336335</contrib-id>
       <name name-style="western">
           <surname>Baeza-Yates</surname>
           <given-names>Ricardo</given-names>
       </name>
	<aff>Northeastern University at Silicon Valley</aff>
	<email>rbaeza@acm.org</email>
	<role>Author</role>
   </contrib>
</contrib-group>
   <pub-date date-type="publication">
   <day>20</day>
   <month>04</month>
   <year>2020</year>
   </pub-date>
				<fpage>1</fpage>
				<lpage>1</lpage>
		<permissions>
			<copyright-year>2020</copyright-year>
			<copyright-holder>Owner/Author</copyright-holder>
			<license license-type="rightsretained">
			<license-p>Permission to make digital or hard copies of part or all of this work for personal or classroom use is granted without fee provided that copies are not made or distributed for profit or commercial advantage and that copies bear this notice and the full citation on the first page. Copyrights for third-party components of this work must be honored. For all other uses, contact the Owner/Author.</license-p>
			</license>
		</permissions>
		<self-uri content-type="pdf" xlink:href="3371300.3385335.pdf" />
	<abstract>
		<p>The Web is the most powerful communication medium and the largest public data repository that humankind has created. Its content ranges from great reference sources such as Wikipedia to ugly fake news. Indeed, social (digital) media is just an amplifying mirror of ourselves, good or bad. Indeed, as all people has their own cultural and cognitive biases (<italic toggle="yes">e.g.</italic>, confirmation bias, see Figure 1), web content as well as our web interactions are tainted with them. Data bias includes redundancy and spam, while interaction bias includes activity and presentation/exposure bias. In addition, sometimes algorithms add bias, particularly in the context of search and recommendation systems. As bias generates bias, we stress the importance of debiasing data as well as using the context and other techniques such as explore &amp; exploit, to break filter bubbles.</p> <p>Our main goal is to make people aware of the different biases that affect all of us on the Web as well as stress that we should design inclusive content such that we help people with learning disabilities (<italic toggle="yes">e.g.</italic>, dyslexia) or vision problems (<italic toggle="yes">e.g.</italic>, daltonism), among others. This makes the Web more accessible for all people. Finally, we have to remark that awareness is the first step to be able to fight and reduce the vicious cycle of web bias. For more details see my article on this topic [1].</p>
	</abstract>
<kwd-group>
<kwd>accessibility</kwd>
<kwd>bias</kwd>
</kwd-group>
		<custom-meta-group>
		    <custom-meta>
		        <meta-name>rightslink</meta-name>
		        <meta-value>excluded</meta-value>
		    </custom-meta>
		</custom-meta-group>
		</book-part-meta>
		
	<back>
<ref-list specific-use="unparsed">
				<ref id="ref-00001">
				<mixed-citation>Ricardo Baeza-Yates. 2018. Bias on the Web. <italic toggle="yes">Commun. ACM</italic> 61, 6 (June 2018), 54--61.</mixed-citation>
				</ref>
			</ref-list>
</back>
</book-part>
</book-part-wrapper>
