<?xml version="1.0" encoding="UTF-8"?>
<!DOCTYPE book-part-wrapper PUBLIC "-//NLM//DTD BITS Book Interchange DTD with OASIS and XHTML Tables v2.0 20151225//EN" "BITS-book-oasis2.dtd">
<book-part-wrapper xmlns:xlink="http://www.w3.org/1999/xlink" xmlns:mml="http://www.w3.org/1998/Math/MathML" xmlns:oasis="http://www.niso.org/standards/z39-96/ns/oasis-exchange/table" xmlns:xi="http://www.w3.org/2001/XInclude" xmlns:xsi="http://www.w3.org/2001/XMLSchema-instance" dtd-version="2.0" xml:lang="en" content-type="short-paper">
<collection-meta collection-type="book-series">
    <collection-id collection-id-type="doi">10.1145/acmconferences</collection-id>
    <title-group>
        <title>ACM Conferences</title>
    </title-group>
</collection-meta>
	<book-meta>
		<book-id book-id-type="acm-id">3371300</book-id>
		<book-id book-id-type="doi">10.1145/3371300</book-id>
		<book-title-group>
			<book-title>Proceedings of the 17th International Web for All Conference</book-title>
			<alt-title alt-title-type="acronym">W4A '20</alt-title>
		</book-title-group>
	</book-meta>
	<book-part xmlns:ali="http://www.niso.org/schemas/ali/1.0/" book-part-type="chapter" xml:lang="en">
		<book-part-meta>
			<book-part-id book-part-id-type="acm-id">3383352</book-part-id>
			<book-part-id book-part-id-type="doi">10.1145/3371300.3383352</book-part-id>
			<book-part-id book-part-id-type="article-no">14</book-part-id>
			<title-group>
				<title>PDF readability enhancement on mobile devices</title>
			</title-group>
<contrib-group>
   <contrib contrib-type="author" id="artseq-00001">
       <contrib-id contrib-id-type="person_id" authenticated="false">P7020919</contrib-id><contrib-id contrib-id-type="profile_id" authenticated="false">99659533026</contrib-id>
       <name name-style="western">
           <surname>Shelton</surname>
           <given-names>Zachary</given-names>
       </name>
	<aff>Wentworth Institute of Technology</aff><aff><institution-wrap><institution-id institution-id-type="profile_id">60103974</institution-id></institution-wrap></aff>
	<email>sheltonz@wit.edu</email>
	<role>Author</role>
   </contrib>
   <contrib contrib-type="author" id="artseq-00002">
       <contrib-id contrib-id-type="person_id" authenticated="false">P7020920</contrib-id><contrib-id contrib-id-type="profile_id" authenticated="false">99659136828</contrib-id>
       <name name-style="western">
           <surname>Yu</surname>
           <given-names>Chen-Hsiang</given-names>
       </name>
	<aff>Wentworth Institute of Technology</aff><aff><institution-wrap><institution-id institution-id-type="profile_id">60103974</institution-id></institution-wrap></aff>
	<email>yuj6@wit.edu</email>
	<role>Author</role>
   </contrib>
</contrib-group>
   <pub-date date-type="publication">
   <day>20</day>
   <month>04</month>
   <year>2020</year>
   </pub-date>
				<fpage>1</fpage>
				<lpage>4</lpage>
		<permissions>
			<copyright-year>2020</copyright-year>
			<copyright-holder>ACM</copyright-holder>
			<license license-type="acmcopyright">
			<license-p>Permission to make digital or hard copies of all or part of this work for personal or classroom use is granted without fee provided that copies are not made or distributed for profit or commercial advantage and that copies bear this notice and the full citation on the first page. Copyrights for components of this work owned by others than ACM must be honored. Abstracting with credit is permitted. To copy otherwise, or republish, to post on servers or to redistribute to lists, requires prior specific permission and/or a fee. Request permissions from Permissions@acm.org</license-p>
			</license>
		</permissions>
		<self-uri content-type="pdf" xlink:href="3371300.3383352.pdf" />
	<abstract>
		<p>In the past, researchers studied readability enhancement of English articles for non-native English readers, either on paper reading or hypertext reading. Using a variety of methods, researchers were able to enhance the reading comprehension and the users' satisfaction on hypertext reading, such as changing content presentation with visual-syntactic text formatting (VSTF) format or Jenga format. In terms of dynamically changing content presentation for reading, one less explored format is Portable Document Format (PDF), which was traditionally viewed within a modern Web browser or Adobe Acrobat reader on the desktop. PDF format was standardized as an open format in 2008 and has been widely used to keep a fixed-layout content. However, a fixed layout document presents a challenge to apply existing transformation methods, not mention on mobile devices. In this paper, we present a system that uses a novel algorithm to decode a PDF document and apply content transformation to enhance its readability. Although we used <italic toggle="yes">Jenga</italic> format as an example to enhance the readability of PDF documents, we envision the proposed framework can be used to adopt different transformation methods. The system was implemented in a mobile device and we are able to apply a basic transformation to a PDF document at both the sentence and paragraph levels. The main contribution of this research is we extend previous work of readability enhancement from paper document and hypertext content to PDF documents. Current result is promising, and we believe it is worth further investigation to make PDF documents readable and accessible on the Web for different populations, such as non-native English readers, people with dyslexia or special needs, etc.</p>
	</abstract>
<kwd-group>
<kwd>PDF readability</kwd>
<kwd>mobile devices</kwd>
<kwd>non-native English readers</kwd>
<kwd>readability enhancement</kwd>
</kwd-group>
		</book-part-meta>
		
	<back>
<ref-list specific-use="unparsed">
				<ref id="ref-00001">
				<mixed-citation>Nicholas Chen et al. Navigation techniques for dual-display e-book readers. In Proceeding of the twenty-sixth annual CHI conference on Human factors in computing systems - CHI '08, page 1779, New York, New York, USA, April 2008. ACM Press.</mixed-citation>
				</ref>
				<ref id="ref-00002">
				<mixed-citation>Bill N. Schilit, Gene Golovchinsky, and Morgan N. Price. Beyond paper: supporting active reading with free form digital ink annotations. In Proceedings of the SIGCHI conference on Human factors in computing systems - CHI '98, pages 249--256, New York, New York, USA, January 1998. ACM Press.</mixed-citation>
				</ref>
				<ref id="ref-00003">
				<mixed-citation>Aristidis Protopsaltis and Vassiliki Bouki. The effects of reading goals in hypertext reading. In Proceedings of the 24th annual conference on Design of communication - SIGDOC '06, pages 29--34, New York, New York, USA, October 2006. ACM Press.</mixed-citation>
				</ref>
				<ref id="ref-00004">
				<mixed-citation>Aristidis Protopsaltis and Vassiliki Bouki. The effects of reading goals in hypertext reading. In Proceedings of the 24th annual conference on Design of communication - SIGDOC '06, pages 29--34, New York, New York, USA, October 2006. ACM Press.</mixed-citation>
				</ref>
				<ref id="ref-00005">
				<mixed-citation>Stan Walker, Phil Schloss, Charles R Fletcher, Charles A Vogel, and Randall C Walker. Visual-Syntactic Text Formatting: A New Method to Enhance Online Reading. Reading Online An Electronic Journal, 8(6), 2005.</mixed-citation>
				</ref>
				<ref id="ref-00006">
				<mixed-citation>Chen-Hsiang Yu and Robert C. Miller, Enhancing web page readability for non-native readers, Proceedings of the SIGCHI Conference on Human Factors in Computing Systems, April 10--15, 2010, Atlanta, Georgia, USA</mixed-citation>
				</ref>
				<ref id="ref-00007">
				<mixed-citation>https://www.gsmaintelligence.com/research/?file=061ad2d2417d6ed1ab002da0dbc9ce22&amp;download</mixed-citation>
				</ref>
				<ref id="ref-00008">
				<mixed-citation>https://w3techs.com/technologies/history_overview/content_language/ms/y</mixed-citation>
				</ref>
				<ref id="ref-00009">
				<mixed-citation>Ammon, U (2015) The Status of the German Language in the World, cited in Noack, R and Gamio, L (2015) The world's languages, in 7 maps and charts. Washington Post 23 April 2015. Available online at: https://www.washingtonpost.com/news/worldviews/wp/2015/04/23/the-worlds-languages-in7-maps-and-charts/?utm_term=.c7342219767b</mixed-citation>
				</ref>
				<ref id="ref-00010">
				<mixed-citation>https://tools.ietf.org/html/rfc3778</mixed-citation>
				</ref>
				<ref id="ref-00011">
				<mixed-citation>https://www.iso.org/news/2008/07/Ref1141.html</mixed-citation>
				</ref>
				<ref id="ref-00012">
				<mixed-citation>Android PdfRender. https://developer.android.com/reference/android/graphics/pdf/PdfRenderer</mixed-citation>
				</ref>
				<ref id="ref-00013">
				<mixed-citation>PdfBox-Android. https://github.com/TomRoush/PdfBox-Android</mixed-citation>
				</ref>
				<ref id="ref-00014">
				<mixed-citation>Josef B. Baker, Alan P. Sexton and Volker. MaxTract: Converting PDF to LATEX, MathML and Text. In J. Jeuring, J. A. Campbell, J. Carette, G. D. Reis, P. Sojka, M. Wenzel, and V. Sorge, editors, AISC/DML/MKM/Calculemus, volume 7362 of Lecture Notes in Computer Science, pages 422--426. Springer, 2012.</mixed-citation>
				</ref>
				<ref id="ref-00015">
				<mixed-citation>Masakazu Suzuki, Tamari Fumikazu, Fukuda Ryoji, Uchida Seiichi and Kanahori Toshihiro. Infty: an integrated ocr system for mathematical documents. In DocEng '03: Proceedings of the 2003 ACM symposium on Document engineering, pages 95--104, New York, NY, USA, 2003. ACM Press.</mixed-citation>
				</ref>
			</ref-list>
</back>
</book-part>
</book-part-wrapper>
