<?xml version="1.0" encoding="UTF-8"?>
<!DOCTYPE book-part-wrapper PUBLIC "-//NLM//DTD BITS Book Interchange DTD with OASIS and XHTML Tables v2.0 20151225//EN" "BITS-book-oasis2.dtd">
<book-part-wrapper xmlns:xlink="http://www.w3.org/1999/xlink" xmlns:mml="http://www.w3.org/1998/Math/MathML" xmlns:oasis="http://www.niso.org/standards/z39-96/ns/oasis-exchange/table" xmlns:xi="http://www.w3.org/2001/XInclude" xmlns:xsi="http://www.w3.org/2001/XMLSchema-instance" dtd-version="2.0" xml:lang="en" content-type="section">
<collection-meta collection-type="book-series">
    <collection-id collection-id-type="doi">10.1145/acmconferences</collection-id>
    <title-group>
        <title>ACM Conferences</title>
    </title-group>
</collection-meta>
	<book-meta>
		<book-id book-id-type="acm-id">3371300</book-id>
		<book-id book-id-type="doi">10.1145/3371300</book-id>
		<book-title-group>
			<book-title>Proceedings of the 17th International Web for All Conference</book-title>
			<alt-title alt-title-type="acronym">W4A '20</alt-title>
		</book-title-group>
	</book-meta>
	<book-part xmlns:ali="http://www.niso.org/schemas/ali/1.0/" book-part-type="chapter" xml:lang="en">
		<book-part-meta>
			<book-part-id book-part-id-type="acm-id">3395938</book-part-id>
			<book-part-id book-part-id-type="doi">10.1145/3395938</book-part-id>
			<title-group>
				<title>Session details: Visual accessibility</title>
			</title-group>
<contrib-group>
   <contrib contrib-type="other" id="artseq-00001">
       <contrib-id contrib-id-type="person_id" authenticated="false">P7020901</contrib-id><contrib-id contrib-id-type="profile_id" authenticated="false">99658757897</contrib-id>
       <name name-style="western">
           <surname>Rauschenberger</surname>
           <given-names>Maria</given-names>
       </name>
	<role>Session Chair</role>
   </contrib>
</contrib-group>
   <pub-date date-type="publication">
   <day>20</day>
   <month>04</month>
   <year>2020</year>
   </pub-date>
		<permissions>
			<copyright-year>2020</copyright-year>
			<copyright-holder>ACM</copyright-holder>
			<license license-type="acmcopyright">
			<license-p>Permission to make digital or hard copies of all or part of this work for personal or classroom use is granted without fee provided that copies are not made or distributed for profit or commercial advantage and that copies bear this notice and the full citation on the first page. Copyrights for components of this work owned by others than ACM must be honored. Abstracting with credit is permitted. To copy otherwise, or republish, to post on servers or to redistribute to lists, requires prior specific permission and/or a fee. Request permissions from Permissions@acm.org</license-p>
			</license>
		</permissions>
		</book-part-meta>
	</book-part>
</book-part-wrapper>
