<?xml version="1.0" encoding="UTF-8"?>
<!DOCTYPE book-part-wrapper PUBLIC "-//NLM//DTD BITS Book Interchange DTD with OASIS and XHTML Tables v2.0 20151225//EN" "BITS-book-oasis2.dtd">
<book-part-wrapper xmlns:xlink="http://www.w3.org/1999/xlink" xmlns:mml="http://www.w3.org/1998/Math/MathML" xmlns:oasis="http://www.niso.org/standards/z39-96/ns/oasis-exchange/table" xmlns:xi="http://www.w3.org/2001/XInclude" xmlns:xsi="http://www.w3.org/2001/XMLSchema-instance" dtd-version="2.0" xml:lang="en" content-type="invited-talk">
<collection-meta collection-type="book-series">
    <collection-id collection-id-type="doi">10.1145/acmotherconferences</collection-id>
    <title-group>
        <title>ACM Other Conferences</title>
    </title-group>
</collection-meta>
	<book-meta>
		<book-id book-id-type="acm-id">3430263</book-id>
		<book-id book-id-type="doi">10.1145/3430263</book-id>
		<book-title-group>
			<book-title>Proceedings of the 18th International Web for All Conference</book-title>
			<alt-title alt-title-type="acronym">W4A '21</alt-title>
		</book-title-group>
	</book-meta>
	<book-part xmlns:ali="http://www.niso.org/schemas/ali/1.0/" book-part-type="chapter" xml:lang="en">
		<book-part-meta>
			<book-part-id book-part-id-type="acm-id">3452415</book-part-id>
			<book-part-id book-part-id-type="doi">10.1145/3430263.3452415</book-part-id>
			<book-part-id book-part-id-type="article-no">4</book-part-id>
			<title-group>
				<title>Crisis and technology</title>
			</title-group>
<contrib-group>
   <contrib contrib-type="author" id="artseq-00001">
       <contrib-id contrib-id-type="person_id" authenticated="false">P7172055</contrib-id><contrib-id contrib-id-type="profile_id" authenticated="false">99659729377</contrib-id>
       <name name-style="western">
           <surname>Johnstone</surname>
           <given-names>Jeremy</given-names>
       </name>
	<aff>Random Hacks of Kindness</aff>
	<email>acm@jeremyjohnstone.com</email>
	<role>Author</role>
   </contrib>
</contrib-group>
   <pub-date date-type="publication">
   <day>19</day>
   <month>04</month>
   <year>2021</year>
   </pub-date>
				<fpage>1</fpage>
				<lpage>1</lpage>
		<permissions>
			<copyright-year>2021</copyright-year>
			<copyright-holder>Owner/Author</copyright-holder>
			<license license-type="rightsretained">
			<license-p>Permission to make digital or hard copies of part or all of this work for personal or classroom use is granted without fee provided that copies are not made or distributed for profit or commercial advantage and that copies bear this notice and the full citation on the first page. Copyrights for third-party components of this work must be honored. For all other uses, contact the Owner/Author.</license-p>
			</license>
		</permissions>
	<abstract>
		<p>How can the international technology community help support disaster response efforts? In the summer of 2009, Crisis Camp attendees met in Washington, D.C. to try and answer this very question. This "bar camp" style event was the genesis to the creation of Random Hacks of Kindness (RHoK),<sup>1</sup> a global community of technologists dedicated to solving problems for NGO, charities, non-profits and social enterprises by organizing recurring Hackathons around the globe, the first of which (RHoK #0) was in November of 2009. RHoK's goal is to combine technologists together with disaster response subject matter experts based on the theory that technology solutions and out of the box thinking could aid global disaster response.</p> <p>This was first put to the test in January 2010 when a massive earthquake destroyed the island of Haiti. Engineers, including Jeremy Johnstone, took the call to action to create a distributed response to the emergency. Seemingly overnight the island was mapped, key infrastructure and leadership was identified, relief networks established, and lives were saved.</p>
	</abstract>
		<custom-meta-group>
		    <custom-meta>
		        <meta-name>rightslink</meta-name>
		        <meta-value>excluded</meta-value>
		    </custom-meta>
		</custom-meta-group>
		</book-part-meta>
	</book-part>
</book-part-wrapper>
