<?xml version="1.0" encoding="UTF-8"?>
<!DOCTYPE book-part-wrapper PUBLIC "-//NLM//DTD BITS Book Interchange DTD with OASIS and XHTML Tables v2.0 20151225//EN" "BITS-book-oasis2.dtd">
<book-part-wrapper xmlns:xlink="http://www.w3.org/1999/xlink" xmlns:mml="http://www.w3.org/1998/Math/MathML" xmlns:oasis="http://www.niso.org/standards/z39-96/ns/oasis-exchange/table" xmlns:xi="http://www.w3.org/2001/XInclude" xmlns:xsi="http://www.w3.org/2001/XMLSchema-instance" dtd-version="2.0" xml:lang="en" content-type="short-paper">
<collection-meta collection-type="book-series">
    <collection-id collection-id-type="doi">10.1145/acmotherconferences</collection-id>
    <title-group>
        <title>ACM Other Conferences</title>
    </title-group>
</collection-meta>
	<book-meta>
		<book-id book-id-type="acm-id">3430263</book-id>
		<book-id book-id-type="doi">10.1145/3430263</book-id>
		<book-title-group>
			<book-title>Proceedings of the 18th International Web for All Conference</book-title>
			<alt-title alt-title-type="acronym">W4A '21</alt-title>
		</book-title-group>
	</book-meta>
	<book-part xmlns:ali="http://www.niso.org/schemas/ali/1.0/" book-part-type="chapter" xml:lang="en">
		<book-part-meta>
			<book-part-id book-part-id-type="acm-id">3452419</book-part-id>
			<book-part-id book-part-id-type="doi">10.1145/3430263.3452419</book-part-id>
			<book-part-id book-part-id-type="article-no">15</book-part-id>
	<subj-group subj-group-type="ccs2012">
		<compound-subject>
			<compound-subject-part content-type="code">10003120.10011738.10011773</compound-subject-part>
			<compound-subject-part content-type="text">Human-centered computing~Accessibility~Empirical studies in accessibility</compound-subject-part>
			<compound-subject-part content-type="weight">500</compound-subject-part>
		</compound-subject>
		<compound-subject>
			<compound-subject-part content-type="code">10003120.10011738.10011775</compound-subject-part>
			<compound-subject-part content-type="text">Human-centered computing~Accessibility~Accessibility technologies</compound-subject-part>
			<compound-subject-part content-type="weight">500</compound-subject-part>
		</compound-subject>
	</subj-group>
			<title-group>
				<title>Enhancing video communication experience for low vision users</title>
			</title-group>
<contrib-group>
   <contrib contrib-type="author" id="artseq-00001">
       <contrib-id contrib-id-type="person_id" authenticated="false">P7172092</contrib-id><contrib-id contrib-id-type="profile_id" authenticated="false">81504688586</contrib-id>
       <name name-style="western">
           <surname>Sackl</surname>
           <given-names>Andreas</given-names>
       </name>
	<aff>AIT Austrian Institute of Technology, Vienna, Austria</aff><aff><institution-wrap><institution-id institution-id-type="profile_id">60103936</institution-id></institution-wrap></aff>
	<email>andreas.sackl@ait.ac.at</email>
	<role>Author</role>
   </contrib>
   <contrib contrib-type="author" id="artseq-00002">
       <contrib-id contrib-id-type="person_id" authenticated="false">P7172093</contrib-id><contrib-id contrib-id-type="profile_id" authenticated="false">81100589972</contrib-id>
       <name name-style="western">
           <surname>Schatz</surname>
           <given-names>Raimund</given-names>
       </name>
	<aff>AIT Austrian Institute of Technology, Vienna, Austria</aff><aff><institution-wrap><institution-id institution-id-type="profile_id">60103936</institution-id></institution-wrap></aff>
	<email>raimund.schatz@ait.ac.at</email>
	<role>Author</role>
   </contrib>
   <contrib contrib-type="author" id="artseq-00003">
       <contrib-id contrib-id-type="person_id" authenticated="false">P7172094</contrib-id><contrib-id contrib-id-type="profile_id" authenticated="false">81464676432</contrib-id>
       <name name-style="western">
           <surname>Gardlo</surname>
           <given-names>Bruno</given-names>
       </name>
	<aff>AIT Austrian Institute of Technology, Vienna, Austria</aff><aff><institution-wrap><institution-id institution-id-type="profile_id">60103936</institution-id></institution-wrap></aff>
	<email>bruno.gardlo@ait.ac.at</email>
	<role>Author</role>
   </contrib>
   <contrib contrib-type="author" id="artseq-00004">
       <contrib-id contrib-id-type="person_id" authenticated="false">P7172095</contrib-id><contrib-id contrib-id-type="profile_id" authenticated="false">81548016789</contrib-id>
       <name name-style="western">
           <surname>Tscheligi</surname>
           <given-names>Manfred</given-names>
       </name>
	<aff>University of Salzburg, Vienna &amp; Salzburg, Austria</aff><aff><institution-wrap><institution-id institution-id-type="profile_id">60002963</institution-id></institution-wrap></aff>
	<email>manfred.tscheligi@ait.ac.at</email>
	<role>Author</role>
   </contrib>
</contrib-group>
   <pub-date date-type="publication">
   <day>19</day>
   <month>04</month>
   <year>2021</year>
   </pub-date>
				<fpage>1</fpage>
				<lpage>5</lpage>
		<permissions>
			<copyright-year>2021</copyright-year>
			<copyright-holder>ACM</copyright-holder>
			<license license-type="acmcopyright">
			<license-p>Permission to make digital or hard copies of all or part of this work for personal or classroom use is granted without fee provided that copies are not made or distributed for profit or commercial advantage and that copies bear this notice and the full citation on the first page. Copyrights for components of this work owned by others than ACM must be honored. Abstracting with credit is permitted. To copy otherwise, or republish, to post on servers or to redistribute to lists, requires prior specific permission and/or a fee. Request permissions from Permissions@acm.org</license-p>
			</license>
		</permissions>
		<self-uri content-type="pdf" xlink:href="3430263.3452419.pdf" />
	<abstract>
		<p>In this paper, we investigate the impact of various video enhancement techniques on the video chat user experience of people diagnosed with low vision. To this end, we present the results of an exploratory user study, in which participants with low vision were asked to utilize an accessibility-enhanced video chat client to perform two tasks (interviewing and facial emotion recognition). Participants were able to individually configure the appearance of the video by defining several media enhancement parameters (e.g. contrast adaption, edge detection and enhancement, gray scale modes, etc.) to compensate for their own individual visual impairments. Our results show that individual video enhancement configurations positively impacted the video chat experience of the interview task. Also the second task benefited from the video enhancement, i.e., more facial emotions were correctly identified.</p>
	</abstract>
<kwd-group>
<kwd>accessibility</kwd>
<kwd>optimization</kwd>
<kwd>telepresence</kwd>
<kwd>user study</kwd>
<kwd>video chat</kwd>
</kwd-group>
		</book-part-meta>
		
	<back>
<ref-list specific-use="unparsed">
				<ref id="ref-00001">
				<mixed-citation>2019. Web accessibility techniques, Centre for Excellence in Universal Design. http://universaldesign.ie/Technology-ICT/Web-accessibility-techniques/</mixed-citation>
				</ref>
				<ref id="ref-00002">
				<mixed-citation>2019. Web Content Accessibility Guidelines (WCAG) 2.1. https://www.w3.org/TR/WCAG21/</mixed-citation>
				</ref>
				<ref id="ref-00003">
				<mixed-citation>ITU-T Study Group 12. 2000. P.920 Series P: Telephone Transmission quality, telephone installations, local line networks - Interactive test methods for audiovisual communications.</mixed-citation>
				</ref>
				<ref id="ref-00004">
				<mixed-citation>Asm Anam, Shahinur Alam, and M. Yeasin. 2015. Expression: A Dyadic Conversation Aid using Google Glass for People who are Blind or Visually Impaired. <italic toggle="yes">Proceedings of the 2014 6th International Conference on Mobile Computing, Applications and Services, MobiCASE 2014</italic> (Jan. 2015), 57--64. <pub-id pub-id-type="doi" xlink:href="10.4108/icst.mobicase.2014.257780" assigning-authority="crossref">10.4108/icst.mobicase.2014.257780</pub-id></mixed-citation>
				</ref>
				<ref id="ref-00005">
				<mixed-citation>Jay Hall and W. H. Watson. 1970. The effects of a normative intervention on group decision-making performance. <italic toggle="yes">Human Relations</italic> 23, 4 (1970), 299--317. Place: US Publisher: Sage Publications. <pub-id pub-id-type="doi" xlink:href="10.1177/001872677002300404" assigning-authority="crossref">10.1177/001872677002300404</pub-id></mixed-citation>
				</ref>
				<ref id="ref-00006">
				<mixed-citation>Akmmahbubur Rahman, Asm Iftekhar Anam, and Mohammed Yeasin. 2017. EmoAssist: emotion enabled assistive tool to enhance dyadic conversation for the blind. <italic toggle="yes">Multimedia Tools and Applications</italic> 76, 6 (March 2017), 7699--7730. <pub-id pub-id-type="doi" xlink:href="10.1007/s11042-016-3295-4" assigning-authority="crossref">10.1007/s11042-016-3295-4</pub-id></mixed-citation>
				</ref>
				<ref id="ref-00007">
				<mixed-citation>Andreas Sackl, Franziska Graf, Raimund Schatz, and Manfred Tscheligi. 2020. Ensuring Accessibility: Individual Video Playback Enhancements for Low Vision Users. In <italic toggle="yes">The 22nd International ACM SIGACCESS Conference on Computers and Accessibility</italic> (Virtual Event, Greece) <italic toggle="yes">(ASSETS '20).</italic> Association for Computing Machinery, New York, NY, USA, Article 67, 4 pages. <pub-id pub-id-type="doi" xlink:href="10.1145/3373625.3417997" assigning-authority="crossref">10.1145/3373625.3417997</pub-id></mixed-citation>
				</ref>
				<ref id="ref-00008">
				<mixed-citation>A. Sackl, R. Schatz, S. Suette, and M. Tscheligi. 2019. From Low Vision to High Quality: Video QoE Enhancement for Visually Impaired Users. In <italic toggle="yes">2019 Eleventh International Conference on Quality of Multimedia Experience (QoMEX).</italic> 1--6. <pub-id pub-id-type="doi" xlink:href="10.1109/QoMEX.2019.8743323" assigning-authority="crossref">10.1109/QoMEX.2019.8743323</pub-id></mixed-citation>
				</ref>
				<ref id="ref-00009">
				<mixed-citation>Lei Shi, Brianna J. Tomlinson, John Tang, Edward Cutrell, Daniel McDuff, Gina Venolia, Paul Johns, and Kael Rowan. 2019. Accessible Video Calling: Enabling Nonvisual Perception of Visual Conversation Cues. <italic toggle="yes">Proceedings of the ACM on Human-Computer Interaction</italic> 3, CSCW (Nov. 2019), 131:1--131:22. <pub-id pub-id-type="doi" xlink:href="10.1145/3359233" assigning-authority="crossref">10.1145/3359233</pub-id></mixed-citation>
				</ref>
				<ref id="ref-00010">
				<mixed-citation>Michelle N Shiota. 2016. Ekman's Theory of Basic Emotions. In <italic toggle="yes">The SAGE Encyclopedia of Theory in Psychology.</italic> SAGE Publications, Inc., 249--250. <pub-id pub-id-type="doi" xlink:href="10.4135/9781483346274" assigning-authority="crossref">10.4135/9781483346274</pub-id></mixed-citation>
				</ref>
				<ref id="ref-00011">
				<mixed-citation>Shinji Takao. 1999. The effects of narrow-band width multipoint videoconferencing on group decision making and turn distribution. In <italic toggle="yes">Proceedings of the international joint conference on Work activities coordination and collaboration (WACC '99).</italic> Association for Computing Machinery, New York, NY, USA, 109--116. <pub-id pub-id-type="doi" xlink:href="10.1145/295665.295678" assigning-authority="crossref">10.1145/295665.295678</pub-id></mixed-citation>
				</ref>
				<ref id="ref-00012">
				<mixed-citation>Yuhang Zhao, Shaomei Wu, Lindsay Reynolds, and Shiri Azenkot. 2018. A Face Recognition Application for People with Visual Impairments: Understanding Use Beyond the Lab. In <italic toggle="yes">Proceedings of the 2018 CHI Conference on Human Factors in Computing Systems (CHI '18).</italic> Association for Computing Machinery, New York, NY, USA, 1--14. <pub-id pub-id-type="doi" xlink:href="10.1145/3173574.3173789" assigning-authority="crossref">10.1145/3173574.3173789</pub-id></mixed-citation>
				</ref>
			</ref-list>
</back>
</book-part>
</book-part-wrapper>
