<?xml version="1.0" encoding="UTF-8"?>
<!DOCTYPE book-part-wrapper PUBLIC "-//NLM//DTD BITS Book Interchange DTD with OASIS and XHTML Tables v2.0 20151225//EN" "BITS-book-oasis2.dtd">
<book-part-wrapper xmlns:xlink="http://www.w3.org/1999/xlink" xmlns:mml="http://www.w3.org/1998/Math/MathML" xmlns:oasis="http://www.niso.org/standards/z39-96/ns/oasis-exchange/table" xmlns:xi="http://www.w3.org/2001/XInclude" xmlns:xsi="http://www.w3.org/2001/XMLSchema-instance" dtd-version="2.0" xml:lang="en" content-type="invited-talk">
<collection-meta collection-type="book-series">
    <collection-id collection-id-type="doi">10.1145/acmotherconferences</collection-id>
    <title-group>
        <title>ACM Other Conferences</title>
    </title-group>
</collection-meta>
	<book-meta>
		<book-id book-id-type="acm-id">3430263</book-id>
		<book-id book-id-type="doi">10.1145/3430263</book-id>
		<book-title-group>
			<book-title>Proceedings of the 18th International Web for All Conference</book-title>
			<alt-title alt-title-type="acronym">W4A '21</alt-title>
		</book-title-group>
	</book-meta>
	<book-part xmlns:ali="http://www.niso.org/schemas/ali/1.0/" book-part-type="chapter" xml:lang="en">
		<book-part-meta>
			<book-part-id book-part-id-type="acm-id">3452416</book-part-id>
			<book-part-id book-part-id-type="doi">10.1145/3430263.3452416</book-part-id>
			<book-part-id book-part-id-type="article-no">12</book-part-id>
			<title-group>
				<title>The gift and undying legacy of web accessibility</title>
			</title-group>
<contrib-group>
   <contrib contrib-type="author" id="artseq-00001">
       <contrib-id contrib-id-type="person_id" authenticated="false">P7172080</contrib-id><contrib-id contrib-id-type="profile_id" authenticated="false">81100552594</contrib-id>
       <name name-style="western">
           <surname>Paciello</surname>
           <given-names>Mike</given-names>
       </name>
	<aff>WebABLE</aff>
	<email>mpaciello@webable.com</email>
	<role>Author</role>
   </contrib>
</contrib-group>
   <pub-date date-type="publication">
   <day>19</day>
   <month>04</month>
   <year>2021</year>
   </pub-date>
				<fpage>1</fpage>
				<lpage>1</lpage>
		<permissions>
			<copyright-year>2021</copyright-year>
			<copyright-holder>Owner/Author</copyright-holder>
			<license license-type="rightsretained">
			<license-p>Permission to make digital or hard copies of part or all of this work for personal or classroom use is granted without fee provided that copies are not made or distributed for profit or commercial advantage and that copies bear this notice and the full citation on the first page. Copyrights for third-party components of this work must be honored. For all other uses, contact the Owner/Author.</license-p>
			</license>
		</permissions>
	<abstract>
		<p>The Merriam-Webster online dictionary defines the word Legacy as "...a gift ... <bold>often a substantial gift</bold> ... something transmitted by or received from an ancestor or predecessor or from the past..." [1]. And so it was that nearly 25 years ago, at the 6th International WWW conference in Santa Clara, California, USA, the W3C bequeathed to all of us, the Web Accessibility Initiative (WAI).<sup>1</sup> The conference theme was "Everyone - Everything - Connected".</p> <p>This keynote's namesake, Bill Loughborough --- a legacy in his own right --- believed the WAI was a critical milestone toward achieving 'Everyone - Everything - Connected', particularly for people with disabilities. Is the WAI really a gift? Is Web Accessibility truly a substantial gift with a legacy? More importantly, if it is a gift, what are we --- YOU --- doing to express appreciation for that gift? Are you perpetuating the undying legacy of Web Accessibility?</p>
	</abstract>
		<custom-meta-group>
		    <custom-meta>
		        <meta-name>rightslink</meta-name>
		        <meta-value>excluded</meta-value>
		    </custom-meta>
		</custom-meta-group>
		</book-part-meta>
		
	<back>
<ref-list specific-use="unparsed">
				<ref id="ref-00001">
				<mixed-citation>Merriam-Webster Dictionary [online]. Definition of <italic toggle="yes">legacy.</italic> https://www.merriam-webster.com/dictionary/legacy</mixed-citation>
				</ref>
			</ref-list>
</back>
</book-part>
</book-part-wrapper>
