<?xml version="1.0" encoding="UTF-8"?>
<!DOCTYPE book-part-wrapper PUBLIC "-//NLM//DTD BITS Book Interchange DTD with OASIS and XHTML Tables v2.0 20151225//EN" "BITS-book-oasis2.dtd">
<book-part-wrapper xmlns:xlink="http://www.w3.org/1999/xlink" xmlns:mml="http://www.w3.org/1998/Math/MathML" xmlns:oasis="http://www.niso.org/standards/z39-96/ns/oasis-exchange/table" xmlns:xi="http://www.w3.org/2001/XInclude" xmlns:xsi="http://www.w3.org/2001/XMLSchema-instance" dtd-version="2.0" xml:lang="en" content-type="invited-talk">
<collection-meta collection-type="book-series">
    <collection-id collection-id-type="doi">10.1145/acmotherconferences</collection-id>
    <title-group>
        <title>ACM Other Conferences</title>
    </title-group>
</collection-meta>
	<book-meta>
		<book-id book-id-type="acm-id">3430263</book-id>
		<book-id book-id-type="doi">10.1145/3430263</book-id>
		<book-title-group>
			<book-title>Proceedings of the 18th International Web for All Conference</book-title>
			<alt-title alt-title-type="acronym">W4A '21</alt-title>
		</book-title-group>
	</book-meta>
	<book-part xmlns:ali="http://www.niso.org/schemas/ali/1.0/" book-part-type="chapter" xml:lang="en">
		<book-part-meta>
			<book-part-id book-part-id-type="acm-id">3452414</book-part-id>
			<book-part-id book-part-id-type="doi">10.1145/3430263.3452414</book-part-id>
			<book-part-id book-part-id-type="article-no">17</book-part-id>
			<title-group>
				<title>Loud and clear</title>
				<subtitle>the missing links of language and language technology for humanitarian access, impact, and accountability</subtitle>
			</title-group>
<contrib-group>
   <contrib contrib-type="author" id="artseq-00001">
       <contrib-id contrib-id-type="person_id" authenticated="false">P7172100</contrib-id><contrib-id contrib-id-type="profile_id" authenticated="false">99659729323</contrib-id>
       <name name-style="western">
           <surname>Kemp</surname>
           <given-names>Ellie</given-names>
       </name>
	<aff>Translators without Borders (TWB)</aff>
	<email>ellie@translatorswithoutborders.org</email>
	<role>Author</role>
   </contrib>
</contrib-group>
   <pub-date date-type="publication">
   <day>19</day>
   <month>04</month>
   <year>2021</year>
   </pub-date>
				<fpage>1</fpage>
				<lpage>2</lpage>
		<permissions>
			<copyright-year>2021</copyright-year>
			<copyright-holder>Owner/Author</copyright-holder>
			<license license-type="rightsretained">
			<license-p>Permission to make digital or hard copies of part or all of this work for personal or classroom use is granted without fee provided that copies are not made or distributed for profit or commercial advantage and that copies bear this notice and the full citation on the first page. Copyrights for third-party components of this work must be honored. For all other uses, contact the Owner/Author.</license-p>
			</license>
		</permissions>
		<self-uri content-type="pdf" xlink:href="3430263.3452414.pdf" />
	<abstract>
		<p>Language is a huge resource, but one to which the humanitarian sector has been largely blind. Communicating in the languages of crisis-affected people is essential to making humanitarian action more inclusive, effective, and accountable. Language technology can help achieve that by changing the communication power dynamic. When a humanitarian emergency happens, remote language support and language technology are critical to help affected people make themselves heard and get the information they need. What has Translators without Borders (TWB)<sup>1</sup> learned so far from addressing language barriers in emergencies, and what needs to happen now?</p>
	</abstract>
		<custom-meta-group>
		    <custom-meta>
		        <meta-name>rightslink</meta-name>
		        <meta-value>excluded</meta-value>
		    </custom-meta>
		</custom-meta-group>
		</book-part-meta>
		
	<back>
<ref-list specific-use="unparsed">
				<ref id="ref-00001">
				<mixed-citation>Translators without Borders. 2017. Putting Language on the Map in the European Refugee Response. Research Report. https://translatorswithoutborders.org/wp-content/uploads/2017/04/Putting-language-on-the-map.pdf</mixed-citation>
				</ref>
				<ref id="ref-00002">
				<mixed-citation>Translators without Borders. 2018. The language lesson: What we've learned about communicating with Rohingya refugees. TWB Report. https://translatorswithoutborders.org/wp-content/uploads/2018/12/TWB_Bangladesh_Comprehension_Study_Nov2018.pdf</mixed-citation>
				</ref>
				<ref id="ref-00003">
				<mixed-citation>Translators without Borders. 2019. Missing the mark? People in eastern DRC need information on Ebola in a language they understand. TWB Report. https://translatorswithoutborders.org/wp-content/uploads/2019/03/DRC_Ebola_Assessment_English.pdf</mixed-citation>
				</ref>
				<ref id="ref-00004">
				<mixed-citation>United Nations Office for the Coordination of Humanitarian Affairs (OCHA). 2020. Global Humanitarian Overview 2021. https://www.unocha.org/global-humanitarian-overview-2021</mixed-citation>
				</ref>
				<ref id="ref-00005">
				<mixed-citation>Translators without Borders. 2020. Do you Speak COVID-19? The importance of language for effective communication across the response. TBW Policy Brief. https://translatorswithoutborders.org/wp-content/uploads/2020/04/TWB_PolicyBrief-COVID19.pdf</mixed-citation>
				</ref>
				<ref id="ref-00006">
				<mixed-citation>Translators without Borders. 2020. COVID-19 Translations. https://translatorswithoutborders.org/translations-covid-19/</mixed-citation>
				</ref>
				<ref id="ref-00007">
				<mixed-citation>Bredenkamp, A. 2020. Opinion: COVID-19 calls for disrupting the way we communicate in a crisis. https://www.devex.com/news/opinion-covid-19-calls-for-disrupting-the-way-we-communicate-in-a-crisis-97641</mixed-citation>
				</ref>
				<ref id="ref-00008">
				<mixed-citation>Translators without Borders. 2020. TWB Chatbots. https://translatorswithoutborders.org/chatbots</mixed-citation>
				</ref>
				<ref id="ref-00009">
				<mixed-citation>Kreutzer, T. et al. 2019. Improving humanitarian needs assessments through natural language processing. <italic toggle="yes">IBM Journal of Research and Developmen</italic>t, 64 (1/2), 9:1--9:14. <pub-id pub-id-type="doi" xlink:href="10.1147/JRD.2019.2947014" assigning-authority="crossref">10.1147/JRD.2019.2947014</pub-id></mixed-citation>
				</ref>
				<ref id="ref-00010">
				<mixed-citation>Tasci, Z. 2020. Creating Hope in Conflict: a Humanitarian Grand Challenge awards $7.8 million CAD for bold innovations to assist the hardest-to-reach conflict-affected communities. Humanitarian Grand Challenge. https://humanitariangrandchallenge.org/r2-announcement/</mixed-citation>
				</ref>
				<ref id="ref-00011">
				<mixed-citation>Translators without Borders. n.d. Gamayun, the language equality initiative. https://translatorswithoutborders.org/gamayun/</mixed-citation>
				</ref>
			</ref-list>
</back>
</book-part>
</book-part-wrapper>
